id,eta,epsilon_j,markdown
163560221,0.1,19.96267249610212,1.0500934932532335
163560395,0.1,18.52145768235782,1.0539914307583105
163560635,0.1,19.998152528914357,1.0500046191043972
163560758,0.1,19.863920117843556,1.0503425302793938
163560993,0.1,19.926954519246173,1.0501832831019995
163561136,0.1,19.88262946841013,1.0502951584743265
163561937,0.1,19.764583021949477,1.0505955526048516
163562163,0.1,19.821125988393558,1.050451220611057
163562198,0.1,19.996099582129872,1.0500097529467036
163562358,0.1,17.203580606548567,1.058127434216767
163562569,0.1,19.441007146726346,1.051437664337693
16356285x,0.1,19.86581015350696,1.0503377406847647
163563019,0.1,19.982243018080897,1.0500444319036233
163563166,0.1,19.98488731552304,1.0500378102819354
16356365x,0.1,19.940744109723564,1.0501485799375148
16356445x,0.1,19.170932328909835,1.052162303994574
163565030,0.1,19.684837094209474,1.0508005220065633
163565778,0.1,17.494496978894414,1.0571608318436598
163566711,0.1,19.848417661365904,1.0503818499318693
163566834,0.1,19.999370411828668,1.0500015740199775
163567247,0.1,19.753584118105177,1.050623724485697
163567343,0.1,18.099858984774343,1.0552490492241515
163567490,0.1,19.816120223669788,1.0504639651310517
163567685,0.1,19.93696966877647,1.0501580740008905
16356787x,0.1,19.310660044844358,1.0517848689624145
163567984,0.1,19.786579370585333,1.050539306530496
16356867x,0.1,19.65196976786326,1.0508854843464748
163568709,0.1,19.895398410401157,1.0502628788512829
163568848,0.1,19.975791496848668,1.0500605946031103
163569146,0.1,19.670747607521868,1.050836908690629
163569381,0.1,19.985708499551027,1.0500357543002523
163569824,0.1,19.043104280430512,1.0525124467772642
163569832,0.1,18.359061503348,1.0544690151954466
163570278,0.1,19.81324893841394,1.050471278239542
163570649,0.1,19.98274538135226,1.0500431737939868
163570868,0.1,13.703498122397697,1.0729740677211135
163571449,0.1,19.82037628379658,1.0504531289255852
16357173x,0.1,19.27563997625791,1.0518789519430594
163571887,0.1,19.97902642688273,1.050052488976863
163571908,0.1,17.660201605828842,1.0566244951399617
163572492,0.1,12.955696894547025,1.077186121915286
163572572,0.1,19.57146214741211,1.0510948028546874
163572652,0.1,19.976109436931534,1.050059797837872
163572767,0.1,6.36539188968523,1.1570995183533703
163573196,0.1,19.959768943910284,1.0501007803652507
163573292,0.1,19.63581179192651,1.0509273571470654
163573794,0.1,19.862153232915478,1.050347008618522
163573903,0.1,19.917509844586412,1.0502070794894975
163574148,0.1,19.916649166443122,1.0502092491383974
163574965,0.1,19.63789643001259,1.0509219510126198
163575108,0.1,19.98823344588728,1.0500294337019442
163575984,0.1,19.779180890804415,1.0505582109552833
163576098,0.1,19.899976546332567,1.0502513155064142
16357624x,0.1,18.957775590832323,1.0527488045846256
16357640x,0.1,19.73018905182167,1.0506837515531902
163576776,0.1,16.893825256213923,1.0591932250294929
163576880,0.1,18.101262985640673,1.0552447639036722
163576944,0.1,14.256065422363008,1.0701455815733936
16357720x,0.1,19.146831732992098,1.0522279619910635
163577402,0.1,18.977156263948984,1.0526949341667016
163577867,0.1,19.65619580128726,1.0508745440933445
163578050,0.1,19.963399824875896,1.0500916681914032
163579002,0.1,19.959818238280842,1.0501006566323388
163580118,0.1,19.908584576184175,1.0502295879535433
163580986,0.1,19.888271500463812,1.0502808904221104
163581057,0.1,19.968559190744628,1.0500787257832551
163582121,0.1,19.990565774617398,1.050023596694283
163582594,0.1,19.95016299015314,1.0501249037661282
163584856,0.1,19.981428054137425,1.0500464730193764
163585330,0.1,19.741614055621227,1.0506544195009861
163587264,0.1,19.971376171286998,1.050071662134015
163587483,0.1,19.226265758847074,1.0520121802404527
16358790x,0.1,19.790986956306597,1.0505280510874846
163588160,0.1,19.952691164511986,1.050118552517798
163588187,0.1,16.71328100919372,1.059832656403606
163589614,0.1,19.864411107872066,1.0503412859595778
163591415,0.1,19.949076447074262,1.0501276338607977
163592047,0.1,19.995452810786006,1.050011370558239
163592661,0.1,19.937932259557858,1.0501556524007458
163593461,0.1,19.987921044417654,1.050030215637623
163594309,0.1,19.936467430228515,1.050159337580727
163595344,0.1,19.945602179618405,1.050136365450117
163598908,0.1,19.99877115915022,1.0500030722908922
163604239,0.1,19.939743882760595,1.0501510955145505
163604423,0.1,19.766958502053008,1.0505894723204958
163607085,0.1,19.88905744653751,1.0502789034969624
163608096,0.1,19.637719138728396,1.050922410741065
163608723,0.1,19.98241838984252,1.0500439926985174
163611420,0.1,19.967942649964122,1.0500802720405347
163615667,0.1,15.365535136247315,1.06508071415235
163617398,0.1,19.99931797201928,1.050001705128099
163618710,0.1,19.972963516765205,1.0500676827032005
163619107,0.1,19.30683767574273,1.0517951213344694
163621493,0.1,19.059581205874036,1.0524670499943518
163621733,0.1,19.806881343343132,1.0504875039470103
163631368,0.1,19.97809129574462,1.0500548318253506
163633865,0.1,19.780025752468035,1.050556051469004
163637831,0.1,18.811753719762017,1.0531582549344927
16363880x,0.1,19.930463528061818,1.0501744477037382
163639909,0.1,19.953143496323268,1.0501174163451623
163642438,0.1,19.80404721491974,1.0504947291403461
16364250x,0.1,19.86471419768055,1.0503405178674436
163643617,0.1,19.924576517980604,1.0501892724845403
163644265,0.1,19.621607127802637,1.0509642249733488
163644898,0.1,19.988525605474923,1.0500287024534765
163657189,0.1,18.452470676972933,1.0541932848725732
163660476,0.1,19.75339346684966,1.0506242130841068
163660628,0.1,19.582997767882834,1.0510647047940767
163661487,0.1,19.871684695650057,1.0503228596526042
163662076,0.1,19.57424968160418,1.051087526534404
163665605,0.1,19.932721657968298,1.0501687635617105
163666456,0.1,19.92631647847501,1.0501848899710204
163668099,0.1,19.969691326416807,1.0500758866851965
16367419x,0.1,19.99352115774646,1.0500162023542587
163700175,0.1,19.663030479524572,1.0508568605964028
163700239,0.1,19.969115921053987,1.050077329610054
16371813x,0.1,19.89673597328563,1.0502594999171044
163719212,0.1,19.987982724929708,1.0500300612503914
163741137,0.1,19.666458141547135,1.0508479967670137
163742818,0.1,19.487687860204687,1.0513144508047092
163743423,0.1,19.87280578658489,1.0503200207730632
163744872,0.1,19.969238520373498,1.050077022164854
163747299,0.1,19.99161902827991,1.0500209612130669
163747424,0.1,19.296507529379777,1.0518228492113122
163749569,0.1,19.99021565953828,1.0500244728236763
163751714,0.1,15.765110688495348,1.0634312070342617
163751757,0.1,19.97085978680148,1.050072956831878
163781083,0.1,19.74806140589585,1.050637881837933
163784946,0.1,19.725130255234433,1.0506967501385513
163788170,0.1,19.810547462389877,1.0504781607827087
163789202,0.1,19.96012999363455,1.0500998741149936
163789376,0.1,19.232679659542278,1.0519948347137291
163791468,0.1,19.97940220739104,1.05005154756983
163792030,0.1,19.947444356897083,1.0501317352793735
163793201,0.1,19.8185428268722,1.0504577964553523
163793981,0.1,19.986054583869336,1.0500348878666175
163794933,0.1,19.978481087248355,1.0500538552271759
163795039,0.1,19.8866759876742,1.050284924470022
163820679,0.1,19.98135156319196,1.0500466646031152
163820812,0.1,19.57715578567937,1.0510799429165036
163820927,0.1,19.97470923503222,1.0500633069665
163822340,0.1,19.656049262474085,1.050874923370747
163822404,0.1,19.986004343275,1.0500350136437595
16382328x,0.1,19.89664499630198,1.0502597297275929
163825592,0.1,19.77865596275615,1.0505595527766411
163826034,0.1,19.97289224282075,1.0500678613714272
163827272,0.1,19.907722801066086,1.0502317623162027
163829075,0.1,19.911742613811587,1.0502216214519748
163837251,0.1,19.97094232151192,1.0500727498933708
163837809,0.1,19.893388368932012,1.0502679574466924
163858001,0.1,19.669296061997606,1.0508406603290734
163858538,0.1,19.138366083091242,1.0522510644669663
163859629,0.1,19.973777762136063,1.0500656416582186
163860478,0.1,18.90271296389509,1.052902459129017
163861606,0.1,19.45182336510211,1.0514090623398353
16386230x,0.1,17.881029036468593,1.0559251930054185
163863767,0.1,18.363450676399744,1.0544559961862274
163871812,0.1,17.545797936171247,1.0569937032010648
163899452,0.1,19.514304433162938,1.0512444603611175
163901671,0.1,19.360809476941622,1.0516507329505504
163904143,0.1,19.296682719305792,1.0518223787241694
163906077,0.1,19.945744700003228,1.050136007205579
163906085,0.1,19.8599539463455,1.0503525840342653
163907133,0.1,11.467576768234837,1.087202381131644
163912215,0.1,4.988148210840361,1.2004751979555812
16391224x,0.1,19.69458838578909,1.0507753693761666
163912266,0.1,19.741692514606864,1.0506542181862117
163916726,0.1,19.77728854690273,1.0505630485002257
163918035,0.1,19.764782250170217,1.0505950426036892
163918190,0.1,19.102746770238173,1.05234849270776
163922288,0.1,19.772246049488494,1.050575943547186
16392454x,0.1,19.770543951434632,1.0505802977629979
163925577,0.1,19.711767884468227,1.0507311168567455
163929332,0.1,19.846809234065883,1.0503859329833007
163931176,0.1,19.9981511488357,1.0500046225552315
163932822,0.1,19.950881637311568,1.0501230982258865
163934342,0.1,19.914554249466477,1.0502145309140822
163941227,0.1,19.935787721988774,1.0501610477571959
163941462,0.1,19.96355064242978,1.0500912897665928
163942465,0.1,19.590745381325746,1.0510445100753143
163943855,0.1,19.972153349645893,1.0500697136905235
163945076,0.1,19.86947167374138,1.0503284645117945
163947426,0.1,19.649103566888094,1.0508929069764363
163948074,0.1,19.99631630123156,1.0500092109434382
163948664,0.1,17.989168434811965,1.0555890064415006
163951206,0.1,19.983627248569015,1.0500409654144047
16395137x,0.1,10.136860007581685,1.098649877699018
163952196,0.1,19.864897920093025,1.050340052288339
16395241x,0.1,19.990072408928963,1.0500248313034288
163952612,0.1,19.932184596204426,1.0501701153314837
163956031,0.1,19.972613169675963,1.0500685609591778
163956373,0.1,19.91900049412738,1.0502033222146274
163957202,0.1,19.96340415682364,1.0500916573217896
16395778x,0.1,19.69936429883987,1.050763059397754
163959750,0.1,19.573062348436228,1.0510906255852137
163960022,0.1,19.701493862282334,1.0507575723440168
163963047,0.1,19.943203460434916,1.050142395728143
163963063,0.1,19.925986798482683,1.0501857202914613
163963717,0.1,19.943665691465366,1.0501412335861575
163964517,0.1,19.81940983563089,1.0504555891569598
163966141,0.1,19.95327441680833,1.0501170875070818
163966344,0.1,19.429438547920878,1.0514682911466326
163969078,0.1,19.71006037735439,1.050735511756673
163972146,0.1,19.718616381606523,1.0507134973695618
163973253,0.1,19.940638874898085,1.0501488445918767
163977262,0.1,19.92099520516662,1.0501982953010622
16397802x,0.1,19.898724445363236,1.0502544775041105
163978206,0.1,19.966077667792344,1.0500849499154818
163978361,0.1,19.94612071864684,1.050135062055708
163978863,0.1,19.97870924766349,1.0500532836032412
163979276,0.1,19.963627611051685,1.0500910966424963
16398581x,0.1,19.59739582142177,1.0510271879545805
16398725x,0.1,14.138993324884789,1.0707263931046624
163990088,0.1,16.310448749977233,1.061310391597987
163997300,0.1,15.142040497022636,1.066041297419369
163999306,0.1,19.769365854254538,1.0505833119469936
163999824,0.1,19.170218637690926,1.0521642459535585
164000541,0.1,16.59104040608423,1.0602734955448172
164000787,0.1,19.404028069209588,1.0515356912715874
164033052,0.1,19.388923579191196,1.0515758389533925
164035752,0.1,19.67537336581237,1.0508249567318293
164036659,0.1,19.972074252268904,1.0500699119865526
164039702,0.1,19.98054230074358,1.0500486916194856
164041001,0.1,7.972990271708312,1.125423456685811
164055147,0.1,19.907872295072107,1.0502313851112826
164055438,0.1,14.505889555662085,1.0689375164592834
164057417,0.1,18.99058261092931,1.0526576788341653
164064780,0.1,19.9686510422724,1.0500784954318176
164065556,0.1,19.88330473018842,1.05029345038814
164070259,0.1,19.624278059014802,1.0509572885684133
164070582,0.1,19.92185542306262,1.0501961277583787
164071008,0.1,19.015934936380148,1.0525874748386344
164071411,0.1,19.942809792065496,1.0501433855322564
164075332,0.1,19.84945327294154,1.0503792213442567
164076271,0.1,19.45747850930847,1.0513941207501065
164076466,0.1,19.81480919770823,1.0504673040261048
164076511,0.1,19.58007274802591,1.0510723332272
164077231,0.1,14.374431566262,1.0695679683325414
164079237,0.1,18.923656896679805,1.052843908841713
164080967,0.1,19.89453465787828,1.0502650610932485
16408823x,0.1,8.420847720932228,1.1187528896306054
164091121,0.1,19.95046082515171,1.0501241554650853
164091543,0.1,19.52240217752933,1.051223204547595
164092546,0.1,19.49877446697869,1.051285274451146
164092909,0.1,19.959538301048305,1.0501013593058652
164093186,0.1,16.638352482211683,1.0601021045244183
164094349,0.1,17.581779684272977,1.056877063525856
164097160,0.1,19.86910110617805,1.0503294031600183
164097195,0.1,18.678071182725827,1.0535387187583285
164097259,0.1,19.566555950112118,1.05110761457201
164097355,0.1,19.310725806705875,1.0517846926112295
16409746x,0.1,17.202812181726028,1.0581300306854635
164097523,0.1,15.476653601397363,1.064613451056998
164097611,0.1,19.941393856041394,1.050146945956691
164097697,0.1,19.940343023712945,1.0501495886410182
164098040,0.1,18.652904421148264,1.0536109539523626
164098091,0.1,19.723795799141676,1.0507001801369042
169650199,0.1,18.580294167310257,1.0538204611291557
16965355x,0.1,19.97210916635475,1.050069824457229
169655539,0.1,19.910661194033377,1.0502243491692616
16965646x,0.1,19.99514470909449,1.0500121411747105
169656937,0.1,19.95470703978519,1.0501134894141129
169657833,0.1,19.341580776975846,1.051702082240889
169658641,0.1,19.99106483973675,1.0500223478847548
169661656,0.1,19.99332539329773,1.0500166920874117
169662739,0.1,19.95513068522945,1.0501124255097056
169663459,0.1,19.934652573611668,1.0501639041015314
169671870,0.1,19.368131954459972,1.051631205443627
16967318x,0.1,19.949099498937436,1.0501275759366113
169674668,0.1,19.806038196619767,1.0504896532094272
169674676,0.1,19.410068390872414,1.0515196536077251
169675601,0.1,19.965327641375136,1.0500868314290845
169675791,0.1,19.212068711848957,1.0520506154229634
169676284,0.1,19.708623757371626,1.0507392100184554
169677359,0.1,19.971436121357183,1.0500715118293678
169677906,0.1,19.938923651114113,1.0501531585905903
169677981,0.1,19.595648995844186,1.0510317366989008
194290738,0.1,19.39392759485971,1.051562531370131
264570613,0.1,19.82387681541919,1.0504442198320256
264574251,0.1,19.54045399750743,1.0511758836374814
264575289,0.1,19.967050839495364,1.0500825088310974
26458103x,0.1,19.88871926528933,1.0502797584229189
264582788,0.1,19.355429952632612,1.0516650884246561
264583369,0.1,19.20140800897128,1.0520795141446284
264583457,0.1,18.735497725830133,1.0533746161769337
264583676,0.1,19.440308100201243,1.0514395139647836
264584097,0.1,19.728740412315318,1.0506874731534188
264585719,0.1,19.993125846903496,1.0500171912915197
264586826,0.1,19.764591375214522,1.0505955312212543
264586893,0.1,19.924772940215203,1.0501887777090624
264588928,0.1,19.916311402813662,1.0502101006443756
264589111,0.1,19.970724127891703,1.0500732969719095
264589314,0.1,13.536726554612855,1.0738731033655426
264590489,0.1,18.483198195852395,1.0541031908765874
264590884,0.1,19.997561862813022,1.0500060960861222
264592433,0.1,19.278757841537352,1.0518705617975777
264592783,0.1,19.456312199546627,1.051397201573652
264594113,0.1,19.916064543745048,1.0502107229971829
264594121,0.1,19.75517452251126,1.0506196489866737
264594295,0.1,19.702992807835052,1.0507537108576896
264595044,0.1,19.973276529910322,1.050066898062643
264595669,0.1,19.807187159349724,1.050486724437698
264597859,0.1,19.77391314135262,1.0505716796089657
264598237,0.1,19.625458687609473,1.0509542230791962
264598405,0.1,19.882527297815383,1.050295416926694
264598616,0.1,19.926609325937648,1.0501841524387363
264598835,0.1,19.955803501319945,1.0501107359537718
264604502,0.1,19.832334507636546,1.0504227074031525
264606188,0.1,19.863381393235674,1.0503438956440994
264607543,0.1,19.940640527536484,1.0501488404356458
264608204,0.1,19.7879213324797,1.0505358790950219
264608853,0.1,19.63534747862126,1.0509285614165367
26461118x,0.1,19.91895028760476,1.0502034487541385
264617290,0.1,19.53856216934317,1.0511808387604407
264618939,0.1,19.895821203035396,1.050261810748854
264619384,0.1,19.80663591331026,1.0504881295529842
264627202,0.1,13.643037104019172,1.0732974624620353
264627210,0.1,19.045041014960038,1.05250710666438
264627317,0.1,19.283331969137667,1.0518582577741475
264627595,0.1,17.600590437358097,1.0568162757697863
264628176,0.1,19.9894505457133,1.0500263875544318
264628221,0.1,19.71261115642111,1.0507289466659147
264628467,0.1,19.389540982317392,1.051574196671905
264628678,0.1,19.717937991743394,1.0507152421525383
26462882x,0.1,17.66878914749606,1.0565969740004348
26462890x,0.1,19.947686471279912,1.0501311268070996
264629398,0.1,19.030664712101263,1.0525467720191675
264629734,0.1,19.94008744455284,1.05015023142605
264630065,0.1,19.826192335273763,1.0504383284036265
264630348,0.1,18.819490250869052,1.0531364020316023
264630372,0.1,18.602104395619385,1.0537573587768645
264630866,0.1,19.649121158652115,1.0508928614122606
264631295,0.1,19.889446131412893,1.050277920933184
264631631,0.1,19.95553506099386,1.0501114100395461
264706517,0.1,19.992838009870763,1.0500179113893828
264709865,0.1,19.958526558868762,1.050103899055396
264713506,0.1,19.992735728927165,1.0500181672762832
264715544,0.1,19.60952710397464,1.0509956203786939
264715771,0.1,19.999321802803628,1.0500016955504867
264715923,0.1,19.96103811791015,1.0500975948291358
26471850x,0.1,19.68331992415426,1.0508044376585506
264718649,0.1,19.98168018727239,1.0500458415222242
264723229,0.1,19.997136558186583,1.0500071596295926
264724520,0.1,19.946641726370448,1.0501337525242633
264726024,0.1,19.883280372068153,1.0502935120004036
26472853x,0.1,19.888091673965874,1.0502813450578081
264734905,0.1,19.99351740620009,1.0500162117392058
264740707,0.1,19.577734354599443,1.051078433381903
264742921,0.1,19.879764010454014,1.0503024079900616
26474760x,0.1,19.984375681390894,1.0500390913352966
264755124,0.1,19.74840479234344,1.050637001343405
264760695,0.1,19.929517537719782,1.0501768293240086
264762412,0.1,19.94203181103048,1.050145341732274
264763001,0.1,19.934427019552295,1.0501644716960847
264763386,0.1,19.93509500742496,1.05016279077815
264763407,0.1,19.97776009369198,1.0500556616612766
26476360x,0.1,19.936683324179246,1.050158794406249
264765250,0.1,19.998966765500665,1.050002583219702
264766288,0.1,19.96588375315191,1.0500854363555099
264766616,0.1,19.894058083017395,1.050266265224874
264767109,0.1,19.691416499587483,1.050783548254182
264767600,0.1,19.937922818125692,1.0501556761515243
264767678,0.1,19.9631387777955,1.0500923232128343
264767889,0.1,18.984195151822004,1.0526753961388784
264771116,0.1,19.675736875089804,1.0508240177406538
264771191,0.1,19.974747001682395,1.050063212310813
264773795,0.1,19.672641170111046,1.0508320154550126
26477419x,0.1,19.997094599644516,1.0500072645562109
264777972,0.1,19.89619575119602,1.050260864564518
264781242,0.1,17.912386270106285,1.055827290955024
264781429,0.1,19.96669919491613,1.0500833908618514
264782683,0.1,19.992683288271365,1.0500182984735544
264784267,0.1,19.9901828146051,1.0500245550165448
264786203,0.1,19.970229246571822,1.0500745378359473
264786422,0.1,19.973833384853393,1.0500655022364571
264797068,0.1,19.95145662975657,1.0501216536996378
264798845,0.1,19.803214844974388,1.0504968515379096
264799725,0.1,15.814101926157138,1.0632347005646878
264799784,0.1,19.550988643524857,1.0511483085706355
264801493,0.1,19.905724946729475,1.05023680386804
264801522,0.1,19.427646697849422,1.0514730381683695
264808839,0.1,19.513438267552026,1.0512467350083994
264809196,0.1,19.925598766209404,1.0501866976111072
264809233,0.1,19.793699776672035,1.0505211259786083
264809305,0.1,17.292367338164404,1.057828982026827
264810226,0.1,19.58526587775879,1.0510587911464409
264810373,0.1,16.31988228186572,1.0612749517875615
264812715,0.1,19.99628288832727,1.0500092945066177
264813734,0.1,19.83658551355131,1.0504119017517835
264813929,0.1,11.185464810158583,1.0894017385036878
264813996,0.1,17.77339246851562,1.0562638788161254
264821136,0.1,18.900217158899167,1.0529094449864111
264821611,0.1,19.305036213949908,1.0517999546293209
264821953,0.1,18.79785850667097,1.053197549053001
264824265,0.1,19.979992858237956,1.050050067940224
264826025,0.1,19.916558217227397,1.0502094784195706
26482701x,0.1,19.844215142725027,1.050392519573474
264833620,0.1,19.994541396307042,1.0500136502347934
264834762,0.1,19.278555647734326,1.0518711058168677
264835298,0.1,19.905423803731093,1.0502375638851034
264835335,0.1,19.96112678129443,1.0500973723055103
264835482,0.1,19.899965869842017,1.0502513424666462
264836493,0.1,19.952553998494512,1.050118897063276
26483755x,0.1,19.96241151438284,1.0500941481583776
264843140,0.1,19.944847962209636,1.0501382613642753
264850148,0.1,16.401522282307184,1.0609699503977585
264850826,0.1,19.982064738953785,1.0500448783979046
264854843,0.1,19.958471131047112,1.0501040382018247
266970514,0.1,19.890035472995997,1.0502764311988113
26697067x,0.1,19.918306444959892,1.050205071538752
294295907,0.1,19.993844609977145,1.0500153932126186
427401006,0.1,19.806678237636657,1.0504880216663388
42800001x,0.1,19.938017123843256,1.050155438917952
428000079,0.1,19.004898259215658,1.0526180138594055
490713611,0.1,19.98128805858688,1.0500468236616134
550801048,0.1,19.93584516262984,1.0501609032294512
550806906,0.1,19.85240511313795,1.0503717304931592
550806973,0.1,13.00804464944144,1.0768755048855816
550809592,0.1,19.99877687877206,1.0500030579900845
550811027,0.1,19.9934735845685,1.050016321364579
550813161,0.1,19.706157712453148,1.0507455595652753
550815300,0.1,19.99500165314257,1.0500124989908581
550818763,0.1,19.63653141334309,1.0509254908084478
550818907,0.1,19.58719367149423,1.0510537658825179
550819272,0.1,19.986316418338593,1.0500342323752285
550822076,0.1,19.99043220948003,1.0500239309246036
550827344,0.1,19.994151292099648,1.0500146260469247
550828742,0.1,19.92350357207947,1.050191975341194
550829219,0.1,19.952948702234632,1.0501179056250471
550833867,0.1,19.962549971482613,1.0500938007132627
550834173,0.1,19.99807427434757,1.0500048147777281
550834966,0.1,19.847111164385765,1.0503851664717043
550836013,0.1,19.99953180375983,1.0500011705180021
550837040,0.1,19.962570772235427,1.0500937485161397
553950639,0.1,19.992640457694574,1.0500184056286137
55395068x,0.1,19.999362665307864,1.0500015933875064
553953821,0.1,19.997946059509104,1.0500051353786153
553957144,0.1,19.99369464216332,1.050015768365851
553958278,0.1,19.98407018566635,1.0500398562809918
553967692,0.1,19.997780665139704,1.0500055489528999
553972459,0.1,19.834371720705857,1.050417528423956
553974358,0.1,19.980105261197675,1.0500497863713485
553975043,0.1,19.982789552441275,1.0500430631757232
553975959,0.1,19.539644114846578,1.0511780047846513
553979079,0.1,19.989683540489803,1.0500258044593085
553980440,0.1,19.980740136393226,1.0500481960715051
553981101,0.1,19.999846179643622,1.0500003845538486
553982841,0.1,19.998392928711016,1.0500040180010832
553991270,0.1,19.850844229549153,1.0503756912520346
553991799,0.1,19.898340634339892,1.050255446842348
553993460,0.1,19.99683972762499,1.05000790192955
553993786,0.1,19.96758408661012,1.0500811713456402
557702464,0.1,19.928690328174607,1.0501789120876763
557715994,0.1,19.85466154521153,1.0503660058733753
557718618,0.1,19.98580016624052,1.0500355248067161
557719063,0.1,19.942567127306248,1.0501439956860297
557721307,0.1,19.491254632068053,1.0513050605964969
557722625,0.1,19.993090153954302,1.0500172805854235
557729368,0.1,19.99674455763655,1.0500081399308625
557737392,0.1,19.70360305422494,1.0507521389487988
557739363,0.1,19.99621018458927,1.0500094763342047
561153648,0.1,19.988845284040902,1.0500279023520382
561162624,0.1,19.820725955169323,1.0504522388464381
610154744,0.1,19.977523938214237,1.0500562533721778
613750939,0.1,19.442350331486004,1.05143411074023
613791351,0.1,19.876793101629154,1.0503099265000668
614070070,0.1,19.2625731038364,1.0519141443154776
614071321,0.1,19.99198652001103,1.0500200417301726
614071508,0.1,19.988397540932247,1.0500290229845688
614071778,0.1,19.946600074158138,1.0501338572128667
61407192x,0.1,19.660875662538846,1.0508624344695574
614076384,0.1,19.956055445524868,1.0501101033082292
614211697,0.1,19.996657902733094,1.0500083566396023
614211822,0.1,19.958250532522516,1.0501045920017125
614213713,0.1,19.99866878119745,1.050003328268539
614214134,0.1,19.93557394990325,1.0501615856414734
614217642,0.1,19.966256245150756,1.0500845019577905
614219162,0.1,19.94256918264215,1.0501439905180519
614232666,0.1,19.92123946667158,1.0501976798016515
614238240,0.1,19.90604292658287,1.0502360013835086
614245109,0.1,19.463093471654688,1.051379293916271
614248019,0.1,19.858043779075654,1.0503574275052054
614249396,0.1,19.724176356573142,1.050699201929755
614256107,0.1,19.829295624192106,1.0504304347946671
614257783,0.1,19.696968261785887,1.0507692344684385
614258591,0.1,19.929017485629444,1.0501780883438476
614258954,0.1,19.93960050567494,1.0501514561294945
614260368,0.1,19.67347427708665,1.0508298628862256
614260982,0.1,19.995003609303335,1.0500124940980113
614261838,0.1,19.9649087291765,1.050087882372265
614261918,0.1,19.95213746370445,1.0501199433804589
614262275,0.1,19.76553632915975,1.0505931123419463
614262785,0.1,18.761120354635185,1.0533017208512783
614273783,0.1,19.99321833648277,1.0500169599096132
614278947,0.1,19.528549559119526,1.0512070800226438
614279237,0.1,19.915158825564923,1.0502130065222632
61427927x,0.1,19.39753237178945,1.0515529491500855
61428022x,0.1,13.903372711911036,1.0719249940802709
614281206,0.1,19.899337950911757,1.0502529281359425
614281230,0.1,19.976854768531233,1.0500579301189725
614281265,0.1,19.992130671531786,1.0500196810650089
614281476,0.1,19.812594816657516,1.0504729445715635
614287157,0.1,15.296286990843269,1.065375342434319
614300075,0.1,19.4165612463799,1.0515024255485221
614300091,0.1,18.85326733761204,1.0530412040572412
614300198,0.1,19.9882958359851,1.0500292775434958
614300219,0.1,19.624778782432944,1.0509559884004984
614300251,0.1,19.99403991271492,1.0500149046598664
614300366,0.1,19.8162298376726,1.0504636859882852
614300577,0.1,19.841158263185168,1.0504002834277815
614300614,0.1,19.996357928969978,1.0500091068359623
614300649,0.1,19.89768388476582,1.050257105590346
614300665,0.1,19.79576956100414,1.0505158436462056
614300673,0.1,19.922296314189953,1.0501950168910867
61430069x,0.1,19.901134275485973,1.0502483921849515
614300788,0.1,19.97204282024741,1.0500699907866315
61430085x,0.1,19.946600342479666,1.0501338565384664
614300948,0.1,19.77147899339329,1.0505779056960864
614301027,0.1,19.58931705747784,1.0510482319044536
614301078,0.1,19.953507903073685,1.0501165010612474
614301270,0.1,19.144988025645834,1.0522329916665627
614301350,0.1,19.699844565133514,1.0507618218353807
614301764,0.1,19.40021389693577,1.0515458234281607
61430181x,0.1,19.830809339777495,1.050426585363521
614301860,0.1,19.927025550604487,1.0501831042199705
614301959,0.1,19.96914303827004,1.0500772616072478
614302169,0.1,19.983942132326042,1.0500401769269738
614302185,0.1,18.866063419244647,1.053005228371062
614302214,0.1,19.914836419852072,1.0502138194317856
614302257,0.1,19.812525171678523,1.050473121994034
614302660,0.1,19.979319983682394,1.050051753554011
614302679,0.1,19.998452705402322,1.0500038685357824
614302783,0.1,19.98740510554657,1.0500315070775494
614302943,0.1,19.9306260539325,1.0501740385522256
614303102,0.1,19.870466341290648,1.050325945190426
614303110,0.1,19.86870395037608,1.050330409195164
614303209,0.1,19.96324628106737,1.0500920534626863
614303380,0.1,19.225292253748602,1.0520148139649226
614303428,0.1,19.707537900731232,1.0507420056750416
614303575,0.1,19.945788218257253,1.050135897817498
614303831,0.1,19.695193142275556,1.050773810278281
614304025,0.1,12.909379470821717,1.0774630571717438
614304359,0.1,19.409418310445858,1.0515213791575513
614304578,0.1,19.306543801594923,1.0517959097328125
614304893,0.1,19.986836824359795,1.0500329296120139
614304906,0.1,19.67158459745088,1.050834745673187
614304981,0.1,19.991914094033596,1.0500202229409559
614305175,0.1,19.975885540449376,1.0500603589250193
614305183,0.1,19.993244745249516,1.0500168938429868
614305511,0.1,19.607131321102255,1.0510018515010273
614305554,0.1,19.817314902168132,1.0504609229321271
61430560x,0.1,19.9957769408378,1.0500105598776548
614305685,0.1,14.559518746310266,1.0686835888894628
614305706,0.1,19.947987708105348,1.0501303697712665
614305976,0.1,19.862439432378846,1.050346283164486
614306127,0.1,19.992989607181393,1.0500175321274015
614306258,0.1,17.99217025174726,1.055579731961623
614306434,0.1,19.916677349418034,1.0502091780901004
614306522,0.1,19.870835506628445,1.050325010222465
614307007,0.1,19.897770363967304,1.0502568871641464
614307154,0.1,19.997509041381818,1.0500062281722515
614307170,0.1,19.954576953487187,1.050113816110005
614307330,0.1,19.95627468507747,1.0501095527988378
614307541,0.1,19.933103157265645,1.050167803382661
614308114,0.1,19.872005895607362,1.0503220462621263
614308317,0.1,19.89372635923048,1.0502671034044866
614308341,0.1,19.037735168329576,1.052527256585834
614308499,0.1,7.154979422459254,1.1397628058665035
614308624,0.1,19.989894770328693,1.0500252758450892
614308739,0.1,19.959692506358685,1.050100972230981
61430878x,0.1,19.576512149263785,1.0510816223224733
614308878,0.1,18.128749185797634,1.0551610036495742
614308886,0.1,19.998528753683658,1.0500036783863815
614309213,0.1,19.984130291195793,1.0500397057779671
61430923x,0.1,8.007987230912446,1.1248753239939993
614309424,0.1,19.372328685731343,1.0516200202991883
614309600,0.1,19.97911725190212,1.0500522614383674
614309643,0.1,19.993033906030956,1.0500174213028441
614309854,0.1,19.9925829854128,1.0500185494155323
614310011,0.1,19.978023352632704,1.0500550020564583
614310222,0.1,19.24168134055861,1.0519705103884112
614310281,0.1,19.989462325896724,1.0500263580728972
614310345,0.1,19.986460598965234,1.0500338714325324
614310396,0.1,19.85457141653659,1.0503662345069364
614310564,0.1,19.988020184487294,1.0500299674890312
614310716,0.1,19.987160496339623,1.0500321193789952
614310812,0.1,19.97989089807921,1.0500503233526735
61431088x,0.1,19.990598779154507,1.0500235141051786
614311081,0.1,17.233695989835315,1.0580258582134565
614311268,0.1,19.9118249677587,1.050221413738781
614311452,0.1,19.88729563204947,1.050283357702414
614311559,0.1,19.54129639368956,1.0511736775213607
614311567,0.1,19.98590290631702,1.0500352675927354
614311970,0.1,19.96961244030388,1.0500760845003552
614312543,0.1,19.998273616771154,1.050004316330654
614312674,0.1,19.953408288939105,1.0501167512597
614312690,0.1,19.84154123018549,1.050399310638161
614312914,0.1,19.897089809543612,1.050258606136479
614313124,0.1,19.929587544817892,1.0501766530667627
614313255,0.1,19.985267286726167,1.0500368589347904
614313343,0.1,19.763638212429115,1.050597971347761
61431352x,0.1,19.63522704009126,1.05092887380208
614313626,0.1,19.244031906948297,1.051964162439314
614313802,0.1,19.91476894444605,1.0502139895667173
614313925,0.1,19.8905002761962,1.0502752563341378
614314100,0.1,19.004125459126698,1.0526201535635387
614314223,0.1,19.97753115822502,1.0500562352815195
614314282,0.1,19.86926649131565,1.0503289842348773
614314338,0.1,19.570875519500042,1.0510963343976931
614314362,0.1,19.996450421457062,1.0500088755215753
614314450,0.1,19.911232299849438,1.0502229086045851
614314565,0.1,19.83001049617595,1.0504286167772248
614314645,0.1,19.403412113597906,1.051537327256952
614314696,0.1,19.762874390462663,1.0505999269257404
614314709,0.1,19.942195562506946,1.0501449299735124
614314741,0.1,19.998555058478054,1.0500036126148058
614314872,0.1,19.898072929171256,1.0502561229702785
61431504x,0.1,18.388848161809186,1.0543807850932636
614315066,0.1,19.804609871085006,1.050493294566737
614315146,0.1,19.396490107427393,1.051555719331771
614315293,0.1,19.796025936921716,1.0505151894216753
614315496,0.1,19.93167715703289,1.050171392608933
614315621,0.1,19.941494699240405,1.0501466923659484
61431563x,0.1,19.981172979280128,1.050047111900636
614315699,0.1,19.985885522808047,1.0500353111128748
614315824,0.1,19.975067220320508,1.050062409751628
614315955,0.1,19.849472137157917,1.0503791734656769
614315963,0.1,19.540743773427597,1.0511751247339851
614316077,0.1,19.96924751633333,1.0500769996056223
614316114,0.1,19.974724710405606,1.0500632681800646
614316130,0.1,19.9577975067475,1.050105729335209
614316261,0.1,19.62697107139363,1.0509502967300697
614316309,0.1,19.723360091576787,1.050701300151543
614316325,0.1,19.546676103099564,1.05115959331016
614316421,0.1,19.397584215381276,1.0515528113653994
614316579,0.1,19.792381824689123,1.050524490122386
614316616,0.1,14.214442435556949,1.0703509831309692
614316667,0.1,19.820596223534682,1.0504525690711874
614316704,0.1,19.962906876202652,1.0500929051165429
614316798,0.1,19.686639572719333,1.0507958707887224
614316886,0.1,19.869175711923795,1.0503292141807314
614316915,0.1,19.997444984869123,1.0500063883539443
614316931,0.1,19.885698478354982,1.0502873962958088
614316966,0.1,19.855388845454172,1.050364160973304
614317061,0.1,19.761845740007576,1.0506025607707035
614317117,0.1,19.9556820337072,1.050111040971233
614317133,0.1,19.971255157816593,1.0500719655373592
614317168,0.1,12.68849649094773,1.0788115440401802
614317213,0.1,18.978862050877503,1.0526901980381782
614317221,0.1,19.9790952950588,1.0500523164453457
614317459,0.1,19.82177756938508,1.0504495621797567
614317635,0.1,19.987569972415606,1.0500310943941698
614317811,0.1,19.973358989304483,1.0500666913630046
614317897,0.1,19.90866710726182,1.0502293797275482
614318216,0.1,19.140973252887324,1.0522439474099967
614318451,0.1,19.806684571429468,1.0504880055212507
614318638,0.1,19.926107047509316,1.0501854174333063
614318777,0.1,12.966469984460524,1.077121992431127
614318849,0.1,19.85202640894464,1.0503726914018932
614318953,0.1,19.96743535739737,1.0500815443796856
614319411,0.1,19.994364212412965,1.0500140934403495
614319614,0.1,16.93099527995053,1.0590632732137246
614319710,0.1,19.92388718106621,1.0501910089588495
61431985x,0.1,19.90003659718013,1.050251163866789
614319892,0.1,18.89801970468806,1.0529155972756197
614319999,0.1,19.91601785619949,1.05021084070221
614320009,0.1,19.611349938957574,1.0509908804397763
614320033,0.1,19.914687792969772,1.0502141941865148
61432013x,0.1,19.999342948886362,1.0500016426817504
614320172,0.1,11.259273403917742,1.0888156778973004
614320199,0.1,19.99595975848739,1.0500101026446378
614320244,0.1,19.99494829368017,1.0500126324565726
614320359,0.1,19.988683668814165,1.0500283068444458
614320412,0.1,19.983537964416954,1.0500411889916899
61432048x,0.1,19.83313784478336,1.0504206650418166
614320607,0.1,19.37813718159813,1.0516045474664932
61432064x,0.1,13.755536181651244,1.07269800222938
614320797,0.1,19.453185430681213,1.051405462800083
614320914,0.1,18.171610992949958,1.055030894090126
614321060,0.1,19.44143302276838,1.0514365375653572
614321140,0.1,19.93894067998303,1.0501531157572435
614321167,0.1,19.92254994732638,1.0501943778604605
614321327,0.1,19.466883843508356,1.051369289920198
614321335,0.1,19.760833765866135,1.0506051521837783
614321343,0.1,19.961218930354043,1.0500971410357787
614321431,0.1,19.923491849543847,1.050192004873026
614321458,0.1,16.67170131820628,1.0599818807279107
614321503,0.1,19.39693798130535,1.051554528913986
614321538,0.1,19.975468751970027,1.0500614034352198
614321618,0.1,19.726670093840706,1.050692792815156
614321693,0.1,19.98777292107242,1.0500305863964332
614321722,0.1,19.560460276169106,1.0511235413625886
614321810,0.1,19.979739786846572,1.050050701894443
614321829,0.1,19.8172434740345,1.050461104810578
614322039,0.1,19.995128029487283,1.0500121828940168
614322071,0.1,19.510091586004485,1.051255525664336
614322194,0.1,19.76700704733059,1.0505893480791288
614322354,0.1,19.458277213304196,1.0513920111753918
614322426,0.1,19.991700768167046,1.0500207566928126
614322557,0.1,19.972469762005232,1.0500689204648268
614322565,0.1,19.962060400781432,1.0500950292666609
614322653,0.1,19.1728072334569,1.0521572030544897
614322725,0.1,19.846642901324753,1.0503863552627961
614322768,0.1,19.948823750360702,1.050128268840007
614322848,0.1,19.18832826496456,1.0521150141998494
614322856,0.1,19.577927503961394,1.0510779294589614
614322880,0.1,19.97528607439484,1.0500618612557364
614322899,0.1,19.3613592198504,1.0516492663890427
614322901,0.1,19.43946917259496,1.0514417338828244
614322952,0.1,19.977302497501086,1.0500568082264905
614322987,0.1,19.697476800871605,1.050767923735072
614323023,0.1,8.147584706854486,1.1227357598576067
61432312x,0.1,19.994594383857418,1.0500135176939296
614323154,0.1,19.93745909646008,1.0501568427130994
614323170,0.1,19.961944419983265,1.050095320323552
614323218,0.1,19.75645792175855,1.0506163606836962
614323322,0.1,13.089221004470227,1.0763987405865085
614323437,0.1,19.843210803033223,1.0503950701288292
614323509,0.1,19.897218991284966,1.0502582798348856
614323517,0.1,19.996303770464,1.0500092422819198
61432355x,0.1,19.874547349930122,1.050315611339119
614323576,0.1,19.606500883464427,1.0510034914411155
614323621,0.1,19.994792671688142,1.0500130217111958
614323760,0.1,19.993669837841868,1.0500158304158502
614324034,0.1,19.999251764944283,1.050001870657624
614324368,0.1,19.812192898041882,1.0504739684872961
614324624,0.1,19.91771676471146,1.050206557900839
614324683,0.1,19.984674821447584,1.0500383423265311
614324915,0.1,19.99285834874194,1.0500178605058204
614324990,0.1,19.950443414624427,1.0501241992078714
614325010,0.1,19.9659848130057,1.0500851828430025
614325053,0.1,7.897490206274815,1.1266225058697088
614325061,0.1,19.965874396586855,1.050085459826941
614325133,0.1,19.932530476426766,1.0501692447520725
614325221,0.1,19.06495640046705,1.0524522573770745
614325299,0.1,19.94058808834445,1.0501489723156416
614325328,0.1,10.262286803892458,1.0974441680601543
614325344,0.1,19.97613019402407,1.0500597458209975
614325432,0.1,19.674321722832527,1.050827673456182
614325520,0.1,19.819466545750544,1.0504554447866514
614325539,0.1,19.925388189827334,1.050187227996418
61432558x,0.1,19.143417253106307,1.0522372775340167
614334814,0.1,19.89430847387674,1.0502656325708986
614334865,0.1,18.504395690127435,1.0540412135984276
614334873,0.1,19.9876495034647,1.0500308953199653
614335163,0.1,19.996001616180855,1.0500099979583315
614335198,0.1,17.78109514851682,1.056239505589925
614335243,0.1,19.944757255756283,1.0501384893872994
61433534x,0.1,19.543329708579453,1.051168353341601
614335358,0.1,18.044989727407618,1.0554170445706128
61433585x,0.1,19.881086584382718,1.050299061661224
614335972,0.1,19.929480879116984,1.0501769216200632
614336799,0.1,19.20455363296937,1.0520709837422753
614337329,0.1,19.998528349354146,1.050003679397354
614338129,0.1,19.788506739315075,1.0505343840833243
614338321,0.1,19.963551876595208,1.0500912866699024
614338786,0.1,19.909665650090112,1.0502268605397436
614339228,0.1,19.957755315950493,1.0501058352589776
614339287,0.1,19.97872798993551,1.0500532366476865
614339527,0.1,17.20334973629481,1.0581282142913278
614339543,0.1,19.995345225184742,1.0500116396460346
614340069,0.1,19.948009852854973,1.0501303141203773
614340093,0.1,19.947522085386726,1.0501315399336033
614340472,0.1,19.524060562646238,1.0512188536186584
614340683,0.1,19.935648714788705,1.05016139751992
614340704,0.1,19.997170749796105,1.0500070741262333
614341096,0.1,19.7615160890054,1.0506034048954556
614341205,0.1,19.98764870173432,1.0500308973267691
614341723,0.1,19.971869109994,1.0500704262827156
614341942,0.1,19.922718727730082,1.0501939526259596
614342144,0.1,18.948967177489276,1.052773324827327
614342371,0.1,19.986370409507266,1.0500340972127842
614344238,0.1,19.943640485724075,1.0501412969570834
614344799,0.1,19.58447713065524,1.051060847493075
614345660,0.1,19.818815701346285,1.0504571017294475
614346532,0.1,19.78087743175172,1.0505538747434342
614370014,0.1,7.629027295498033,1.1310783093658756
614370022,0.1,19.921431761247966,1.0501971952610978
614370049,0.1,17.018656840988747,1.0587590436391867
614370102,0.1,19.952280164261982,1.0501195849179772
614370137,0.1,17.10786270311396,1.0584526552120377
614370209,0.1,19.98465882002197,1.0500383823915038
614370233,0.1,19.978946653289935,1.0500526888305861
61437025x,0.1,19.82411270632354,1.0504436195866167
614370268,0.1,18.402312421833056,1.054340996776773
614370321,0.1,19.99205960676869,1.0500198588674392
614370348,0.1,17.16031822573509,1.0582739776060979
614370372,0.1,19.894157699410243,1.0502660135256516
614370620,0.1,19.376670968130878,1.0516084523313998
614370639,0.1,19.861026912634095,1.0503498638010442
614370655,0.1,19.99374668474179,1.0500156381776682
614370735,0.1,18.624474200798954,1.0536927909598168
614370778,0.1,19.99448646485341,1.050013787638798
614370815,0.1,17.97018040998432,1.0556477440507162
614370831,0.1,17.678398465660937,1.0565662099959128
614370911,0.1,19.577035243919525,1.0510802574312468
614370970,0.1,17.139802249703067,1.0583437303086343
61437105x,0.1,19.829117276400876,1.0504308883779776
614371105,0.1,19.968245734836895,1.0500795119050135
614371199,0.1,19.64916740063279,1.0508927416419587
614371367,0.1,19.622727520130905,1.0509613150859942
614371674,0.1,19.816922221847147,1.0504619228357042
614371690,0.1,19.985508613496584,1.0500362547353277
614371770,0.1,19.873174524466254,1.0503190871075418
614371789,0.1,19.581909410510427,1.0510675429569325
614372028,0.1,19.958304438262754,1.0501044566733266
614372108,0.1,19.946004649897766,1.0501353537990439
614372191,0.1,19.983342355576003,1.050041678824612
614372204,0.1,19.819225469416722,1.0504560585146534
614372212,0.1,19.770567993130715,1.0505802362556023
61437228x,0.1,19.967937089033757,1.050080285987539
614372298,0.1,19.50009911890147,1.0512817906156537
614372319,0.1,19.47975199210828,1.0513353558302552
614372538,0.1,19.99494024027132,1.0500126526002775
614372597,0.1,19.985434992636367,1.0500364390551644
614372829,0.1,19.238621465709475,1.051978776222734
614372933,0.1,18.508609254552553,1.054028910883946
614372992,0.1,19.627356347663437,1.0509492965984206
614373012,0.1,19.927734327996447,1.0501813193382
614373290,0.1,16.8316398332689,1.059411917668499
614373338,0.1,19.933923152846877,1.0501657396957098
614373418,0.1,19.55203317867763,1.0511455760565374
614373514,0.1,19.4230947507471,1.0514851012587236
614373776,0.1,19.950055443173405,1.0501251739800144
614373805,0.1,18.587535643464676,1.0537994933369017
614373928,0.1,19.861523816802155,1.0503486041264385
614373952,0.1,17.51760960947237,1.0570854141799841
614374226,0.1,19.970679437909972,1.0500734090249186
614374269,0.1,19.99126461653978,1.050021848001184
614374330,0.1,19.15659852438976,1.0522013341108978
61437439x,0.1,19.285313352284962,1.05185292982971
614374541,0.1,19.90279622012136,1.0502441962898168
614374648,0.1,19.992773047668376,1.050018073911794
614374656,0.1,19.893896403249027,1.0502666737440476
614374664,0.1,19.957871535854235,1.0501055434795992
614374760,0.1,19.90469628923953,1.0502394000626174
614374971,0.1,19.925635943067647,1.0501866039737573
614374998,0.1,19.99473601606028,1.050013163424452
614375018,0.1,17.072373151309744,1.058574164888335
614375149,0.1,19.007245090852933,1.052611517093618
614375237,0.1,19.98169591836283,1.0500458021223822
61437535x,0.1,19.954922680025657,1.050112947869298
614375659,0.1,19.757695074733846,1.0506131912764864
614375704,0.1,19.853868078394157,1.050368018768506
614375894,0.1,19.98889911193342,1.0500277676324354
614375923,0.1,19.931416807145517,1.0501720479620644
614376037,0.1,19.94977874671945,1.0501258691986466
614376272,0.1,19.376940268140338,1.0516077350790107
614376678,0.1,19.950993110854572,1.050122818169685
614376707,0.1,19.770791191638114,1.0505796652398485
614376790,0.1,19.98681345030748,1.0500329881242083
61437682x,0.1,19.993861362603784,1.0500153513052954
614376838,0.1,19.542736894397624,1.0511699054950012
614377013,0.1,19.90782451711798,1.050231505664526
61437703x,0.1,19.929172839039946,1.0501776971917804
614377048,0.1,19.512142068351352,1.0512501393489748
614377056,0.1,19.760493607572805,1.0506060233038292
614377363,0.1,19.978563781970546,1.0500536480456337
614377857,0.1,19.99853768704812,1.0500036560496941
614377881,0.1,19.824958035967054,1.0504414686873873
614377937,0.1,19.777698355899247,1.050562000795291
614378139,0.1,19.519561470483424,1.0512306591268534
614378163,0.1,19.94440542239755,1.0501393738655653
614378534,0.1,19.928896187952333,1.0501783937539166
614378665,0.1,19.900699945934825,1.0502494888479674
614378876,0.1,19.928400541051577,1.0501796417600122
614378948,0.1,19.953474017401387,1.0501165861708042
614379334,0.1,19.971780792905296,1.050070647698839
614379342,0.1,19.867102307247833,1.050334466724681
614379764,0.1,19.778648804931528,1.0505595710739686
614379844,0.1,19.62164782582727,1.0509641192664632
614379967,0.1,19.57347857503892,1.0510895391519854
614380386,0.1,18.255282534215524,1.0547786646482036
614380423,0.1,19.830513937953473,1.0504273365344359
614380597,0.1,19.852057301711795,1.0503726130144593
614380677,0.1,19.93353749071279,1.0501667102723693
614380730,0.1,19.965876275306393,1.0500854551140733
614380765,0.1,19.954755822352187,1.0501133669037361
614380829,0.1,19.993360914477,1.050016603225319
614380853,0.1,19.968302879762195,1.050079368588379
614380917,0.1,19.550399133845026,1.0511498508625756
614381055,0.1,19.98579793480692,1.0500355303932307
614381063,0.1,19.604124165974987,1.0510096748793096
614381100,0.1,19.960469616427304,1.0500990216771757
614381119,0.1,19.653549245688854,1.0508813948818612
614381135,0.1,19.72408745706543,1.0506994304388864
614381493,0.1,19.810760518627745,1.0504776179117261
614381581,0.1,19.988903173713034,1.0500277574667067
614381602,0.1,18.01853020967477,1.055498422366496
614381821,0.1,17.991431720432676,1.0555820134572342
614381856,0.1,19.983043346369545,1.0500424276055869
614382162,0.1,15.949577612924664,1.0626975851190978
614382197,0.1,19.357299454638635,1.0516600986797446
614382330,0.1,19.97607434551901,1.0500598857765224
61438239x,0.1,19.964453594987305,1.0500890242371113
614382488,0.1,19.953454445925903,1.0501166353279836
614382517,0.1,19.92842913746027,1.05017956975446
614382568,0.1,16.145911332303665,1.0619351846680383
614382832,0.1,19.629144440984103,1.050944655433483
614382840,0.1,19.978500207390436,1.050053807323839
614382867,0.1,19.982196836395612,1.0500445475633888
614382998,0.1,15.207460196058705,1.0657571998945077
614383026,0.1,19.380813823406026,1.051597420475311
614383114,0.1,19.965403993370597,1.0500866398862776
614383229,0.1,17.800645266368637,1.0561777387862077
614383368,0.1,17.93406796933939,1.0557597975935873
614383501,0.1,19.954119649371787,1.0501149646073953
614383894,0.1,19.724120944386414,1.0506993443621429
61438394x,0.1,19.993231238766697,1.0500169276320381
614383966,0.1,19.93779242948712,1.050156004158266
614384133,0.1,19.93729219443194,1.0501572625935272
614384416,0.1,19.882911148211488,1.05029444594636
614384854,0.1,19.96833649419377,1.0500792842854372
614384977,0.1,19.9829252580241,1.0500427233294312
614385101,0.1,19.568851182095667,1.0511016201561663
614385355,0.1,14.036780693946302,1.071241406544969
614385398,0.1,5.598315448063978,1.1786251613145204
614385478,0.1,19.13263949681896,1.0522667037219962
614385531,0.1,19.96284039062237,1.050093071949308
614385566,0.1,19.587884950044337,1.051051964137544
614385582,0.1,17.953991523320806,1.0556979209164201
614385590,0.1,19.939989652665147,1.0501504773783241
614385910,0.1,19.596128776785573,1.0510304872656606
61438597x,0.1,19.823363101857456,1.0504455270713524
614386163,0.1,19.91602665221931,1.0502108185263233
614386374,0.1,19.994570868490822,1.050013576514207
614386411,0.1,19.97768672525014,1.0500558454916646
614386550,0.1,17.14946547680502,1.0583108553063953
614386921,0.1,19.866350395116225,1.0503363718101857
614387078,0.1,19.91369690666318,1.050216692796273
614387107,0.1,19.993865115767676,1.050015341916625
614387123,0.1,19.99752326491784,1.0500061926045774
614387529,0.1,19.96773441424153,1.0500807943081802
614387713,0.1,19.98939694845409,1.0500265216894067
614387908,0.1,19.22985605542975,1.052002469343375
614387959,0.1,18.685689217056495,1.0535168913698505
614388046,0.1,19.674655526444184,1.0508268111050751
614388214,0.1,19.99702355437939,1.05000744222162
614388505,0.1,18.792835904431932,1.0532117667118122
614388863,0.1,19.95574567016762,1.0501108811731814
61438896x,0.1,18.975778451979426,1.0526987602922655
614389073,0.1,19.859581959254726,1.0503535271815725
614389225,0.1,19.99273504617952,1.0500181689843928
614389233,0.1,19.977237316962928,1.0500569715488581
614389399,0.1,19.929856918216963,1.0501759748754615
614389428,0.1,19.982661566189048,1.0500433836947933
614389436,0.1,19.642331231076167,1.0509104539698373
614390082,0.1,14.762463797993801,1.0677393701812767
614390285,0.1,19.43354405816215,1.0514574180091458
614390656,0.1,19.11599910894616,1.0523122016432824
614390875,0.1,19.99187553779526,1.0500203194097257
614390904,0.1,19.709634913099613,1.050736606964514
614391106,0.1,19.934114767310373,1.0501652574831104
614391130,0.1,19.428590618318687,1.0514705373974542
614391149,0.1,19.45475455467626,1.0514013166904557
614393013,0.1,19.202404216057797,1.0520768122964395
614393179,0.1,18.70909255654869,1.0534499467025178
614393208,0.1,19.483695299601187,1.051324966061262
614395393,0.1,19.984463100129283,1.0500388724475431
661251413,0.1,15.953800750220275,1.0626809884150141
661251974,0.1,19.943784934556454,1.0501409337937309
661252387,0.1,19.975358366358513,1.0500616800789992
661252483,0.1,19.54936408394119,1.0511525590145128
661253734,0.1,19.600522900312207,1.0510190470471619
661253961,0.1,19.874509564603763,1.0503157069989282
661254243,0.1,19.99553789415011,1.0500111577539788
661254374,0.1,19.923259426375193,1.050192590408985
661255262,0.1,19.998648691656868,1.0500033784991276
661255756,0.1,19.931129041555963,1.050172772345963
661256759,0.1,19.966915609859612,1.0500828480241686
66125709x,0.1,19.92974245364358,1.0501762630563838
661258164,0.1,19.944842637220535,1.0501382747504775
661258199,0.1,19.690576038782744,1.05078571586887
661258789,0.1,19.913659588724165,1.0502167869017023
661259116,0.1,19.993551784241227,1.050016125738509
661264185,0.1,19.99674897451719,1.0500081288850676
661264441,0.1,19.977892033493802,1.0500553310791476
661264492,0.1,19.992193708228235,1.0500195233496776
661264652,0.1,19.99675324255241,1.0500081182115122
661265516,0.1,19.991163653025442,1.050022100631879
661266287,0.1,19.531604091197952,1.051199071787998
66126779x,0.1,19.17756385098284,1.052144266486108
661268442,0.1,17.772529730278794,1.056266610053622
661268848,0.1,19.95754425593783,1.0501063651507363
661269058,0.1,19.97686181396761,1.05005791246455
661269269,0.1,19.806818465150982,1.0504876642232797
661269656,0.1,19.998714342983835,1.050003214349168
661270550,0.1,19.99091207649051,1.050022730137261
661271166,0.1,19.76682495219097,1.0505898141162604
661271406,0.1,19.939021015702746,1.0501529136868084
661271588,0.1,19.882722925089645,1.050294922067144
661272214,0.1,19.99529847331372,1.0500117565804095
661272281,0.1,19.96324893629423,1.0500920468001553
661272476,0.1,19.99092392455623,1.0500227004901774
661273145,0.1,19.947890766482814,1.05013061339198
661273516,0.1,19.99205102847557,1.05001988033022
661273903,0.1,19.940717349443275,1.0501486472365007
661273997,0.1,19.982169824484355,1.0500446152136436
661274201,0.1,19.99725090442313,1.0500068736837629
661274711,0.1,19.986335315495904,1.0500341850676684
661275650,0.1,19.848097882347002,1.0503826616498806
661275749,0.1,19.97254010129889,1.050068744132098
661275773,0.1,19.89940894656049,1.0502527488472388
661276637,0.1,19.93273501034635,1.0501687299550682
661277445,0.1,19.986743428483127,1.0500331634104483
661277656,0.1,19.9985348004035,1.0500036632673622
66127771x,0.1,19.991397720209314,1.0500215149533592
66127907x,0.1,19.906212457832385,1.0502355735486253
661279459,0.1,19.990898856307847,1.050022763217796
661279803,0.1,19.927741501430543,1.050181301274317
661279897,0.1,19.99628719392522,1.050009283738623
66127990x,0.1,19.811287706708235,1.0504762746775613
661280337,0.1,19.959198135512807,1.0501022131856455
661280716,0.1,19.537132066554825,1.0511845851578123
661281161,0.1,19.355757387938457,1.0516642144224824
661281284,0.1,19.996542604019215,1.0500086449844086
661281778,0.1,19.99889562383259,1.0500027610928828
661281954,0.1,19.990405456420117,1.0500239978713808
661282201,0.1,19.98590343752622,1.0500352662628383
661282543,0.1,19.992793266027228,1.050018023329399
661282666,0.1,19.963587076571258,1.050091198348496
661282869,0.1,19.97809600849189,1.0500548200176303
661283108,0.1,19.986112151636476,1.050034743746703
661284274,0.1,19.994588082459604,1.0500135334559484
661284733,0.1,19.00782806445347,1.0526099034886631
661286181,0.1,19.978076255945503,1.0500548695073881
661286210,0.1,19.935120219302124,1.050162727337443
661286528,0.1,19.999272798433147,1.0500018180700224
661286640,0.1,19.201860443065396,1.0520782870475003
661287571,0.1,19.869735155654897,1.050327797132988
661287803,0.1,19.980929918492706,1.0500477207056556
661287811,0.1,19.882553825659247,1.0502953498211813
661288080,0.1,19.992187778457733,1.0500195381856874
66128870x,0.1,19.968691811334445,1.0500783931891016
661288726,0.1,19.99638694564475,1.0500090342679531
661289614,0.1,19.621456018605652,1.0509646174601808
661289649,0.1,19.999889418654092,1.0500002764548932
66128969x,0.1,19.80937237671073,1.0504811551311777
661290682,0.1,19.81856337637816,1.0504577441365859
661291394,0.1,19.998090482667106,1.0500047742491578
661292290,0.1,19.98868100543849,1.0500283135104274
661292397,0.1,19.972395981486304,1.0500691054256568
661292768,0.1,19.99643727027961,1.050008908411214
661292813,0.1,19.99790718098775,1.0500052325950744
66129283x,0.1,19.993603901494215,1.05001599536166
661292995,0.1,19.93281786236642,1.0501685214255643
661293015,0.1,19.795073556904683,1.050517619807035
661293891,0.1,19.995601078915332,1.050010999722057
661294640,0.1,19.995522770014983,1.0500111955812221
661295467,0.1,19.291900334877596,1.05183522528323
661295985,0.1,19.8804620371381,1.0503006418126466
661296398,0.1,19.937610545272666,1.0501564617148722
661297585,0.1,19.987912452664737,1.050030237142983
661298422,0.1,19.69394848649011,1.050777019178556
661298801,0.1,19.9927316567954,1.0500181774640138
661298895,0.1,19.9228324758288,1.0501936660468958
661298983,0.1,19.86475345653532,1.0503404183791172
661352011,0.1,19.52538734303025,1.0512153732180354
66353998x,0.1,18.710654966235,1.0534454834320117
664501203,0.1,19.958714236155117,1.050103427914635
664502724,0.1,19.330086694160006,1.0517328254043536
664503612,0.1,19.977621721533037,1.0500560083647066
664504607,0.1,19.993522893569075,1.0500161980118896
664506397,0.1,19.958894448735098,1.050102975521441
664507197,0.1,19.996045279899878,1.0500098887556133
66450739x,0.1,19.179758809438887,1.0521382990232324
664507859,0.1,19.91191942390997,1.0502211755035133
664508050,0.1,19.770307337823226,1.0505809031145847
664509205,0.1,18.897060855178395,1.0529182822484253
66450931x,0.1,18.06690553107734,1.0553498217101913
664509993,0.1,19.987431681684907,1.050031440553532
664510281,0.1,19.931783261346812,1.0501711255279036
664510417,0.1,19.933721370361923,1.0501662475069422
664510839,0.1,19.96906331148802,1.050077461541459
664511399,0.1,19.083753170473276,1.0524005939013725
664512500,0.1,19.99040908000074,1.050023988803733
664512893,0.1,19.991652219307074,1.0500208781660498
664513597,0.1,19.89433243280458,1.050265572035534
664513642,0.1,19.689663263011052,1.050788070199179
664513677,0.1,19.9720128338149,1.0500700659628501
664513722,0.1,19.918400932397724,1.0502048333796454
664513781,0.1,19.988210381941748,1.0500294914297803
66451408x,0.1,19.901191728362495,1.0502482471225496
664514573,0.1,18.744281330172818,1.0533496047346607
664514602,0.1,19.985808046874382,1.0500355050771335
664514872,0.1,19.97447178276603,1.0500639021084301
664515103,0.1,19.944661626658863,1.0501387297873912
664517045,0.1,19.95775902466725,1.0501058259478946
66451803x,0.1,19.983595387994583,1.0500410451965396
664518187,0.1,19.990069905372962,1.050024837568538
664518427,0.1,19.926817194632513,1.0501836289374582
664518689,0.1,19.93540439597682,1.0501620122740931
664518865,0.1,19.98131133760746,1.050046765355078
664518937,0.1,19.953309714614623,1.0501169988489458
664519606,0.1,19.998156979575917,1.05000460797569
664519809,0.1,19.895736629432314,1.0502620244037948
66452080x,0.1,19.99781548965836,1.05000546187243
664523293,0.1,14.634565109775954,1.0683313779739172
664523621,0.1,17.951454332682474,1.0557057930498364
664524923,0.1,19.99911588903568,1.0500022103751216
664525491,0.1,19.952863610371473,1.0501181193600804
664526152,0.1,19.881455337330713,1.0502981287351905
664526515,0.1,19.891003253268202,1.050273985040734
664527286,0.1,19.94837331871977,1.0501294007297122
664527446,0.1,19.744653629302963,1.0506466215500434
664527833,0.1,19.997703814636537,1.0500057411225427
664528246,0.1,19.3944538649149,1.0515611322167224
664528529,0.1,19.950929835035094,1.0501229771378342
664529388,0.1,19.68093175741657,1.0508106024819257
664529433,0.1,19.95530084731241,1.0501119981929352
66453067x,0.1,19.978573567330965,1.05005362352972
664530768,0.1,19.926262478738266,1.0501850259709777
664532202,0.1,18.244476577814492,1.0548111093094341
664533846,0.1,19.88005749166014,1.0503016653960637
664533854,0.1,19.14489110047543,1.0522332561074306
664534259,0.1,19.85822342049907,1.0503569719619394
664535219,0.1,19.54522786293787,1.0511633840757735
66453665x,0.1,19.976846562015997,1.0500579506828371
664536721,0.1,19.987977529413172,1.0500300742548092
664537206,0.1,19.995225979020308,1.050011937902039
664537951,0.1,19.940043005030383,1.0501503431937296
66453796x,0.1,19.990321032542145,1.050024209134616
664538030,0.1,19.945281010821123,1.050137172770715
664538129,0.1,19.975308731766283,1.0500618044721242
664538858,0.1,17.98635454161083,1.055597703119136
664542283,0.1,19.98120339141774,1.0500470357270633
664542478,0.1,19.984224216861893,1.0500394705918201
664546428,0.1,19.984889443639645,1.050037804953595
664546604,0.1,19.869867342123328,1.0503274623218062
664547105,0.1,19.999567050981522,1.0500010823959773
664547623,0.1,19.636508201025546,1.0509255510074735
664547834,0.1,19.987499603020105,1.0500312705371562
664547850,0.1,19.99489296962224,1.050012770836997
664548044,0.1,19.865358485979325,1.0503388851857762
664548108,0.1,19.645603391770337,1.0509019743531474
667850441,0.1,18.636812433680195,1.0536572444219492
667851719,0.1,19.99775022800428,1.0500056250627448
667851962,0.1,19.867042850687515,1.050334617361808
667852746,0.1,19.78776296602387,1.0505362835464032
667852922,0.1,19.933143467276913,1.0501677019302873
667853503,0.1,19.988808302707238,1.0500279949087592
667854469,0.1,19.930044541337633,1.0501755025146011
667856579,0.1,19.94652078818073,1.0501340564913229
667857694,0.1,19.988053743532678,1.0500298834909607
667857985,0.1,19.976178473031638,1.050059624835152
66785846x,0.1,17.502888686445765,1.057133426254056
667859366,0.1,19.98057767812733,1.050048603003841
667859948,0.1,19.74920684719696,1.0506349448733396
667860252,0.1,19.969390197538022,1.0500766418056815
667860519,0.1,19.950889461620932,1.0501230785686861
667860535,0.1,19.99990964985022,1.0500002258763947
667861888,0.1,19.99485651240041,1.0500128620267828
667862071,0.1,19.93908481006834,1.050152753224413
667863672,0.1,15.81606846328733,1.0632268380932484
667863760,0.1,19.990233672993018,1.0500244277459851
667864077,0.1,19.996361581397608,1.0500090977015684
66786494x,0.1,19.95741493947098,1.0501066898209468
667866355,0.1,19.870897321556836,1.0503248536700531
667867534,0.1,19.995347932694308,1.0500116328741098
667870821,0.1,19.996979160146918,1.050007553240489
667871592,0.1,19.986993640810407,1.0500325370574068
667871728,0.1,19.990999653579497,1.0500225109963894
667871891,0.1,19.99542835570766,1.0500114317238196
667872077,0.1,19.420001960891277,1.0514933006708154
66787251x,0.1,19.737320215703615,1.0506654393337738
667872747,0.1,19.910653533525366,1.0502243684927874
667873459,0.1,19.644843903515188,1.0509039422716442
667873707,0.1,19.992893757204406,1.0500177719215684
66787390x,0.1,19.985930164277146,1.050035199351762
667874152,0.1,19.991393963998608,1.0500215243519708
667874304,0.1,17.572350357984828,1.0569075837681328
667874320,0.1,19.823502503774034,1.0504451723306523
667874531,0.1,19.979392746565548,1.0500515712706984
667875446,0.1,19.975088890934522,1.0500623554398218
66787681x,0.1,19.97055253896372,1.0500737272065428
667877580,0.1,19.98383687926835,1.0500404404840504
667877847,0.1,19.980264486230087,1.0500493875188277
667878380,0.1,19.281901720329447,1.051862104397393
667878719,0.1,19.605768099010724,1.0510053977457001
667878866,0.1,19.803291254964527,1.0504966566983813
667879367,0.1,19.983511594908485,1.0500412550242064
667879711,0.1,19.974563263250253,1.0500636728233166
667879818,0.1,19.994159130373045,1.0500146064397828
667879973,0.1,19.983224769052526,1.0500419732829445
667880464,0.1,19.41181306163115,1.0515150231884611
667880886,0.1,19.944061194132544,1.050140239255493
66788123x,0.1,19.514515540002435,1.0512439060016694
667881416,0.1,19.902905647034938,1.0502439200453617
667881715,0.1,19.999243669504626,1.0500018908977455
66788211x,0.1,19.983074481726973,1.0500423496351587
667882961,0.1,19.99722066176296,1.0500069493113169
667883526,0.1,19.88472905063798,1.0502898479256833
667884254,0.1,19.99847717798753,1.0500038073449267
667884270,0.1,19.954364184889435,1.0501143504616026
667884879,0.1,19.994780761077095,1.0500130515032529
66788502x,0.1,19.816595669553966,1.050462754384013
667885193,0.1,18.012723956196552,1.0555163118266735
66788561x,0.1,19.991744317502686,1.0500206477292982
667886276,0.1,19.483089816951146,1.0513265611047975
66788676x,0.1,19.910552326107187,1.0502246237885011
66788756x,0.1,19.95365704130989,1.0501161264789562
667888714,0.1,19.852264571952748,1.0503720870924116
667888730,0.1,19.9579086100038,1.0501054504026917
667889127,0.1,19.99282540470261,1.0500179429249048
667889274,0.1,19.833901916413495,1.0504187226605397
667889346,0.1,19.919391092566862,1.0502023377799516
66788940x,0.1,19.997999609201486,1.0500050014772417
667889493,0.1,19.991970581518373,1.050020081608386
667889653,0.1,19.978947900058294,1.0500526857070929
66789169x,0.1,19.97397654484046,1.0500651434007173
667891710,0.1,19.994205753333382,1.0500144898145445
667892860,0.1,19.944242738658644,1.050139782848795
667894057,0.1,19.943023215653803,1.050142848914455
667894794,0.1,19.968257427051892,1.0500794825814523
667896052,0.1,19.973796620059446,1.050065594389587
667896108,0.1,19.96623815222245,1.0500845473431704
671751147,0.1,19.950146406501627,1.0501249454326864
671752385,0.1,19.992366915709425,1.050019089996504
671752692,0.1,18.51320350895694,1.0540155030174105
671754022,0.1,18.287296878368988,1.0546827673138965
671755252,0.1,19.999023714178577,1.0500024408337012
671755543,0.1,19.99824479693177,1.0500043883927965
67175564x,0.1,19.977079074125122,1.0500573680611411
671755826,0.1,19.986225578715132,1.0500344597863929
671755850,0.1,19.894627791932464,1.0502648257840497
671757581,0.1,19.99337135796649,1.0500165770992667
671762751,0.1,19.89971822357766,1.0502519678301363
671763551,0.1,19.99593969140754,1.0500101528326629
671764570,0.1,19.870387287608157,1.0503261454105444
671764693,0.1,19.65553075775341,1.0508762654300514
671765039,0.1,19.95251816803814,1.0501189870660985
671766365,0.1,19.985396877207815,1.0500365344828575
671767325,0.1,19.93942465007447,1.0501518984398712
671769590,0.1,19.98852394505356,1.0500287066092975
671771180,0.1,19.985551162564345,1.0500361482085685
671771295,0.1,19.99295442309822,1.0500176201494604
671771949,0.1,19.837985238376774,1.0504083447983161
671773493,0.1,19.973057851219046,1.0500674462292696
671773530,0.1,19.94545098495567,1.0501367455042392
671776694,0.1,19.968150712615692,1.0500797502178412
671776803,0.1,19.98350350747452,1.0500412752761779
671777486,0.1,19.892262762073305,1.0502708018670759
671779334,0.1,19.914309225910888,1.0502151487483624
671779561,0.1,19.904009902060267,1.0502411325617604
671779676,0.1,19.94990696856721,1.0501255470301483
671779967,0.1,19.99960187069318,1.050000995343081
67178001x,0.1,19.652600303582798,1.0508838517322154
671780028,0.1,19.865235444989594,1.050339196973989
671780642,0.1,19.821514472824663,1.0504502318110456
671781071,0.1,19.987861378199007,1.0500303649839553
671781776,0.1,19.906137162791794,1.050235763564876
67178263x,0.1,19.813220409976168,1.0504713509115604
671783130,0.1,19.98726174816235,1.0500318659254033
671783261,0.1,19.6271646840917,1.0509497941294865
671783579,0.1,19.74402310347146,1.0506482389510665
671783587,0.1,19.96223459022084,1.0500945921399942
67178378x,0.1,19.34102689613748,1.0517035628650981
671784192,0.1,19.43953466632836,1.0514415605704863
671784395,0.1,19.962653690087222,1.050093540444303
671786614,0.1,19.991976933135575,1.0500200657165903
671786657,0.1,19.9989625960202,1.0500025936444823
671786788,0.1,16.524769871679265,1.0605152149025587
671786868,0.1,19.934348696541797,1.050164668794696
671788871,0.1,19.782960426530888,1.0505485518061746
671789268,0.1,19.7033171624602,1.0507528753536615
671790971,0.1,18.280945814434503,1.0547017648950312
671792387,0.1,19.97790057178507,1.0500553096861593
671792678,0.1,18.496705856871152,1.0540636807298593
671792694,0.1,19.832486880798395,1.0504223200050715
67179493x,0.1,19.993071589071327,1.0500173270297608
67179530x,0.1,19.68442093958145,1.0508015959966188
671795537,0.1,19.965289507027403,1.0500869270965503
671795633,0.1,19.949215394439786,1.0501272847191132
671795705,0.1,18.955564175344843,1.0527549584253832
671795713,0.1,19.978967521788892,1.0500526365493816
671796505,0.1,18.824384710648214,1.0531225862290383
67179709x,0.1,19.880609879382373,1.0503002677516986
671797196,0.1,19.974766486291735,1.0500631634760926
671797700,0.1,19.984945660729014,1.0500376641986586
671798789,0.1,19.58858751812791,1.051050133097885
671799191,0.1,19.994664776842367,1.0500133416169193
671799562,0.1,19.793389299376056,1.0505219184483743
675250390,0.1,19.995134709902622,1.0500121661848443
675250956,0.1,19.995193097040715,1.050012020146382
675252046,0.1,19.712253485086013,1.0507298671233396
675252118,0.1,19.992411117425554,1.050018979408061
675252556,0.1,19.326566470128473,1.0517422482439196
675253399,0.1,19.930651182485224,1.0501739752928287
675253575,0.1,19.99799979821509,1.0500050010046131
675254826,0.1,19.857103519143795,1.050359811995537
675255407,0.1,19.96074989853746,1.0500983182036296
675257277,0.1,19.382962052354888,1.0515917018925653
675257285,0.1,19.73601216555402,1.0506687973037094
675257496,0.1,19.99762503335343,1.0500059381217586
675257728,0.1,19.967355246287013,1.0500817453120614
675257912,0.1,19.975279824131444,1.0500618769200887
675258923,0.1,19.27378790643407,1.0518839371302917
675259651,0.1,19.98072389650532,1.0500482367495656
675260249,0.1,19.966914889066793,1.0500828498321273
675262535,0.1,19.99334055587554,1.0500166541556821
675262949,0.1,19.87216908495278,1.0503216330197795
675263159,0.1,19.975862242777403,1.0500604173099746
675263175,0.1,19.993378386207155,1.0500165595170183
675263319,0.1,19.987733449942706,1.0500306851952175
675263335,0.1,19.997175551474406,1.0500070621186435
675264151,0.1,19.99194971845024,1.0500201338080155
675264573,0.1,19.974026020278334,1.05006501938992
675265592,0.1,18.885188633017748,1.0529515494619768
675266552,0.1,19.992792989083267,1.050018024022258
675267029,0.1,19.89516895966016,1.0502634585324517
675267299,0.1,19.986913349939357,1.0500327380467196
675268099,0.1,19.97483575743885,1.0500629898610099
675269104,0.1,19.92985028611335,1.05017599157264
675269251,0.1,19.776044441255205,1.0505662294080347
675270084,0.1,19.993900034734878,1.0500152545657788
675270869,0.1,19.911017611549685,1.0502234501274277
675271976,0.1,19.99892196942816,1.050002695221706
675272055,0.1,19.773744785303943,1.050572110182347
675272602,0.1,19.991469724042535,1.0500213347894758
675272856,0.1,19.997315604972435,1.0500067118884369
675273680,0.1,19.93268638876387,1.050168852331099
675273971,0.1,19.98572315618378,1.050035717606275
67527443x,0.1,19.964536910066204,1.0500888152079197
675275555,0.1,19.990874637101676,1.0500228238210283
675275934,0.1,19.99443674955553,1.050013911995907
675276398,0.1,19.866863446422517,1.050335071899841
67527670x,0.1,19.928404230167857,1.0501796324708321
675277585,0.1,19.94181810755772,1.050145879107232
67527996x,0.1,19.596398987753364,1.0510297836161093
675281744,0.1,19.772451006626024,1.050575419287416
675282122,0.1,19.910045233137385,1.0502259029696048
675283651,0.1,19.969442681563276,1.050076510193409
675284101,0.1,19.889747540930813,1.050277159020853
675285251,0.1,19.98274993109984,1.050043162399969
675285534,0.1,19.99497505017504,1.0500125655316208
675285542,0.1,19.383682772168534,1.051589783621295
675286721,0.1,19.799708996434898,1.0505057927962507
675289404,0.1,19.93544149869265,1.050161918915394
67528956x,0.1,19.497270169923677,1.051289231327501
675289631,0.1,19.98637450078016,1.0500340869706493
675290544,0.1,19.982696557599972,1.050043296064548
675291416,0.1,18.09262332420703,1.0552711446030079
675291491,0.1,19.749024240568733,1.0506354130623723
675293972,0.1,19.994581708295236,1.050013549399992
67529457x,0.1,19.913348399467907,1.0502175716479063
675295935,0.1,19.988688572499935,1.0500282945713497
675296735,0.1,19.817159933272897,1.0504613175332458
675296751,0.1,19.934064205819833,1.0501653847241068
675297527,0.1,19.8294751671854,1.0504299781798985
675299725,0.1,19.977875362726504,1.050055372848393
678204218,0.1,19.788036741204454,1.0505355843572752
679050249,0.1,19.92019058057785,1.0502003229313979
679050986,0.1,19.755269074998967,1.0506194067113739
679051276,0.1,19.997469450048005,1.0500063271754416
67905395x,0.1,19.998118931222738,1.0500047031142872
679054717,0.1,19.991344132694405,1.050021649037824
679055517,0.1,19.982539564738698,1.0500436892298017
679056018,0.1,19.99931820538051,1.0500017045446561
679057184,0.1,19.960470789154428,1.050099018733734
679057408,0.1,19.97108855899218,1.0500723832377048
67905846x,0.1,19.99236139508048,1.050019103808621
679058558,0.1,19.997122553744543,1.0500071946507497
679059171,0.1,19.990965002517424,1.0500225977022155
679060076,0.1,19.93953611419507,1.0501516180854424
679060527,0.1,19.99276387323924,1.0500180968644621
679061538,0.1,19.737091685923524,1.0506660259734821
67906208x,0.1,19.0344349794044,1.0525363637576854
679062899,0.1,19.066418445399545,1.052448235250039
67906347x,0.1,18.45162299059476,1.0541957745673496
679065395,0.1,19.961031039249054,1.0500976125949464
679065643,0.1,18.977532638976776,1.0526938890857793
679066857,0.1,19.9917885576957,1.0500205370376958
679067155,0.1,19.99733903330545,1.0500066533019472
679068270,0.1,19.977582287802417,1.0500561071702137
67906830x,0.1,19.776240780822345,1.0505657273838278
679069177,0.1,19.95681641666108,1.0501081925654807
679069820,0.1,19.99911012126507,1.0500022247958272
679069871,0.1,19.865262182299066,1.0503391292208089
679069919,0.1,19.998706694902346,1.0500032334718374
67907008x,0.1,19.98966025399033,1.0500258627357302
679071189,0.1,19.983635886436623,1.0500409437843452
679071314,0.1,19.97984171926945,1.0500504465476097
67907227x,0.1,19.609275399114495,1.050996274959
679072288,0.1,19.998239832761968,1.0500044008054028
679072472,0.1,18.93061022624191,1.0528244989489977
679073774,0.1,19.86503193467918,1.0503397126814713
679074400,0.1,19.98728857053388,1.0500317987840653
679077193,0.1,18.872215491560343,1.0529879494247616
679078030,0.1,19.99130859549591,1.0500217379579295
679079770,0.1,19.97931319498892,1.0500517705609027
679082072,0.1,19.987066767253484,1.0500323540039596
67908211x,0.1,19.992857820813004,1.0500178618265859
679082187,0.1,19.99873730384496,1.0500031569397004
679082515,0.1,19.582314709844756,1.0510664860011296
679082902,0.1,19.979385882776906,1.0500515884655917
679084879,0.1,17.27971308179901,1.057871331269575
679085193,0.1,19.99716926353302,1.050007077842943
67908537x,0.1,19.981666766217437,1.0500458751364365
679086962,0.1,19.968183859926228,1.0500796670851413
679087690,0.1,19.993391478901106,1.0500165267636206
679087949,0.1,19.986370664204024,1.0500340965751735
679088060,0.1,19.994234425743677,1.0500144180920699
679088327,0.1,19.9806551166754,1.050048409031665
679089020,0.1,19.736457555246687,1.0506676538685213
679089338,0.1,19.99952530216193,1.050001186772763
679089362,0.1,19.997337945312896,1.0500066560226526
679090558,0.1,19.988065974286695,1.0500298528775336
679092043,0.1,19.995945496676494,1.0500101383136
679092297,0.1,19.968922247313277,1.050077815297946
679092617,0.1,19.68062221249814,1.0508114016519738
679092780,0.1,19.930129513465996,1.050175288591293
679093177,0.1,19.952552247069498,1.0501189014626875
67909388x,0.1,19.61346514449813,1.0509853813506542
67909484x,0.1,19.620159233918276,1.0509679859412788
679095025,0.1,19.888204501324317,1.0502810598077574
679095156,0.1,19.994588030152883,1.050013533586786
67909599x,0.1,19.99880026172489,1.0500029995256202
679097522,0.1,19.99922518196045,1.0500019371201446
679098082,0.1,19.960227188090425,1.0500996301583514
679098154,0.1,19.58886160601849,1.0510494188030182
682552266,0.1,19.625488186308047,1.0509541464908712
68255363x,0.1,19.96339727936453,1.050091674578538
682555272,0.1,19.115775335383713,1.0523128140216724
682556611,0.1,19.701509725080456,1.0507575314762287
682557075,0.1,19.988325887996726,1.050029202325569
68255718x,0.1,19.619211077855837,1.0509704491190626
682557374,0.1,19.991541269547913,1.0500211557736796
682557921,0.1,19.92977298972754,1.0501761861771046
682558449,0.1,19.873612855393127,1.0503179772734996
682560282,0.1,19.987504662951697,1.0500312578715028
682561840,0.1,19.729259597932952,1.0506861392864824
682564670,0.1,19.99321216151018,1.050016975357524
682564865,0.1,19.650369737895236,1.0508896276934436
682565171,0.1,19.99278117823484,1.0500180535706884
682565200,0.1,19.99096153056614,1.050022606389943
682567409,0.1,19.385677528815037,1.0515844751112564
682569527,0.1,19.99799161564093,1.0500050214651493
682570245,0.1,19.984298119638517,1.050039285543749
682570982,0.1,19.97544132664356,1.0500614721671349
682572224,0.1,19.987225693527638,1.0500319561770808
682572670,0.1,19.878889177805167,1.0503046217047431
682573243,0.1,19.953141694813922,1.0501174208701136
682575214,0.1,19.651080407790403,1.0508877872996523
682577762,0.1,19.97113187271994,1.0500722746398754
682579792,0.1,19.99030058424991,1.0500242603049144
682580734,0.1,19.98793369006135,1.0500301839853128
682581614,0.1,19.43371513859464,1.0514569650150958
682583601,0.1,19.751991742561295,1.0506278056933982
682584452,0.1,19.918336205123513,1.0502049965269074
682585033,0.1,19.925956143832554,1.0501857974985818
682585615,0.1,19.995742722716717,1.0500106454592417
682586087,0.1,19.99616724311187,1.0500095837288255
682586271,0.1,19.91560574518881,1.0502118797085336
682587901,0.1,19.916618214106453,1.0502093271683908
682588162,0.1,19.993944175550208,1.0500151441466392
682593850,0.1,19.949646450428364,1.0501262016088775
686751377,0.1,19.854088918657236,1.0503674585168339
686751932,0.1,19.71742567813832,1.0507165598757018
686754498,0.1,19.972299416619514,1.0500693475067708
686756186,0.1,19.999757128753654,1.0500006071854893
686756231,0.1,19.573699900712914,1.0510889614672991
686756346,0.1,19.92446101901631,1.0501895634238527
686756397,0.1,19.983900743315207,1.0500402805660707
686757656,0.1,19.999285961310562,1.0500017851604573
686758376,0.1,19.69619271349152,1.0507712335346424
686758456,0.1,19.984198298745003,1.0500395354895373
686759221,0.1,19.993997376158422,1.0500150110648927
68675958x,0.1,19.934493068771346,1.0501643054854786
686761233,0.1,19.916679927367916,1.0502091715911888
686767272,0.1,19.997036934502667,1.0500074087613755
686767766,0.1,19.12583620295603,1.0522852956277773
68676862x,0.1,19.990610982015024,1.0500234835693452
686768910,0.1,19.67407388068698,1.050828313752631
686769681,0.1,19.918622206897442,1.0502042756578676
686770412,0.1,19.9994041305899,1.050001489717909
68677160x,0.1,19.95944534236004,1.0501015926468504
686773955,0.1,19.99453809626457,1.0500136584894062
686777999,0.1,19.27629934830034,1.0518771773529327
686778430,0.1,19.98169461263986,1.0500458053926731
686781656,0.1,19.586660064528445,1.0510551567600341
686782624,0.1,19.995113159885975,1.0500122200861655
686785243,0.1,19.97616676781654,1.0500596541680405
686786852,0.1,18.809969108546795,1.05316329836744
686787054,0.1,19.991385202773117,1.0500215462739062
686787329,0.1,19.96902141570355,1.0500775666059232
686788065,0.1,19.993802261647627,1.0500154991488644
686790851,0.1,19.851398048500805,1.050374285859203
686792646,0.1,19.998242485797125,1.0500043941716481
686793083,0.1,19.99833476352927,1.0500041634378323
686794836,0.1,19.884267740723637,1.0502910146372635
686795919,0.1,19.623161322097918,1.0509601885030566
686796006,0.1,19.979987206884687,1.0500500820969205
686796743,0.1,19.99288359769503,1.0500177973384135
686797981,0.1,19.883562107598607,1.0502927993781277
686799565,0.1,19.93372090747986,1.0501662486718555
689643910,0.1,19.656061875610224,1.0508748907247198
690300894,0.1,19.984011672792175,1.05004000279691
690302478,0.1,19.995991610770904,1.0500100229818734
690305521,0.1,19.964053656339846,1.050090027667424
690309258,0.1,19.98293968272622,1.0500426872060484
690309418,0.1,19.995091391990698,1.0500122745325666
690311892,0.1,19.822848188397288,1.0504468374320357
690315519,0.1,19.987338514976795,1.0500316737644027
690316052,0.1,19.98473068032486,1.0500382024654706
690316482,0.1,19.985777311098097,1.050035582025859
690317565,0.1,19.95177187360553,1.0501208617628048
690319499,0.1,19.695344877099714,1.0507734191119815
69031951x,0.1,19.99261311241506,1.050018474042246
69032241x,0.1,19.983875694891015,1.0500403432881469
690322743,0.1,19.9259996036149,1.0501856880403924
690323287,0.1,19.992354049344144,1.0500191221870045
69032372x,0.1,18.58284373887446,1.0538130769462397
690327464,0.1,19.992079078179078,1.050019810150285
690328512,0.1,19.97177224199979,1.0500706691365649
690331623,0.1,19.985491623469148,1.0500362972720516
690331762,0.1,19.991081220648017,1.050022306895894
690332116,0.1,18.16640553280929,1.0550466628191228
690335122,0.1,19.99239396129298,1.0500190223309969
690336328,0.1,19.896474762310426,1.0502601597492176
69033682x,0.1,19.92510412932355,1.0501879434862431
690336870,0.1,18.212178496471658,1.0549083131484647
690337822,0.1,19.999452175847477,1.0500013695978963
690338585,0.1,19.995130765203587,1.0500121760513936
690339086,0.1,19.995430904515846,1.050011425348886
690339705,0.1,19.998760065143824,1.0500031000293322
690341143,0.1,19.505283286240424,1.0512681608016137
690342576,0.1,19.99224313590188,1.050019399684281
690344221,0.1,19.99033845463862,1.050024165537225
690345160,0.1,19.49038353353226,1.051307353612593
690347772,0.1,19.991859629105054,1.0500203592138149
690347780,0.1,19.774265864740887,1.050570777536833
69375033x,0.1,19.81074742650959,1.050477651270333
693751180,0.1,19.48992578927693,1.0513085586272568
693751447,0.1,19.493887512427076,1.0512981312404985
693751842,0.1,19.99444747041373,1.050013885178859
693754402,0.1,19.805361622247133,1.0504913779951743
693756336,0.1,19.98774067986486,1.0500306670982267
693758470,0.1,19.990678322431283,1.0500233150606957
693760095,0.1,19.99870303165796,1.0500032426311345
693760351,0.1,19.995779180760568,1.050010554275483
693760917,0.1,19.344207473878136,1.0516950617568785
693761389,0.1,19.99026884974372,1.0500243397183135
693763982,0.1,19.99835619776208,1.0500041098433832
693766761,0.1,19.98714303846847,1.0500321630798028
693768716,0.1,19.897161091290116,1.0502584260846008
693769014,0.1,19.99758816374722,1.050006030317839
693774331,0.1,19.895786605227762,1.0502618981517042
693775043,0.1,19.995751430328152,1.050010623680952
69377629x,0.1,19.979614048224743,1.0500510168808217
693776644,0.1,18.73169170927285,1.053385461148977
693777604,0.1,19.936083512457387,1.0501603035207558
693778244,0.1,19.868387123742913,1.0503312117773762
693779378,0.1,19.986562528307058,1.050033616265113
693788661,0.1,19.998222714866724,1.0500044436077112
693788936,0.1,19.99805342600227,1.0500048669086843
693791182,0.1,19.979557540770234,1.0500511584382888
693791596,0.1,19.984196109823493,1.050039540970499
693794092,0.1,19.588182328692678,1.0510511890904346
693794260,0.1,19.986636234805474,1.0500334317516904
693794316,0.1,19.686819099196,1.050795407575053
693795618,0.1,19.993717266579395,1.0500157117691944
693796207,0.1,19.973407489022325,1.0500665697903382
693796864,0.1,19.97981597670164,1.0500505110340403
695453937,0.1,19.936645356636657,1.050158889929148
697150833,0.1,19.9944916062243,1.0500137747782845
69715210x,0.1,19.998359390545044,1.050004101860115
697153495,0.1,19.955532081247316,1.0501114175221478
69715456x,0.1,19.997502156581746,1.0500062453885457
697154930,0.1,19.99646452926707,1.0500088402395527
697155431,0.1,18.948239196128117,1.052775352350647
697156055,0.1,19.763323202332543,1.0505987778351962
697156696,0.1,19.848071027773344,1.0503827298179609
69715747x,0.1,19.594517449988828,1.0510346836839592
697158907,0.1,19.99422495444877,1.050014441783976
697160855,0.1,19.02237007450419,1.0525696848543762
697162789,0.1,19.999426111139055,1.0500014347633222
697162893,0.1,19.998845434560785,1.0500028865802353
697167213,0.1,19.959434156201965,1.05010162072602
697172434,0.1,18.702611339803227,1.0534684692865206
697175969,0.1,19.967597729422423,1.0500811371278025
69717750x,0.1,19.999135808334525,1.0500021605725212
697177710,0.1,19.9980477137525,1.050004881192093
69717777x,0.1,19.908676200939333,1.0502293567842957
697177841,0.1,19.96228088519843,1.0500944759644915
697179361,0.1,19.74397515050515,1.0506483619624296
697182368,0.1,19.996592914968502,1.0500085191638546
697183651,0.1,19.997571737093317,1.0500060713944137
697185382,0.1,19.944983806739348,1.0501379198744751
697186086,0.1,19.985418574934876,1.0500364801592983
697186625,0.1,19.99896943635321,1.0500025765418814
69718761x,0.1,19.969663763978684,1.0500759558007082
697190878,0.1,16.933871701297086,1.0590532406078996
697191758,0.1,19.739552509462598,1.0506597097133092
697193833,0.1,19.991204643147313,1.0500219980661738
697194094,0.1,19.982496123697636,1.0500437980225144
697197068,0.1,19.998814670058863,1.050002963500489
704943461,0.1,19.961852372913633,1.050095551320523
706400014,0.1,19.429879947554248,1.0514671219121905
706400030,0.1,19.994329459619877,1.0500141803714687
706400110,0.1,19.953473381075845,1.0501165877690455
706400225,0.1,19.39343415892418,1.0515638432989876
70640113x,0.1,19.966838547899307,1.0500830413187876
706401332,0.1,19.870576805430574,1.0503256654193704
706402458,0.1,19.066377102617764,1.0524483489767285
706403354,0.1,19.984205586764322,1.0500395172406707
706403418,0.1,19.54290512522873,1.051169465010044
706405763,0.1,19.993286684224696,1.050016788924906
706406088,0.1,19.71216735939735,1.05073008877044
706406395,0.1,19.935149652028244,1.0501626532760069
706407152,0.1,19.803596796547524,1.0504958776061497
706407793,0.1,19.874415322491455,1.050315945590023
706408681,0.1,19.97239629498109,1.050069104639752
70640869x,0.1,19.94082303574601,1.0501483814488197
706409713,0.1,19.889465085179268,1.0502778730205848
706409967,0.1,19.962845143186218,1.0500930600236271
706409991,0.1,19.947120074353528,1.0501325502765546
706411194,0.1,18.51603507687779,1.054007242687111
706411725,0.1,19.997657102666818,1.0500058579295592
706412373,0.1,16.3729515695576,1.0610763426344771
706413202,0.1,19.930071856149393,1.050175433747443
70641351x,0.1,19.954220813606955,1.0501147105337278
706413552,0.1,19.880850939621773,1.0502996578484998
706413966,0.1,19.955822751711857,1.0501106876144317
706414395,0.1,18.629733166338287,1.0536776340847909
706414635,0.1,19.944777221636603,1.0501384391957598
706414774,0.1,19.85269036795229,1.0503710067233143
706417270,0.1,19.96325033812954,1.050092043282652
706418863,0.1,19.977036553099538,1.0500574746080067
706419946,0.1,19.391038445074436,1.051570213881661
706421691,0.1,19.953195436454735,1.050117285884595
706421747,0.1,19.993199028976722,1.0500170082111757
706422053,0.1,19.63063465841305,1.0509407880794843
70642346x,0.1,19.987437733354135,1.0500314254053307
70642442x,0.1,19.912698338131726,1.0502192110290274
706424745,0.1,19.864098525875313,1.050342078131428
706424825,0.1,19.75944539585998,1.0506087078845605
706426142,0.1,19.90161140997308,1.05024718749653
706426409,0.1,14.409713995275489,1.069397629982654
706426601,0.1,14.86915035724088,1.0672533383531915
706427006,0.1,18.817491039651927,1.0531420473586417
70642821x,0.1,19.922902591894662,1.0501934893968128
706429095,0.1,19.651036645287643,1.050887900625833
706429829,0.1,15.493258932777975,1.064544199792877
706430117,0.1,19.663250117299444,1.0508562925271552
706431005,0.1,19.81569132593419,1.0504650573907168
706433123,0.1,19.990781479491968,1.0500230569288087
70643349x,0.1,19.640672916101583,1.050914752476744
706439103,0.1,19.986248114385162,1.0500344033695972
706439373,0.1,19.933499593431446,1.0501668056485938
70643998x,0.1,19.5271915663135,1.0512106411515472
706440403,0.1,11.698039442830787,1.0854844100062302
706441377,0.1,19.954018240939945,1.0501152192969476
706441641,0.1,19.987823557018377,1.0500304596519647
706442345,0.1,19.821651676216902,1.0504498825998367
706443401,0.1,19.766909648400414,1.0505895973516994
706445116,0.1,19.88176403027486,1.050297347784495
706445394,0.1,19.97990205621277,1.0500502954011754
706445861,0.1,19.96347036271951,1.050091491200219
706446573,0.1,19.981355526177694,1.0500466546771512
706446645,0.1,19.613065286912242,1.0509864208052833
706447023,0.1,19.936061400548866,1.0501603591556188
706447218,0.1,19.818656237944037,1.050457507713638
70644798x,0.1,19.84772817262537,1.0503836001431757
706448878,0.1,19.986235541024953,1.050034434846289
706449272,0.1,19.769361066500675,1.0505833241972857
70645002x,0.1,19.9840842456498,1.050039821074998
70645029x,0.1,19.853503260817,1.0503689443048374
706450994,0.1,19.257464882121266,1.0519279150252225
706451743,0.1,19.819653942205612,1.0504549677262789
706453669,0.1,19.98849404113816,1.0500287814550664
706455613,0.1,19.368648381098552,1.0516298287998185
706455648,0.1,19.965961848034603,1.0500852404512853
70645619x,0.1,19.776945715763155,1.0505639250050098
706456843,0.1,19.926196255637144,1.0501851927568513
706458726,0.1,19.949677356730977,1.0501261239527064
706459446,0.1,13.042552202423158,1.076672110218904
706460105,0.1,19.953609633272595,1.0501162455505044
706460498,0.1,19.939178901987415,1.0501525165562522
706460738,0.1,19.819559340933473,1.0504552085542433
706460973,0.1,19.94868189060152,1.0501286253138926
706461757,0.1,19.99490439930489,1.0500127422482082
706462207,0.1,19.990243950673527,1.050024402026685
706462741,0.1,19.998484352407964,1.0500037894061502
706463760,0.1,19.98324450888548,1.0500419238505216
706463904,0.1,19.94850605756702,1.0501290671649406
706464122,0.1,19.918703299821885,1.0502040712664735
706464253,0.1,19.845813527349765,1.0503884609528296
706465280,0.1,19.50163824346522,1.0512777433113902
706465758,0.1,19.744350656577346,1.050647398711331
706465811,0.1,19.92659812461409,1.050184180648716
70646590x,0.1,19.98851951506161,1.0500287176970005
706466013,0.1,19.91611947100953,1.0502105845195209
706466080,0.1,19.993202130232067,1.0500170004527631
70646611x,0.1,16.883789242717047,1.059228410496261
706466179,0.1,19.569213840860705,1.051100673135473
706466304,0.1,19.74199865189941,1.0506534326960755
706466515,0.1,19.869293596534348,1.0503289155772715
70646697x,0.1,19.916171760249032,1.050210452693319
706467702,0.1,19.881076860467935,1.0502990862626977
706467745,0.1,19.886486525100512,1.0502854035446538
706468588,0.1,19.979508874584482,1.050051280353146
70646902x,0.1,19.953897838808235,1.050115521692965
706469337,0.1,19.768933056112928,1.0505844193594849
70646937x,0.1,16.121077085320167,1.0620305947740054
706469927,0.1,19.960636861009764,1.050098601911513
706470602,0.1,19.948162365571815,1.0501299308514693
706470733,0.1,19.726709530503882,1.050692691472629
70647120x,0.1,18.844198336433944,1.0530667307861312
706471242,0.1,19.976855899841315,1.05005792728414
706472093,0.1,19.021070097354862,1.0525732776800536
706473678,0.1,19.953637791065997,1.0501161748284185
706474937,0.1,15.347895315619445,1.0651555134717596
706475083,0.1,16.901387533042648,1.059166739893099
706475921,0.1,19.918240337514497,1.0502052381663745
706476158,0.1,19.945475711905814,1.0501366833483485
706477986,0.1,17.779961815733056,1.0562430904162643
706478655,0.1,19.943113572246183,1.0501426217314256
706479279,0.1,19.8135331214228,1.0504705543363582
706479519,0.1,18.306281234784787,1.0546260590654448
706479789,0.1,17.01386116195146,1.0587756059886233
706481029,0.1,19.920021617165528,1.0502007487350453
706481184,0.1,19.969784670352798,1.050075652617557
706481803,0.1,19.57042889260324,1.0510975004936123
706482056,0.1,19.477249431401304,1.051341951722803
706482443,0.1,19.682362864095335,1.0508069080376627
706483024,0.1,17.978439260066217,1.0556221808542192
706483251,0.1,19.91355162386375,1.05021705916094
706483382,0.1,19.682817232764485,1.0508057351838525
706486081,0.1,19.621009032623128,1.0509657784845488
70648609x,0.1,19.48596052545718,1.0513189995788794
706486188,0.1,19.666689566462487,1.050847398420591
706486268,0.1,19.92321996276656,1.0501926898296985
706486399,0.1,19.103371589724592,1.0523467805305051
706486487,0.1,19.82888547583789,1.0504314779173307
706486962,0.1,17.770954857520085,1.0562715964346077
706487041,0.1,19.868340326747486,1.0503313303252493
70648705x,0.1,19.3309338621275,1.0517305582406014
706488431,0.1,18.157093612755133,1.0550748936656642
706488677,0.1,18.570797860758432,1.0538479825960025
706488781,0.1,19.82681972564396,1.0504367323573636
706489266,0.1,19.937861532839758,1.050155830320764
706489469,0.1,19.77807510333225,1.0505610376528258
706489987,0.1,19.6436852570577,1.0509069447465675
70649046x,0.1,19.629542116077378,1.0509436233451905
706490830,0.1,19.25327839782645,1.051939206369804
706490929,0.1,19.952761050669174,1.0501183769735198
706491075,0.1,15.130350796473719,1.066092320888757
706491374,0.1,19.788344004301507,1.0505347996670475
706491745,0.1,19.904592708463024,1.05023966150158
706491913,0.1,19.8931263776067,1.0502686194727884
706492297,0.1,19.420112081992094,1.0514930086797636
706492748,0.1,19.550136761354945,1.0511505373188343
706492836,0.1,19.743621484016437,1.0506492692239646
70649302x,0.1,9.943782268853912,1.100565355612443
706493636,0.1,19.828535643281707,1.0504323676740506
706493783,0.1,19.750914775525498,1.0506305662985878
706494460,0.1,19.996527445036893,1.0500086828949993
706494487,0.1,19.978911741636207,1.0500527762939156
706494612,0.1,19.62126286356597,1.0509651191645195
706494786,0.1,19.58542384723125,1.0510583793233235
706496319,0.1,18.796708873240586,1.0532008026907105
706496343,0.1,19.801565683708958,1.0505010571372502
706496538,0.1,16.57694609168902,1.0603247422335143
706496634,0.1,18.656992941939198,1.053599205569301
70649695x,0.1,19.955916489361194,1.0501104522327058
706497493,0.1,19.886292722733778,1.050285893602321
706497522,0.1,19.859234429732716,1.0503544083503453
706498066,0.1,19.97800457569734,1.0500550491021747
706498146,0.1,19.98077488101555,1.0500481090425644
706498840,0.1,19.95558409003345,1.0501112869204083
706498867,0.1,19.991482270820654,1.0500213033957762
706499368,0.1,19.797246759133735,1.050512074338753
706499587,0.1,19.733186353467765,1.0506760531263248
710920370,0.1,18.505089535913065,1.0540391873305603
710936807,0.1,19.83403929656083,1.0504183734360857
713156021,0.1,19.600450202254127,1.0510192362767767
71329992x,0.1,19.05418868809664,1.0524818986716926
713700031,0.1,19.982064753382968,1.0500448783617669
713703056,0.1,19.709917429930098,1.050735879719185
713703144,0.1,19.983641150580066,1.0500409306024279
713704390,0.1,19.95476456190718,1.0501133449556683
713705350,0.1,19.78445138265599,1.0505447424676455
713705377,0.1,19.92906017400429,1.0501779808615568
713705537,0.1,19.407668944360655,1.0515260231853127
713706003,0.1,19.970393262355348,1.0500741265764166
713707006,0.1,19.77169396293127,1.050577355783214
713711339,0.1,19.992957502111732,1.0500176124465015
713711806,0.1,19.948124299206857,1.0501300265128066
713712606,0.1,19.90966664887634,1.0502268580200682
713713457,0.1,19.986644465880364,1.0500334111464844
713713772,0.1,19.988964919325273,1.0500276029317157
713715081,0.1,19.989464333561976,1.0500263530484415
713715639,0.1,19.95803734839115,1.0501051271998252
713715858,0.1,19.91986512666603,1.050201143112226
713716607,0.1,19.91967826411712,1.0502016140391874
713716658,0.1,19.96584231230487,1.0500855403122014
713716738,0.1,19.976251611551994,1.0500594415531748
713716789,0.1,19.8723901167077,1.0503210733146413
713717669,0.1,19.960435975960188,1.0500991061119294
713718602,0.1,19.983673650350024,1.0500408492200575
71371939x,0.1,19.636158247630465,1.0509264585968934
713719402,0.1,18.076156123687227,1.055321496072364
713719891,0.1,19.99088310416977,1.0500228026340375
713719904,0.1,19.948640811834334,1.0501287285400798
713721182,0.1,19.994925774652128,1.0500126887826569
713721449,0.1,19.948511855677587,1.050129052594737
713721596,0.1,19.99377382740726,1.050015570278644
713722169,0.1,19.99977523118992,1.0500005619283403
713724674,0.1,18.71927785987888,1.0534208641746434
71372560x,0.1,19.98397500087288,1.0500400946236332
713725802,0.1,19.967947424643324,1.0500802600654815
713726266,0.1,19.81092917677588,1.050477188176125
71372683x,0.1,19.982755368812928,1.0500431487822095
713727779,0.1,18.83688695366699,1.0530873282012945
713728210,0.1,19.06060130093676,1.052464242035788
713728974,0.1,19.932292279882752,1.0501698442887715
713729184,0.1,19.17523327735656,1.0521506041431512
713729352,0.1,19.977074268026715,1.0500573801039774
713729491,0.1,19.64871030740508,1.0508939255734828
713729651,0.1,19.843104551770637,1.0503953399726842
713729790,0.1,19.964255141580754,1.050089522143866
713730433,0.1,19.9223899643307,1.0501947809369465
713730484,0.1,19.947640513227952,1.0501312423059193
713731153,0.1,19.97084678763053,1.0500729894247336
713731700,0.1,19.90089035742286,1.0502490080614413
713732332,0.1,19.784959118102343,1.0505434453531444
713732594,0.1,19.962029871433632,1.0500951058805414
713732631,0.1,19.87559874860932,1.0503129496951618
713732869,0.1,19.589997372749934,1.0510464591174995
713733589,0.1,19.980214373053865,1.0500495130497018
713734434,0.1,19.749593188666324,1.050633954352734
713735568,0.1,19.76374542572045,1.0505976968666377
713736034,0.1,19.976707565841636,1.0500582989816556
713736114,0.1,19.950747358376706,1.0501234355804787
713739358,0.1,19.72392604429418,1.050699845342874
713739745,0.1,19.97451257492679,1.0500637998674
713740033,0.1,19.868142420415417,1.0503318316750365
713741482,0.1,18.65370951632476,1.053608640100504
713742901,0.1,19.906622285248613,1.050234539324184
713743015,0.1,19.973901981370492,1.050065330296138
71374398x,0.1,19.992114850469182,1.0500197206488402
713744018,0.1,19.637086945093653,1.050924050130045
713745619,0.1,19.979494041837487,1.050051317511143
713745950,0.1,19.552170715187614,1.0511452162814447
713746136,0.1,19.9443273113874,1.0501395702340404
713746822,0.1,19.996666607054756,1.0500083348715332
713746873,0.1,19.91100681371814,1.0502234773638381
713747331,0.1,19.874161895914458,1.0503165871968454
713747630,0.1,19.87710995619689,1.0503091245258338
713747657,0.1,19.92842161477168,1.050179588696516
713748262,0.1,19.694094551689375,1.0507766425806166
71374830x,0.1,19.345408259500555,1.0516918530012878
713748975,0.1,19.722483502696768,1.0507035536302143
713749273,0.1,19.968924585316085,1.0500778094347323
713749361,0.1,19.435148420207053,1.0514531702243284
713749441,0.1,19.802174059416792,1.0504995056098123
71374945x,0.1,18.707205873274887,1.0534553373055353
713749695,0.1,19.953069275262315,1.050117602771008
71374996x,0.1,19.98561236554296,1.0500359949802736
713751103,0.1,18.37173444297197,1.0544314421212715
713751437,0.1,19.991916859797637,1.0500202160209524
71375171x,0.1,18.47699296335996,1.0541213606555466
713751752,0.1,19.809691059582825,1.0504803430296938
713751824,0.1,19.920494035165362,1.05019955821551
713751971,0.1,19.827158932300698,1.0504358694765332
713752376,0.1,19.426158679973486,1.0514769809345224
713754187,0.1,19.90355004875896,1.0502422933371303
713756094,0.1,19.985476297158836,1.0500363356435074
713758436,0.1,18.586807999575008,1.0538015995012626
713758655,0.1,19.79970392727138,1.0505058057268541
713760085,0.1,19.849050925838547,1.0503802425484359
713760608,0.1,19.99040825462244,1.0500239908691593
713760819,0.1,19.983121736174827,1.0500422312991133
713761328,0.1,19.974563550482852,1.0500636721034051
713761336,0.1,19.988022762512113,1.050029961036242
713761352,0.1,19.98355627757037,1.0500411431333874
713761889,0.1,19.663371793145245,1.0508559778312592
713762064,0.1,19.12640973660058,1.0522837277759656
713762267,0.1,19.96028475549474,1.050099485666141
713763112,0.1,19.84145556634236,1.0503995282330159
713763120,0.1,18.873121258975793,1.0529854064030035
713763825,0.1,19.94269590393215,1.0501436718895576
713763892,0.1,19.889759953776245,1.0502771276437723
713764924,0.1,19.98982172698096,1.0500254586387965
713765732,0.1,19.99205705456416,1.0500198652530206
713765783,0.1,19.883559458143832,1.0502928060795687
713766188,0.1,19.998475788192764,1.050003810819943
713766217,0.1,19.98528103552718,1.0500368245121163
713766305,0.1,19.969601629457927,1.050076111609801
71376684x,0.1,19.547067438123488,1.051158569087947
713767009,0.1,19.871143028773897,1.0503242314018864
713768036,0.1,19.740310771528815,1.0506577637796
713768159,0.1,18.6506709262242,1.0536173740856651
713768167,0.1,19.915398955686303,1.0502124010784366
713768853,0.1,19.944506328133144,1.0501391201941874
713769012,0.1,19.97262956851925,1.0500685198495943
713769637,0.1,19.95717212104089,1.0501072994678289
713769936,0.1,19.97287624957578,1.0500679014631775
713770195,0.1,19.685055789350884,1.0507999576278049
71377089x,0.1,16.980403590571836,1.0588914153109552
713770996,0.1,19.96896832553991,1.050077699743808
713771024,0.1,19.014661064157217,1.0525909978950405
713771155,0.1,19.679507937015057,1.0508142786496764
713771892,0.1,19.9728556046805,1.0500679532157464
713772131,0.1,10.09143945290538,1.099093890883138
713772166,0.1,19.977342376830816,1.0500567083016894
713772633,0.1,19.97226022895491,1.0500694457480704
713773046,0.1,19.803208378526524,1.0504968680269176
713773070,0.1,19.97108433925504,1.050072393817616
713773150,0.1,19.13105083285092,1.052271044007831
713773222,0.1,19.770792723509807,1.0505796613208576
713773599,0.1,19.591089944571472,1.0510436123170928
713774014,0.1,19.969289919013807,1.0500768932723965
713774057,0.1,19.978844256047445,1.0500529453648104
713774102,0.1,19.949533671521614,1.0501264849828305
713774313,0.1,19.967145892276825,1.0500822704153623
71377433x,0.1,19.854610937076803,1.050366134253106
713774516,0.1,19.805220799675165,1.0504917370078704
713774532,0.1,19.997582625027153,1.050006044167983
713774727,0.1,19.90622882637263,1.0502355322408008
713774970,0.1,19.990046004159026,1.0500248973810238
713775164,0.1,19.90939376664666,1.050227546439674
713775375,0.1,19.938710676041303,1.0501536943008867
713775551,0.1,19.98668095340381,1.0500333198058929
713776044,0.1,18.304672095427286,1.0546308611695814
713776124,0.1,17.082337626974283,1.0585399973842529
713776482,0.1,19.997679789442568,1.0500058011993938
713776730,0.1,19.909355819319767,1.0502276421736163
713777549,0.1,19.907241691427778,1.0502329762957874
713778613,0.1,19.79349447550751,1.0505216499914858
713778752,0.1,19.12930919333229,1.0522758030566288
713778808,0.1,19.51781373417839,1.0512352466121173
713779552,0.1,19.41273000940214,1.0515125899095938
713780721,0.1,18.313020283664645,1.0546059571010253
713783420,0.1,19.989373367491083,1.050026580704441
713785012,0.1,19.971983469414674,1.0500701395798475
713785151,0.1,19.982664267920676,1.0500433769287392
713785645,0.1,19.94450244798537,1.0501391299486145
713785709,0.1,19.952750084130326,1.0501184045198542
713785872,0.1,19.75299431790376,1.0506252360480668
713786234,0.1,19.968163677328473,1.050079717702604
713786795,0.1,19.97404351524591,1.0500649755387141
713788301,0.1,19.918884278807695,1.0502036151223555
713788707,0.1,19.929418931279407,1.050177077588072
713788715,0.1,19.361755882004548,1.051648208256227
713789136,0.1,19.870702849781935,1.0503253461923203
713789339,0.1,19.970594239883948,1.0500736226467846
713791340,0.1,19.99930908559738,1.050001727345679
713791455,0.1,19.99297033303313,1.0500175803466163
713791893,0.1,19.99954607783036,1.0500011348311804
713792810,0.1,19.747621376097236,1.0506390101853185
713792896,0.1,19.81938357355734,1.050455656014155
713793098,0.1,19.99802448545348,1.0500049392742468
713795536,0.1,19.864663881721583,1.0503406453768467
713797013,0.1,19.994579279753747,1.0500135554746375
715833444,0.1,19.751169257503392,1.0506299139540867
717855399,0.1,19.934310286547817,1.0501647654534014
718000229,0.1,13.560969238029898,1.0737410418420268
718001045,0.1,19.998605055271696,1.0500034876050717
71800115x,0.1,19.945996590442192,1.0501353740569266
718001504,0.1,4.760050805721199,1.2100817913115718
718001520,0.1,19.896383949910078,1.050260389149985
718001563,0.1,19.852589435976146,1.0503712628130937
71800166x,0.1,19.592646882933657,1.0510395561138326
718002769,0.1,19.42207995678852,1.0514877913295004
718002961,0.1,19.95887567430817,1.0501030226510824
71800318x,0.1,19.7330747754792,1.0506763396671777
718003489,0.1,18.876889413408385,1.0529748295971737
71800393x,0.1,19.96990025419589,1.0500753627845432
718004107,0.1,19.71104022700402,1.05073298965876
718004131,0.1,19.99420352515779,1.0500144953882131
718004545,0.1,19.813838933088867,1.0504697753614023
71800457x,0.1,19.997060031184365,1.050007351002625
718004588,0.1,19.434710360125983,1.0514543299833112
718004609,0.1,19.86032492743841,1.0503516434727829
718004617,0.1,19.926080609667324,1.050185484019112
71800465x,0.1,19.98421235538663,1.0500395002923624
718006356,0.1,18.891883574935065,1.0529327843903695
718006591,0.1,19.999327868680204,1.0500016803847714
718006866,0.1,19.466650717595435,1.0513699051011443
718007025,0.1,18.79278493057963,1.0532119110442646
718007033,0.1,19.762046462909062,1.050602046801017
718007041,0.1,19.994231188964864,1.0500144261886857
718007156,0.1,19.865156628238793,1.050339396699167
718007615,0.1,19.975659575418227,1.0500609252087267
718008714,0.1,19.385197889926054,1.0515857514418088
718008749,0.1,19.691899940802198,1.0507823015049944
718009063,0.1,19.984427649469243,1.0500389612122096
718009215,0.1,17.744320552224195,1.0563560603550217
718009274,0.1,19.404904620383004,1.051533363320405
718009397,0.1,19.58671138637368,1.0510550229833728
718009936,0.1,19.72958091496161,1.0506853138092591
71801150x,0.1,19.899874441961817,1.050251573341154
718013329,0.1,19.99642873132091,1.0500089297662274
718013337,0.1,19.994131896288536,1.0500146745648722
718013871,0.1,18.676454593770774,1.0535433529409557
718014735,0.1,19.757982020515716,1.0506124562195496
71801505x,0.1,19.950125163268922,1.0501249988065813
718015332,0.1,19.998737475516783,1.0500031565104666
718016247,0.1,19.880732387916193,1.0502999577926926
718016255,0.1,19.928325625026787,1.0501798303990055
718016490,0.1,19.904987248177825,1.0502386656937719
718016909,0.1,19.972448765236766,1.0500689731016137
71801724x,0.1,19.795381879295142,1.0505168329713277
718017741,0.1,19.9206118528943,1.050199261317102
718018808,0.1,19.905324532292823,1.050237814428882
718018875,0.1,19.81464989084932,1.0504677097757762
718019595,0.1,19.992902411311604,1.0500177502709271
718019747,0.1,19.993175012750193,1.0500170682926686
718019851,0.1,19.99693463527427,1.050007664586552
71802057x,0.1,19.975570720550298,1.050061147888567
718020625,0.1,19.767599423990085,1.0505878320655564
718020967,0.1,19.975760630207226,1.050060671956982
718021054,0.1,19.041157838147093,1.0525178147516112
718021177,0.1,18.28617403164453,1.0546861250619994
718021249,0.1,19.796748277432183,1.050513346231713
718021273,0.1,19.989852307807247,1.0500253821089733
718021337,0.1,19.74378183174928,1.0506488578794937
718021513,0.1,19.94749044499576,1.0501316194514518
718022196,0.1,19.995771863357305,1.0500105725767217
718022399,0.1,19.07931302421159,1.0524127885910255
718022479,0.1,19.910565751919986,1.0502245899217388
718022778,0.1,19.974489919894673,1.0500638566496758
718023228,0.1,16.481789477007332,1.0606730234841935
718023412,0.1,19.97608700935124,1.0500598540410782
71802356x,0.1,19.456718906649275,1.0513961272092107
718023586,0.1,19.99671802482935,1.0500082062845677
718023674,0.1,19.90641474927814,1.0502350630485213
718024116,0.1,19.94530918154084,1.05013710195706
718024327,0.1,19.867695116277606,1.0503329648531148
718024407,0.1,19.972700407819428,1.0500683422662513
718025186,0.1,19.981726828783092,1.0500457247048103
718025987,0.1,19.991369559793593,1.0500215854150978
71802639x,0.1,19.624378599104855,1.0509570275028028
718026648,0.1,13.036403534518511,1.07670827290304
718027456,0.1,19.930936339905475,1.0501732574398832
718027771,0.1,19.986650710950812,1.0500333955129408
718027894,0.1,19.776293342155356,1.0505655929904918
718028547,0.1,19.73240790214431,1.0506780523167338
718030022,0.1,19.98631385606499,1.0500342387896877
718030110,0.1,19.7477217782651,1.0506387527244094
718030460,0.1,19.982999240196513,1.0500425380584744
718030743,0.1,19.93483277503597,1.0501634506436532
718030831,0.1,19.947855427958963,1.0501307022006183
718031885,0.1,19.593459052761563,1.051037440469658
718031914,0.1,18.249527787558097,1.0547959383739105
718031922,0.1,19.558644453229274,1.051128287667957
71803199x,0.1,19.84416421295042,1.0503926489051827
718032300,0.1,18.34583668171471,1.0545082798538536
718032802,0.1,19.9861145388415,1.0500347377703942
718033223,0.1,18.487651979338715,1.0540901571014845
718033725,0.1,19.947898316148812,1.0501305944190849
718034058,0.1,19.984563597531967,1.0500386208144918
718034293,0.1,19.843524562275526,1.0503942732986606
718035384,0.1,19.29466807993617,1.051827789721859
718035501,0.1,19.941166584530176,1.0501475174865533
718035552,0.1,19.497617357996084,1.0512883180359416
718035907,0.1,19.953937280155063,1.0501154226336342
718036264,0.1,19.850573284455326,1.0503763788415665
718036432,0.1,19.9751430499519,1.050062219704725
718036459,0.1,19.90043062937853,1.0502501688844725
718037080,0.1,19.968140371326133,1.0500797761536163
718037283,0.1,19.987649844719062,1.0500308944657748
718037494,0.1,19.93054693988875,1.0501742377174113
718037558,0.1,19.934821984865412,1.0501634777957487
718038235,0.1,19.920549850479087,1.0501994175615563
718038913,0.1,19.678249502759353,1.050817528249135
718039326,0.1,18.753819068016504,1.0533224724187213
718039342,0.1,19.95142848232353,1.0501217244111607
718039916,0.1,19.80322129463016,1.0504968350917312
718040263,0.1,19.995151560194817,1.0500121240386466
718040554,0.1,19.922527509209214,1.0501944343928122
718040810,0.1,18.353130974866623,1.0544866160095208
718040984,0.1,19.99300117381748,1.0500175031905457
718041493,0.1,19.99447061484367,1.0500138272857102
718042533,0.1,19.34689415826407,1.0516878829139016
718043050,0.1,19.16152154744791,1.052187922421703
718043675,0.1,16.56191972937665,1.0603794738979597
718044192,0.1,16.747050077464493,1.0597120087044847
718044475,0.1,19.890790731817003,1.0502745221888246
718044707,0.1,16.375979588060865,1.0610650492462181
718045064,0.1,18.235613240869448,1.054837750000028
718045099,0.1,19.645545236759677,1.0509021250338655
718045726,0.1,19.543805851655655,1.0511671067339878
718045814,0.1,19.968942257504885,1.0500777651166862
718046462,0.1,19.981517857134445,1.0500462480953592
718046534,0.1,19.49552691090071,1.0512938175290283
718047262,0.1,19.974294287601804,1.0500643469852504
718047510,0.1,19.617767564846663,1.0509741996225868
718047756,0.1,19.922491527850113,1.0501945250473355
718048142,0.1,19.886612175835207,1.0502850858234731
718048417,0.1,19.988368023165783,1.0500290968647885
718048927,0.1,18.766617691996643,1.0532861070871853
718049129,0.1,19.995386276427737,1.0500115369703502
71804941x,0.1,19.951488715246622,1.0501215730952356
718049719,0.1,19.686437756498073,1.0507963915244098
71805004x,0.1,19.954416625847944,1.0501142187592019
71805012x,0.1,19.655963673863944,1.0508751448971019
718050349,0.1,19.20823604786913,1.0520610012032279
718050955,0.1,18.444886971098953,1.0542155667078301
718051675,0.1,19.99429545039779,1.0500142654429019
718051720,0.1,19.89087809955898,1.050274301365417
718053152,0.1,19.98856775794458,1.0500285969515022
718053267,0.1,19.815618806896055,1.0504652420772238
718053558,0.1,19.96930458173016,1.0500768565027996
718053662,0.1,19.92809644406076,1.0501804074868393
718054702,0.1,19.88091932632295,1.05029948482694
718054745,0.1,19.96499883232777,1.0500876563228634
718055131,0.1,19.994091758174555,1.050014774969268
718055211,0.1,19.968536750211552,1.050078782061455
718055537,0.1,19.656610289474713,1.0508734713296655
718055844,0.1,19.992827552735925,1.050017937550967
718055887,0.1,19.96157092936981,1.0500962576311408
718056011,0.1,19.984564156025264,1.0500386194161009
718056679,0.1,19.9351821288525,1.0501625715549738
718056687,0.1,19.98667477088089,1.0500333352828117
718056927,0.1,19.97682758390774,1.0500579982381961
718057436,0.1,19.178758011320404,1.0521410197370311
718058236,0.1,19.862817735132133,1.0503453242805154
718058447,0.1,19.987783570891363,1.050030559739316
718059175,0.1,19.564546268139672,1.0511128643769507
718059271,0.1,17.916262235180074,1.055815213400729
71805936x,0.1,19.05251667975493,1.0524865043714982
718059415,0.1,19.99675803126897,1.0500081062358357
718059693,0.1,19.982345608194088,1.0500441749736293
71805979x,0.1,19.996759436834598,1.0500081027207824
718059917,0.1,19.478252842503192,1.0513393068714005
718060352,0.1,19.967247108582768,1.0500820165424887
718060555,0.1,19.96906395229953,1.0500774599344624
718060619,0.1,19.98986294458705,1.0500253554900327
71806066x,0.1,19.811087200557882,1.0504767855431902
718061101,0.1,16.6904266718649,1.059914585747871
718061689,0.1,19.830033128106102,1.0504285592232647
718061785,0.1,19.960473348283564,1.050099012310547
718061865,0.1,19.996238299649974,1.0500094060200065
718062235,0.1,19.964801440160613,1.0500881515399612
718062438,0.1,19.996301574964296,1.050009247772699
718062489,0.1,19.492233320760675,1.0513024846124188
718062577,0.1,18.960798800516294,1.052740394037237
718062622,0.1,19.954357500272778,1.0501143672496762
718063350,0.1,19.990817519153914,1.0500229667467007
718063502,0.1,19.914339543441365,1.0502150723009713
718064492,0.1,19.69388595991891,1.0507771803916812
718064548,0.1,19.684647385151806,1.0508010115921256
718065065,0.1,19.23505986620636,1.0519884007097309
718065241,0.1,19.999954841938784,1.050000112895408
718065372,0.1,19.970331266632087,1.050074282026101
718065604,0.1,18.957006832247977,1.0527509436932252
718065823,0.1,19.999117970274675,1.0500022051715647
718066156,0.1,11.372624370961788,1.087930451879985
718066228,0.1,19.986015658723648,1.0500349853155204
718067538,0.1,19.982367081693308,1.0500441211950382
718067714,0.1,16.53317543614099,1.0604844486083438
718067765,0.1,19.97301244771979,1.0500675600447125
718067810,0.1,19.979197208242006,1.0500520611302375
718067941,0.1,19.97934978506233,1.05005167889636
718068557,0.1,19.208232810160315,1.0520610099785466
718069242,0.1,19.98923383173871,1.0500269299172542
718069904,0.1,19.980586926187655,1.0500485798387307
718070737,0.1,19.97446454575006,1.0500639202472524
718070921,0.1,19.82634685396508,1.0504379353072808
718070948,0.1,19.737465393865968,1.0506650666660968
718071297,0.1,19.96982497853989,1.0500755515421205
718071473,0.1,19.989380385195034,1.0500265631415289
718071641,0.1,19.984421058513515,1.0500389777152934
718071748,0.1,19.952070259393558,1.0501201121988428
718072636,0.1,19.998562532976692,1.0500035939258658
718072791,0.1,19.91379139861647,1.050216454515511
718073217,0.1,19.793712918315936,1.0505210924361068
718073559,0.1,19.95029344397604,1.0501245760022617
718073575,0.1,19.94717845022125,1.0501324035625152
718073751,0.1,18.158016178014478,1.0550720954423858
718073778,0.1,18.93246118087875,1.0528193344988854
718073807,0.1,19.973802015961148,1.050065580864419
71807384x,0.1,19.984666217611338,1.0500383638691326
71807405x,0.1,19.96250144488041,1.0500939224856742
718074244,0.1,19.997160563151034,1.0500070996000657
718074682,0.1,19.96734813556989,1.050081763147035
718074746,0.1,19.869974678140203,1.0503271904568727
718076127,0.1,19.973343256729816,1.0500667307994649
718076178,0.1,19.906538040389766,1.0502347519177382
718076426,0.1,19.968125022778846,1.0500798146475565
718076960,0.1,19.91341069561983,1.0502174145496814
718077488,0.1,19.983893553831802,1.050040298568757
718077672,0.1,19.9027224456745,1.0502443825325682
718078181,0.1,19.990820031469756,1.0500229604601408
718079512,0.1,19.864395564329293,1.0503413253507552
718079731,0.1,19.6665850864457,1.0508476685507138
718080222,0.1,19.983636110837956,1.0500409432224227
718081700,0.1,19.97483879688231,1.050062982243245
718081911,0.1,19.996587618230777,1.050008532410215
718082762,0.1,19.94096394636312,1.0501480270808263
718083378,0.1,19.97000292732747,1.0500751053286814
718084864,0.1,19.785786925534666,1.0505413306917524
718085066,0.1,19.913765214987077,1.0502165205426546
718085162,0.1,19.95898036840383,1.0501027598375243
718085197,0.1,19.795813875538094,1.050515730562395
718085445,0.1,19.84575220034059,1.0503886166624028
718085453,0.1,19.997226413344038,1.0500069349283712
71808547x,0.1,18.768868852837148,1.0532797158870253
718085808,0.1,18.272668924880207,1.054726542910127
718085816,0.1,19.927985624379897,1.05018068654047
718085867,0.1,19.91539855232463,1.0502124020954264
718086296,0.1,19.84683093000712,1.0503858779029585
718087336,0.1,19.858717001680148,1.050355720357735
718087352,0.1,19.60454193304929,1.051008587878006
718087889,0.1,19.970654952039613,1.0500734704195502
718088259,0.1,19.94537065905281,1.0501369474197322
718088814,0.1,19.976217409389907,1.0500595272621505
718089761,0.1,19.884035572165413,1.0502916018416224
718090279,0.1,19.975153917451866,1.0500621924683304
718090623,0.1,19.114806658863344,1.0523154650657327
718091159,0.1,19.87861018610255,1.05030532771849
718091183,0.1,19.96031914381444,1.0500993993530354
718091941,0.1,19.932146759158222,1.0501702105690411
718092506,0.1,19.831299506052787,1.0504253389796663
718092688,0.1,19.99609030103274,1.05000977615851
718093314,0.1,19.85495739036765,1.0503652554039293
718093410,0.1,19.97139982478355,1.0500716028307164
718093592,0.1,19.984847587323635,1.050037909752902
718093963,0.1,19.998673079708283,1.0500033175208336
718093971,0.1,19.898251289900244,1.0502556724925658
718095109,0.1,19.6686461400696,1.0508423402850675
718095133,0.1,18.3745927826714,1.0544229748015463
718095459,0.1,19.98259202463089,1.0500435578511227
718095862,0.1,19.796975175607425,1.050512767285385
718096400,0.1,19.452945332196965,1.051406097273346
71809646x,0.1,19.872007266721422,1.050322042790043
718096726,0.1,19.990473571274862,1.0500238274213245
718096806,0.1,19.92957579207393,1.0501766826566226
718097569,0.1,19.82617498059477,1.0504383725544018
718097905,0.1,19.938763685482687,1.0501535609616606
718098000,0.1,19.45597010792982,1.0513981052834998
718098182,0.1,19.8325254811189,1.050422221867408
718098211,0.1,19.7988363915604,1.0505080187655
71809902x,0.1,14.899333819741894,1.0671170947707058
718099142,0.1,19.994071937297605,1.0500148245507994
718099206,0.1,19.915380371711123,1.0502124479339825
718099222,0.1,19.77456219851935,1.0505700197031353
720782442,0.1,19.81750096836215,1.050460449155343
723273061,0.1,18.59108944958142,1.053789209218318
72400076x,0.1,18.69529709377109,1.0534893879987166
724000778,0.1,19.632739545544144,1.0509353265589958
724001084,0.1,19.96106373950682,1.0500975305249292
724001711,0.1,19.86696845317904,1.0503348058540851
724001885,0.1,19.399225661569712,1.0515484492755307
724002044,0.1,19.956153198637395,1.050109857849171
724002490,0.1,19.95948762770663,1.0501014865036844
724002861,0.1,19.979586571313153,1.0500510857134455
724002917,0.1,19.99645984268375,1.0500088519601571
724003020,0.1,19.587514711260564,1.0510529291102517
724003143,0.1,19.998083284227068,1.0500047922487012
72400324x,0.1,19.909145425344196,1.0502281729645215
724003848,0.1,19.60152591844751,1.0510164363815613
724004445,0.1,19.265018832623433,1.0519075537214944
724005333,0.1,19.95489232609625,1.0501130240974659
724005608,0.1,19.22145576262629,1.052025195820203
724006088,0.1,19.970689686498588,1.0500733833281712
724006192,0.1,19.941835028444995,1.0501458365578495
724007128,0.1,19.94927418945181,1.0501271369826954
724007347,0.1,19.939743340049773,1.05015109687954
724007531,0.1,19.95010221953628,1.0501250564531315
724007849,0.1,19.991569643268033,1.0500210847794405
724008622,0.1,19.835281734369783,1.0504152153416224
724008809,0.1,19.98341192162427,1.0500415046200338
724008876,0.1,19.989619482765583,1.050025964769473
724009115,0.1,19.98943057113469,1.05002643754365
724009668,0.1,19.9866837285898,1.050033312858679
724010028,0.1,19.978519937401213,1.0500537578926419
724010036,0.1,19.92191514103348,1.0501959772903702
724010204,0.1,19.94943370714222,1.0501267361610362
724010263,0.1,19.67853343226006,1.0508167950341587
724010714,0.1,19.966472244968116,1.0500839601373255
724011020,0.1,19.960367825015158,1.0500992771659627
724011792,0.1,19.970222988643666,1.0500745535274525
724012058,0.1,19.96410313819704,1.050089903517214
724013130,0.1,19.98570485039877,1.0500357634361865
724013552,0.1,19.96656202824995,1.050083734925679
724014694,0.1,19.816369952954584,1.0504633291755285
724015080,0.1,19.992342955676314,1.0500191499424072
724015275,0.1,19.93843764275275,1.0501543810963283
724015953,0.1,19.847457097306346,1.0503842882792132
724016091,0.1,19.756065561450846,1.0506173659370344
724016235,0.1,19.538481222507716,1.0511810507997945
72401642x,0.1,18.846391864107712,1.0530605543602467
724016489,0.1,19.87970774371343,1.0503025503640129
724017406,0.1,19.997220690270957,1.050006949240027
724017596,0.1,19.966800775100634,1.0500831360648941
724022491,0.1,19.956476330891256,1.050109046477913
724023806,0.1,19.921278252088474,1.0501975820700744
724023937,0.1,19.582316113662642,1.0510664823402731
724024446,0.1,19.93510439659481,1.0501627671521405
724024809,0.1,19.438814093223208,1.0514434674463307
724025350,0.1,19.154003937322724,1.0522084052646268
724025684,0.1,19.99144327972891,1.0500214009567777
724026126,0.1,19.908459112388403,1.0502299045021386
724026791,0.1,19.59633378899256,1.0510299533967782
724028084,0.1,19.882419705131674,1.050295689097736
724028287,0.1,19.26303147255798,1.0519129090052413
724029335,0.1,19.762536667356837,1.050600791630751
724029570,0.1,19.936626790230115,1.0501589366406783
724030264,0.1,19.627494501720683,1.0509489379763848
724030280,0.1,19.51408577398507,1.0512450345653976
724030352,0.1,18.631317530245934,1.0536730694636387
724030475,0.1,19.826150368088534,1.0504384351694196
724030483,0.1,19.752920848429053,1.050625424344751
724030897,0.1,19.918357979816054,1.0502049416429473
72403090x,0.1,19.995801386714195,1.0500104987372214
724031160,0.1,18.45720574978033,1.054179381947449
724031339,0.1,19.980651967214403,1.0500484169205724
724031953,0.1,19.729066289603455,1.0506866359168232
724032059,0.1,19.713953023606635,1.050725493705019
724032438,0.1,19.708847847209544,1.050738633113025
72403349x,0.1,19.62343253760492,1.050959484182172
724033561,0.1,18.111137170892466,1.055214644478932
72403373x,0.1,19.995206886870506,1.0500119856552539
724034097,0.1,19.97576063021172,1.0500606719569707
724034505,0.1,19.00158457889805,1.0526271898981803
724035559,0.1,19.970020392562475,1.0500750615343606
724037028,0.1,19.90428373858335,1.0502404413609496
724037052,0.1,19.865312056414215,1.0503390028387254
724037060,0.1,19.859533826840277,1.0503536492205319
724037634,0.1,19.853938906287567,1.0503678390832214
724037669,0.1,19.97200457078999,1.0500700866783572
724037677,0.1,19.97289241216902,1.0500678609469063
724037837,0.1,19.793271798450586,1.0505222183670655
724037925,0.1,18.818752664281583,1.0531384846721548
724037933,0.1,19.832357598107233,1.0504226486968669
724037992,0.1,19.983731777360834,1.0500407036654125
724038493,0.1,19.991071558180824,1.0500223310736325
724038565,0.1,19.97670256623256,1.0500583115098454
724038602,0.1,19.053848524647915,1.0524828356175082
724039605,0.1,19.982055286159035,1.0500449020723444
724039736,0.1,19.996237794844532,1.050009407282495
724040024,0.1,19.45634411764164,1.0513971172566419
724040526,0.1,19.432914931996514,1.0514590839047768
724041326,0.1,19.997286614713563,1.0500067843836485
724041457,0.1,19.989615745682066,1.0500259741218891
724043022,0.1,19.98323490211742,1.0500419479077454
724043372,0.1,19.92980512890797,1.0501761052620384
72404341x,0.1,19.98711376734715,1.0500322363518886
724043495,0.1,19.98532947728209,1.050036703229573
72404501x,0.1,19.809937317753118,1.0504797155064103
724045714,0.1,19.900567833797503,1.0502498224347991
724045802,0.1,14.390741937031239,1.0694891204620056
724046135,0.1,19.86920267681886,1.0503291458779414
724046354,0.1,19.94781477318971,1.050130804369811
724046688,0.1,19.930973889664017,1.0501731629139601
724047314,0.1,19.377137164592895,1.0516072106785341
724048229,0.1,19.932498765560684,1.0501693245669628
724049563,0.1,19.9720960688122,1.050069857292624
724049918,0.1,19.95540816262212,1.050111728702852
725419423,0.1,19.98969538246506,1.0500257748238224
725550069,0.1,19.992439114025466,1.0500189093635135
725550616,0.1,19.996063647591154,1.0500098428182623
725550843,0.1,19.970408745559087,1.0500740877535806
725551096,0.1,18.48035019307381,1.0541115287076532
725551395,0.1,19.961721198220555,1.0500958805140082
725552136,0.1,19.991827214822955,1.050020440315658
725552435,0.1,19.010155281979053,1.0526034630000085
725552785,0.1,19.995791545579788,1.0500105233504025
725553032,0.1,19.962567400431254,1.0500937569772912
725553761,0.1,19.974320574264357,1.050064281099425
725553980,0.1,18.160429282737013,1.0550647776234332
725554668,0.1,19.284630683266116,1.0518547654048533
725554908,0.1,19.83899247382052,1.0504057855417606
725555118,0.1,19.755424987859787,1.0506190072152093
725555222,0.1,19.981447874969618,1.050046423375189
725555417,0.1,19.961056344329222,1.050097549085076
725555556,0.1,19.94983779961789,1.05012572082261
725555732,0.1,19.925682470780835,1.0501864867849022
725556292,0.1,19.973835264109084,1.0500654975260009
725557690,0.1,19.988312638338357,1.0500292354884404
725558132,0.1,19.99778235199642,1.0500055447348224
725559266,0.1,19.99914208525944,1.0500021448788575
725559426,0.1,19.067526612058288,1.0524451870630982
725559610,0.1,19.984385543299318,1.0500390666419712
72555991x,0.1,19.722089908099523,1.0507045655232166
725560072,0.1,19.994360080581977,1.0500141037757529
72556070x,0.1,19.975103513608,1.0500623187919278
725560726,0.1,19.529363475740404,1.0512049458878785
725560822,0.1,18.493757055268908,1.054072301102014
725560857,0.1,19.97869564304741,1.0500533176873337
725561956,0.1,19.979469472619087,1.0500513790604127
725562115,0.1,19.072348096930657,1.0524319289328057
725562270,0.1,19.965035744585073,1.0500875637185483
725563345,0.1,19.991067764045546,1.0500223405674471
725563759,0.1,19.81853165474316,1.0504578248994885
72556433x,0.1,19.835396846833703,1.0504149227626685
725564460,0.1,19.75331625959167,1.0506244109524865
725564612,0.1,19.93409057433531,1.0501653183660897
725564751,0.1,19.959414011712294,1.050101671292213
725565068,0.1,19.90950519751894,1.0502272653227271
725565930,0.1,19.9345646051262,1.0501641254679246
725566001,0.1,18.73443100338064,1.053377655281847
725566503,0.1,19.992011420797848,1.0500199794283678
725566618,0.1,18.241045729404043,1.0548214184008118
725566976,0.1,19.963242259312295,1.0500920635541318
725567063,0.1,19.969177293719653,1.0500771757039036
725567485,0.1,19.99178708541998,1.0500205407214096
725568138,0.1,19.98663827450509,1.0500334266456204
725569595,0.1,19.62276194547012,1.0509612256816299
725569616,0.1,19.91660812080298,1.0502093526133849
725569827,0.1,19.890285553870076,1.0502757990724487
72557102x,0.1,13.177984392475215,1.075884139047168
725571193,0.1,19.964844164714023,1.0500880443518514
725571556,0.1,19.833304438662637,1.0504202415231736
725571740,0.1,19.971337356492292,1.0500717594495452
725572284,0.1,19.860924462058733,1.0503501235257375
725572516,0.1,19.9338294994989,1.0501659753849675
725574116,0.1,19.972544789336816,1.0500687323797562
725574431,0.1,19.9205908601269,1.0501993142182144
725574597,0.1,19.86894371669031,1.0503298018384328
72557479x,0.1,19.943505359741717,1.0501416366863279
725574810,0.1,19.96825996444019,1.0500794762177985
725574992,0.1,19.649055801929205,1.050893030692183
725575186,0.1,19.990616906602536,1.0500234687439645
725575688,0.1,19.999727480968513,1.050000681306862
725576357,0.1,19.994021683128803,1.0500149502610479
725576891,0.1,16.980093451459144,1.0588924909546988
725577480,0.1,19.975035244624877,1.0500624898906796
725577608,0.1,19.824935009081347,1.0504415272757224
725577616,0.1,19.839051450919705,1.0504056356965414
725577878,0.1,15.497718514889726,1.0645256267262326
725578002,0.1,19.63416228800963,1.0509316356527565
725578184,0.1,19.992015308422495,1.050019969701539
725578870,0.1,19.453470980133904,1.0514047082405609
725578926,0.1,19.820484509190813,1.0504528534373767
725579101,0.1,19.956923319603348,1.050107924151701
72557911x,0.1,19.26396165693987,1.0519104023257724
725579419,0.1,19.984115670417495,1.0500397423880157
725579427,0.1,19.98999908736464,1.0500250147901249
725579531,0.1,19.894944690429586,1.0502640251360462
725579996,0.1,19.992357381604474,1.050019113849982
725580524,0.1,19.996866302893338,1.0500078354704663
725580532,0.1,19.976864935476826,1.05005790464269
725580807,0.1,19.995522321417543,1.050011196703218
725581252,0.1,19.9610762928793,1.0500974990189647
725581551,0.1,19.976045304053056,1.0500599585543142
725581674,0.1,19.68179704322849,1.050808368656766
725582108,0.1,19.014817266489434,1.052590565872139
725582327,0.1,19.986869574919258,1.0500328476278677
725582677,0.1,19.817389188879567,1.0504607337762304
725582909,0.1,19.981555232216287,1.0500461544848971
725584090,0.1,19.884818055303345,1.0502896228277683
725584453,0.1,19.30633152172978,1.0517964792469494
725584787,0.1,19.760441385574328,1.050606157043133
725584816,0.1,19.98837963992666,1.0500290677890922
725585499,0.1,19.91144690267373,1.0502223673090136
725585608,0.1,19.67768035373905,1.0508189980741294
72558607x,0.1,19.99083981931328,1.0500229109451367
72558690x,0.1,19.835250519196126,1.050415294681165
725586926,0.1,19.939717815271244,1.0501511610778227
725587056,0.1,18.89044966611802,1.052936802335288
725587136,0.1,19.919829493446656,1.0502012329136143
725587726,0.1,19.716625307528908,1.0507186186480981
725588155,0.1,19.97745120849106,1.0500564356065085
725588163,0.1,19.966164060826856,1.0500847331993017
72558877x,0.1,19.968722295906105,1.0500783167386236
725588921,0.1,19.004492035641025,1.0526191385765322
72558893x,0.1,19.579814382355675,1.051073007152772
725589086,0.1,19.73604889532877,1.0506687030065418
725589094,0.1,19.869596852275027,1.050328147442282
725589545,0.1,19.965913200143053,1.0500853624863418
725590191,0.1,19.88316723556207,1.0502937981737361
72559044x,0.1,19.120352548537113,1.0523002908791297
725590482,0.1,19.99763924056632,1.0500059025953146
725590677,0.1,19.990234071020982,1.0500244267499428
725590810,0.1,19.998371697330114,1.0500040710881229
725591426,0.1,19.597129624355016,1.051027881080973
725593421,0.1,18.69457661177004,1.0534914494597543
725593771,0.1,19.29533050039039,1.0518260104422554
725594424,0.1,19.999785124491506,1.0500005371945427
725594555,0.1,19.76471901336486,1.0505952044814704
725594600,0.1,19.27659242504408,1.0518763886246203
725595312,0.1,19.988752633676672,1.050028134237612
725596155,0.1,19.99524140335138,1.0500118993228253
725596200,0.1,19.481944759065122,1.0513295778407692
725596665,0.1,19.869275850876196,1.0503289605270592
725598548,0.1,19.981510516553122,1.0500462664807837
725598695,0.1,19.93992396502681,1.050150642587902
725598820,0.1,19.990138625717034,1.0500246655975418
725598855,0.1,19.933445435251095,1.050166941949311
725599751,0.1,19.865934962138944,1.0503374244356396
727791034,0.1,19.97967923501162,1.050050853581655
727791333,0.1,19.99026579438249,1.0500243473641562
727791763,0.1,19.94274208249114,1.0501435557790197
727792280,0.1,19.90858016474973,1.0502295990836457
727792600,0.1,19.96783729963338,1.050080536264103
727793101,0.1,19.95392890432388,1.0501154436700086
727794649,0.1,18.69299498172777,1.0534959754163253
727795043,0.1,19.887285234610577,1.0502833839914794
727795297,0.1,19.639863209999138,1.0509168515741432
727795326,0.1,19.984960770528616,1.050037626367257
727795473,0.1,19.509421805146655,1.051257285325401
727796767,0.1,19.993632873001626,1.050015922886648
727797874,0.1,19.80904925284803,1.050481978576343
727797890,0.1,19.904469282290513,1.0502399730340826
727798316,0.1,19.993967863607185,1.050015084890688
72779856x,0.1,14.724682182725097,1.0679131805760258
727798615,0.1,19.937694991924893,1.0501562492758074
727799271,0.1,19.197024182417724,1.0520914070065028
727800316,0.1,19.987032172819315,1.0500324406021577
727800893,0.1,19.98049162745976,1.0500488185498735
72780187x,0.1,9.583957259877696,1.1043410329245105
727802223,0.1,19.831366109353663,1.0504251696270355
727802266,0.1,19.989926328724902,1.0500251968694367
727803023,0.1,19.98071157793632,1.0500482676054566
727803410,0.1,19.751428762045972,1.0506292487519477
727804130,0.1,18.88621375581038,1.0529486753104416
727804149,0.1,19.95331654690125,1.0501169816882046
727804181,0.1,19.995706153062184,1.0500107369224796
727805029,0.1,19.7927678846004,1.0505235046371681
72780515x,0.1,19.520782048251505,1.0512274558226304
727805491,0.1,19.94609127547819,1.0501351360619413
727805969,0.1,19.964983943806963,1.050087693674815
727805993,0.1,19.764734236614306,1.050595165511889
727806478,0.1,19.955362476924545,1.0501118434283694
727806697,0.1,19.689485889330527,1.0507885277259519
727807630,0.1,19.99305590912694,1.050017366256826
727807964,0.1,19.893961366539372,1.0502665095993375
727808406,0.1,19.932581998094797,1.0501691150747847
727808449,0.1,19.832839570781037,1.0504214233383535
727808553,0.1,18.525497367393697,1.0539796573429698
727808684,0.1,18.48804443428373,1.0540890089027277
727808756,0.1,19.82591347188566,1.0504390378490283
727809097,0.1,19.957447952443253,1.0501066069360625
727809548,0.1,19.846028443622515,1.0503879152869675
727809564,0.1,19.905600198458785,1.0502371187017725
727809740,0.1,18.767406912590758,1.0532838662611996
727809919,0.1,19.918076180200302,1.0502056519391194
727810100,0.1,19.166127776160696,1.05217538000784
72781016x,0.1,19.916109991638912,1.050210608418
727810274,0.1,19.594165981738637,1.0510355991131228
727810426,0.1,19.982097176142897,1.0500447971594256
727810653,0.1,19.99382614718804,1.0500154393980585
727810717,0.1,19.992941330339377,1.0500176529044527
727810805,0.1,19.99565010412925,1.0500108771053906
727811074,0.1,19.834311048669072,1.050417682648327
727811445,0.1,19.851340249247553,1.0503744325292044
727812042,0.1,19.97898328814443,1.0500525970504917
727812405,0.1,18.97040333774405,1.0527136920705513
727812472,0.1,19.962695326024416,1.0500934359648493
727812798,0.1,19.980449416784822,1.0500489242829512
72781286x,0.1,19.806995081414417,1.0504872140316899
727814152,0.1,19.88341335736902,1.0502931756246665
727814400,0.1,19.998523700590294,1.050003691020977
727815091,0.1,19.91206796145717,1.0502208008698872
727816377,0.1,19.982705616961297,1.0500432733769145
727816991,0.1,19.973685505821358,1.0500658729060568
72781753x,0.1,17.44657767790954,1.0573178315232665
727817572,0.1,19.789942585528227,1.050530717594465
727818284,0.1,19.940365806689123,1.050149531342326
727818321,0.1,19.946873302497494,1.050133170489171
727818698,0.1,19.935860987824455,1.050160863411454
72781980x,0.1,19.498249236873722,1.051286655937748
727820325,0.1,19.841892582632664,1.0503984181869468
727821002,0.1,19.96828641784483,1.050079409873966
727822785,0.1,19.836630949535298,1.050411786282863
727822857,0.1,19.99250976197807,1.0500187326106405
727823286,0.1,4.985200818886103,1.2005937245720506
727823323,0.1,19.99789088767691,1.0500052733369107
727823913,0.1,19.986572519854516,1.0500335912526577
727824852,0.1,19.908697410692458,1.0502293032723942
727825310,0.1,18.090809247389917,1.0552766869809473
727825839,0.1,19.94522561973843,1.0501373120096655
727825927,0.1,19.994915011882608,1.0500127157032535
727826524,0.1,19.99348396042472,1.0500162954080143
727826778,0.1,19.892325042606043,1.050270644475101
727826970,0.1,19.43397462749314,1.0514562779445695
727827033,0.1,19.67224786845433,1.0508330317250405
727827041,0.1,19.946352437991283,1.050134479630237
727827228,0.1,19.843385093339474,1.0503946274940588
727827471,0.1,19.98468846044044,1.050038308176757
727827607,0.1,19.73985047920217,1.050658945013469
727827869,0.1,19.69585998107836,1.0507720912395138
727828263,0.1,19.223655795686874,1.052019241845995
727828589,0.1,19.878141587770518,1.0503065135935656
727828749,0.1,19.99949571326872,1.050001260748617
727830515,0.1,19.952404493301316,1.0501192726087591
727830531,0.1,19.92905780707363,1.0501779868210859
727832019,0.1,19.361798762940193,1.0516480938699801
727832860,0.1,19.98810527495309,1.0500297545087023
727833361,0.1,18.380090596101542,1.054406695917598
727834321,0.1,19.955958642221383,1.0501103463846768
727835463,0.1,19.53456276742801,1.0511913172516665
72783601x,0.1,19.865834999972616,1.0503376777266789
727836183,0.1,19.81848640618725,1.0504579401022172
727836693,0.1,19.840522237465155,1.0504018991048374
727837135,0.1,18.380090591955685,1.0544066959298701
72783732x,0.1,19.64907147368782,1.0508929901007844
727837354,0.1,19.972295569527365,1.0500693571512003
727837506,0.1,19.95855347708132,1.0501038314799875
727838314,0.1,19.918409816138354,1.0502048109879623
727838533,0.1,19.98757800223305,1.0500310742946584
727839202,0.1,19.938767806545595,1.0501535505956248
730368069,0.1,19.944721405326565,1.0501385795107137
730590049,0.1,19.987138993921263,1.0500321732041855
730590372,0.1,19.992186919328056,1.0500195403351906
73059041x,0.1,19.685682929602827,1.050798339258844
730590436,0.1,19.380162507356335,1.0515991545282666
73059068x,0.1,19.73442206026638,1.0506728799529133
730590823,0.1,19.77608666818337,1.0505661214363933
730590989,0.1,19.420472384496264,1.0514920533446097
730591017,0.1,19.96923245063582,1.0500770373859893
730592343,0.1,19.885434757441733,1.0502880632079603
730592706,0.1,19.92940818989823,1.0501771046320822
73059367x,0.1,19.96274459908481,1.0500933123216858
730594736,0.1,19.987708607038954,1.0500307473788084
730594752,0.1,19.95302582044997,1.050117711919918
730594891,0.1,19.58201992720587,1.0510672547427382
730595077,0.1,19.983733791152535,1.0500406986227335
730595616,0.1,18.0812683502025,1.0553058546907081
730595878,0.1,19.97344932796366,1.0500664649144982
73059658x,0.1,19.991839963471442,1.0500204084179932
730596627,0.1,19.938915148335507,1.0501531799779729
73059666x,0.1,19.899641104480025,1.0502521625766843
73059690x,0.1,19.996686616450084,1.050008284831416
730597048,0.1,19.92166875527047,1.0501965981005201
73059770x,0.1,19.986713891637304,1.050033237350659
730597996,0.1,19.24480055077598,1.051962086973132
730598622,0.1,19.914593330333435,1.050214432371904
730599131,0.1,19.95827808209798,1.0501045228394212
730599211,0.1,19.85551463947369,1.0503638418926675
730599801,0.1,18.56914272904114,1.0538527822523576
730600075,0.1,19.992217863046825,1.0500194629155366
730600139,0.1,19.99782616627556,1.0500054351750694
73060026x,0.1,19.990480694573822,1.0500238095961063
730600796,0.1,19.988746707165934,1.0500281490705718
73060202x,0.1,18.100721423534367,1.0552464167919744
730602679,0.1,19.906735773693136,1.0502342529367124
730603479,0.1,19.98170114114141,1.050045789041507
730604412,0.1,19.95615385651817,1.050109856197234
730604674,0.1,19.985334133401846,1.0500366915721806
730604930,0.1,16.564327403724132,1.0603706975615064
730605247,0.1,19.6425976279789,1.0509097635119096
730605263,0.1,19.980947666933385,1.050047676249856
730605546,0.1,18.29606171959474,1.0546565711969051
730605714,0.1,19.861081881729188,1.050349724448794
73060587x,0.1,19.812229337393596,1.0504738756537912
730606274,0.1,19.848610863963014,1.0503813595245395
730606290,0.1,19.678988052540912,1.0508156210741173
730606557,0.1,19.963312891096848,1.0500918863244375
730607090,0.1,19.995729054267226,1.050010679644941
73060712x,0.1,19.999117970274675,1.0500022051715647
730607832,0.1,19.870373976903597,1.0503261791228666
730608456,0.1,19.881681931646078,1.050297555480368
730608974,0.1,19.967587646939283,1.0500811624158957
730609870,0.1,18.668718698492906,1.0535655400967998
730609950,0.1,19.968187831073188,1.050079657125614
730609969,0.1,19.948774048453142,1.0501283937334256
730610003,0.1,19.77687862255447,1.0505640965435037
73061037x,0.1,17.541696617151334,1.057007028557446
730610812,0.1,19.999277788094677,1.0500018055949645
730612498,0.1,19.99702760853187,1.0500074320832233
730613714,0.1,19.994946275458112,1.050012637504678
730613925,0.1,19.93937553369137,1.0501520219783367
730614047,0.1,19.687008142597566,1.0507949198149749
730614397,0.1,19.143397734740887,1.0522373307944821
730614530,0.1,19.125528159797685,1.0522861377549837
730615672,0.1,18.523253500418168,1.0539861963222295
730616798,0.1,19.958243179812776,1.0501046104604774
730617045,0.1,18.794711809759907,1.0532064556308178
730617512,0.1,19.577778553575996,1.0510783180667524
730618638,0.1,19.996868474481744,1.0500078300397941
730621263,0.1,19.332944866861393,1.0517251772498508
730621474,0.1,19.9737631646141,1.0500656782479336
730622143,0.1,19.182880393065897,1.0521298146842157
730622151,0.1,19.98257819782246,1.0500435924784206
73062224x,0.1,19.970569656722056,1.0500736842858862
730622389,0.1,19.889245892130504,1.0502784271170214
730623429,0.1,19.977140993708574,1.050057212907239
730623509,0.1,19.394696697369373,1.0515604866424972
730624560,0.1,19.997093743362772,1.0500072666975375
730624907,0.1,19.82834302885634,1.0504328575789057
730625168,0.1,19.332623193932932,1.0517260378981486
730625467,0.1,19.822202562852052,1.050448480527288
730625547,0.1,19.62817246687518,1.0509471781791002
730625993,0.1,19.713615822319763,1.0507263613643012
730626048,0.1,19.943130249109736,1.0501425798011141
730626558,0.1,18.81295201135787,1.0531548690176997
730626566,0.1,19.994194544078017,1.050014517853943
730626718,0.1,19.9029113827528,1.0502439055658241
730626929,0.1,19.991992795116104,1.050020026029836
730626945,0.1,19.115840488138303,1.052312635723264
730627331,0.1,19.983008555271674,1.050042514731156
730627366,0.1,19.98546594819114,1.0500363615535573
730627438,0.1,19.969853500231675,1.0500754800223446
730627497,0.1,19.956667224778297,1.0501085671638797
730627569,0.1,19.821245388253715,1.0504509167013598
730627729,0.1,19.392056807345767,1.0515675057027059
730627972,0.1,19.891665177559062,1.0502723121002537
730628297,0.1,19.88218337175822,1.0502962869470591
730628457,0.1,19.98917119085624,1.0500270866886885
730629089,0.1,19.773555123486684,1.0505725952543667
730629273,0.1,19.976049723917107,1.0500599474781398
730629409,0.1,19.956136090834654,1.0501099008068637
730630055,0.1,19.77353163742242,1.0505726553220998
73063059x,0.1,19.988340558266913,1.0500291656070675
730630629,0.1,19.259036560357803,1.0519236773275755
730630733,0.1,19.75231931690219,1.0506269660770569
730631744,0.1,19.93710746198897,1.0501577273386598
730634152,0.1,19.997255667779154,1.0500068617721012
730634195,0.1,19.92958672913303,1.0501766551204097
730634208,0.1,19.98582048675662,1.0500354739332638
730634742,0.1,19.97918108365304,1.0500521015257327
730634750,0.1,19.997336322077643,1.0500066600818216
730634814,0.1,19.960417117537954,1.0500991534451134
730635809,0.1,19.990866257581864,1.0500228447889663
730636166,0.1,19.979208003186702,1.0500520340866615
730636609,0.1,19.948603763817733,1.0501288216378217
73063665x,0.1,19.94734746868445,1.050131978779129
730636764,0.1,19.89375776430709,1.0502670240508396
730637003,0.1,19.999555722068894,1.050001110719501
730637193,0.1,19.987753359779695,1.050030635359562
730637345,0.1,19.824223707120076,1.0504433371401494
730637548,0.1,19.92636263778929,1.0501847737179868
730637804,0.1,19.97453675035955,1.0500637392745542
730637900,0.1,19.899190786145304,1.0502532997822325
730638196,0.1,17.68004010538649,1.056560957669736
730638540,0.1,19.73775078788478,1.050664334084804
730638903,0.1,19.898728102448292,1.050254468268098
730639092,0.1,19.989490801350566,1.0500262868092887
730639121,0.1,19.998790747952064,1.0500030233129172
730639981,0.1,19.870392448477784,1.0503261323395052
733490051,0.1,19.687749221124644,1.0507930078125445
733490182,0.1,19.941813997051927,1.0501458894435498
733490350,0.1,19.80868648287045,1.0504829030872265
733490369,0.1,19.9715486599639,1.0500712296790813
733490721,0.1,19.965643380826922,1.0500860393489901
733490836,0.1,19.855060248711325,1.0503649944887428
733491089,0.1,19.988360734819285,1.0500291151068744
733492049,0.1,19.964096352040873,1.0500899205436751
733492161,0.1,19.996083139892963,1.0500097940683675
733492524,0.1,19.994933843119902,1.0500126686012563
733492583,0.1,19.951561488872493,1.0501213902760307
733493519,0.1,19.82560265854647,1.0504398286005656
733495004,0.1,19.975860249708834,1.0500604223046952
733495493,0.1,19.589690251966932,1.0510472594072586
733495661,0.1,19.874699522300904,1.0503152260932511
733495709,0.1,19.659953340050045,1.0508648206180053
733495792,0.1,19.978562585368298,1.0500536510435625
733495987,0.1,17.9981506749717,1.0555612639353333
733496015,0.1,19.925504741633794,1.0501869344323573
733496808,0.1,19.980890891900835,1.0500478184586526
733497245,0.1,19.99402888734966,1.05001493223973
733497480,0.1,19.830111532760046,1.0504283598379145
73349751x,0.1,19.653794614415688,1.0508807596506844
73349831x,0.1,19.987824863283873,1.0500304563823213
733498491,0.1,19.755446596218988,1.0506189518485192
733498563,0.1,18.55358627826044,1.053897935687599
733498969,0.1,19.93065918097669,1.050173955157212
733499910,0.1,19.765857514848932,1.0505922902281755
733500459,0.1,19.980997236473154,1.050047552089873
733500555,0.1,19.80000715015579,1.0505050322667249
733501224,0.1,19.99603208287304,1.0500099217612537
733501398,0.1,19.967624037167305,1.0500810711449005
733501400,0.1,19.77010629044124,1.0505814174850185
733502729,0.1,15.44649725582809,1.0647395965206734
733503043,0.1,19.995378875022112,1.0500115554824112
733503326,0.1,19.983429908312914,1.0500414595786687
733503385,0.1,19.98378336657,1.0500405744826506
733503406,0.1,19.732035229853327,1.050679009456007
733503588,0.1,19.915970031115748,1.0502109612756823
733503705,0.1,19.97683698248823,1.0500579746872143
733503967,0.1,19.96813512793041,1.0500797893039722
733504126,0.1,19.941113675654222,1.050147650540746
733504716,0.1,19.913500458140206,1.05021718818859
733504871,0.1,19.976057555174496,1.0500599278530296
733504986,0.1,19.79296089941665,1.0505230119476199
733505081,0.1,19.911636576221902,1.0502218889026018
73350509x,0.1,19.993850184352983,1.0500153792681006
733505356,0.1,19.86764746472472,1.0503330855741986
733505946,0.1,19.9353124067894,1.050162243740882
733505962,0.1,19.981106385585868,1.0500472786993111
733506009,0.1,19.842059664317414,1.0503979938029484
733506025,0.1,19.958099882781664,1.050104970206243
733506068,0.1,19.97833352745087,1.0500542249245148
733506156,0.1,19.971507301745472,1.0500713333696452
733506682,0.1,17.845873845224833,1.056035361937044
733506762,0.1,19.955544137648175,1.050111387246685
733506834,0.1,19.95809896224567,1.0501049725172562
733506877,0.1,19.945628348169404,1.0501362996714907
733507028,0.1,19.935015465245705,1.0501629909313779
73350736x,0.1,19.995828299827163,1.0500104314262713
733507386,0.1,19.914066685167317,1.0502157603371307
733507562,0.1,19.316286330910586,1.051769785499595
733507853,0.1,19.978222022167586,1.0500545042942466
733507861,0.1,19.993764791635726,1.0500155928821542
733507941,0.1,19.86991608454324,1.0503273388647019
733507976,0.1,19.946804787690766,1.0501333426904094
733508194,0.1,19.998180702098917,1.050004548658521
733508506,0.1,19.99101064896917,1.0500224834831733
73350920x,0.1,19.805711679590715,1.050490485582019
733509568,0.1,19.99072525665803,1.0500231976159515
733509701,0.1,18.408013431040718,1.0543241672300032
733509883,0.1,19.979813835172884,1.0500505163986853
733509947,0.1,19.930001865277514,1.0501756099552717
733510067,0.1,19.918115927799207,1.0502055517512239
733510411,0.1,18.30095039875013,1.0546419709474921
733510497,0.1,19.921018321616188,1.0501982370507086
73351093x,0.1,19.993364685919012,1.050016593790453
733511131,0.1,19.583578495927473,1.0510631905301657
733511326,0.1,19.81628060738794,1.050463556699292
73351202x,0.1,19.946476903855697,1.0501341667914648
733512070,0.1,19.982402623637924,1.0500440321834503
733512740,0.1,19.239425753365854,1.0519766032946725
733512935,0.1,19.69191956306612,1.0507822509023237
733513540,0.1,19.537748307880072,1.0511829707416527
73351368x,0.1,19.586725569444276,1.0510549860135898
733514148,0.1,19.78422771672039,1.0505453138893495
733514156,0.1,19.945824996645968,1.050135805371207
733515028,0.1,19.97262058756556,1.050068542363568
733515589,0.1,19.989989705012974,1.0500250382694907
733515626,0.1,19.9773169703342,1.0500567719621696
733515634,0.1,19.9578508064484,1.050105595522184
733515909,0.1,14.612082618777734,1.068436514225215
733515925,0.1,18.663259166941387,1.053581209533398
733515933,0.1,19.997947298199488,1.0500051322812534
733516530,0.1,19.730477355332027,1.0506830109576522
733516717,0.1,19.938628915448977,1.050153899961756
733516987,0.1,19.999509971938988,1.0500012251001691
733517699,0.1,19.969309313902134,1.0500768446359747
733517701,0.1,19.99386803869408,1.0500153346048249
733517867,0.1,19.892828457966466,1.050269372307362
733518069,0.1,19.84007745682072,1.0504030290293154
733518480,0.1,19.942812702550977,1.050143378214252
733518640,0.1,19.907911904568056,1.0502312851691162
733518763,0.1,19.52723375798195,1.0512105305028798
733518771,0.1,19.68432533697313,1.0508018427292347
733518982,0.1,19.911375725984996,1.0502225468376334
733519053,0.1,19.925939166901575,1.0501858402569588
733519109,0.1,19.996737788783708,1.0500081568585105
733519336,0.1,19.991458602960588,1.0500213626159278
73352045x,0.1,19.341837563987866,1.051701395831277
733520900,0.1,19.733094296411032,1.05067628953569
733520927,0.1,19.95467687491703,1.0501135651691258
733521452,0.1,19.894055159627506,1.0502662726113967
733523028,0.1,19.984219492508466,1.050039482421361
733523220,0.1,19.94428065700035,1.0501396875223477
73352360x,0.1,19.939366876004954,1.0501520437543783
733524282,0.1,19.996057713609225,1.0500098576590626
733524936,0.1,19.991430349467755,1.0500214333101294
733525517,0.1,19.720911338226394,1.0507075957520093
733525525,0.1,19.964631452581443,1.050088578012328
733525568,0.1,19.846636063155024,1.0503863726234435
733525904,0.1,19.62498398213494,1.050955455602426
733526237,0.1,19.297425712001385,1.0518203834503213
733526309,0.1,17.300490889144697,1.0578018280757258
733526405,0.1,19.91843594170885,1.0502047451379461
733526608,0.1,19.403197242547243,1.0515378979814318
733526763,0.1,19.97684297642999,1.0500579596675945
733527491,0.1,19.95944247237582,1.0501015998509986
733527643,0.1,19.98959771272868,1.0500260192511646
733527811,0.1,18.02085685839292,1.055491257039438
733527993,0.1,19.890687179996917,1.0502747839202684
733528531,0.1,18.11111778400086,1.0552147035829775
73352950x,0.1,19.719639051233134,1.0507108673440686
733529948,0.1,18.274516255427802,1.0547210107245923
733530332,0.1,19.973670980550914,1.0500659093150047
733530340,0.1,19.96124140085163,1.0500970846411053
733530690,0.1,19.983209394336463,1.050042011784324
733531298,0.1,19.979337559455832,1.0500517095236084
733531327,0.1,19.721943973640556,1.0507049407166227
733531538,0.1,19.838125680624287,1.0504079879369195
733531570,0.1,19.998128063988204,1.0500046802780885
733531589,0.1,19.966601612453985,1.0500836356336303
73353259x,0.1,19.639194147802307,1.0509185861942254
733533613,0.1,19.699526516069742,1.0507626413855307
733533699,0.1,19.800358825880583,1.0505041352428888
733534528,0.1,19.98545742293313,1.050036382897722
733535387,0.1,19.9990122189663,1.0500024695745542
733535408,0.1,18.709115604867215,1.0534498808559314
73353558x,0.1,19.966212937308594,1.0500846105939006
733536232,0.1,19.89104714704665,1.050273874100614
733536267,0.1,19.850606671029972,1.0503762941139427
733536304,0.1,19.876283371683034,1.0503112167048625
733536320,0.1,19.758614794167705,1.0506108353453592
733536347,0.1,19.998266204001126,1.050004334865786
733536670,0.1,19.907752505948576,1.0502316873640656
733536849,0.1,19.986895826367466,1.0500327819130755
733536910,0.1,19.55108032852997,1.051148068710083
733537040,0.1,17.661838918512387,1.0566192458562083
733537390,0.1,19.922870072574757,1.0501935713256783
733537681,0.1,19.804770896158228,1.0504928840249286
733537729,0.1,19.961482938736623,1.0500964784564895
733537753,0.1,19.760308527498662,1.0506064972927112
733538238,0.1,19.9877163835287,1.0500307279136736
733538721,0.1,19.935626513502715,1.0501614533820989
733539492,0.1,18.378277306225527,1.0544120639458006
733539513,0.1,19.942454060612615,1.0501442799848315
733539898,0.1,18.061078199484996,1.055367680099437
733539994,0.1,19.996808532534896,1.050007979942049
735646507,0.1,19.88653569146632,1.0502852792218162
737250821,0.1,19.80762650812031,1.0504856046023505
737251808,0.1,19.750546747791933,1.0506315097384227
737251947,0.1,19.61388169940256,1.0509842985353817
737252608,0.1,19.998673322526543,1.0500033169137073
737252771,0.1,19.49690615282212,1.0512901889233977
737252827,0.1,18.08327033500831,1.055299731822515
737252835,0.1,19.98967506249863,1.050025825676178
737253221,0.1,19.982984985442435,1.050042573756048
737253248,0.1,19.829588245057028,1.0504296906038517
73725403x,0.1,17.69599615632198,1.0565099580247561
737254283,0.1,19.981481632304888,1.050046338825208
737254566,0.1,19.927631925148155,1.0501815772067742
737255630,0.1,19.992499150627502,1.0500187591589125
737255788,0.1,19.676955412207413,1.0508208703557669
73725593x,0.1,19.895407758952953,1.050262855233515
737256641,0.1,19.537198259883763,1.0511844117410287
73725665x,0.1,19.99544065044687,1.0500114009729338
737256721,0.1,18.872902239552495,1.0529860212969402
737256764,0.1,19.873906969628198,1.0503172326170302
737257345,0.1,19.999395396476167,1.050001511554504
73725737x,0.1,19.564474163098915,1.0511130527538597
737258129,0.1,18.45073367576424,1.054198386772746
737258313,0.1,19.761549312395605,1.0506033198203109
737258647,0.1,19.98683540746586,1.0500329331589162
737258671,0.1,19.885728311225762,1.0502873208538954
737259033,0.1,19.939769148728878,1.050151031967376
737259041,0.1,19.825816987864318,1.0504392833148877
737259244,0.1,19.992325784055414,1.050019192904386
737259252,0.1,19.98953000382748,1.050026188700211
737259818,0.1,19.998371592014678,1.0500040713514545
73726019x,0.1,19.995223671127572,1.050011943674527
737260552,0.1,19.925537935393514,1.0501868508264316
737260640,0.1,19.994872433155834,1.050012822204446
737260704,0.1,19.96024695642397,1.0500995805404183
73726158x,0.1,9.62566408972539,1.103888935940266
737261942,0.1,19.96699749845779,1.0500826426245227
737262363,0.1,19.9422473387463,1.0501447997817717
737263227,0.1,18.037151906958684,1.055441125359387
737263809,0.1,19.980351568760337,1.0500491693831613
737264078,0.1,19.92301489252496,1.0501932064697295
737264473,0.1,19.89710481946421,1.0502585682225365
737264625,0.1,19.776587550735954,1.0505648407458843
737264940,0.1,19.92305482764556,1.0501931058590666
737265484,0.1,19.99556817774348,1.0500110820113164
737266698,0.1,19.937668496232288,1.0501563159297675
737266786,0.1,19.99672108054712,1.0500081986427667
737266938,0.1,19.97412282683546,1.0500647767448636
737267658,0.1,19.959849064174797,1.0501005792571279
73726772x,0.1,19.9934302154403,1.0500164298584307
737267818,0.1,18.884948644142643,1.052952222367317
737268095,0.1,19.928054253831977,1.0501805137251525
737268167,0.1,19.97916687576611,1.050052137119539
737268706,0.1,19.982162442711473,1.0500446337010312
737268730,0.1,19.97040026656468,1.0500741090139412
737269186,0.1,19.964187535401216,1.0500896917656561
737269258,0.1,19.886027798424497,1.0502865635176888
737269741,0.1,19.896027701525252,1.0502612890875367
737269880,0.1,19.416785649950008,1.0515018303249681
737270048,0.1,19.886727628120184,1.0502847938936912
737270072,0.1,19.886939320793612,1.0502842586216576
737271622,0.1,19.949710239524027,1.0501260413306062
737272393,0.1,19.992485767834616,1.050018792641027
737272406,0.1,12.288204729056625,1.0813788524889567
737273628,0.1,19.992942425973908,1.050017650163432
737273847,0.1,19.99223891765255,1.0500194102380915
737274102,0.1,19.87649828248998,1.0503106727245282
737274305,0.1,19.966443472993852,1.0500840323091378
737274823,0.1,19.95322949591501,1.0501172003361525
737275121,0.1,19.725462135642147,1.0506958971669966
737275586,0.1,19.99600750052619,1.0500099832415888
737276052,0.1,19.984992516843636,1.050037546882101
737276343,0.1,19.653318459293814,1.0508819923755477
73727791x,0.1,19.993591437084895,1.050016026542643
737278808,0.1,19.9753265232136,1.0500617598835187
737279157,0.1,19.949755307284093,1.0501259280927058
73727935x,0.1,7.906012844695922,1.1264860075038825
737279501,0.1,19.977604931065766,1.0500560504350034
737279616,0.1,16.169341120843523,1.0618454390025158
737279667,0.1,19.98918438644248,1.0500270536639926
737279683,0.1,17.494732382305752,1.0571600627061553
737280166,0.1,19.980004820218838,1.0500500379753686
737280318,0.1,19.997789919550783,1.0500055258117476
737280625,0.1,18.287755972325893,1.0546813945632947
737281265,0.1,19.965501901799136,1.0500863942673981
737281361,0.1,19.89083411171376,1.0502744125451782
737281409,0.1,19.656541763479957,1.0508736486831018
737281599,0.1,19.946346581880814,1.050134494349376
737281601,0.1,19.921498236133605,1.0501970277610044
737281660,0.1,19.593366994002267,1.0510376802673125
737282559,0.1,19.976271078689457,1.0500593927695943
737283631,0.1,19.97988421165403,1.0500503401024073
737284474,0.1,19.81250722511536,1.050473167713592
737285792,0.1,19.9851861115489,1.0500370621728725
737286058,0.1,17.844148878504402,1.056040778790219
737288029,0.1,19.970498026524197,1.050073863890216
737288715,0.1,19.78876513253081,1.0505337242269905
73728882x,0.1,19.602102898857066,1.051014934732248
737288950,0.1,19.800668780632087,1.0505033446636987
737289232,0.1,19.106082827726194,1.0523393522898807
737289267,0.1,19.40949838633379,1.0515211666007864
737290364,0.1,19.92902129055613,1.0501780787636508
737291367,0.1,19.959501547412515,1.0501014515630345
737292044,0.1,19.48838067425874,1.051312626570398
73729332x,0.1,19.29648395321947,1.0518229125277072
73729375x,0.1,19.973847166292337,1.050065467692553
737293944,0.1,18.587128389057927,1.0538006721139717
737294090,0.1,16.96137261203003,1.0589574925846945
737294146,0.1,19.910315627794443,1.0502252208701313
737294189,0.1,19.984898614285935,1.050037781992307
737294437,0.1,19.862940755317943,1.0503450124691263
737295560,0.1,19.970422855440233,1.0500740523742884
737295704,0.1,19.982060517616553,1.0500448889702032
737295800,0.1,19.999495767650885,1.050001260612655
73729586x,0.1,19.705100353262765,1.0507482825295238
737295915,0.1,18.959877076235433,1.0527429579832779
737296280,0.1,19.754580338256556,1.050621171539818
737296395,0.1,19.79786512030346,1.0505104966582717
737297451,0.1,19.987067686165634,1.0500323517037051
737297734,0.1,19.85817084425559,1.0503571052864253
737297910,0.1,19.884332768745548,1.050290850169829
737297929,0.1,19.987085515941754,1.0500323070716038
737297961,0.1,19.906819822995125,1.050234040840861
73729842x,0.1,19.98017613481382,1.0500496088349083
73729906x,0.1,19.977869751396522,1.0500553869078106
73729914x,0.1,19.98567811326266,1.0500358303747719
737299166,0.1,19.85981796910636,1.050352928790968
737299473,0.1,19.976223333587892,1.0500595124163739
73729981x,0.1,19.949936923485982,1.0501254717664172
737299852,0.1,18.829943002252552,1.0531069053092925
737299860,0.1,15.192750595665352,1.0658208659257074
740213538,0.1,19.941563947429273,1.0501465182287728
740350727,0.1,19.57547122927066,1.0510843385728936
740350882,0.1,19.230242334231228,1.0520014247672753
740351172,0.1,19.99163392271242,1.0500209239457863
740351543,0.1,18.69160825119671,1.0534999442830701
740351770,0.1,19.987153221368395,1.050032137589804
740351893,0.1,19.98413415914761,1.0500396960927254
740352204,0.1,19.973194926054934,1.0500671026193964
74035279x,0.1,17.96072524095946,1.0556770390161918
740352829,0.1,19.992801847268293,1.0500180018608365
740352837,0.1,19.90195994649979,1.0502463075339408
740352933,0.1,19.898040382134653,1.0502562051737439
74035295x,0.1,19.906079469904057,1.0502359091609121
740352968,0.1,19.920085473489937,1.0502005878102691
740353426,0.1,19.980839471528967,1.0500479472559157
740353450,0.1,19.9924326837301,1.0500189254514185
740353506,0.1,19.930489978648808,1.0501743811151298
74035375x,0.1,19.695574067731577,1.050772828279139
74035404x,0.1,19.85867859476638,1.0503558177462795
740354170,0.1,19.9998405691727,1.0500003985802455
740354429,0.1,19.616013792216698,1.0509787569784836
740354648,0.1,19.933209484979958,1.0501675357775937
740354672,0.1,19.991428924065957,1.05002143687669
740355042,0.1,19.98743330178412,1.050031436498189
740355392,0.1,19.10515440216823,1.0523418957496888
74035607x,0.1,19.60742475853521,1.0510010882262697
740356184,0.1,19.9295800319875,1.0501766719817967
740356360,0.1,19.827602549702302,1.0504347410380694
74035690x,0.1,19.667331850882,1.0508457378754787
740356977,0.1,17.37843277486389,1.05754258815826
740356985,0.1,18.293410069605272,1.0546644937272527
740357224,0.1,19.96376247470228,1.0500907582559742
74035762x,0.1,19.576937153581337,1.0510805133691234
740357769,0.1,19.70885410020872,1.0507386170152535
740358614,0.1,19.7151008881561,1.0507225403345894
740358622,0.1,19.94778059300395,1.0501308902680992
740359545,0.1,19.95598314336883,1.0501102848612243
740359756,0.1,19.97038135787275,1.0500741564259501
740359975,0.1,19.927309501717023,1.050182389143594
740360028,0.1,19.335830900775424,1.0517174568360492
740360677,0.1,19.889952908442055,1.0502766398997134
740360685,0.1,19.791503383196144,1.0505267326406869
740361194,0.1,19.633301429761648,1.050933868844092
740361274,0.1,19.997574799707294,1.0500060637360205
740361442,0.1,19.908348558878473,1.0502301834349808
74036175x,0.1,19.999373742944424,1.0500015656916653
740362074,0.1,19.988128875237532,1.0500296954378185
740362373,0.1,18.981522561002745,1.0526828128136825
740362381,0.1,19.893834604933712,1.0502668298927145
740362533,0.1,19.95469761447382,1.0501135130844912
740362621,0.1,19.728980026377037,1.0506868575396717
74036263x,0.1,19.83942164125149,1.0504046951611095
740362699,0.1,19.982517855690855,1.0500437435973669
740363237,0.1,19.982036612893136,1.0500449488394372
740363552,0.1,19.78607555429267,1.0505405934216725
740364360,0.1,19.790907675354806,1.0505282534992206
740364686,0.1,17.594382161176494,1.056836323710564
740365080,0.1,19.919763805533997,1.0502013984584588
740365240,0.1,19.92086227549422,1.0501986302686384
740365750,0.1,17.373475600582022,1.057559006786558
740365881,0.1,19.606815543865594,1.0510026729104855
740366171,0.1,19.988947606305267,1.0500276462621054
740366227,0.1,19.994553478798103,1.0500136200120889
740366585,0.1,16.991703332153186,1.0588522516225736
740366833,0.1,18.93350683947967,1.05281641739579
740367238,0.1,19.872907387770166,1.050319763509561
740367537,0.1,19.993748767043144,1.0500156329686585
740368011,0.1,19.982353615603724,1.050044154919725
74036802x,0.1,19.916168887781723,1.0502104599350675
740368038,0.1,19.98972810800782,1.0500256929257283
740368329,0.1,19.351146424283794,1.0516765248980338
74036861x,0.1,19.995367547915254,1.0500115838132849
740369698,0.1,19.915278501250285,1.050212704780263
740370664,0.1,19.68279125462072,1.050805802239316
740370939,0.1,19.47182026575997,1.0513562669720427
740371122,0.1,19.966986223428787,1.0500826709053679
74037207x,0.1,19.988049549205908,1.0500298939893176
740372344,0.1,19.985515859323957,1.0500362365944866
740372651,0.1,19.9872953895386,1.0500317817148688
740372723,0.1,19.395656645771076,1.0515579347615454
740373339,0.1,19.981287205038427,1.050046825799483
740373486,0.1,19.99631290693311,1.0500092194323125
740373806,0.1,19.370405433244706,1.0516251455575492
74037442x,0.1,19.967370594770294,1.0500817068153137
74037522x,0.1,19.982882478375664,1.0500428304616285
740375238,0.1,19.94832754698253,1.0501295157523751
740375289,0.1,19.78376926753288,1.0505464851756585
74037530x,0.1,19.996039610702432,1.0500099029342176
740375393,0.1,19.930736730521826,1.0501737599327479
740375908,0.1,19.982741950962854,1.0500431823847787
740375983,0.1,19.696316362573167,1.0507709148041608
74037653x,0.1,19.98948513859705,1.050026300981066
740376927,0.1,19.996073052684167,1.0500098192962826
74037725x,0.1,19.99371627221447,1.0500157142566693
740377284,0.1,19.88909102335898,1.0502788186159708
740377591,0.1,19.941526526705825,1.050146612329843
740377823,0.1,19.87853183886499,1.0503055259868275
740377989,0.1,19.978295036932792,1.0500543213598235
740378607,0.1,19.840847277513376,1.050401073402412
740378877,0.1,19.96844186295747,1.0500790200288512
740378930,0.1,19.800896859732173,1.0505027629346242
740379474,0.1,19.993622040497463,1.0500159499851742
740380125,0.1,19.995813093502214,1.0500104694579766
740380838,0.1,19.77255080118528,1.0505751640268919
740381611,0.1,19.93895526499992,1.0501530790710665
740381910,0.1,19.956423460811173,1.0501091792306232
740382016,0.1,19.991134179107668,1.0500221743819358
740382155,0.1,19.93720512620926,1.0501574816364512
740382171,0.1,19.89857184691898,1.0502548628963457
740383115,0.1,19.97802370593793,1.0500550011712508
740383123,0.1,19.985522804841523,1.0500362192055215
74038314x,0.1,19.997689774352445,1.0500057762313388
740383342,0.1,19.95082319974539,1.0501232450404734
74038453x,0.1,19.91970058252585,1.0502015577923511
740385145,0.1,19.730853576985286,1.0506820445500864
740385380,0.1,19.967296206414257,1.050081893395199
740386033,0.1,19.393112092671725,1.051564699632602
740386041,0.1,19.979073211633974,1.050052371769562
740386738,0.1,19.85701098304374,1.0503600466784209
740386762,0.1,18.653608060094836,1.0536089316757584
740386893,0.1,19.9988613427406,1.0500028468052254
740387052,0.1,19.94532874016544,1.0501370527920266
740387132,0.1,19.992470991526076,1.0500188296095994
740387159,0.1,19.889383291683107,1.0502780797843116
740387714,0.1,19.947474480784727,1.0501316595724082
740387896,0.1,19.992808905846086,1.0500179842016892
740388039,0.1,19.152010057820455,1.0522138405828407
740388557,0.1,19.954945794854023,1.0501128898209224
740389138,0.1,19.91333327364977,1.0502176097922915
740389445,0.1,19.973995064651227,1.0500650969805103
74038998x,0.1,19.999173070487753,1.0500020674092607
740390155,0.1,19.99415091451364,1.050014626991442
740390489,0.1,19.99659483087579,1.0500085143724545
740391457,0.1,19.99029201810408,1.050024281741075
740391887,0.1,16.519723307920355,1.0605337015251672
740391908,0.1,19.220205291836077,1.0520285805909033
740392716,0.1,19.827648712446962,1.0504346236158724
740393137,0.1,19.96438223984348,1.0500892032614098
740393233,0.1,19.991444192454576,1.05002139867301
740393268,0.1,19.997297003905118,1.050006758403634
740393292,0.1,19.70649811444241,1.0507446830072322
74039341x,0.1,19.97313907543687,1.0500672426213569
740393575,0.1,19.929526652215674,1.0501768063763233
740394148,0.1,19.904270830775683,1.0502404739415931
740394287,0.1,19.97915068059136,1.05005217769199
740394607,0.1,16.159027662233292,1.0618849116978237
740394789,0.1,19.769664063884164,1.0505825489380385
740394914,0.1,19.9654108453514,1.0500866226969146
74039499x,0.1,19.994746015481,1.0500131384127485
740395351,0.1,19.64509653790595,1.0509032876509647
740395554,0.1,17.38189441974973,1.057531128417382
740395626,0.1,19.81220677125229,1.050473933143632
74039587x,0.1,19.877186481269796,1.050308930841007
740395909,0.1,19.20904764891899,1.0520588015750107
740395968,0.1,19.534888642141336,1.0511904632946187
74039624x,0.1,19.947877427249523,1.0501306469145415
740396274,0.1,19.947237973408836,1.050132253965841
740396696,0.1,19.97444478058587,1.050063969786632
740396741,0.1,19.953357241951288,1.0501168794741735
740396768,0.1,19.928616462926943,1.0501790980753878
740396813,0.1,19.991762900420643,1.050020601233669
740396928,0.1,19.97243573494707,1.0500690057672952
740397584,0.1,16.70896111594721,1.05984812538977
74039763x,0.1,19.95517848601581,1.0501123054700203
740397955,0.1,19.964869938369127,1.050087979690675
740398747,0.1,19.947730361639884,1.0501310165051676
740399037,0.1,19.991415300164643,1.050021470965678
740399205,0.1,19.971445873970147,1.0500714873780548
740399336,0.1,19.969343563469543,1.0500767587488118
74039958x,0.1,19.661593216111164,1.050860578235368
74039966x,0.1,19.965500249735324,1.0500863984118434
740399678,0.1,19.983160384493218,1.0500421345152187
742231350,0.1,19.999676503562018,1.0500008087541763
742452807,0.1,18.77697079680643,1.0532567265945836
743950293,0.1,19.899332306243156,1.0502529423907485
743950496,0.1,19.778436328603927,1.0505601142267138
743950509,0.1,19.988446138814464,1.0500289013490727
743950605,0.1,19.83377814754572,1.0504190372888558
743950664,0.1,19.991023460205135,1.0500224514262932
743950808,0.1,19.86436562321379,1.0503414012291128
743951544,0.1,19.840977397500854,1.0504007428649134
743951587,0.1,18.82619799369269,1.0531174696205272
743952918,0.1,19.99767863401844,1.0500058040886247
74395311x,0.1,19.982031295275494,1.0500449621573977
743953267,0.1,19.97598228942542,1.0500601164694345
743953953,0.1,19.83546524443923,1.0504147489195064
743954331,0.1,19.97511938650026,1.0500622790107492
743954358,0.1,19.912106806416567,1.050220702898086
743954649,0.1,19.42571450747737,1.051478157965056
74395530x,0.1,19.98868635776472,1.0500283001144568
743955393,0.1,19.785827356078734,1.0505412274151262
743955449,0.1,19.673362650828807,1.0508301512938294
743955457,0.1,19.76121653245377,1.0506041719829193
743956302,0.1,19.819699262066997,1.0504548523556008
743956759,0.1,19.97632298817204,1.0500592626877379
743956919,0.1,19.07969354527833,1.0524117432822955
743957006,0.1,19.68517375523562,1.0507996532026562
743957030,0.1,19.911697379854175,1.0502217355418306
743957161,0.1,19.75896254499143,1.0506099446123747
74395733x,0.1,19.988827569874267,1.0500279466869347
743957591,0.1,19.51213505191193,1.0512501577781983
743957735,0.1,19.92553007041914,1.0501868706361077
743958172,0.1,19.853534132513776,1.0503688659825214
743958324,0.1,19.99615348601904,1.050009618134767
743958658,0.1,19.923213027756006,1.050192707301119
743958973,0.1,19.998168534430537,1.0500045790832453
743959167,0.1,19.998364752020287,1.0500040884542312
743960336,0.1,19.81383857915941,1.0504697762629307
743960731,0.1,19.17309520575257,1.0521564196739588
743961179,0.1,19.93593290223561,1.0501606824673784
743961793,0.1,19.854542125788583,1.050366308810573
74396306x,0.1,19.366260563790462,1.0516361946440875
743963377,0.1,19.90573531035219,1.050236777713001
743963641,0.1,19.986575717658717,1.050033583247403
743963887,0.1,19.99248131206366,1.0500188037888318
743963895,0.1,19.591180797689102,1.0510433756049027
743964054,0.1,19.993018913194796,1.0500174588110869
743964388,0.1,19.072633727397367,1.0524311437158007
743964599,0.1,19.189215846830148,1.0521126036614565
743965137,0.1,19.829597641303756,1.0504296667077635
743965399,0.1,19.969144862082164,1.0500772570336159
743965591,0.1,19.945274758037886,1.0501371884885669
743965823,0.1,19.976378326330458,1.0500591240145827
743965858,0.1,19.863920585620978,1.0503425290938726
74396592x,0.1,19.977124167959925,1.050057255067966
743965970,0.1,19.996955728686302,1.050007611836909
743966332,0.1,18.92456070738336,1.0528413850901095
743966519,0.1,19.973653235567642,1.0500659537945354
743966914,0.1,19.85565579348109,1.050363483855734
743966930,0.1,19.952354802992012,1.0501193974282195
74396699x,0.1,19.728190542354536,1.0506888859296597
743967183,0.1,19.989880949780257,1.0500253104314257
743967351,0.1,19.978934205399078,1.0500527200159537
743967474,0.1,18.39832814390806,1.054352764673953
743967685,0.1,19.07977393736363,1.0524115224469046
743967781,0.1,19.863476815398617,1.050343653797042
743968098,0.1,19.92690846481068,1.0501833990840035
743968231,0.1,19.993291814170735,1.05001677609143
743968442,0.1,19.7921862652201,1.0505249893366886
743968493,0.1,19.772854702346468,1.0505743867061001
743969111,0.1,19.693759070983514,1.0507775075543289
743969250,0.1,19.985950208568365,1.0500351491705049
743969568,0.1,19.932568145044797,1.0501691499421062
743969592,0.1,17.65675950244047,1.0566355338227142
743969605,0.1,19.992516155801766,1.0500187166141068
743970534,0.1,19.765479026874882,1.050593259016911
74397106x,0.1,19.954467692753173,1.050114090508321
74397253x,0.1,19.904059355729242,1.0502410077325335
743972556,0.1,19.78382286581295,1.050546348235256
743973161,0.1,19.97499834511717,1.0500625823703484
743973399,0.1,19.876241800110996,1.0503113219318159
743973436,0.1,19.964395420010167,1.0500891701933386
743973890,0.1,19.232567934600006,1.0519951367597131
743974252,0.1,19.960334482435076,1.050099360853897
743974324,0.1,19.66116932556324,1.0508616747784076
743974367,0.1,19.992173715049546,1.0500195733717153
74397480x,0.1,19.98435568900861,1.0500391413944858
743975212,0.1,19.30712483481078,1.0517943509743615
743975335,0.1,19.95297853645043,1.0501178306874426
743975538,0.1,19.71248899231882,1.0507292610481436
743975618,0.1,19.30573166840496,1.0517980886285996
743975896,0.1,19.988569457293583,1.0500285926982689
743975941,0.1,19.03519225868405,1.0525342736973822
743976725,0.1,19.604953896981193,1.0510075160214472
743977146,0.1,19.936356555129485,1.050159616539498
743977496,0.1,19.952487195692914,1.0501190648660517
743978237,0.1,19.99342182173988,1.0500164508564835
743978528,0.1,19.986062486337207,1.0500348680828762
743978704,0.1,19.99521192260432,1.050011973059886
743978720,0.1,18.906354778439166,1.0528922688545124
743978990,0.1,16.221045388597037,1.061648307864484
743979264,0.1,19.55043743748872,1.0511497506486716
743979280,0.1,19.676267038484166,1.050822648322679
743979459,0.1,19.913017440992387,1.0502184062743514
743979627,0.1,19.857891522731837,1.0503578136105374
743979790,0.1,19.882085905058656,1.050296533511384
743979942,0.1,19.947415040492203,1.0501318089572034
74398053x,0.1,19.98695629681699,1.0500326305391108
743980812,0.1,19.451423440816086,1.0514101193181389
743982201,0.1,19.9536859279646,1.0501160539265844
743982463,0.1,19.821313302251912,1.0504507438407922
743982682,0.1,19.316206109442728,1.0517700005029016
743982826,0.1,19.990614495021322,1.0500234747785793
743983319,0.1,19.964302533335516,1.0500894032401205
743983386,0.1,19.752253385863384,1.0506271350647869
743983474,0.1,19.92053397810545,1.0501994575596767
74398379x,0.1,19.373302198286833,1.0516174263821905
743984207,0.1,19.96153554287541,1.050096346438484
743984215,0.1,19.986189779429036,1.0500345494081749
743985031,0.1,19.764268432464604,1.0505963579384203
743985269,0.1,19.985069161007225,1.050037354984545
743985277,0.1,19.949616469755977,1.05012627693951
743985349,0.1,19.968311205503745,1.0500793477079011
743986034,0.1,19.973993480002154,1.0500651009524558
743986464,0.1,19.97891526023494,1.0500527674788407
743986480,0.1,19.976637642337614,1.0500584741989134
743986616,0.1,19.986772425214173,1.050033090822531
743986755,0.1,19.640203076807936,1.0509159704759288
743986894,0.1,19.986410995817362,1.05003399560878
743986966,0.1,19.96785928535129,1.0500804811226616
743987088,0.1,19.940811565720917,1.0501484102943455
743987221,0.1,19.94714559859843,1.0501324861272514
743987248,0.1,19.998728764769194,1.0500031782900947
743987766,0.1,19.990925472580674,1.0500226966166017
743988259,0.1,19.989003103276495,1.0500275073665923
743988283,0.1,19.970858077461337,1.0500729611177086
74398854x,0.1,18.86996581208099,1.0529942666541439
743989163,0.1,19.96856646573682,1.0500787075384632
743989278,0.1,19.97902123881613,1.0500525019742786
743989323,0.1,19.962326653688798,1.050094361110718
74398934x,0.1,19.983519678292584,1.0500412347823924
743989526,0.1,19.97058306814975,1.0500736506584456
743990287,0.1,19.984681884054698,1.0500383246429295
743990930,0.1,19.989472368902643,1.0500263329389168
743992207,0.1,19.985081320839125,1.0500373245395438
743992522,0.1,19.93997951622758,1.050150502872191
743992637,0.1,19.97118167288838,1.0500721497795764
743993656,0.1,19.64904223446058,1.0508930658333155
743993736,0.1,19.391755747074075,1.051568306296911
743993920,0.1,19.994321657621313,1.0500141998875379
74399435x,0.1,19.94012868643784,1.0501501277010385
743994608,0.1,19.997971853468947,1.0500050708805522
743994819,0.1,19.947255739536384,1.0501322093152872
743995213,0.1,19.97913988875424,1.050052204727936
74399523x,0.1,19.98867817138598,1.050028320603586
743995248,0.1,19.981725395713056,1.0500457282940412
743995942,0.1,19.97203553509991,1.050070009050532
743996072,0.1,19.116722453060227,1.0523102222389549
743996291,0.1,19.60761797221914,1.0510005856609834
743996443,0.1,19.88970540377169,1.0502772655350827
743996945,0.1,19.946097831028712,1.0501351195843616
743996996,0.1,19.862541592489038,1.0503460242156597
743999169,0.1,19.980027474500307,1.050049981226315
743999257,0.1,19.45602417959617,1.0513979624392489
743999273,0.1,8.778883031765806,1.113909707690781
743999505,0.1,19.92388392680833,1.0501910171567734
743999628,0.1,19.990022127628443,1.0500249571318827
743999644,0.1,19.9722067969425,1.0500695796997799
746595274,0.1,19.890759026242034,1.0502746023256675
747200262,0.1,19.81277469927595,1.0504724863214916
747200334,0.1,19.9686692680556,1.050078449724225
747200916,0.1,19.46429665877696,1.0513761179009298
747201329,0.1,19.968512413746257,1.0500788430945713
747201935,0.1,18.554855545779912,1.053894248733585
747201951,0.1,19.99909476300955,1.0500022631949124
747202014,0.1,19.992995754644248,1.0500175167479695
747202540,0.1,19.62145969509175,1.0509646079109063
747202882,0.1,18.644187214277903,1.0536360200907118
747203156,0.1,19.982404275481535,1.050044028046565
747203236,0.1,19.675638796304998,1.0508242710873406
747203340,0.1,19.82946291401518,1.0504300093419683
747203551,0.1,19.976852972340257,1.0500579346198617
747204124,0.1,19.253826772680277,1.051937727071427
747204204,0.1,18.873082706190488,1.0529855146383686
747204263,0.1,19.970186338973395,1.0500746454252368
747204546,0.1,19.98997935053701,1.0500250641816264
747204773,0.1,16.884938628803884,1.0592243787190383
74720495x,0.1,19.764490888922598,1.0505957884582027
747205143,0.1,19.888460287356498,1.050280413141671
747205223,0.1,18.37331555809992,1.0544267580251268
74720583x,0.1,19.510397730255026,1.0512547213965446
747205848,0.1,19.943684563591574,1.0501411861389727
747206285,0.1,19.98436407566501,1.0500391203950143
747206541,0.1,19.116539348054577,1.0523107232848485
747206920,0.1,19.640943898406796,1.0509140500157488
747207667,0.1,19.92391331533237,1.050190943123129
747207763,0.1,19.74910644780045,1.0506352022884242
747207982,0.1,19.99326446995384,1.0500168444979465
74720831x,0.1,18.654731267343614,1.053605703865087
74720954x,0.1,19.95614238482632,1.0501098850026422
747209611,0.1,19.591993243057267,1.0510412589262383
747209777,0.1,19.789912589059604,1.0505307941861668
747209910,0.1,19.295016854433033,1.0518268528887162
747210188,0.1,19.988425065638726,1.0500289540929895
747210364,0.1,19.815647516247584,1.050465168962057
747210620,0.1,19.99777579321079,1.0500055611354289
747211025,0.1,19.700774985963424,1.0507594244750518
747211092,0.1,19.829476892908115,1.0504299737910707
747211500,0.1,15.079750818759043,1.0663140931185686
747211789,0.1,19.992940532166624,1.0500176549012938
747211930,0.1,19.969729623844177,1.0500757906509652
747212415,0.1,19.946753512491817,1.050133471563367
747212511,0.1,19.98335018948874,1.0500416592071735
747213119,0.1,19.997640159138694,1.0500059002983415
747213194,0.1,19.384216269167755,1.05158836375503
747213303,0.1,19.858699452278504,1.0503557648577668
74721332x,0.1,19.790098318328017,1.0505303199567169
747213557,0.1,19.99523722790659,1.0500119097664087
74721367x,0.1,19.72172864418751,1.0507054943327558
747213709,0.1,17.518197844581323,1.0570834973364178
74721375x,0.1,19.944112600452133,1.0501401100180978
747213776,0.1,19.95802787628028,1.050105150979796
747213987,0.1,19.99668549618155,1.0500082876330157
747214285,0.1,19.458353649438507,1.0513918092977437
747214429,0.1,19.989360749639438,1.0500266122826383
747214437,0.1,19.995042878452995,1.0500123958762608
747214525,0.1,19.607836538642918,1.0510000171629956
747214699,0.1,19.985504285704298,1.0500362655705067
747216045,0.1,19.99727295096352,1.0500068185523175
747216096,0.1,19.837845907391443,1.050408698841007
747216424,0.1,19.570554081408623,1.0510971736334214
747216758,0.1,19.55318688697533,1.0511425582837401
747216862,0.1,18.193992873307185,1.0549631962023642
747217056,0.1,19.619179128991654,1.0509705321219214
747217232,0.1,19.993833293074434,1.0500154215223143
747217566,0.1,19.98957920622356,1.0500260655656353
747218278,0.1,19.603313024926074,1.0510117855450494
747218526,0.1,19.983261857302494,1.050041880406755
747219035,0.1,19.899054374076734,1.0502536442788326
747219190,0.1,19.70934888308639,1.0507373432745997
747219369,0.1,19.934548565702077,1.0501641658301972
747220458,0.1,19.959999408151866,1.0501002018863583
74722116x,0.1,17.81095557427506,1.0561452189260598
74722124x,0.1,19.992736467119585,1.0500181654294607
747221346,0.1,19.975697185165618,1.0500608309552582
747221805,0.1,19.98272213271494,1.0500432320160644
747222859,0.1,19.98377018485535,1.050040607490465
747223157,0.1,19.98949834660134,1.0500262679263295
747223659,0.1,19.833564829277943,1.0504195795666456
747224950,0.1,19.969348657992096,1.0500767459733735
747225259,0.1,19.992448232508696,1.05001888655007
747225523,0.1,19.993104378072992,1.0500172450005678
747225646,0.1,19.821438057262785,1.0504504263066619
747225785,0.1,19.946810067100927,1.0501333294213966
747226868,0.1,19.14042558488917,1.0522454422742549
747227262,0.1,19.979534608255765,1.05005121588702
747227270,0.1,19.991512114435107,1.0500212287232609
747227414,0.1,19.840245587537034,1.0504026019026784
747227529,0.1,18.670413045788226,1.0535606790030596
747227713,0.1,18.765897580574496,1.0532881518566504
747228775,0.1,19.84071209790678,1.0504014167972076
747229209,0.1,19.96448717183267,1.050088939995958
747229807,0.1,19.99659177574252,1.0500085220128903
74722992x,0.1,19.757329501796224,1.0506141277802288
74723004x,0.1,19.993553178732093,1.050016122250033
747230971,0.1,19.987963277352478,1.0500301099278613
747230998,0.1,19.9725842280898,1.0500686335118108
74723100x,0.1,19.78146049985282,1.0505523846435627
747231165,0.1,19.21536744760783,1.0520416798027192
747231624,0.1,19.687927069770637,1.0507925489796957
747232168,0.1,19.923253792087806,1.0501926046034276
747232424,0.1,19.98310156839252,1.0500422818038273
747232520,0.1,19.57019753596929,1.0510981045624113
747232539,0.1,17.077601935384802,1.0585562307742986
747232846,0.1,19.99271865291488,1.0500182099973783
74723311x,0.1,19.969172564247366,1.0500771875641153
747233291,0.1,19.9970586572774,1.0500073544384028
74723362x,0.1,19.988766374853494,1.0500280998460232
747234710,0.1,19.963665374111713,1.0500910018907035
747234761,0.1,19.949418593898077,1.0501267741359575
747235123,0.1,17.9265159823859,1.0557832877834472
747235131,0.1,19.98600871758404,1.050035002692668
747235262,0.1,19.966820862886717,1.050083085678339
747235780,0.1,19.882383187836894,1.0502957814741118
747235860,0.1,19.41450198785873,1.0515078883107778
747236644,0.1,15.446478927507872,1.0647396733387018
747237268,0.1,19.82705835236647,1.0504361253307475
747237882,0.1,19.99510322484725,1.0500122449359168
747238375,0.1,19.619636082675232,1.05096934498612
747238797,0.1,18.891525536488736,1.0529337875900235
747239124,0.1,19.821203287226112,1.0504510238611222
747240088,0.1,19.764472904256177,1.0505958344978001
747240520,0.1,19.51926499561914,1.0512314372608005
747240627,0.1,19.943448344692065,1.0501417800330477
747241064,0.1,19.993849747330323,1.0500153803613297
747241662,0.1,19.975762321373544,1.0500606677187998
747241988,0.1,19.863957989200966,1.0503424342995313
747242067,0.1,19.96068063559933,1.0500984920432286
747243537,0.1,17.69410715835617,1.0565159909483053
747243596,0.1,19.99970032485845,1.0500007491990797
747243684,0.1,19.87576238133633,1.0503125354798475
747243959,0.1,19.668660838457985,1.0508423022905915
747244695,0.1,19.92973082988234,1.0501762923210491
747245022,0.1,19.951114165801616,1.050122514045562
747245567,0.1,19.712388885551675,1.0507295186700054
747245751,0.1,18.361720008117064,1.0544611288897736
74724576x,0.1,19.988448336303666,1.0500288958489974
747246009,0.1,19.978587040719866,1.0500535897739827
747246084,0.1,19.960963558355505,1.0500977819570942
747246092,0.1,19.608915151047885,1.0509972118445605
747247298,0.1,19.94615678821473,1.050134971394131
747247511,0.1,19.99155996806084,1.0500211089878746
74724752x,0.1,19.90538921148528,1.0502376511896088
747247714,0.1,10.319659652271444,1.0969024205929012
747248303,0.1,19.789798917483836,1.0505310844324205
747248442,0.1,19.834671972799903,1.0504167652165532
747249322,0.1,19.669356192023006,1.050840504907098
747249488,0.1,19.97473404818328,1.0500632447765157
748965080,0.1,19.926417903667918,1.0501846345306212
74989136x,0.1,19.9758864483411,1.0500603566498068
750259118,0.1,19.975633869767943,1.0500609896296431
750401356,0.1,19.65377800321301,1.050880802654661
750401890,0.1,19.990670384797323,1.0500233349232995
750401970,0.1,14.7663317467937,1.0677216262743885
750402287,0.1,18.9886198541159,1.0526631217899307
750402543,0.1,19.881969840483062,1.0502968271264466
750402754,0.1,19.994962347909144,1.0500125973032688
750402770,0.1,19.974596589967966,1.050063589294326
750402930,0.1,19.410738996172842,1.0515178736985318
750403466,0.1,19.948101014765736,1.0501300850271307
750403706,0.1,19.797721470373574,1.0505108631564726
750404362,0.1,19.957432540336445,1.0501066456308383
750405453,0.1,19.80616772901902,1.0504893230069363
750405613,0.1,19.03952963454743,1.0525223059179722
75040598x,0.1,19.990704987261296,1.050023248336526
750405998,0.1,19.95675542478353,1.0501083457062432
750407096,0.1,19.896870881298703,1.050259159139436
750407782,0.1,19.97165813426094,1.0500709552145058
750408101,0.1,19.9376928272851,1.0501562547212826
750408806,0.1,19.703341511868626,1.050752812633209
750408929,0.1,19.998321044781473,1.0500041977404373
750409374,0.1,19.198411727493177,1.0520876421546865
750411028,0.1,19.990665173834365,1.0500233479628729
750411060,0.1,19.989674434966687,1.050025827246629
750411087,0.1,19.983436993197486,1.0500414418370778
750411108,0.1,19.987911822720527,1.0500302387197489
750411837,0.1,19.68718424953194,1.0507944654413328
75041195x,0.1,19.899564668710102,1.0502523555991348
750412944,0.1,16.140694485538553,1.0619552027885766
750413031,0.1,19.87268381833796,1.0503203296113044
750413218,0.1,19.993676068468137,1.0500158148294245
750413242,0.1,19.94664387616284,1.0501337471209904
750413883,0.1,19.98030776109766,1.0500492791180642
750414050,0.1,19.933125497818548,1.0501677471558306
750414288,0.1,19.858381010184385,1.0503565723453059
750414608,0.1,18.5252206616503,1.0539804636211505
750415328,0.1,19.995201990864178,1.0500119979011415
750415694,0.1,19.98754954826931,1.0500311455181153
750415942,0.1,19.69522234094289,1.0507737350048176
750415977,0.1,19.859508516952623,1.0503537133935803
750415985,0.1,19.959222697375242,1.050102151529754
750416427,0.1,19.953640661552864,1.0501161676188158
750416451,0.1,19.67375771491807,1.050829130585548
750416662,0.1,19.530511815291963,1.0512019351800612
750416806,0.1,19.963665939182405,1.0500910004728798
750417032,0.1,19.990377089776455,1.050024068856181
750417534,0.1,19.92172739261788,1.050196450352521
750417681,0.1,19.99800996690917,1.0500049755778054
75041793x,0.1,19.987286302265442,1.050031804461952
750418086,0.1,19.945696002747987,1.0501361296122345
750418211,0.1,19.95918833627259,1.0501022377840217
750418297,0.1,19.998115855116875,1.0500047108059998
750418887,0.1,19.98653533188102,1.0500336843477256
750419038,0.1,19.87609628030852,1.0503116902784735
750419118,0.1,19.743393927530132,1.0506498529923776
750419193,0.1,19.952665416181027,1.0501186171943238
750419433,0.1,19.97749141909613,1.0500563348531398
750419468,0.1,19.74491743530322,1.050645944875517
750419476,0.1,19.67959057749792,1.0508140652653324
750419484,0.1,18.32795106019965,1.054561472622631
750419564,0.1,19.95037383260404,1.0501243740288086
75041961x,0.1,19.31522050712028,1.0517726421829543
750419740,0.1,19.99845853382532,1.0500038539624743
750419978,0.1,19.998284297535186,1.050004289624148
750420119,0.1,19.983345915751883,1.0500416699093293
750420135,0.1,19.99268498961993,1.0500182942170695
750420354,0.1,19.809748368058642,1.0504801969929314
750420717,0.1,19.88637190129113,1.0502856933865887
750420848,0.1,18.71778920196577,1.0534251128276932
750420856,0.1,19.98068930985958,1.0500483233832452
750421031,0.1,19.992000893256662,1.050020005768272
750421074,0.1,19.9790958933112,1.0500523149465832
750421904,0.1,19.978300430585946,1.0500543078463793
750422026,0.1,19.90031149438072,1.0502504697116108
750422114,0.1,19.932141040191585,1.0501702249639704
750422464,0.1,19.947995388318315,1.0501303504704842
75042331x,0.1,19.491008819157322,1.0513057076356724
750423870,0.1,19.992759779117435,1.0500181071071792
75042403x,0.1,19.197533642863664,1.0520900246147886
750424443,0.1,19.932585134910298,1.050169107179609
750424638,0.1,19.722313238081306,1.0507039913588394
750424961,0.1,19.987359230099774,1.0500316219110155
750425403,0.1,19.53862813821417,1.051180665957001
750425868,0.1,19.96127158418082,1.0500970088895787
750425913,0.1,19.954767469072266,1.050113337654768
750426123,0.1,19.904025745991866,1.0502410925689931
75042649x,0.1,19.96051283964977,1.050098913190927
750427003,0.1,19.32153054417202,1.05175573424237
750427230,0.1,19.983008349047015,1.0500425152475947
750427396,0.1,19.99649149740626,1.050008772795453
750427409,0.1,19.869017447156153,1.0503296150732975
750427417,0.1,19.9893137140858,1.050026729997005
750427572,0.1,19.651596053488486,1.0508864520356596
750428137,0.1,19.788019778772444,1.0505356276767395
750428145,0.1,19.397966572574894,1.0515517951976376
750428313,0.1,19.231720819742726,1.0519974270307328
750428727,0.1,19.98850546274678,1.0500287528681789
75042905x,0.1,19.99168765562678,1.0500207895014078
750429906,0.1,19.998692594249412,1.0500032687280543
750429957,0.1,19.93884391418723,1.0501533591568197
75043043x,0.1,19.74653917649625,1.0506417854319643
750430755,0.1,19.443721780157027,1.0514304828729104
750431045,0.1,17.94141955351756,1.0557369497445335
750431360,0.1,19.99732599227712,1.0500066859132164
750431678,0.1,19.94415783823487,1.0501399962891842
750431723,0.1,19.994770975814422,1.0500130759791946
750432398,0.1,19.965749319003596,1.0500857735926892
750432822,0.1,19.989483335792947,1.0500263054928194
750433163,0.1,19.93495825587191,1.0501631348892064
750433446,0.1,19.308771329804287,1.0517899343733197
750433585,0.1,19.8463120724332,1.050387195180157
750433745,0.1,19.995074137090796,1.0500123176910359
750434422,0.1,18.132512390207744,1.0551495555872357
750434545,0.1,19.78876217474882,1.0505337317801533
750434588,0.1,19.97563825617654,1.050060978636855
750436081,0.1,19.98971098762936,1.0500257357707097
750436268,0.1,16.820140522593455,1.0594525354087716
750436399,0.1,19.993345820347567,1.0500166409857365
750436401,0.1,19.976461295815835,1.050058916100894
750436786,0.1,19.38977932371245,1.0515735627159544
750437308,0.1,12.542178892210185,1.079730962904786
75043748x,0.1,19.95836346778231,1.0501043084827193
750437615,0.1,19.689488627277655,1.050788520663488
750437674,0.1,19.999731309659364,1.050000671734876
75043801x,0.1,19.99470482291759,1.0500132414484968
750438079,0.1,19.997570724906364,1.050006073925496
750438247,0.1,19.99183122112223,1.050020430291721
750438386,0.1,19.86789880176797,1.0503324488400865
750438431,0.1,19.96789061926414,1.0500804025356212
750438642,0.1,19.59376409068658,1.0510366459130396
750440240,0.1,19.893725067773552,1.0502671066677165
75044062x,0.1,19.99399583559158,1.0500150149186231
750441817,0.1,19.804260365975367,1.0504941856711825
750442035,0.1,19.80747065219417,1.0504860018504798
750442377,0.1,19.092734457506463,1.0523759444843084
750442721,0.1,19.964619531610946,1.050088607920459
750444372,0.1,19.992620103860183,1.050018456550721
750444604,0.1,19.988695160441466,1.0500282780828558
750444874,0.1,19.897128872250725,1.050258507467107
750444954,0.1,19.71070512012955,1.0507338521836416
750445092,0.1,19.964167663714672,1.0500897416233146
750445105,0.1,19.158483184294237,1.0521961989569082
750445113,0.1,19.84346283219047,1.0503944300678094
750445340,0.1,19.805595249841993,1.0504907823968572
750445455,0.1,19.86488066070657,1.0503400960257483
750446300,0.1,19.334071881245492,1.0517221621054396
75044724x,0.1,19.99255187806015,1.050018627241748
75044732x,0.1,19.93914378047369,1.0501526048966705
750449093,0.1,19.96916796854763,1.0500771990888678
750449384,0.1,19.945618232920424,1.0501363250976845
750449907,0.1,19.58189028963891,1.0510675928221862
753750658,0.1,18.57297441144966,1.0538416721978323
753750885,0.1,16.75039529132804,1.0597000836462478
753750906,0.1,19.927839777309742,1.0501810538008551
75375128x,0.1,19.98143632661197,1.0500464522997361
753751378,0.1,19.984289528075994,1.0500393070564304
753751511,0.1,19.147477959893035,1.0522261992986561
753751853,0.1,19.987626144747225,1.0500309537890171
753752303,0.1,19.990303981547253,1.0500242518034286
753752370,0.1,19.941958542748882,1.0501455259700965
753752717,0.1,19.94855283479857,1.0501289496176176
753752987,0.1,14.507313891718866,1.0689307481360022
753754165,0.1,19.97882443255625,1.0500529950285995
753754253,0.1,19.971270553920053,1.0500719269362517
753754851,0.1,18.950720292038962,1.0527684428132313
753755475,0.1,19.996655894520966,1.0500083616618114
753755627,0.1,19.44422553345816,1.0514291504323108
75375574x,0.1,19.436897022160377,1.0514485413417523
753756347,0.1,19.99416873703283,1.050014582409111
753756988,0.1,19.930177624590787,1.050175167468962
75375742x,0.1,19.980814897165807,1.0500480088097832
753757630,0.1,19.965187817499487,1.0500871822063953
753757737,0.1,19.206374985547832,1.0520660458182487
753758035,0.1,19.98092828249982,1.050047724803449
753758318,0.1,18.82093600007357,1.0531323203052223
753758473,0.1,19.586284532790895,1.0510561356507317
753758537,0.1,19.496135671371725,1.051292215896323
753758748,0.1,19.82173969119606,1.050449658585929
753758887,0.1,19.999614764550483,1.050000963107175
753759038,0.1,19.683021759888156,1.0508052072592782
753759062,0.1,19.976630045430845,1.0500584932356358
753759767,0.1,19.9356564192654,1.0501613781341868
753759775,0.1,19.991565713634504,1.0500210946118136
753760274,0.1,19.959685406628697,1.0501009900520724
753760581,0.1,19.60240769780943,1.0510141414981258
75376083x,0.1,19.985458272446543,1.0500363807708466
753761197,0.1,19.796932425329828,1.0505128763646492
753761250,0.1,19.648054974015885,1.050895623069178
753761402,0.1,19.977974820877005,1.0500551236532243
753761808,0.1,19.994200048579657,1.0500145040847002
753761955,0.1,19.731535078909843,1.0506802940572453
753762034,0.1,19.99408892455301,1.0500147820575103
753762499,0.1,19.99271654057416,1.050018215282078
753763256,0.1,18.262039292966364,1.0547583971295664
753763301,0.1,19.763117666308606,1.050599304061462
75376331x,0.1,19.967112246359925,1.0500823548073308
753764187,0.1,17.244918519694245,1.0579880965432205
753764435,0.1,19.961030428734354,1.0500976141271985
753764777,0.1,19.99090826739618,1.050022739668659
753765390,0.1,19.55896081803159,1.0511274606715348
75376577x,0.1,19.733020448356765,1.0506764791845777
753765884,0.1,19.994602281992467,1.0500134979379219
753766051,0.1,19.98837115425137,1.0500290890279624
753766246,0.1,18.99612827639018,1.0526423061294483
753766254,0.1,17.013740143727933,1.0587760240577464
753766852,0.1,4.563261839633777,1.2191414902635205
753766932,0.1,19.974359598693674,1.0500641832875284
753767038,0.1,19.796189831505643,1.0505147712015015
753767206,0.1,19.948694473857802,1.0501285936937113
75376745x,0.1,19.976312955032835,1.0500592878300927
753767767,0.1,19.981788777049914,1.050045569551238
753767855,0.1,19.754134476251796,1.0506223140883337
753767978,0.1,19.993497003654156,1.0500162627787042
75376833x,0.1,19.82937067458103,1.0504302439250826
753768364,0.1,19.696352892573966,1.0507708206414714
753768460,0.1,19.977201647085003,1.0500570609270452
753768495,0.1,19.997856478051652,1.0500053593792682
753768516,0.1,19.796284280685207,1.0505145301927028
753768727,0.1,19.707675634829027,1.0507416510464946
753768794,0.1,19.97503479145212,1.050062491026445
753768882,0.1,19.4156482492584,1.0515048473871171
753769017,0.1,18.99266779304721,1.052651897611039
753770587,0.1,19.988536423521424,1.0500286753773156
753771395,0.1,19.959066704505435,1.0501025431101079
753771731,0.1,19.88305336125311,1.050294086216594
753771977,0.1,19.992477066518635,1.0500188144106815
753772443,0.1,19.880537376138008,1.0503004511940541
753773454,0.1,19.99594722975779,1.05001013397914
753773534,0.1,19.93987498056999,1.0501507657883729
753773681,0.1,19.982637257482327,1.0500434445721403
753774430,0.1,19.963689535504866,1.0500909412672206
753774764,0.1,19.981244459547728,1.0500469328636919
753775134,0.1,19.9890899947014,1.0500272898998941
753775409,0.1,19.981468920701708,1.0500463706631675
753775425,0.1,19.94108601571978,1.050147720099682
753776057,0.1,17.360097020754143,1.0576033647049605
753776065,0.1,19.839333953584337,1.050404917944301
753776217,0.1,19.77614726767167,1.0505659664880587
753776380,0.1,18.75636351520402,1.053315238808919
753776508,0.1,19.976683017279317,1.0500583604963358
753776655,0.1,19.958177255022452,1.0501047759633637
753777033,0.1,19.956234188198746,1.0501096544853816
753777228,0.1,19.991271965454928,1.0500218296128434
75377764x,0.1,19.9313641349751,1.050172180550614
753777746,0.1,19.696713250771364,1.0507698917717065
753777762,0.1,19.994238672976053,1.0500144074678666
753777914,0.1,19.924408766125154,1.0501896950488272
753778255,0.1,19.991352925178308,1.0500216270375848
753778431,0.1,19.994558735601288,1.0500136068629238
753778589,0.1,19.943533372982614,1.0501415662559923
753779768,0.1,19.989382314423175,1.050026558313333
753779987,0.1,19.97727702248841,1.0500568720589047
753780072,0.1,19.982128755334966,1.0500447180700412
753780224,0.1,19.89148021287092,1.0502727795668492
753780312,0.1,19.981255189034236,1.0500469059896098
753780371,0.1,19.862729153345033,1.050345548805492
753780435,0.1,17.76175588147839,1.0563007400097633
753780566,0.1,19.992807915266013,1.0500179866799213
753780777,0.1,19.934811148687242,1.050163505063646
75378118x,0.1,19.993882685162134,1.0500152979662185
753781657,0.1,19.923266518836662,1.0501925725409806
753781681,0.1,19.770509785638552,1.0505803851717779
753782174,0.1,19.922071033360524,1.0501955845015034
753782385,0.1,19.871909734971304,1.0503222897716853
753782596,0.1,19.90813634233841,1.0502307188781559
753782625,0.1,19.99342911747806,1.0500164326051407
753782799,0.1,18.745344496364616,1.0533465789435843
753782860,0.1,19.866785393136777,1.0503352696579418
753783054,0.1,19.97276149967981,1.0500681891192678
753783433,0.1,19.979760082839316,1.0500506510515561
753783679,0.1,19.936839597021347,1.0501584012417597
75378388x,0.1,17.21865929095763,1.0580765309947884
753784241,0.1,19.979479772418255,1.0500513532579814
753784452,0.1,19.97668256584583,1.0500583616275558
753785121,0.1,19.994386276532474,1.0500140382490113
753785746,0.1,19.91288334875549,1.0502187444422757
753785770,0.1,19.982581976335727,1.0500435830156607
753786546,0.1,18.028802382213904,1.0554668013326574
753786570,0.1,19.96982081882006,1.0500755619728732
753786618,0.1,19.835542030973684,1.0504145537560041
75378759x,0.1,18.563294601470943,1.0538697478798167
753787805,0.1,19.997966615510276,1.0500050839781083
753788218,0.1,19.85764242957293,1.050358445296142
753788699,0.1,19.999582047883635,1.0500010449021269
753788824,0.1,17.06426985401176,1.0586019799590138
753788891,0.1,19.935267154996,1.0501623576059973
753789341,0.1,19.977507419133204,1.0500562947628924
753789448,0.1,19.915757624375956,1.0502114967886558
753789464,0.1,19.993138323179725,1.0500171600793966
753789667,0.1,19.9820670792162,1.0500448725367417
753789675,0.1,19.930208973031704,1.050175088547899
753789878,0.1,19.982700965803474,1.0500432850249477
753789923,0.1,5.577383102876349,1.1792955552011988
753790115,0.1,19.998924955389686,1.0500026877559987
753790860,0.1,19.849378695373844,1.0503794106277524
753791011,0.1,19.994158720748413,1.050014607464443
753791652,0.1,19.962830133272178,1.0500930976882528
753792786,0.1,19.840103926865446,1.050402961783174
753793017,0.1,19.993679356030718,1.0500158066053193
753793113,0.1,19.75013363760442,1.0506325687891038
753793201,0.1,19.98506436959825,1.0500373669809753
753793340,0.1,19.971693797015114,1.0500708658045546
753794191,0.1,19.954058146600115,1.0501151190726778
753794319,0.1,19.92481296947826,1.0501886768790174
753794562,0.1,19.53984033206644,1.0511774908599902
753794888,0.1,17.980115971041556,1.0556169938842765
753794976,0.1,19.986763962086773,1.050033112008373
753795370,0.1,19.874847896864647,1.050314850467749
753796314,0.1,19.995144995989808,1.0500121404571239
753796488,0.1,19.86775656624854,1.0503328091757882
753796605,0.1,19.9721606768315,1.0500696953214501
753796613,0.1,19.97847466004079,1.0500538713298324
75379735x,0.1,19.94880861517394,1.0501283068723892
753797798,0.1,19.408399534818063,1.0515240835910262
753798918,0.1,19.996234053483306,1.0500094166394198
753799160,0.1,19.891439379112633,1.0502728827683565
753799400,0.1,19.95168004626179,1.0501210924434088
753799523,0.1,19.9961640795159,1.0500095916408487
753799814,0.1,19.72359546157401,1.0507006951115088
753799902,0.1,18.694646635783393,1.0534912490983328
754281750,0.1,19.00053984358643,1.0526300835782594
756900340,0.1,19.971164927286704,1.0500721917645222
756900690,0.1,19.831033965858737,1.0504260141816917
756901757,0.1,19.97096500313021,1.050072693024261
756901781,0.1,17.990821516067893,1.055583898662264
756901810,0.1,19.274479617511826,1.0518820751503688
756901888,0.1,19.920266774257502,1.0502001309185416
756902856,0.1,19.569299401214632,1.051100449714512
756903015,0.1,19.48319853483443,1.051326274698278
756903023,0.1,13.839249171826857,1.0722582553131381
756903170,0.1,19.977246501018346,1.0500569485363773
756903277,0.1,19.38965470668032,1.0515738941785007
756903496,0.1,19.882608131897182,1.0502952124472908
75690371x,0.1,19.985515596977752,1.0500362372513032
756903760,0.1,19.8836844935052,1.0502924898213226
756903832,0.1,19.960503416223116,1.0500989368428073
756903883,0.1,19.673994240549234,1.0508285195051517
756904982,0.1,19.90664782652196,1.0502344748706351
756905264,0.1,19.86568147527864,1.050338066743113
756905352,0.1,19.99437355249934,1.0500140700769791
756905440,0.1,19.9981081590794,1.0500047300497266
756906072,0.1,19.918948318170486,1.0502034537178742
756906099,0.1,19.850135218572174,1.0503774905807381
756907008,0.1,19.97372032815812,1.050065785620831
756907120,0.1,19.989113331587756,1.0500272314940429
756907278,0.1,19.80675418971274,1.0504878280621759
75690734x,0.1,17.91684365578893,1.0558134021377643
75690750x,0.1,19.981521395270782,1.0500462392336491
756907542,0.1,19.878945331191304,1.0503044796059144
756907753,0.1,19.985630906436903,1.0500359485613198
756908086,0.1,19.992442077047883,1.0500189019503545
756908254,0.1,18.55904176852772,1.0538820922153316
756908334,0.1,19.97945758246577,1.0500514088469355
756908692,0.1,19.964974095305486,1.0500877183825217
756909054,0.1,19.90177193969194,1.0502467821975996
756909177,0.1,19.994209885562213,1.0500144794779862
756909206,0.1,19.99493200038061,1.0500126732104398
756909492,0.1,19.99051890358039,1.0500237139827768
756910338,0.1,10.802453684301138,1.0925715609827855
75691040x,0.1,19.97739418015362,1.0500565784997846
756910426,0.1,19.99673001893576,1.0500081762894762
756910450,0.1,19.991349129468137,1.0500216365350727
756911912,0.1,19.986769767939382,1.050033097474515
756912026,0.1,15.817410568653369,1.0632214733037137
756912034,0.1,19.89353857258828,1.0502675779048138
756912499,0.1,19.089849675009958,1.052383859329656
756912747,0.1,18.869204352492144,1.0529964052176861
756912800,0.1,19.392720239609726,1.0515657415589121
756912886,0.1,19.873439210758665,1.050318416927989
756912915,0.1,19.965557495509334,1.0500862548027983
756913221,0.1,19.961168386298016,1.050097267887707
756913272,0.1,19.822070352609664,1.0504488170111022
756913440,0.1,19.36793657665012,1.0516317262834076
756913459,0.1,19.994303726917366,1.050014244739803
756913619,0.1,19.780910893655037,1.0505537892251848
756914304,0.1,19.885697737986586,1.050287398168069
756914494,0.1,19.996719693786353,1.050008202110806
756914515,0.1,19.99468962839244,1.050013279454961
756915024,0.1,19.688526455031425,1.0507910026829077
756915075,0.1,19.982544642737853,1.050043676512612
756915278,0.1,19.979040109243257,1.0500524546991301
756915606,0.1,19.179667950570973,1.0521385460153512
756916174,0.1,19.998547526516433,1.050003631447438
756916318,0.1,19.87735543241059,1.0503085032312434
756917089,0.1,19.98708786296861,1.0500323011964523
756917708,0.1,19.980564636755574,1.0500486356707075
756917804,0.1,19.957746064111365,1.050105858486607
756917863,0.1,19.718275740287275,1.0507143734660762
756918225,0.1,19.90576709168908,1.050236697505494
756918751,0.1,19.99838391061639,1.0500040405499536
756918831,0.1,19.839694026100236,1.050404003140595
75691884x,0.1,19.900307823016213,1.0502504789822107
756918938,0.1,19.907251329073322,1.0502329519766278
756918946,0.1,19.989225829743113,1.0500269499438064
756919172,0.1,19.59651667503954,1.0510294771556885
75691921x,0.1,19.993082246796444,1.0500173003669924
756919412,0.1,19.969779701505193,1.050075665077298
756920077,0.1,19.979621587349648,1.0500509979945347
756920376,0.1,19.86086538766073,1.0503502732877534
75692051x,0.1,19.851268967054324,1.0503746134143679
756920528,0.1,19.995834820767566,1.0500104151171226
756920915,0.1,19.94290249036941,1.0501431524565148
756921707,0.1,19.870603919833094,1.0503255967475598
756922064,0.1,19.581604322180876,1.0510683386073356
756922128,0.1,19.95632322049678,1.0501094309282843
756922427,0.1,19.98926060452469,1.0500268629132608
756922435,0.1,19.989377930770065,1.0500265692841135
756922945,0.1,19.01962783835908,1.052577264313405
75692350x,0.1,19.944514245221324,1.050139100291179
756923737,0.1,18.85376860802929,1.0530397938359193
756923884,0.1,19.982881480603915,1.0500428329603333
756924430,0.1,19.96773623326513,1.050080789745913
756924449,0.1,19.376624233963494,1.0516085768049934
756924641,0.1,19.796805255697326,1.0505132008464957
756924828,0.1,19.94523091096958,1.0501372987088364
756925214,0.1,19.995081258861994,1.0500122998778407
756925724,0.1,19.981511164784663,1.0500462648572044
756925791,0.1,19.953711255486215,1.050115990313584
756925804,0.1,19.948259416774587,1.050129686962016
756926751,0.1,17.17367349728465,1.0582286602897226
756927404,0.1,19.642552851453956,1.0509098795641514
756928554,0.1,19.96796200574835,1.0500802234956237
756928685,0.1,19.985187489179904,1.0500370587236876
756928714,0.1,19.872204074457382,1.0503215444171763
756928781,0.1,19.671737576350527,1.050834350352569
756929012,0.1,19.976402634357626,1.0500590631007851
756929207,0.1,19.969574851961806,1.0500761787575943
75692924x,0.1,19.83931712992855,1.050404960687455
756929549,0.1,18.513646350612067,1.0540142109804824
756930726,0.1,16.52321734840641,1.0605209009186365
756930793,0.1,19.81605458948512,1.050464132276393
756931171,0.1,19.994557671743625,1.0500136095240158
756931294,0.1,19.969932897677534,1.050075280929777
756931809,0.1,19.938070460465145,1.0501553047464087
756932051,0.1,19.99830664455387,1.0500042337470772
756932078,0.1,19.455172350545865,1.0514002128576334
756932326,0.1,19.879913545116448,1.0503020296205288
756932756,0.1,19.964859639014374,1.0500880055297683
756932764,0.1,19.943779148781754,1.0501409483398279
756932836,0.1,19.706965860824546,1.0507434785781964
756932975,0.1,19.96736888555649,1.0500817111023253
756933417,0.1,19.804539347270772,1.0504934743729755
75693361x,0.1,19.113951400685174,1.0523178059333222
756933732,0.1,19.566838211214435,1.0511068773199579
756934516,0.1,19.99578502490192,1.0500105396589652
756934647,0.1,19.928747235586222,1.0501787687995925
756934655,0.1,19.983812417583948,1.0500405017373007
756934663,0.1,19.996739917327858,1.0500081515354143
756934743,0.1,19.9959419795925,1.0500101471098777
756935068,0.1,17.991100722218032,1.0555830360487646
756935607,0.1,19.881067196799616,1.0502991107117718
756935674,0.1,19.997545617971486,1.0500061367081626
756935957,0.1,19.984443120512477,1.050038922474331
756936087,0.1,19.982170622983883,1.0500446132138308
756936693,0.1,19.370252291041087,1.051625553708586
756937266,0.1,19.630422934369502,1.0509413375016579
756937477,0.1,19.99118939394825,1.0500220362227533
756937653,0.1,19.973228278633826,1.0500670190141341
756937776,0.1,19.95694954365832,1.0501078583083239
756938381,0.1,19.987676272746494,1.0500308283141204
756939069,0.1,19.993855558823846,1.0500153658236604
75693919x,0.1,19.73643915285847,1.0506677011113814
756939421,0.1,19.982908248692393,1.0500427659254972
756939501,0.1,19.976931992805266,1.0500577366114152
756939819,0.1,19.990042913128466,1.050024905116299
756939886,0.1,19.3581917925039,1.051657717348747
756940078,0.1,19.954148757548857,1.0501148915020335
756940203,0.1,19.90846478596568,1.0502298901874614
756940465,0.1,19.91050641590467,1.0502247395978432
75694049x,0.1,19.997332501102985,1.050006669636805
756940836,0.1,19.993706922756836,1.0500157376450188
756942364,0.1,19.995436337029787,1.0500114117613972
756943551,0.1,18.17318532320019,1.055026126802514
756943690,0.1,19.90191309915386,1.0502464258093116
756944183,0.1,19.958309699030416,1.0501044434664013
756944394,0.1,18.87185008998604,1.0529889753909516
756944730,0.1,19.41706324789021,1.0515010940240233
756945493,0.1,19.981662487797617,1.0500458858521247
75694700x,0.1,19.994254377293206,1.0500143681844754
756947122,0.1,19.959381140652567,1.0501017538045423
756947659,0.1,19.922704118401175,1.0501939894332102
756948002,0.1,19.224224469812768,1.0520177030584652
76025082x,0.1,19.997253666221713,1.0500068667773688
760251224,0.1,19.63668533186903,1.0509250916384074
760251603,0.1,19.98454661316202,1.0500386633410732
760252235,0.1,19.97614436860165,1.050059710299841
760252315,0.1,19.992729624559214,1.0500181825482997
76025234x,0.1,19.829901107084837,1.0504288949601832
760253043,0.1,19.987801798934093,1.0500305141135293
760253190,0.1,19.98470309477796,1.050038271534857
760253924,0.1,19.89951568960573,1.0502524792863346
760253959,0.1,19.97909937756771,1.050052306217706
760254142,0.1,19.603116401140458,1.0510122972050415
760254265,0.1,19.99576069388852,1.0500106005122196
760254273,0.1,19.861524927660163,1.0503486013104335
76025429x,0.1,19.971032278751277,1.0500725243463742
760254337,0.1,19.930674203570952,1.0501739173389746
760254388,0.1,19.36042727692199,1.0516517526032094
760254409,0.1,19.992112253335637,1.0500197271467977
760254476,0.1,19.998383255637542,1.0500040421876653
760254564,0.1,14.357175879186391,1.0696515810919125
760254636,0.1,19.962895618530446,1.050092933365426
760254740,0.1,19.93091915607319,1.0501733006977396
760254898,0.1,19.98076981568106,1.0500481217302844
760255399,0.1,19.94029767235024,1.050149702699104
760255583,0.1,19.93781187442992,1.0501559552421342
760255591,0.1,19.995441637083683,1.0500113985052169
760255612,0.1,19.99428411434694,1.0500142937992187
760256201,0.1,19.985246549559214,1.050036910854225
760256236,0.1,19.447927681240753,1.0514193602727446
760256615,0.1,19.995141225296496,1.0500121498884374
760256842,0.1,19.96226736295054,1.0500945098980077
760256930,0.1,19.998201993579585,1.0500044954201908
760257343,0.1,19.813068223478595,1.050471738587918
760257669,0.1,19.849452937954336,1.050379222194476
760257968,0.1,19.46511051617555,1.0513739698096756
760261182,0.1,19.96917354592308,1.050077185102343
760261334,0.1,19.929296345193396,1.0501773862297543
760261828,0.1,19.980088998224517,1.0500498271098224
760261908,0.1,19.98456199675243,1.0500386248226259
760262193,0.1,19.79717189315936,1.050512265357737
760262564,0.1,19.99525970472803,1.0500118535476457
76026333x,0.1,19.810056487945502,1.050479411838553
760263444,0.1,19.86452042155948,1.0503410089334286
760263524,0.1,19.927254251722005,1.0501825282785051
760263532,0.1,19.90906913366374,1.050228365439202
760263575,0.1,19.709316533855336,1.0507374265506502
760264033,0.1,19.97513179017047,1.050062247924296
760264447,0.1,19.923801152309316,1.0501912256780426
760264519,0.1,19.971771858747523,1.0500706700974058
760264527,0.1,19.71063259718676,1.0507340388528539
760265263,0.1,18.76167907633664,1.0533001335291605
760265546,0.1,19.55571954922854,1.051135934808364
760265589,0.1,19.94526833279243,1.0501372046399535
760265714,0.1,19.044660577013108,1.0525081555513254
760265968,0.1,19.916289051702684,1.0502101569928013
760266346,0.1,19.253761266740007,1.051937903776103
76026640x,0.1,19.827487605973918,1.0504350334178851
760266733,0.1,19.8236571123773,1.0504447788988254
760267699,0.1,19.43879733249657,1.0514435118024643
760267744,0.1,19.972026470741024,1.0500700317749427
760267840,0.1,19.990149117780827,1.0500246393415105
760267859,0.1,19.99848927751582,1.0500037770915174
760268464,0.1,19.99828112619747,1.050004297553854
760269205,0.1,19.675391360168607,1.0508249102492786
760270476,0.1,19.905762225931582,1.0502367097853345
760271444,0.1,19.799221048449805,1.0505070375017755
760271698,0.1,19.992398785723207,1.0500190102607452
760271858,0.1,19.97099520240371,1.0500726173065047
760272041,0.1,19.99037997424169,1.0500240616380747
760272324,0.1,19.961784813753773,1.05009572086515
760273204,0.1,19.994810388559927,1.0500129773959823
760273335,0.1,19.980876997514528,1.0500478532611153
760273562,0.1,19.999417691540835,1.0500014558135344
760273837,0.1,19.99480383041396,1.0500129937998646
760274098,0.1,19.950362127418686,1.0501244034375523
760274637,0.1,19.949642419817916,1.0501262117363368
760274979,0.1,19.944869963700235,1.0501382060559936
76027547x,0.1,18.895440313160726,1.0529228207137094
760275752,0.1,19.986447773646578,1.0500339035393056
760275912,0.1,18.37333280928201,1.054426706922481
76027598x,0.1,19.99422590058641,1.0500144394172655
760275998,0.1,19.951351107372595,1.0501219187922803
760276413,0.1,19.999688365868668,1.050000779097468
760276640,0.1,19.993200481034137,1.0500170045785624
760276990,0.1,19.980046551213817,1.0500499334391815
760277336,0.1,19.96850536733185,1.0500788607662135
760277619,0.1,19.994902261337728,1.0500127475958514
760278320,0.1,19.990968059623544,1.0500225900525415
760278865,0.1,18.738446011774418,1.0533662182750716
760280455,0.1,19.903389377616666,1.050242698920647
760281167,0.1,18.05194009652484,1.0553957078659102
760282469,0.1,19.94308549928618,1.0501426923148773
760282856,0.1,19.898284331753516,1.0502555890411218
760282899,0.1,19.734500763631477,1.0506726778638804
760282960,0.1,19.938034294632,1.0501553957237015
760282987,0.1,19.962242705472427,1.0500945717750372
760283410,0.1,19.981936060116567,1.0500452006748222
760283533,0.1,19.71684043093843,1.0507180652753503
760285491,0.1,19.228195761184804,1.0520069595930919
760285977,0.1,19.947564268597795,1.0501314339201924
760286662,0.1,19.711836051160102,1.0507309414204034
760287737,0.1,19.9974441599676,1.0500063904167252
760287745,0.1,17.496502698103452,1.0571542791867998
760287809,0.1,19.99592589214476,1.050010187344855
760288211,0.1,19.997971145989318,1.05000507264961
760288393,0.1,19.990413522235272,1.0500239776874902
76028902x,0.1,19.99208890132067,1.0500197855729794
76028953x,0.1,19.925635760429348,1.0501866044337675
760290127,0.1,19.89944216065084,1.0502526649705488
760290143,0.1,19.942980807902888,1.0501429555407147
760290178,0.1,19.930932923207124,1.05017326604093
760290549,0.1,19.61505161863992,1.0509812576302229
760290573,0.1,19.98066364236992,1.0500483876761457
760291015,0.1,15.714497122678086,1.0636355075312507
760291111,0.1,19.967840483328807,1.050080528279205
760291664,0.1,19.990160466527023,1.0500246109416917
760291701,0.1,4.9847633094163015,1.2006113305542478
760291904,0.1,17.786590704311827,1.0562221291659666
760292608,0.1,19.979132244464534,1.0500522238785952
760292704,0.1,19.98921639360518,1.0500269735595995
760292712,0.1,19.81939084406128,1.0504556375051073
760293221,0.1,19.993689627227667,1.0500157809111024
760294494,0.1,19.99333257519182,1.0500166741206927
760295788,0.1,19.987826240962175,1.0500304529339286
760295833,0.1,19.247272642148296,1.0519554130391529
760295964,0.1,19.962386958385817,1.050094209779854
760296211,0.1,19.99488010022578,1.0500128030269462
760296326,0.1,19.974900143579955,1.0500628284903544
760296510,0.1,19.816678110963853,1.0504625444486952
760296561,0.1,19.952772014135945,1.0501183494349322
760297062,0.1,19.964979481096584,1.0500877048707629
760297847,0.1,19.98661821665772,1.0500334768573583
760298022,0.1,19.959846145410364,1.0501005865834263
760299359,0.1,19.994065629521966,1.0500148403295957
760299797,0.1,19.98615990261803,1.0500346242035723
763600119,0.1,19.535742347257717,1.0511882262892545
763600768,0.1,19.997303782046025,1.0500067414537064
763600784,0.1,19.997126214730105,1.0500071854956534
763600848,0.1,19.985916786571636,1.0500352328431535
763602317,0.1,19.644758827367887,1.0509041627228766
763602624,0.1,19.965407957116486,1.050086629942543
76360307x,0.1,19.837185481757224,1.0504103770627957
763605753,0.1,19.985373655226976,1.0500365926227484
763605761,0.1,19.994581998339,1.0500135486744895
763606182,0.1,19.985469639720773,1.050036352311307
763606668,0.1,19.82046627855113,1.050452899843338
763606887,0.1,19.98118609309451,1.050047079054311
763606895,0.1,19.973778100436792,1.0500656408102447
763607644,0.1,17.870072710259695,1.0559594813190587
763607775,0.1,19.983058097776837,1.0500423906644825
763607783,0.1,19.967519964499395,1.0500813321723437
763607791,0.1,19.86744777578811,1.05033359147513
763607804,0.1,19.925154033701315,1.0501878177859305
763607812,0.1,19.929859309702216,1.050175968854591
763607820,0.1,19.989155261187502,1.050027126556052
763607871,0.1,19.8718857657556,1.0503223504697907
763607927,0.1,18.938690964834965,1.0528019598533385
763607978,0.1,19.97099079153594,1.0500726283657302
763608233,0.1,19.92029623228128,1.050200056682866
763608532,0.1,19.985225543460526,1.0500369634470907
763609041,0.1,19.989904910203162,1.05002525046978
763609295,0.1,19.993911859523415,1.0500152249857841
763609324,0.1,19.91117246266858,1.0502230595347861
763609412,0.1,18.353134670394468,1.054486605038272
763609519,0.1,19.989865309163793,1.0500253495725946
763610050,0.1,19.988005971549274,1.050030003064007
763610106,0.1,19.956280845059272,1.0501095373313298
763610165,0.1,19.969817289613385,1.050075570822579
763610384,0.1,19.94820328597445,1.0501298280183007
76361107x,0.1,19.831272971018322,1.0504254064507816
76361123x,0.1,18.778605708579768,1.0532520899324869
763611862,0.1,18.921154234741284,1.0528508983962455
763611926,0.1,19.976381049540393,1.0500591171904485
763612646,0.1,19.9342641667749,1.0501648815142488
763613016,0.1,19.08809720921993,1.0523886686577109
763614713,0.1,19.98107211271503,1.0500473645437496
763614879,0.1,19.918702745839983,1.0502040726627566
763615476,0.1,19.669934413584457,1.050839010388839
763616188,0.1,19.832674333311495,1.0504218434283656
763616727,0.1,19.940789492898503,1.0501484658045324
763617463,0.1,19.980968031535753,1.0500476252412652
763617551,0.1,19.959112551736837,1.0501024280216797
763617922,0.1,19.991367343413046,1.0500215909608348
763618060,0.1,19.999152356674408,1.0500021191981301
763619872,0.1,19.983079548467803,1.0500423369468432
763620152,0.1,19.913931217316154,1.0502161019382477
763620283,0.1,19.958644460206283,1.0501036030775441
763620953,0.1,19.510955695050626,1.0512532556390188
763621155,0.1,19.92992453628058,1.0501758046388783
763621227,0.1,19.74430895175595,1.0506475056910547
763621243,0.1,19.981792444285507,1.0500455603664318
763621278,0.1,19.724862860680815,1.0506974373947806
763621665,0.1,19.9894681502344,1.0500263434967014
763622158,0.1,19.997974878990572,1.050005063315215
763622166,0.1,19.983030299289492,1.0500424602786873
763622326,0.1,19.97286407816267,1.0500679319744308
76362249x,0.1,19.99848030802145,1.0500037995186513
763622772,0.1,19.983278553181812,1.0500418385971393
763622887,0.1,19.971536596075573,1.0500712599248123
763623003,0.1,19.937878910424335,1.0501557866056233
763624006,0.1,19.99392361502633,1.0500151955791437
763624305,0.1,19.748900953709875,1.0506357291650779
763624831,0.1,19.9932052725265,1.0500169925916851
763625535,0.1,19.993768922338216,1.050015582548958
763626108,0.1,19.984947963691308,1.0500376584325763
763626570,0.1,19.974954746924574,1.050062691639087
763626845,0.1,19.96681571088449,1.050083098601189
763627004,0.1,19.97754205695769,1.050056207973379
763627354,0.1,19.80616707245138,1.0504893246806402
763627397,0.1,19.952265955691345,1.0501196206095456
763627442,0.1,19.920891474155184,1.050198556690968
763627557,0.1,19.99002431989373,1.0500249516457474
763628461,0.1,19.90164072145757,1.0502471134915936
763628592,0.1,19.747180428771202,1.0506401409359192
763628912,0.1,19.924400912154997,1.0501897148330288
763629771,0.1,19.997650638542552,1.050005874093662
763630350,0.1,19.9648019638257,1.0500881502261783
763630414,0.1,19.838609725052386,1.0504067580268586
76363102x,0.1,19.929384544730993,1.0501771641645794
763631775,0.1,19.918765779642147,1.0502039137897814
763631863,0.1,19.990406943237158,1.0500239941507696
763632313,0.1,19.99028912901992,1.0500242889708034
763632866,0.1,19.979231185272237,1.0500519760108264
763633893,0.1,19.971840616519472,1.050070497717314
763633930,0.1,19.49812589065555,1.0512869803799578
763634343,0.1,19.88477410559707,1.05028973397885
763637595,0.1,19.995453198639563,1.050011369588164
763638221,0.1,19.785994952993097,1.0505407993065685
763638328,0.1,19.873983627716242,1.0503170385329996
763638459,0.1,17.741187452813026,1.0563660128534091
763638782,0.1,19.98972527235074,1.0500257000221596
763639005,0.1,19.18479539443172,1.0521246111538018
763639208,0.1,19.956502471443446,1.050108980841254
763639769,0.1,19.947016865138764,1.050132809670788
76364017x,0.1,19.992995727484423,1.0500175168159165
763640313,0.1,13.32637267305712,1.0750391741649077
763640647,0.1,19.999731309659364,1.050000671734876
763640719,0.1,19.998114047651946,1.050004715325514
763640807,0.1,19.794528553666975,1.0505190107098938
763640962,0.1,19.996183224164053,1.0500095437609096
763641068,0.1,19.63427318233346,1.050931347991011
763641113,0.1,18.342236200208486,1.0545189795336205
763641201,0.1,19.973479602793855,1.0500663890261825
763641930,0.1,19.975343634296447,1.0500617170001052
763641949,0.1,19.901280886464235,1.0502480220094852
763641957,0.1,15.973884180692696,1.0626021817041016
763642407,0.1,19.981961297789237,1.050045137466593
763642546,0.1,19.571723415546032,1.0510941207765938
763643450,0.1,19.987000995278912,1.0500325186473052
763643899,0.1,19.981916988286255,1.0500452484406886
763644373,0.1,19.99499648145683,1.0500125119265407
763645077,0.1,19.421678241829547,1.0514888562949336
763645106,0.1,19.98022493919988,1.0500494865820087
76364519x,0.1,19.358668079704444,1.0516564463982105
763645894,0.1,19.80333655842336,1.050496541178797
763646838,0.1,19.8657062980105,1.050338003844351
763647531,0.1,19.53012558986798,1.0512029477433975
763647769,0.1,19.990218847418024,1.0500244648461745
763649609,0.1,19.96146523747649,1.050096522880623
763656948,0.1,18.646139259389145,1.0536304049910201
764740391,0.1,19.96713193746225,1.0500823054173245
766702217,0.1,19.99570438507544,1.0500107413443454
766702241,0.1,19.971062410928575,1.050072448797355
766702305,0.1,19.93840303175026,1.050154468159139
766703068,0.1,19.970189087198413,1.0500746385341455
766703244,0.1,19.281803411342494,1.0518623688182482
766704378,0.1,19.992253356969535,1.0500193741117925
766704490,0.1,19.998060057522082,1.0500048503266626
766704618,0.1,19.028054358688216,1.0525539806198525
766705186,0.1,19.952491270733884,1.0501190546298742
76670532x,0.1,19.996192661612056,1.050009520158293
766705610,0.1,19.914396901198636,1.050214927670735
766705936,0.1,19.987553872303586,1.0500311346945603
766705960,0.1,19.109111722942874,1.0523310562258827
766705979,0.1,19.89984709213411,1.0502516424055979
766706146,0.1,19.634507361668195,1.0509307405365447
766706365,0.1,19.968005400070393,1.0500801146616514
76670639x,0.1,19.94464187137551,1.0501387794500936
766706808,0.1,19.98415647908513,1.0500396402043075
766706883,0.1,19.74188400149465,1.0506537268643807
766707587,0.1,11.790672689517113,1.084812802995463
766707763,0.1,19.9384396769541,1.0501543759793728
766708731,0.1,19.94449850986033,1.0501391398487965
766709072,0.1,19.957809032944425,1.0501057003977388
766709478,0.1,19.641653016994173,1.0509122118761995
766710292,0.1,19.45181190776584,1.051409092620352
766710575,0.1,19.948743115841612,1.0501284714627401
766710700,0.1,19.94809844533037,1.050130091484188
766711228,0.1,19.903010776344384,1.0502436546529204
766711244,0.1,19.892552393219024,1.0502700699353633
766711332,0.1,19.944321752971547,1.0501395842077712
766712247,0.1,19.990564494156775,1.050023599898457
766712618,0.1,19.86856413351139,1.0503307633747598
766712650,0.1,19.841196180017107,1.0504001871120625
766713565,0.1,19.836140261198715,1.0504130333236295
766713573,0.1,19.952075435139527,1.0501200991972395
766713741,0.1,10.18635406412312,1.0981705518682148
766714058,0.1,19.952572793855364,1.0501188498511813
766714154,0.1,19.996123637751026,1.0500096927842595
766714648,0.1,19.86554165520214,1.0503384210386295
766715229,0.1,16.614569776540502,1.0601881368852526
766715237,0.1,19.246494934070054,1.0519575124419047
766715296,0.1,19.92488355959677,1.050188499069966
766715480,0.1,19.94667221487569,1.0501336758947803
766715499,0.1,19.97719534146543,1.0500570767271
766716141,0.1,19.54973910195247,1.051151577767098
766716280,0.1,19.98974583924591,1.050025648552104
766716360,0.1,19.917203855180926,1.0502078508243955
766716950,0.1,19.348647839855424,1.051683198137502
766717208,0.1,19.840480356336663,1.0504020054978467
766717216,0.1,19.860542603981834,1.050351091606103
766717291,0.1,19.972980329644326,1.050067640557167
766717347,0.1,19.92614830388919,1.050185313526188
766717478,0.1,19.98950686604234,1.0500262466053514
766717574,0.1,19.730578629717957,1.0506827508086263
766718200,0.1,19.90228784744289,1.050245479698882
766718227,0.1,19.992041199299944,1.0500199049227157
766719094,0.1,19.758478056758126,1.0506111855947307
766719203,0.1,19.95329502608635,1.0501170357423488
766719350,0.1,19.589088819912707,1.0510488266806712
766720175,0.1,15.35108617004511,1.0651419703415723
766720212,0.1,19.85264416079726,1.0503711239621514
76672036x,0.1,6.685765730401518,1.1495714986621202
766721039,0.1,19.988901170899734,1.0500277624793013
766721506,0.1,19.921052738410108,1.0501981503252529
766721709,0.1,19.92463634688852,1.0501891217781831
766722082,0.1,19.775838618022973,1.0505667556918996
766723827,0.1,19.97771438570744,1.0500557761860598
766724686,0.1,19.998863782038875,1.0500028407062858
76672503x,0.1,19.56475510826892,1.0511123187827358
766725478,0.1,19.998507303834298,1.0500037320189528
766725929,0.1,19.878865966718198,1.050304680441743
766726059,0.1,19.996880660618228,1.0500077995649288
76672618x,0.1,19.95437296833017,1.0501143284024566
766726681,0.1,19.953468953937115,1.05011659888857
76672669x,0.1,19.90633234485523,1.050235271002016
766727131,0.1,19.959784970727995,1.050100740136557
766727772,0.1,18.844388427452422,1.0530661954804117
766727983,0.1,19.993582103043437,1.0500160498927193
766728919,0.1,19.992170074295796,1.050019582480729
766729970,0.1,19.98307648093124,1.0500423446286784
766730015,0.1,19.938297813327075,1.0501547328343939
766730197,0.1,19.159186090438503,1.0521942839993113
766730293,0.1,19.995430409710753,1.050011426586464
766730322,0.1,19.77400473176613,1.0505714453680464
766730357,0.1,19.991323540282075,1.050021700563498
766731341,0.1,19.99279899627104,1.0500180089934639
766732176,0.1,19.85309999272743,1.0503699674290825
766732256,0.1,13.405831043857074,1.0745944057275156
766732475,0.1,19.69357729505091,1.0507779762415894
766732491,0.1,19.98557564668025,1.0500360869098162
766732555,0.1,19.99291478363325,1.050017719318177
766732870,0.1,19.96302009599783,1.050092621015819
766733021,0.1,19.56611577826243,1.051108764321582
766733419,0.1,19.701539321400638,1.0507574552265446
766733988,0.1,19.939715277639888,1.050151167460319
766734059,0.1,19.932260237037678,1.0501699249411676
766734200,0.1,19.891910909186443,1.0502716910690657
76673506x,0.1,19.9758073133191,1.0500605549660682
766735406,0.1,19.99051890358039,1.0500237139827768
766735764,0.1,19.912500054375432,1.0502197110995244
766735844,0.1,19.902716357301315,1.0502443979026586
766736257,0.1,19.9918601771468,1.0500203578425946
766736628,0.1,19.993996526565166,1.0500150131901516
766736863,0.1,18.43600080675294,1.054241698646146
766738156,0.1,19.712239904037624,1.0507299020744554
766738965,0.1,19.90542858760874,1.0502375518114946
766739650,0.1,19.993357363268935,1.050016612109238
766739706,0.1,19.986706706869153,1.050033255336474
766740168,0.1,19.996717898415945,1.050008206600705
766740336,0.1,19.81997404151065,1.0504541528614324
766740651,0.1,19.981852466806437,1.0500454100369916
766741849,0.1,19.933491011335,1.0501668272472373
766741873,0.1,19.845288976448952,1.0503897928211947
76674242x,0.1,19.984524319878854,1.05003871916057
766742622,0.1,19.92535075741366,1.050187322279781
766742956,0.1,19.975528850726953,1.0500612528195272
766743051,0.1,19.62295330039006,1.0509607287288465
766743115,0.1,19.97022352844866,1.0500745521739125
766743158,0.1,19.837436514833442,1.0504097391440799
766743262,0.1,19.992891894810857,1.0500177765808631
766743377,0.1,19.95025293659205,1.0501246777761817
766743385,0.1,19.97434380295171,1.0500642228783619
766743692,0.1,19.77046774915682,1.0505804927171056
766743836,0.1,19.927775144967725,1.0501812165545499
766743975,0.1,19.993767136099688,1.0500155870173387
766743991,0.1,19.99202399071999,1.050019947978463
766744222,0.1,19.952814242364322,1.0501182433642255
766744580,0.1,19.84477270841546,1.0503911037275795
766744644,0.1,19.989636682737878,1.0500259217249082
766745268,0.1,19.985881273127617,1.0500353217520895
766745276,0.1,19.77280823057617,1.0505745055704139
766745292,0.1,19.989184312873032,1.0500270538481153
766745364,0.1,19.97116597273198,1.0500721891433564
76674576x,0.1,19.887723624681048,1.0502822755822583
766745831,0.1,19.956211621067975,1.0501097111510027
766745903,0.1,19.981993967534468,1.050045055644834
766745938,0.1,18.78576118394267,1.0532318062711645
766746084,0.1,19.93300106942748,1.0501680603195154
766746148,0.1,19.99912258648874,1.0500021936300141
766746236,0.1,19.791600000526362,1.0505264859826091
766746359,0.1,19.952325731845047,1.0501194704537098
766746367,0.1,19.852238627898142,1.0503721529215708
766746500,0.1,19.987041875981724,1.0500324163127757
766746519,0.1,19.708057518754575,1.050740667823218
766746711,0.1,18.90423018140443,1.0528982132784055
766746869,0.1,19.510828807329823,1.05125358896206
766747300,0.1,19.985689232107223,1.0500358025378225
766747319,0.1,19.876869873422386,1.0503097321845987
766747327,0.1,19.97801739891781,1.0500550169735146
766747458,0.1,19.95619086933469,1.0501097632583096
76674752x,0.1,19.931427431398284,1.050172021218344
766747597,0.1,19.999041414124715,1.0500023965795546
766747730,0.1,19.286841758447245,1.0518488206894745
766748071,0.1,19.944069252634968,1.050140218996075
76674824x,0.1,19.734056986606504,1.050673817384773
766748848,0.1,19.937157656310756,1.0501576010602227
766748864,0.1,19.99580896475764,1.0500104797841632
766749971,0.1,19.913326902600332,1.0502176258588622
770250241,0.1,19.972048696289992,1.0500699760553738
770250946,0.1,19.989922124674532,1.0500252073901604
770250954,0.1,19.94735636649367,1.0501319564170286
770251092,0.1,19.337664148121203,1.051712553922763
770251439,0.1,19.973323215736233,1.0500667810358237
770251519,0.1,19.99552559456136,1.0500111885166945
770251586,0.1,19.999438708356497,1.050001403268491
770251594,0.1,19.974028354841284,1.0500650135383243
770252044,0.1,19.994688884716737,1.050013281315138
770252060,0.1,19.979425370043813,1.050051489543806
77025308x,0.1,19.79126490085795,1.050527341481678
77025316x,0.1,19.934062850111385,1.0501653881358366
770253258,0.1,19.96888267878708,1.0500779145276014
770253338,0.1,19.70559115185988,1.0507470185641001
770254031,0.1,19.981358020514268,1.0500466484296678
770254162,0.1,19.875486717144742,1.050313233292415
770254170,0.1,19.9882389659244,1.0500294198856028
770254285,0.1,18.97797351723573,1.052692664951387
770254963,0.1,19.355654075602445,1.051664490184317
770255042,0.1,19.998440241458525,1.0500038997004832
770255368,0.1,19.990992645717395,1.0500225285318299
770255413,0.1,19.94599978001079,1.0501353660397694
770255683,0.1,19.720996648711015,1.0507073763974988
770255704,0.1,19.99717798235016,1.050007056039738
770255763,0.1,19.822537507968253,1.0504476280898962
770256301,0.1,19.976115634417617,1.0500597823070799
770256459,0.1,19.14182236218915,1.0522416299283657
770256491,0.1,19.96653495383221,1.0500838028387127
770256694,0.1,19.99952705876785,1.0500011823810402
77025674x,0.1,19.973635637360605,1.0500659979062352
770257590,0.1,19.824576772556483,1.0504424387704618
770257726,0.1,19.995824589538465,1.0500104407058655
770258120,0.1,19.951190301848534,1.0501223227722583
770258155,0.1,19.91654436989846,1.0502095133285965
77025877x,0.1,19.986841828639008,1.0500329170848346
770258905,0.1,19.97833201673071,1.0500542287095118
770259131,0.1,19.8537077398027,1.0503684255407468
770259553,0.1,19.992736094886254,1.0500181663607204
770261418,0.1,19.986367458572637,1.050034104600187
770261477,0.1,19.520214295916542,1.0512289457912964
770261637,0.1,19.98978952719135,1.0500255392203974
770261792,0.1,19.988360516350014,1.0500291156536836
770264598,0.1,19.989359623582104,1.0500266151007793
770264707,0.1,19.997574329907533,1.0500060649108047
770265136,0.1,19.813762269443103,1.05046997063966
770265291,0.1,19.9420674079257,1.0501452522220722
770265400,0.1,19.919842098179085,1.0502012011476443
770265515,0.1,19.943797316499026,1.0501409026641444
77026597x,0.1,19.999151046446997,1.0500021224739766
770266200,0.1,19.985664707282385,1.0500358639377962
770266796,0.1,19.982804151033978,1.050043026616375
77026714x,0.1,19.926585669954516,1.0501842120151978
770267553,0.1,19.99283303547204,1.0500179238342942
770268150,0.1,19.854710235269163,1.0503658823599267
770268337,0.1,19.993951419592044,1.050015126025569
770271499,0.1,19.98794515581285,1.0500301552863318
77027194x,0.1,19.722099040261252,1.050704542044869
770271958,0.1,19.906937907806594,1.0502337428604651
770272651,0.1,19.98733925785475,1.0500316719048541
770274788,0.1,19.112592953495387,1.0523215244751558
770275350,0.1,19.991515114057506,1.0500212212178368
770275668,0.1,19.8414665200789,1.0503995004093087
770276409,0.1,18.729032199714663,1.0533930418473645
770277524,0.1,19.851928319789327,1.0503729402953341
770277583,0.1,19.951246723327102,1.0501221810279553
770277989,0.1,19.99367493368313,1.0500158176681822
770278703,0.1,19.998560874701848,1.0500035980721492
77027944x,0.1,19.988873991468886,1.0500278305034487
770279546,0.1,19.66574459590915,1.050849841719597
770279669,0.1,19.99964327925582,1.050000891817767
770279685,0.1,19.97775741709036,1.0500556683676883
770279853,0.1,19.99860402861898,1.0500034901720616
770280053,0.1,19.998133475938047,1.0500046667456846
77028111x,0.1,19.99845429526247,1.0500038645605172
770281531,0.1,19.82285816015153,1.0504468120550965
770281718,0.1,19.986689028652798,1.050033299590863
770282016,0.1,19.89980178589923,1.0502517568144114
770282024,0.1,19.95235676565327,1.0501193924981052
770282753,0.1,17.4897838341214,1.057176235537518
770282788,0.1,19.96860573041881,1.0500786090676661
77028322x,0.1,19.965825238227207,1.0500855831436091
770283641,0.1,19.932594131571488,1.0501690845355691
770283828,0.1,19.992013939491372,1.0500199731266013
770284484,0.1,19.998801329047275,1.0500029968569942
770284564,0.1,12.601852239614546,1.0793534141637093
770284759,0.1,19.998118598758307,1.0500047039456046
770284847,0.1,19.987861003761147,1.0500303659211874
770285196,0.1,19.145417504302603,1.052231819952491
770285348,0.1,19.590406051461937,1.0510453942288438
770285639,0.1,18.07862565507208,1.0553139391831725
770285647,0.1,19.637569812753082,1.0509227979599889
770285815,0.1,19.99533031916692,1.050011676928459
770285874,0.1,18.602200090475836,1.0537570822341595
770285962,0.1,19.943594290003244,1.0501414131003082
770286148,0.1,19.998567526535087,1.0500035814401782
770286818,0.1,19.995098793870515,1.0500122560187874
770287757,0.1,19.4339476080614,1.05145634948533
77028779x,0.1,19.83863017622977,1.050406706063717
770288362,0.1,19.951136867924063,1.050122457011847
770288629,0.1,19.957580567451043,1.0501062739854803
770290323,0.1,19.75986458189917,1.050607634270735
770291377,0.1,19.99387626665409,1.0500153140223143
770293460,0.1,19.993185934957143,1.0500170409685206
770294914,0.1,19.9948937763846,1.0500127688190608
770295394,0.1,19.94254544792754,1.0501440501971588
770295917,0.1,19.992318858245756,1.0500192102322115
770296311,0.1,19.998194203358462,1.0500045148992534
770296338,0.1,19.90461214556639,1.0502396124419207
770298915,0.1,19.930151742874656,1.0501752326274945
773500111,0.1,19.965780811621006,1.050085694590915
77350063x,0.1,19.930012459596096,1.0501755832831159
773500656,0.1,19.568453194334218,1.0511026594728263
773500971,0.1,19.924003089483175,1.0501907169713223
77350098x,0.1,19.989467745966582,1.0500263445084363
773501608,0.1,19.65609992715336,1.0508747922378323
773502037,0.1,19.096999729441855,1.052364246434915
773503021,0.1,19.309009231185005,1.05178929628274
773503240,0.1,19.952529215060572,1.0501189593169562
773503443,0.1,17.618730431311995,1.0567577785413416
773503793,0.1,19.987796005193836,1.0500305286155687
773504198,0.1,19.869268078009164,1.0503289802157723
773504200,0.1,19.993668873482672,1.0500158328282754
773504243,0.1,19.88424245497561,1.0502910785897086
773504251,0.1,6.8973781970089165,1.144982625490024
773504331,0.1,19.963265855141405,1.0500920043471973
773505537,0.1,19.867851692397483,1.0503325681851479
773506345,0.1,19.88915145441104,1.0502786658491767
773506572,0.1,19.9447429989434,1.0501385252270725
77350688x,0.1,19.98987393471979,1.050025327986843
773507321,0.1,19.63650198201697,1.0509255671359286
773509001,0.1,19.997960426788808,1.0500050994530634
773509212,0.1,19.99040290689812,1.0500240042513065
773509730,0.1,19.99919874975102,1.050002003205876
773510598,0.1,19.975894917536802,1.0500603354256786
773510694,0.1,19.882520011821864,1.050295435357561
773510854,0.1,19.69958591151293,1.0507624883330962
773511558,0.1,19.985389094343276,1.050036553968471
773511697,0.1,19.989530285379253,1.0500261879955939
773512008,0.1,19.9908380540567,1.0500229153623237
773512462,0.1,19.986756874748785,1.0500331297501997
773512884,0.1,19.867343309027902,1.0503338561399698
773513609,0.1,19.552687923039247,1.0511438633877894
773514054,0.1,19.728301675614166,1.0506886003895655
773514142,0.1,19.986056536472546,1.0500348829782955
77351445x,0.1,19.998506025802335,1.05000373521451
773514839,0.1,19.85986235569286,1.050352816252694
773516316,0.1,19.98390739525512,1.0500402639094213
77351699x,0.1,19.18109134393467,1.0521346769101443
773517298,0.1,19.639975460588353,1.0509165605632607
773518688,0.1,19.537092944367966,1.0511846876527386
773518741,0.1,19.88170601625109,1.0502974945501462
773519605,0.1,19.91220899899993,1.0502204451575525
773520411,0.1,19.73194641004159,1.050679237578463
773521158,0.1,19.96678680890398,1.0500831710966163
773521529,0.1,19.989337838816123,1.0500266696207494
773522652,0.1,19.992499275444583,1.0500187588466356
773522951,0.1,19.21494072094056,1.052042835547767
77352296x,0.1,19.996812301951294,1.0500079705155017
77352392x,0.1,19.93886238443399,1.0501533126975533
773523954,0.1,19.99157389278205,1.0500210741466958
77352405x,0.1,19.968213280108678,1.0500795933002254
773524359,0.1,18.89457763130321,1.0529252370449007
773524391,0.1,19.997766864637498,1.0500055834618376
773524826,0.1,19.911921684309355,1.0502211698024104
773524869,0.1,19.990988214486062,1.050022539619896
773525036,0.1,19.99243851605775,1.0500189108595637
773525474,0.1,19.351309572432598,1.0516760892205752
773525511,0.1,19.998370315664033,1.050004074542851
773525837,0.1,19.749915058505287,1.050633129157148
773526012,0.1,18.513224786379794,1.0540154409368865
77352616x,0.1,19.260803737349036,1.051918913334903
773526215,0.1,19.31403757480819,1.0517758131165866
773526389,0.1,17.25424357341402,1.0579567568839028
773526485,0.1,19.993222196146203,1.0500169502539094
773527066,0.1,19.238112157646963,1.0519801523042118
773527103,0.1,19.999889571351495,1.0500002760731455
773527226,0.1,19.8451306862625,1.0503901947439547
773527410,0.1,19.967098856649397,1.0500823883919912
773527621,0.1,19.85356078745681,1.0503687983584176
773527699,0.1,19.94627367685764,1.0501346775944538
77352798x,0.1,19.98319117430979,1.05004205741101
773528157,0.1,17.40319435110359,1.0574607155344782
773528587,0.1,19.987073312618328,1.050032337619369
773528667,0.1,19.974655920845333,1.0500634405900535
773529213,0.1,19.991638119305176,1.0500209134455238
773529459,0.1,19.95575044474148,1.05011086918375
773529539,0.1,19.9187494957112,1.0502039548323712
773529731,0.1,18.696039510264455,1.0534872639443762
773529782,0.1,19.998493424535422,1.050003766722404
773531057,0.1,19.512502606184732,1.0512491923861698
773531209,0.1,19.848663274667587,1.050381226491775
77353133x,0.1,19.982689953918378,1.0500433126023612
77353184x,0.1,19.98386052306679,1.0500403812789691
773532260,0.1,19.981348732964126,1.050046671691899
773532850,0.1,19.6606048159205,1.0508631351559559
773533482,0.1,19.96753673318972,1.050081290114159
773536368,0.1,19.787630521275602,1.050536621801423
773536974,0.1,18.92637621902027,1.052836316283042
773538806,0.1,19.98873668820927,1.0500281741461865
773538873,0.1,19.98824567833739,1.0500294030848223
773539905,0.1,19.98897415684186,1.0500275798124297
773541386,0.1,19.992394129503516,1.0500190219101504
773542573,0.1,19.980177655151437,1.0500496050265185
773542987,0.1,19.998848187068436,1.0500028796981726
773545037,0.1,19.994653534168474,1.0500133697386214
773545256,0.1,19.994155656682587,1.0500146151290852
77354822x,0.1,19.97089335791683,1.0500728726591282
773548262,0.1,19.995247228424347,1.050011884753215
773548457,0.1,19.983607264555616,1.0500410154563873
773548764,0.1,19.976236113303298,1.0500594803910053
773549054,0.1,19.289297927997964,1.0518422186091347
773549150,0.1,19.78093779616395,1.0505537204709237
773549310,0.1,19.632845263737398,1.0509350522844
776340002,0.1,19.917289815299174,1.0502076341346334
776800072,0.1,19.36094410965464,1.0516503737801368
776800101,0.1,19.99080660293015,1.050022994062352
776800654,0.1,17.536878289288282,1.0570226914678886
776800830,0.1,19.996800347330243,1.0500080004116012
776801382,0.1,19.9201754558087,1.0502003610469406
776801892,0.1,19.994405218235602,1.0500139908682038
776802043,0.1,19.95713141862723,1.0501074016612748
776802086,0.1,19.821624073850042,1.0504499528532207
776802158,0.1,19.986533243768196,1.0500336895750442
776802190,0.1,19.645203531724228,1.0509030104160102
776802262,0.1,19.245083218446055,1.0519613237651018
776802449,0.1,19.985959502612353,1.0500351259027263
776804225,0.1,19.955778717382742,1.0501107981884434
776805113,0.1,16.124832682100138,1.0620161473743588
776805164,0.1,19.755305634388556,1.0506193130345336
776805172,0.1,19.936681184577857,1.0501587997892827
776806001,0.1,19.95551020262178,1.0501114724628098
776806511,0.1,19.83729778378798,1.050410091681804
776806538,0.1,19.89532593478662,1.0502630619512254
776806810,0.1,19.152692886251387,1.0522119790641995
776807004,0.1,19.88604070587288,1.0502865308781488
776807469,0.1,17.392666997380832,1.0574954950928797
776808162,0.1,19.99259121233325,1.0500185288329764
776809157,0.1,19.94030992196121,1.050149671891441
776809296,0.1,19.98633268884929,1.050034191643268
776809544,0.1,19.939123045882106,1.0501526570501065
77680986x,0.1,19.991964514643193,1.0500200967877642
776809923,0.1,19.169506417600285,1.052166184053746
77681006x,0.1,19.89403230964784,1.0502663303464648
776810932,0.1,19.78280140202687,1.0505489581418708
776811011,0.1,19.319089265866868,1.051762274413567
776811046,0.1,19.838244403068657,1.0504076862691194
776811097,0.1,19.975470385062454,1.0500613993424552
77681137x,0.1,19.623773885956318,1.05095859776063
776811484,0.1,17.677198624746342,1.0565700494308017
776811871,0.1,19.922014642925465,1.0501957265830597
776812292,0.1,19.987191497470256,1.0500320417766833
776812479,0.1,19.99325195294702,1.0500168758115709
776812620,0.1,19.40778961201086,1.0515257028230114
776812989,0.1,19.999171398426657,1.0500020715897596
776814335,0.1,19.98971334117814,1.05002572988078
776814693,0.1,19.989131901106067,1.050027185019709
776814845,0.1,19.97873887067087,1.0500532093879067
776814888,0.1,19.880442552436445,1.0503006911120016
776815119,0.1,19.90964883692463,1.0502269029549829
776815151,0.1,19.997191380316092,1.0500070225353912
776815290,0.1,19.96705712991484,1.0500824930531094
776815944,0.1,19.955679008938404,1.0501110485667808
776816023,0.1,19.959870004646046,1.0501005266951755
776817405,0.1,19.467027177265997,1.0513689116932976
776817464,0.1,18.994235718066832,1.052647551333104
776817894,0.1,19.806800761064927,1.0504877093511105
776818213,0.1,17.17775459242352,1.0582148263103643
776818483,0.1,19.986028277196333,1.0500349537251972
776818539,0.1,19.97279290417159,1.0500681103938716
77681903x,0.1,19.925488897386327,1.050186974339745
776819195,0.1,19.913386120422373,1.0502174765232137
776819275,0.1,19.974878441903837,1.0500628828810379
776819662,0.1,19.93014419819386,1.0501752516216427
776820460,0.1,9.249977209897978,1.1081083744649605
776820807,0.1,19.606343563086345,1.0510039006907306
776820962,0.1,19.897314542144603,1.0502580384846354
776821551,0.1,19.956589803875985,1.0501087615583389
776822204,0.1,18.626971042925565,1.0536855937390741
776822300,0.1,19.6359338511615,1.0509270405767255
776822896,0.1,19.640442591352752,1.0509153495573607
776823792,0.1,19.985815683314886,1.0500354859589167
776823813,0.1,19.99817782887836,1.0500045558428803
776823856,0.1,19.984871610465746,1.0500378496040133
776824509,0.1,19.84463580848022,1.0503914513549637
776824795,0.1,18.92436826534203,1.0528419224345467
776824920,0.1,5.869876618136782,1.1703613321121935
776825026,0.1,19.489505166630487,1.0513096659689534
776825034,0.1,19.995077392844053,1.0500123095476432
77682527x,0.1,11.672793297096819,1.085669297360788
776825886,0.1,19.963438982074024,1.0500915699393245
776826133,0.1,19.980258626060216,1.050049402198213
776826563,0.1,19.90574860299088,1.0502367441659415
77682658x,0.1,19.98623538907415,1.0500344352266895
776826651,0.1,19.991538929264745,1.0500211616293402
776826707,0.1,19.961414121337633,1.0500966511651626
776826766,0.1,19.995218372764395,1.0500119569267674
776826782,0.1,19.942465357561243,1.0501442515792485
776827734,0.1,19.970980865299627,1.0500726532534783
776827961,0.1,19.903447416028406,1.0502425524130403
776829940,0.1,19.987190046947067,1.0500320454076406
776830351,0.1,19.98832420152551,1.0500292065466739
776830394,0.1,19.999314554150825,1.0500017136733544
776830757,0.1,19.850733847957123,1.0503759713700918
776830861,0.1,19.75342754750559,1.0506241257419793
77683087x,0.1,19.88114080792546,1.0502989244762735
776831020,0.1,19.952834362129842,1.0501181928266785
776831303,0.1,19.936344276985277,1.0501596474311696
776832699,0.1,19.97860274958699,1.0500535504176174
776833077,0.1,19.98594134314158,1.0500351713652538
776833819,0.1,19.94293681565089,1.0501430661513813
776834029,0.1,19.939870418737126,1.0501507772618381
776834336,0.1,19.9681645824661,1.0500797154325388
776834627,0.1,19.94715800251508,1.0501324549529267
776835064,0.1,19.94298536076171,1.0501429440933916
776835726,0.1,19.08876073650892,1.0523868476221934
776835953,0.1,18.330250315517837,1.0545546287032115
77683597x,0.1,18.163790723935403,1.0550545871838442
776836016,0.1,11.480661200212367,1.0871029971672277
776836235,0.1,19.933693518647214,1.0501663176001246
776836489,0.1,19.99588111174805,1.0500102993417217
776837131,0.1,19.855329977518164,1.0503643102951339
776837764,0.1,19.988803387556185,1.0500280072104036
776837916,0.1,19.273919087541035,1.0518835840006413
776837932,0.1,19.787994132692596,1.0505356931730567
776838126,0.1,19.99282091016158,1.0500179541693258
776839030,0.1,19.982124734107092,1.050044728141103
776839073,0.1,19.97268898792732,1.0500683708940974
776840349,0.1,19.74974436999938,1.0506335667574027
776840373,0.1,19.829079622580284,1.0504309841421613
776840883,0.1,19.948672400119964,1.0501286491623365
776841800,0.1,19.98694801181229,1.0500326512786744
776842133,0.1,19.879954509167046,1.0503019259696433
776842168,0.1,16.047000745443185,1.0623169410822124
77684223x,0.1,19.989391390638424,1.050026535598694
776842264,0.1,19.919645996172317,1.05020169536106
776842520,0.1,19.98813768202883,1.05002967339469
776842600,0.1,19.970112909998054,1.050074829546875
776843312,0.1,19.973104377956492,1.0500673295986807
776843427,0.1,19.998446583899014,1.0500038838419137
776844155,0.1,19.98715580116572,1.0500321311320182
776844825,0.1,19.21208279044227,1.0520505772803292
776845940,0.1,19.97116291276538,1.0500721968153797
776846599,0.1,19.810520082259767,1.0504782305486011
776846855,0.1,19.997494224960253,1.0500062652225612
776847305,0.1,19.76593924240587,1.050592081040834
776847700,0.1,19.999196156166423,1.0500020096903577
77684792x,0.1,19.98518188244727,1.0500370727613086
776847946,0.1,19.67376775961907,1.0508291046340663
776848009,0.1,19.977570280572333,1.050056137255714
776848033,0.1,19.993506095551673,1.0500162400341824
776848869,0.1,19.999141816677675,1.0500021455503696
776849028,0.1,19.93090640609611,1.050173332794044
776849124,0.1,19.989497236912438,1.0500262707034675
776849319,0.1,19.99321784933208,1.050016961128316
780350705,0.1,17.264855605049533,1.0579211331317202
780350967,0.1,19.848923059807916,1.050380567096101
780351062,0.1,19.99574885822658,1.0500106301139396
780351580,0.1,19.994623759541287,1.0500134442151134
780352153,0.1,19.91508659244452,1.0502131886476147
780352209,0.1,19.996141185586414,1.0500096488976993
780352233,0.1,19.972213410552804,1.0500695631197103
780352989,0.1,14.173420165227796,1.0705546006780593
780353199,0.1,19.977896461017615,1.0500553199858291
780353981,0.1,16.198446797063163,1.0617343139455384
78035399x,0.1,19.926749616415034,1.0501837991267895
78035401x,0.1,19.96427662636118,1.0500894682394644
780354028,0.1,19.883930814948858,1.0502918667997072
780354394,0.1,19.902992693620334,1.0502437003014395
780354837,0.1,19.869739652907672,1.0503277857419568
78035532x,0.1,19.90636867794608,1.0502351793126328
780355995,0.1,19.60978495110158,1.0509949498423146
780356314,0.1,19.990675315853416,1.050023322584153
780356824,0.1,19.960656580651726,1.050098552417826
780356904,0.1,19.998441830234217,1.0500038957279247
780357480,0.1,19.83392910690597,1.0504186535411084
780358096,0.1,19.99397064407811,1.0500150779353166
780359558,0.1,19.675978965127882,1.0508233924102237
780359697,0.1,19.041096941482575,1.0525179827125095
780360321,0.1,19.951329467039233,1.0501219731573306
780360399,0.1,19.12944808101164,1.0522754235127476
780361367,0.1,18.510425076945626,1.0540236107946261
78036180x,0.1,19.968721085967708,1.050078319772953
780361850,0.1,19.988492943016027,1.0500287842035334
780362124,0.1,19.796707339699406,1.050513450688572
780362394,0.1,19.995426097996454,1.0500114373706795
78036252x,0.1,19.985756771126518,1.0500356334489522
780363637,0.1,19.776411339692547,1.0505652912868442
780364066,0.1,19.835023993593772,1.0504158704483026
780364074,0.1,19.98738368733724,1.0500315606906339
780365501,0.1,19.659054090520264,1.0508671472897675
780367478,0.1,19.854129652018422,1.0503673551813608
780368323,0.1,17.44219379190714,1.0573322376720744
780368702,0.1,19.987547707663467,1.0500311501253647
780368825,0.1,19.83291261927567,1.0504212376263937
780368833,0.1,19.957606248638243,1.050106209509381
780369019,0.1,19.71138717610735,1.0507320966843026
780369174,0.1,19.98056983926108,1.050048622639132
780369879,0.1,19.918215458595448,1.0502053008754086
780370044,0.1,19.97301593544781,1.050067551301815
780370132,0.1,15.957257561871451,1.0626674098680602
780370255,0.1,19.57771207799011,1.0510784915017843
780370415,0.1,19.972895717897057,1.0500678526601395
78037044x,0.1,19.994372112145935,1.0500140736798897
780370597,0.1,18.671194930968472,1.0535584360667445
780371047,0.1,19.80527482149029,1.0504915992841928
780371143,0.1,19.983051190918935,1.0500424079609243
780371194,0.1,19.986656530949148,1.0500333809435065
780372373,0.1,17.120481857904853,1.0584095709629973
780372381,0.1,19.998982096458718,1.0500025448883759
780373093,0.1,18.172020751145283,1.0550296532066736
780373202,0.1,19.839906771077644,1.0504034626542593
780374176,0.1,19.98136787095105,1.0500466237576158
780374635,0.1,19.506219888341764,1.051265699132084
780374731,0.1,19.866635506317074,1.0503356494199547
780375013,0.1,19.925894136179046,1.0501859536724287
78037546x,0.1,19.995146980416077,1.0500121354936491
780375734,0.1,19.99949967471713,1.0500012508444987
780376542,0.1,19.98056021128523,1.0500486467559198
780376729,0.1,19.980784204754688,1.0500480856883503
780377211,0.1,19.993342793185377,1.0500166485586815
780377668,0.1,19.844802446752112,1.0503910282142246
780377852,0.1,19.98996131604069,1.0500251093131212
780377959,0.1,19.98565309615639,1.0500358930072853
780378361,0.1,19.797861010023457,1.0505105071448735
78037837x,0.1,19.923864011183255,1.0501910673270356
780379452,0.1,19.65819415643821,1.0508693724378795
78037976x,0.1,19.997413822175155,1.0500064662807098
780381456,0.1,19.9951618018069,1.050012098422211
780381616,0.1,19.98518274430728,1.0500370706034623
780381990,0.1,19.98250314867551,1.0500437804292944
780382213,0.1,19.96472426972338,1.0500883451476715
780382555,0.1,19.812850579799136,1.0504722930187331
780382707,0.1,19.980428394032312,1.0500489769427905
78038274x,0.1,18.897425144695976,1.0529172621319087
780382803,0.1,19.970316588324792,1.0500743188310109
780383523,0.1,19.984982786479467,1.0500375712445715
780383582,0.1,19.999009641508426,1.0500024760188362
780384665,0.1,19.94544699402098,1.0501367555362269
780384702,0.1,19.77896367397735,1.0505587661964146
780386126,0.1,19.994433154162046,1.050013920989395
780386281,0.1,19.996913225974275,1.05000771812627
780387196,0.1,19.984069259490074,1.0500398586001256
780387209,0.1,19.997408218437766,1.0500064802936808
780387356,0.1,19.683842654633118,1.0508030884795059
780387882,0.1,19.948353550417835,1.0501294504066505
780387962,0.1,19.996542579341174,1.050008645046125
780388084,0.1,19.915878895595256,1.0502111910421974
780388578,0.1,17.898518402651085,1.0558705462376083
780388666,0.1,19.96127251806521,1.0500970065457995
780389060,0.1,19.9197848647699,1.0502013453854413
780389175,0.1,19.654630814227367,1.0508785949454789
780389247,0.1,19.94556918153385,1.0501364483960591
780389757,0.1,19.92473836200675,1.0501888648087263
780391005,0.1,19.996055307390236,1.050009863676983
780391486,0.1,19.67730167999522,1.050819976044614
780391697,0.1,18.491966537500193,1.0540775367493815
780391953,0.1,7.434006263326975,1.1345169703357858
780392577,0.1,19.298124589859633,1.0518185067851338
780392809,0.1,19.480056467889405,1.0513345534520593
780393123,0.1,17.6832158378601,1.0565507998753814
780393609,0.1,19.876868122530134,1.0503097366162286
780393641,0.1,19.975913299625237,1.050060289359524
780394476,0.1,16.123225581592543,1.0620223289030746
780395161,0.1,19.825024884099992,1.0504412986034644
780395727,0.1,19.92653954944748,1.0501843281678944
780395735,0.1,19.996160350555073,1.0500096009668296
780395997,0.1,19.97227623614166,1.0500694056188953
780396754,0.1,19.98952247297419,1.0500262075470788
780396973,0.1,19.957719459105046,1.0501059252811464
780397212,0.1,19.89730428175968,1.0502580644010517
780397220,0.1,19.95161610311326,1.0501212530770356
780397247,0.1,19.91069880581771,1.0502242542942697
78039728x,0.1,19.93307165751362,1.0501678826616296
780397300,0.1,19.975004786610977,1.0500625662262815
780399509,0.1,19.974001078299537,1.0500650819072217
783700299,0.1,19.85771194975592,1.0503582689954514
783700547,0.1,19.72567277727337,1.0506953558082002
783700563,0.1,19.960708732542383,1.050098421523965
783700678,0.1,12.746975512349822,1.0784499820393596
78370074x,0.1,19.91276882873396,1.050219033254532
783701304,0.1,19.882703838190846,1.0502949703490123
783701857,0.1,19.823480063926848,1.050445229433742
783702331,0.1,19.915122000407507,1.0502130993713992
783702729,0.1,19.970858077461337,1.0500729611177086
783702753,0.1,19.97870035946407,1.0500533058711345
783703019,0.1,19.936610731657606,1.0501589770427773
783703078,0.1,19.93248743016832,1.050169353097721
783703115,0.1,19.877857451025857,1.050307232681578
783703721,0.1,19.958756649545684,1.0501033214422584
783703836,0.1,19.934839856859572,1.0501634328231586
783704361,0.1,19.86255551577664,1.0503459889240188
783704425,0.1,18.76211588286559,1.0532988926325333
78370445x,0.1,19.985368954240442,1.0500366043924259
783704951,0.1,19.996143211551466,1.0500096438308322
783705049,0.1,19.993423956564854,1.0500164455159091
783705380,0.1,19.924935146894633,1.0501883691278089
783705452,0.1,19.994756291845984,1.0500131127083459
78370584x,0.1,19.924706075766156,1.0501889461353846
783706164,0.1,19.995504503095546,1.0500112412690157
783706404,0.1,19.89513144858986,1.050263553301171
783706826,0.1,19.997305610649196,1.050006736880966
783707191,0.1,19.999303770219704,1.0500017406350448
783707845,0.1,19.99714758948152,1.050007132043472
783708688,0.1,19.96068868728388,1.0500984718346447
783709162,0.1,19.868280465554626,1.0503314819686427
783709410,0.1,19.85929807352477,1.0503542469777993
783709541,0.1,19.99904746407433,1.050002381453235
783710796,0.1,18.936641595995503,1.0528076742082644
783711895,0.1,19.97075086094244,1.0500732299432836
783711975,0.1,19.995307364867237,1.0500117343410809
783712089,0.1,19.958883288541628,1.0501030035369814
783712361,0.1,19.91704532134943,1.050208250464143
783712513,0.1,19.984877473152185,1.0500378349251032
783712724,0.1,19.994898345521683,1.0500127573903857
783713727,0.1,19.982584514313984,1.0500435766596496
783714877,0.1,19.44406629421412,1.0514295716167952
783714906,0.1,19.77134475938312,1.050578249085734
783715343,0.1,19.898044872920767,1.05025619383143
783715933,0.1,19.997429728874785,1.050006426503706
783716303,0.1,19.99686195531371,1.0500078463428244
783716661,0.1,19.818395583775107,1.0504581713374759
783716688,0.1,19.964301132714613,1.0500894067542061
783717832,0.1,18.93319002082419,1.0528173011996458
783717859,0.1,19.936474989869506,1.0501593185609863
783717867,0.1,19.873177903269987,1.0503190785523768
783717955,0.1,19.985516663184235,1.050036234581922
783719563,0.1,19.998269840751114,1.050004325772336
783720089,0.1,19.99474462044086,1.050013141902182
783720812,0.1,19.956863508761316,1.0501080743254563
783721516,0.1,19.964859092621637,1.050088006900563
783722068,0.1,19.74937574506771,1.0506345118401903
783722594,0.1,19.93750772357563,1.0501567203817317
783722607,0.1,19.967389416146844,1.0500816596080076
78372280x,0.1,19.996490405875587,1.0500087755252376
783722850,0.1,15.61252611466836,1.064051133855941
78372299x,0.1,19.970159613920305,1.0500747124375984
783723079,0.1,19.489228322839548,1.0513103948209224
783723212,0.1,19.97384151297712,1.0500654818628803
783723837,0.1,19.9392180790143,1.050152418015453
78372432x,0.1,19.698080992534,1.0507663665500726
783725525,0.1,19.997564815257856,1.0500060887032112
783725541,0.1,19.978860744369562,1.050052904056695
783725576,0.1,18.449888413624098,1.0542008698145602
783725912,0.1,19.999408093580836,1.0500014798098434
783725998,0.1,19.084478365885115,1.0523986027193477
783726229,0.1,19.260097859633106,1.0519208161499471
783726405,0.1,19.73870499190675,1.050661884881
783726958,0.1,19.094206592210313,1.052371906377506
783727002,0.1,19.619070251348116,1.0509708149870804
783727037,0.1,19.9854254762408,1.050036462880854
783727811,0.1,19.994300614530392,1.0500142525252059
783728187,0.1,19.987204227776637,1.0500320099101343
783728590,0.1,19.953561995006588,1.0501163652008725
783728742,0.1,19.931771434606222,1.0501711552975048
783729147,0.1,19.96148852390603,1.050096464439633
783729243,0.1,19.77859756304664,1.0505597020624127
783730180,0.1,19.635305823546343,1.0509286694582987
783731255,0.1,19.988682896445372,1.0500283087775548
783732362,0.1,19.99708455310405,1.0500072896798736
783732573,0.1,19.26648977930723,1.0519035907139676
783732581,0.1,19.997638723032182,1.0500059038894554
783732805,0.1,19.79118833695037,1.0505275369510272
783732944,0.1,19.861521444641234,1.0503486101398243
783734130,0.1,19.824028929382802,1.0504438327628658
783734843,0.1,19.996885724923658,1.0500077869002182
783735037,0.1,19.950481740939235,1.0501241029156683
783735408,0.1,19.994817212729796,1.0500129603267063
783735571,0.1,19.981266754580112,1.050046877021487
78373558x,0.1,19.994568138047114,1.0500135833440247
783735635,0.1,19.983066351665265,1.0500423699947663
783736531,0.1,19.629875091420967,1.0509427592046696
783737462,0.1,19.9203966859954,1.050199803536193
783738297,0.1,19.997423083581477,1.0500064431212155
783738422,0.1,19.238550781778937,1.051978967196797
783738975,0.1,19.597379850139433,1.0510272295402228
783740717,0.1,19.819253227474867,1.0504559878479038
783741525,0.1,19.5459187397962,1.051161575636962
78374155x,0.1,18.688554228368368,1.053508687070188
78374163x,0.1,19.79416762754285,1.050519931871676
783743221,0.1,19.66547570346186,1.0508505370060264
783743352,0.1,19.741388028441943,1.0506549994640333
783744056,0.1,19.97604545100805,1.050059958186045
783744216,0.1,19.991975060976117,1.0500200704007467
783744267,0.1,19.95847768479979,1.0501040217491935
783744961,0.1,19.946576751488532,1.0501339158322178
783745323,0.1,19.95120334808148,1.050122289996917
783745753,0.1,19.970413805409905,1.0500740750664417
78374585x,0.1,19.722468722048887,1.0507035916290763
783746326,0.1,19.64476404355722,1.050904149206514
783746369,0.1,19.990728643289923,1.0500231891415153
783748313,0.1,19.997006670080914,1.0500074844449683
787550486,0.1,19.998436166353372,1.0500039098898375
787550515,0.1,19.994247919600394,1.0500143843379925
787550881,0.1,19.82294149948419,1.0504465999673167
787551948,0.1,19.82708777644547,1.0504360504818058
787552633,0.1,19.82176750444645,1.050449587796632
787552828,0.1,19.987880553713534,1.050030316986971
787553660,0.1,19.92537538411227,1.0501872602509341
787553708,0.1,19.994380674616057,1.0500140522616714
787554129,0.1,19.76838633776345,1.050585818332056
78755425x,0.1,19.986537282486786,1.050033679464639
787554671,0.1,19.94343251348187,1.050141819835878
787554823,0.1,19.979059342440856,1.0500524065152423
787554831,0.1,19.958015776233903,1.0501051813572972
78755484x,0.1,19.995724166164894,1.0500106918704208
787556458,0.1,19.987077933378046,1.050032326052525
787558015,0.1,19.81341337713524,1.0504708593600538
787558410,0.1,19.99362660754118,1.050015938560282
787558736,0.1,19.59567760216139,1.051031662201347
787558912,0.1,19.53114992595746,1.0512002623394423
787559210,0.1,19.96265364311572,1.0500935405621716
787559958,0.1,19.996120266184104,1.0500097012164467
787560481,0.1,19.993250772895312,1.050016878763692
787561273,0.1,19.991263847928785,1.0500218499243912
787561388,0.1,19.968492340637393,1.0500788934357816
787561580,0.1,19.960985182036804,1.0500977276863026
787561716,0.1,19.929225187896662,1.0501775653881074
787561732,0.1,19.98953432717183,1.050026177880527
787562671,0.1,19.989626099376196,1.0500259482107674
787562778,0.1,19.844209110742693,1.050392534891131
787563455,0.1,16.35602767629726,1.061139539489113
787563623,0.1,19.867016190059722,1.0503346849085642
787564597,0.1,19.10035759442197,1.0523550407397628
78756460x,0.1,19.544289108026394,1.0511658415649061
787564773,0.1,19.69899168551746,1.0507640195987895
78756479x,0.1,19.983441501561998,1.050041430547478
787565290,0.1,19.975163854196836,1.0500621675646429
787565602,0.1,19.947594260131833,1.050131358546762
787565610,0.1,19.818105693886118,1.0504589094157724
787565725,0.1,19.893914855949603,1.050266627118942
78756639x,0.1,19.955878537494343,1.0501105475322041
787566840,0.1,9.873049636950729,1.1012858272541661
787567595,0.1,19.98340984117032,1.0500415098298077
787567624,0.1,19.993326971027447,1.0500166881404536
787567907,0.1,19.948546316456063,1.0501289659976414
787568539,0.1,19.918294095967564,1.0502051026650143
787568926,0.1,19.923318905349895,1.0501924405642815
787569013,0.1,19.986476079887222,1.0500338326778036
787569101,0.1,19.98998184657587,1.0500250579352723
787569638,0.1,19.974343539709515,1.050064223538159
787570399,0.1,19.975593465304947,1.050061090887581
787570663,0.1,19.997624875254694,1.0500059385170992
787570989,0.1,19.998996735712765,1.0500025082865418
787571199,0.1,19.978424624608135,1.0500539966884208
787571244,0.1,19.865074491066903,1.0503396048401272
787572159,0.1,19.99354910656558,1.0500161324370176
787572183,0.1,17.784351467923802,1.0562292081217366
787572538,0.1,19.977217502047182,1.0500570211991498
787573581,0.1,19.95670223459961,1.0501084792589763
787574250,0.1,19.635469393458347,1.0509282452057476
787575165,0.1,19.81265239311951,1.0504727978949087
787575173,0.1,19.99394446645817,1.0500151434189287
787575376,0.1,19.152277034297988,1.052213112738981
787575675,0.1,19.959161138489158,1.0501023060569217
787575886,0.1,19.9590643404207,1.0501025490445872
787575915,0.1,19.855735141587594,1.0503632825916132
787576803,0.1,19.998273224050205,1.0500043173126261
787577726,0.1,19.992717141922544,1.0500182137776115
787578833,0.1,19.821737541234807,1.0504496640579424
787578913,0.1,19.998693871624162,1.0500032655342
787579449,0.1,19.644897841542253,1.0509038025072006
787579553,0.1,19.790763836075453,1.050528620738587
787580271,0.1,18.630384134484757,1.0536757585233578
787580335,0.1,19.98353103421284,1.050041206345763
787580343,0.1,19.308957104272178,1.0517894360943372
787580431,0.1,19.740030263266412,1.0506584836326653
787580503,0.1,18.54052492610053,1.0539359054819557
787580749,0.1,19.963120509507245,1.0500923690524113
787581418,0.1,19.95062828571922,1.0501237347355024
787581434,0.1,19.986373266842364,1.0500340900597014
787581688,0.1,19.956023778114705,1.0501101828259334
78758204x,0.1,19.92240772346346,1.0501947361925665
787582234,0.1,19.645065930028718,1.050903366960527
787582437,0.1,19.989855238145324,1.0500253747756896
787582453,0.1,19.775271563399258,1.0505682056903245
787583018,0.1,19.965474601416858,1.050086462754511
787583886,0.1,19.956844880939457,1.0501081210965912
787584985,0.1,19.99737882563343,1.0500065537948484
787586075,0.1,19.846736737139008,1.050386117034984
787586315,0.1,19.94473313274677,1.0501385500294373
787587430,0.1,19.906127179442304,1.0502357887591882
787587502,0.1,19.50697807889308,1.0512637065544261
787592205,0.1,19.941390695773524,1.0501469539038693
787592264,0.1,19.969621804251517,1.0500760610191977
787592774,0.1,19.995959707710853,1.0500101027716304
787593101,0.1,19.88419680811749,1.0502911940396689
787594040,0.1,17.41396473081948,1.057425176601523
787594403,0.1,19.992547171207338,1.050018639017652
787596206,0.1,19.99806594162919,1.050004835613545
787596644,0.1,19.99706928588992,1.0500073278590683
787597313,0.1,19.99812206140428,1.0500046952873623
787597479,0.1,18.696038323065228,1.0534872673408198
787597970,0.1,19.996202174606093,1.0500094963667619
78759805x,0.1,16.46613329164431,1.0607307120796505
787598156,0.1,19.725172787128123,1.050696640824995
78759864x,0.1,19.942294608399305,1.0501446809224662
787598770,0.1,19.988233031556472,1.0500294347389911
78759952x,0.1,19.98255700775544,1.0500436455460576
787599554,0.1,19.989835521066304,1.05002542411848
787599650,0.1,19.41478061580514,1.0515071491040142
787599685,0.1,19.858223277445692,1.0503569723246977
787599749,0.1,19.300245000241446,1.0518128137745137
790800642,0.1,19.92715977994773,1.0501827661865932
790800650,0.1,19.915199912046415,1.0502129029292402
790800757,0.1,19.812936710234457,1.050472073606506
790801514,0.1,19.991622401097764,1.0500209527739524
79080183x,0.1,19.990270749026184,1.0500243349654839
790802402,0.1,19.998539408058193,1.05000365174654
790803106,0.1,19.987707319010738,1.0500307506028408
790803501,0.1,19.98940895038686,1.0500264916527533
790804280,0.1,19.670490377778982,1.0508375734816282
790804299,0.1,19.80982523119432,1.0504800011271835
790804408,0.1,19.993783028818093,1.0500155472607984
790804424,0.1,19.990213265292482,1.0500244788151523
790805099,0.1,19.996902957482384,1.0500077438054387
790805128,0.1,14.677420022587942,1.0681318650322087
790805224,0.1,19.883059740237105,1.0502940700809902
790805275,0.1,19.921845635723866,1.050196152419071
790806235,0.1,19.283025904979535,1.051859080879094
790806737,0.1,19.950458818597173,1.0501241605064155
790806761,0.1,19.99861376770543,1.050003465820958
790806833,0.1,19.91025725292662,1.0502253681254174
790807094,0.1,19.850652358233987,1.0503761781705478
790807828,0.1,17.44669046016091,1.057317460998318
79080888x,0.1,19.510651635181066,1.0512540543851865
790809356,0.1,19.935218132610142,1.0501624809594732
790809364,0.1,19.898665982806907,1.0502546251524616
790810373,0.1,13.16114160087809,1.075981250739927
790810744,0.1,19.99658267673993,1.050008544768162
790810998,0.1,19.924861230823176,1.0501885553136516
790811093,0.1,19.995092634559228,1.0500122714246203
790811106,0.1,19.868451993474817,1.0503310474479048
790812408,0.1,18.95032906702577,1.052769532205118
790812619,0.1,19.98080521487972,1.0500480330620159
790812897,0.1,19.94470537549496,1.0501386198077736
790813400,0.1,19.84432043959612,1.0503922521833835
790813996,0.1,19.99018307662223,1.0500245543608584
790814008,0.1,16.65515912039815,1.0600414557898319
790814649,0.1,19.753416738918073,1.0506241534422653
790814884,0.1,19.983444493745605,1.050041423054618
79081522x,0.1,16.71700071438528,1.059819343020036
790815326,0.1,19.984811718199747,1.0500379995619034
79081573x,0.1,19.86411899321978,1.0503420262605823
790816521,0.1,18.529087451894213,1.053969198569343
790817620,0.1,19.994932674804392,1.0500126715235256
790818068,0.1,19.962956872174985,1.0500927796620065
790818658,0.1,19.91586927949969,1.0502112152859602
790818869,0.1,19.985961383968043,1.0500351211927268
790819204,0.1,19.98721256952757,1.0500319890290553
790819685,0.1,17.29198343780192,1.0578302658915288
790820483,0.1,19.904495092976465,1.050239907886579
790820774,0.1,19.806251883232527,1.050489108484305
790821582,0.1,19.999571952820418,1.0500010701408524
790822809,0.1,19.87012450473333,1.0503268109750288
790822825,0.1,19.99009634214314,1.0500247714110211
790824943,0.1,17.90467442513898,1.0558513367099238
790825073,0.1,19.56239415665443,1.051118487440344
790825225,0.1,19.96829442928164,1.050079389781713
790825305,0.1,19.362477717249995,1.0516462828054853
790825399,0.1,19.901171279250786,1.0502482987542856
790825778,0.1,19.993455004719895,1.0500163678445735
79082592x,0.1,19.982338555955664,1.0500441926353987
790826404,0.1,19.996208702295775,1.0500094800413435
79082656x,0.1,19.992125350722695,1.050019694377509
790826703,0.1,19.993551462931297,1.050016126542302
79082672x,0.1,19.99740295964384,1.0500064934440771
790826834,0.1,17.166144350708084,1.058254199636784
790827351,0.1,19.948927183922745,1.0501280089290175
790828602,0.1,19.352034892788584,1.051674152384494
79082883x,0.1,19.97906931695463,1.05005238152667
790829648,0.1,19.92340939789136,1.0501922125891685
790829664,0.1,19.816430437550434,1.0504631751490967
790830497,0.1,18.999301891057215,1.0526335128382107
790830745,0.1,19.839832578172594,1.0504036511427108
79083093x,0.1,19.676703042612314,1.0508215221744404
790831430,0.1,19.995236021070255,1.0500119127849372
79083229x,0.1,19.812881744680254,1.050472213627808
790833962,0.1,19.777706448668372,1.0505619801060062
790835300,0.1,17.143778779883824,1.0583301973759356
790835351,0.1,19.919569648559083,1.0502018877738324
790835669,0.1,19.92942847144791,1.0501770535684283
790835933,0.1,19.981221990204933,1.0500469891426167
790835941,0.1,18.72326037914457,1.0534095013234916
790836135,0.1,19.97513712310815,1.0500622345587383
79083616x,0.1,19.99649076164381,1.050008774635505
790836565,0.1,19.993277964761734,1.0500168107382144
790836821,0.1,19.984501124963334,1.0500387772377697
790837082,0.1,19.952228947353134,1.050119713573789
790837402,0.1,19.822038938805264,1.0504488969619727
790838317,0.1,19.94475539194647,1.050138494072672
79083915x,0.1,13.140837039647376,1.0760986531514611
790839168,0.1,19.984005658766268,1.0500400178560465
790839715,0.1,19.93374931127272,1.0501661771894808
790840038,0.1,19.903033492368408,1.0502435973080906
790840564,0.1,19.99432054325775,1.0500142026750297
790841495,0.1,19.994588030152883,1.050013533586786
790842084,0.1,19.951847490362326,1.0501206718066107
790842228,0.1,19.985069677015034,1.050037353692597
790842535,0.1,19.985038144423985,1.0500374326420292
790842877,0.1,19.953746505507628,1.0501159017793467
790843060,0.1,19.793802634314456,1.0505208634477543
790843087,0.1,19.367115104907512,1.051633916284548
790844514,0.1,19.819648517403078,1.050454981536223
790844960,0.1,19.901510912077022,1.0502474412328744
790845920,0.1,19.29986929635575,1.0518138223966533
79084635x,0.1,19.838396496287725,1.0504072998131238
790846712,0.1,19.997793063996212,1.0500055179488974
790846739,0.1,19.995811669880876,1.0500104730185207
790847352,0.1,19.96194753673278,1.050095312501942
790847678,0.1,19.922678137547702,1.050194054890408
790848101,0.1,19.863565908866313,1.050343427992133
790848224,0.1,19.984530275793894,1.050038704247717
790849032,0.1,19.96922580395198,1.0500770540539481
790849411,0.1,19.40362336816053,1.051536766150641
790849892,0.1,18.966449657450653,1.0527246805839154
794000853,0.1,19.99672810425013,1.0500081810777564
794001653,0.1,19.99236442778877,1.0500190962210567
794002357,0.1,19.573007889407286,1.0510907677373997
79400300x,0.1,19.92186503678606,1.0501961035351601
794003229,0.1,19.90323855409584,1.0502430796516888
794003245,0.1,19.596713785879594,1.051028963882738
794003472,0.1,19.98280429314082,1.050043026260496
794004053,0.1,19.7881921082379,1.0505351875770246
794006868,0.1,19.985320129179282,1.0500367266341641
794008783,0.1,19.996069701738534,1.0500098276769387
794008847,0.1,19.707413273642356,1.0507423265608098
794009751,0.1,19.962330516742096,1.0500943514166001
794010242,0.1,19.940456648707457,1.0501493028779167
794010779,0.1,19.991495737887686,1.0500212696994358
794010795,0.1,19.9611712118147,1.0500972607964063
794011210,0.1,19.94047281680274,1.0501492622159567
794011237,0.1,19.605164632713322,1.0510069677421323
794011579,0.1,19.976280050821913,1.0500593702859535
794014307,0.1,18.26472706209147,1.0547503390880395
794014462,0.1,19.99094697260664,1.050022642817786
794014518,0.1,19.998773794173886,1.0500030657025243
794014542,0.1,19.991942046301446,1.0500201530038449
794015131,0.1,19.991776326637865,1.0500205676404832
794015203,0.1,19.968029927087574,1.0500800531475292
794015705,0.1,19.98200220130396,1.0500450350233044
794016003,0.1,5.490408015694658,1.1821358261793005
794016118,0.1,19.633835924921176,1.0509324822629644
794016169,0.1,19.981022031951515,1.0500474899832906
794016185,0.1,19.977528563336826,1.0500562417833414
794016230,0.1,19.958403898758323,1.0501042069833155
794016871,0.1,18.57159705908664,1.0538456653360742
794017014,0.1,19.928506452415633,1.050179375076991
794017022,0.1,19.817588571557334,1.0504602260960862
794017030,0.1,19.984930939087246,1.050037701058259
794017161,0.1,19.99264627183541,1.0500183910825625
794017807,0.1,19.205947622810857,1.052067204370187
794018383,0.1,19.993555108410366,1.0500161174227263
794018666,0.1,19.99826583017859,1.0500043358005042
794018965,0.1,19.994267511250815,1.050014335330729
794019415,0.1,19.843066238880905,1.0503954372757462
794019888,0.1,19.97737071395545,1.0500566372981925
794021347,0.1,19.919108569572135,1.0502030498256119
794022577,0.1,19.968502780089935,1.0500788672547385
79402365x,0.1,19.94260804388896,1.0501438928047544
794023940,0.1,19.470441276704367,1.0513599042666004
794023983,0.1,18.62940262108412,1.0536785864978964
794024097,0.1,19.92221271644912,1.0501952275197992
794024126,0.1,19.74955103403106,1.0506340624289063
794024353,0.1,19.899113324313394,1.0502534954046503
794025014,0.1,19.95460524351177,1.0501137450626916
794025786,0.1,19.873501558051736,1.0503182590686868
794025938,0.1,19.855464120504667,1.0503639700351957
79402664x,0.1,19.997202499739302,1.0500069947290396
794026746,0.1,19.95539239361552,1.0501117683017818
794027378,0.1,18.55180661416624,1.0539031060854416
794028709,0.1,19.99085236333238,1.0500228795563624
794028960,0.1,19.44516462464124,1.051426666695986
794029074,0.1,19.935513527023947,1.0501617376770571
79402955x,0.1,19.989297872091456,1.0500267696443792
794029592,0.1,19.918762669951676,1.050203921627549
794029605,0.1,18.728962950600042,1.053393239264642
794029808,0.1,19.88286322688154,1.0502945671651558
794029816,0.1,19.98703434045998,1.0500324351760226
794030243,0.1,18.769396083344418,1.053278219264997
794030403,0.1,19.907696048757796,1.0502318298185187
794030606,0.1,19.265445372888692,1.051906404479351
794031246,0.1,19.92575314841119,1.0501863087709553
794031844,0.1,19.909944046284924,1.050226158229038
794032097,0.1,19.707329947265606,1.050742541109114
794034586,0.1,17.172852660691387,1.0582314435323257
794034850,0.1,19.865082819238108,1.0503395837359188
794037445,0.1,19.611734256880457,1.0509898812058993
794038026,0.1,16.932387193354014,1.059058417964391
79403907x,0.1,19.367051727058428,1.0516340852543324
794039475,0.1,19.9945115184765,1.050013724970271
794039504,0.1,19.97608939969987,1.0500598480508916
794040150,0.1,19.992928579541044,1.0500176848039817
794040177,0.1,18.127924863851266,1.0551635119579568
794040580,0.1,19.961481824302954,1.050096481253336
794041460,0.1,19.976309684120068,1.05005929602678
794042156,0.1,19.97653639540857,1.0500587279099014
794042869,0.1,19.99183468979112,1.0500204216129625
794043220,0.1,19.337826263485667,1.0517121203993973
794043247,0.1,18.778233670621617,1.0532531449730809
794043482,0.1,19.896998223238267,1.0502588374779103
794043538,0.1,19.993951439140208,1.050015125976669
794043597,0.1,19.9849534632765,1.050037644662899
794043642,0.1,19.16023509261709,1.0521914264186312
794044258,0.1,19.003385466653604,1.0526222025940988
79404475x,0.1,19.945317075229354,1.0501370821144742
794044856,0.1,19.838792893161415,1.0504062926300677
794045007,0.1,19.923074505854842,1.0501930562828607
794045568,0.1,19.95668941546446,1.0501085114460467
794045576,0.1,19.956082333026647,1.0501100357931994
79404627x,0.1,18.270542281277518,1.0547329129373864
79404651x,0.1,19.930977046836844,1.0501731549662643
794047141,0.1,19.999509888184388,1.050001225309566
794047897,0.1,19.975097824015943,1.050062333051391
794048742,0.1,19.980695579491922,1.0500483076788576
794048750,0.1,19.9402295306067,1.0501498740756758
794049577,0.1,19.980506345740974,1.05004878168231
79750052x,0.1,19.933181777330038,1.0501676055117952
79750079x,0.1,19.995686745705257,1.0500107854617589
797501207,0.1,19.998518904066476,1.0500037030140597
797502197,0.1,19.96613554381359,1.0500848047337756
797502277,0.1,19.7590276159318,1.050609777942397
797502699,0.1,19.713408118044523,1.0507268958270415
797503851,0.1,19.89344237738472,1.0502678209748566
797504168,0.1,19.97786257452201,1.050055404889776
797504854,0.1,19.974324373378174,1.0500642715772055
797505603,0.1,19.985358257046595,1.0500366311745957
797505654,0.1,19.84024701465845,1.0504025982771876
797505689,0.1,15.947657316575146,1.0627051346883816
797505697,0.1,19.686844107132394,1.050795343050322
797506534,0.1,19.867634898632605,1.0503331174094017
797506817,0.1,19.936452584375253,1.050159374932315
79750730x,0.1,19.91203528806449,1.0502208832765283
797507393,0.1,19.95481650914606,1.0501132144984475
797507940,0.1,19.97720717286601,1.0500570470810477
797507991,0.1,19.999507905676804,1.0500012302660784
797509022,0.1,19.993910104973946,1.05001522937483
797509065,0.1,19.994860478780122,1.0500128521057333
797509380,0.1,19.937178192119283,1.050157549396598
797509436,0.1,19.998187794396063,1.0500045309245583
797509890,0.1,19.99990519274971,1.0500002370192494
797510269,0.1,19.978037783682456,1.0500549658994425
797511114,0.1,19.40516472100645,1.0515326725836798
797513523,0.1,19.995829243204497,1.0500104290668437
797515086,0.1,19.988072976339716,1.0500298353514979
797515262,0.1,19.99112677388865,1.0500221929114144
797515385,0.1,19.98327359273967,1.0500418510190102
797515537,0.1,19.97490720590509,1.0500628107901484
797515991,0.1,19.982491904086814,1.0500438085900328
797516951,0.1,19.999283536119904,1.0500017912238675
797517196,0.1,19.99463505475102,1.0500134159619174
797517225,0.1,19.983535864050914,1.0500411942512604
797518068,0.1,19.332146763462816,1.0517273126588285
79751813x,0.1,19.30735769679435,1.0517937262935795
797518340,0.1,19.99017980933881,1.0500245625370928
797518447,0.1,19.984984452692608,1.0500375670727764
797518527,0.1,19.8449747009041,1.0503905908206796
797518586,0.1,19.98318510599511,1.0500420726073338
797519220,0.1,19.98915799466923,1.0500271197149316
797519298,0.1,19.997392594388124,1.050006519363961
797519781,0.1,19.955339961196387,1.0501118999698589
797519845,0.1,19.979616168516205,1.0500510115692712
797520117,0.1,19.913161156699157,1.0502180438420035
797520643,0.1,19.956996229803686,1.0501077410891426
797521654,0.1,19.99511639584366,1.0500122119923176
797521670,0.1,19.988757503508896,1.0500281220493297
797522139,0.1,19.960434226960007,1.050099110501781
797522614,0.1,19.972130116920695,1.0500697719344811
797522905,0.1,19.96351394531312,1.0500913818448667
797523289,0.1,19.766974039345165,1.0505894325560174
797523772,0.1,19.84780748743116,1.0503833988027775
797524169,0.1,19.911029180070155,1.050223420947067
797524476,0.1,19.99272726828379,1.050018188443274
797524783,0.1,19.967547642801318,1.0500812627513885
797524871,0.1,18.79634849546457,1.053201822696642
797524900,0.1,19.944159066613942,1.0501399932010158
797525604,0.1,19.899357361744034,1.0502528791167132
797525620,0.1,19.050821723298803,1.0524911741091472
797525962,0.1,19.94184258872862,1.0501458175467302
797526279,0.1,19.694086738109785,1.0507766627261224
797527394,0.1,19.330917699650158,1.0517306014922456
797527941,0.1,19.981748662209327,1.050045670021426
79752808x,0.1,19.857788829294595,1.0503580740331362
797528127,0.1,19.60825590510597,1.0509989264134196
79752859x,0.1,19.993420019171964,1.0500164553658697
797528610,0.1,19.967083143826844,1.0500824278036407
797528856,0.1,19.971712141277276,1.0500708198138513
797529058,0.1,19.99509314659169,1.0500122701439107
797529146,0.1,19.700780496145487,1.050759410277966
797529381,0.1,19.641156097774036,1.0509134999499001
797529488,0.1,19.71496107853139,1.050722900036001
797529998,0.1,19.87484110180717,1.050314867670015
797530331,0.1,19.944051922373458,1.0501402625651104
797530411,0.1,19.390973880676054,1.0515703855904084
797530956,0.1,18.156788807339836,1.0550758182303555
797531174,0.1,19.923042424337982,1.0501931371073325
797531211,0.1,19.557558818973867,1.0511311257839524
797531385,0.1,19.99215480757231,1.0500196206774688
797531844,0.1,19.973426160108666,1.0500665229882904
797531959,0.1,19.883378930243104,1.0502932627049106
797532329,0.1,19.932676457942136,1.050168877326133
797532409,0.1,19.989144404665353,1.0500271537268302
797532417,0.1,19.928482409601216,1.0501794356161418
797532628,0.1,15.447126482559034,1.0647369594033607
797532951,0.1,19.998942071164354,1.0500026449619981
797534770,0.1,19.950135233265613,1.050124973505571
797534826,0.1,19.960720777432332,1.0500983912930941
797535212,0.1,19.496889518515864,1.0512902326830296
797535490,0.1,19.997373748863676,1.0500065664901035
797535706,0.1,19.94646931470257,1.0501341858663127
797536354,0.1,19.902370893278828,1.050245270041556
797536645,0.1,19.945457094305194,1.0501367301472133
797536813,0.1,19.9142686707194,1.0502152510109664
797537509,0.1,19.997036560134624,1.0500074096975731
797537592,0.1,19.816791299363196,1.0504622562196602
797537939,0.1,19.992118022180367,1.0500197127133075
797538165,0.1,19.93048450372838,1.0501743948980733
797539192,0.1,19.872295721499288,1.050321312344307
797540054,0.1,19.987321975706067,1.0500317151650165
797540329,0.1,19.985761066675572,1.0500356226947698
797540951,0.1,19.994948180270345,1.0500126327402404
797541700,0.1,19.985314348600244,1.0500367411068539
797541727,0.1,19.978872501770418,1.0500528746009758
797541874,0.1,19.991665873785163,1.050020844001364
797542324,0.1,19.326955118846477,1.0517412077510782
797542367,0.1,19.92083283629006,1.0501987044526715
797542658,0.1,19.988628243189915,1.050028445565828
79754344x,0.1,19.734534623002975,1.0506725909226347
797543976,0.1,19.99767453337289,1.0500058143426207
797544864,0.1,19.972555491295623,1.0500687055512659
79754512x,0.1,19.927550341055422,1.0501817826519182
797545269,0.1,19.984234663424512,1.0500394444341778
797545744,0.1,19.945999241241825,1.0501353673939948
797546421,0.1,19.944329544736263,1.0501395646194545
797546624,0.1,19.922896483836514,1.050193504785376
797547109,0.1,19.72052403443635,1.0507085916304142
797547619,0.1,19.98362355682376,1.0500409746588992
797547686,0.1,19.880301313953993,1.0503010484704323
797547803,0.1,19.97024753896622,1.050074491968554
797548806,0.1,19.986248302332125,1.0500344028990831
798884908,0.1,19.992774155562156,1.0500180711400569
863576806,0.1,19.750482484462704,1.050631674481202
863577083,0.1,18.71486697484044,1.05343345487544
86359318x,0.1,19.80536533989325,1.0504913685174864
86383588x,0.1,19.980045248707764,1.050049936701954
863862845,0.1,19.956123687086308,1.050109931952722
863948737,0.1,18.147887663080176,1.0551028317215334
86394981x,0.1,19.932222018488428,1.0501700211382572
863980227,0.1,19.964732790644995,1.050088323770032
964950828,0.1,19.939075891406222,1.050152775657522
965401564,0.1,19.890499075114498,1.0502752593699936
965450542,0.1,19.618802527501405,1.050971510549546
f6792352x,0.1,19.98550157362074,1.0500362723605556
f67923992,0.1,19.998425482575097,1.0500039366034748
l01609355,0.1,19.999346915082135,1.0500016327656114
l10139199,0.1,19.96023986907203,1.050099598329451
l20234480,0.1,19.995470639074068,1.0500113259672845
x14212127,0.1,19.422598849974534,1.051486415784225
x14214202,0.1,19.975227041730506,1.050062009203244
x14217286,0.1,18.76886885714544,1.053279715874795
x14222691,0.1,19.76877916065763,1.0505848131476994
x14256154,0.1,19.96197367572565,1.050095246905171
x1426543x,0.1,19.980821607120244,1.0500479920026735
x14279313,0.1,19.91333484373552,1.0502176058328365
x14291670,0.1,19.931845695020293,1.0501709683739844
x14297642,0.1,19.55931291102143,1.051126540310959
x14301592,0.1,19.90185879650902,1.0502465629077526
x14303168,0.1,19.973871400149076,1.0500654069492275
x18918303,0.1,19.973038150810417,1.0500674956133014
163560221,0.9,19.130170299612725,1.0522734499661115
163560395,0.9,13.943620458110969,1.0717173852375121
163560635,0.9,19.974140478945785,1.0500647325002082
163560758,0.9,17.789212627214624,1.0562138426784646
163560993,0.9,18.662140975076518,1.0535844199942284
163561136,0.9,17.28139162859631,1.05786571020966
163561937,0.9,18.60720458542998,1.053742624014734
163562163,0.9,17.728970153550478,1.0564048555183414
163562198,0.9,19.912204433159765,1.050220456673029
163562358,0.9,16.586414966934793,1.0602903039622191
163562569,0.9,14.763324910423513,1.0677354190920745
16356285x,0.9,18.798726736106328,1.0531950920952173
163563019,0.9,19.65054224954042,1.0508891809346068
163563166,0.9,19.839119678789412,1.0504054623486712
16356365x,0.9,19.11131501799275,1.0523250231111008
16356445x,0.9,13.169085278443118,1.0759354183571832
163565030,0.9,13.200108268452498,1.0757569543872563
163565778,0.9,13.825170069291556,1.0723318407649247
163566711,0.9,19.26008482223756,1.0519208512958056
163566834,0.9,19.98980086029527,1.0500255108587024
163567247,0.9,18.04789220661741,1.0554081323487372
163567343,0.9,12.284791459504556,1.0814014632072826
163567490,0.9,8.000929053692161,1.124985485221686
163567685,0.9,19.559682410977707,1.0511255744847248
16356787x,0.9,9.96729842876413,1.100328088613676
163567984,0.9,18.32711459593881,1.0545639628521555
16356867x,0.9,15.644610697461147,1.0639197752720229
163568709,0.9,19.529649061609177,1.051204197107964
163568848,0.9,19.34275678160708,1.051698938847791
163569146,0.9,12.25955857648326,1.0815690054222864
163569381,0.9,19.756663251417038,1.0506158346312997
163569824,0.9,15.791759265584874,1.063324166939355
163569832,0.9,13.630384006240842,1.0733655045626107
163570278,0.9,19.252093534211927,1.0519424029507727
163570649,0.9,19.591931745954245,1.051041419139616
163570868,0.9,2.0062201350618523,1.4984497875000988
163571449,0.9,17.407586539673737,1.0574462173559152
16357173x,0.9,17.188258291287582,1.0581792513850505
163571887,0.9,19.65541745655895,1.0508765586999174
163571908,0.9,8.545681073353114,1.1170181746096481
163572492,0.9,9.5311222963356,1.1049194385413004
163572572,0.9,13.899500753927919,1.0719450300916316
163572652,0.9,19.617650757835,1.0509745031321152
163572767,0.9,6.190747320963342,1.1615313867864971
163573196,0.9,19.75404649617775,1.0506225395487194
163573292,0.9,14.576616347327333,1.0686030266676638
163573794,0.9,19.132579320748622,1.0522668681120029
163573903,0.9,17.268509029998654,1.0579088790041347
163574148,0.9,18.009732891729236,1.0555255320004906
163574965,0.9,18.555432789887288,1.0538925721282557
163575108,0.9,19.713305736314798,1.0507271592789156
163575984,0.9,19.087254076152618,1.0523909827998459
163576098,0.9,19.064580747959052,1.0524532909073836
16357624x,0.9,16.370270514184874,1.0610863454659163
16357640x,0.9,15.393893289176766,1.0649608244785669
163576776,0.9,15.573571298709815,1.0642113475977628
163576880,0.9,15.62643043092243,1.063994141491274
163576944,0.9,7.968286326215632,1.1254974983403903
16357720x,0.9,17.9172358022607,1.055812180574965
163577402,0.9,13.901628101494554,1.0719340204398426
163577867,0.9,9.597339794078374,1.1041955397491507
163578050,0.9,19.73218310891371,1.0506786296518942
163579002,0.9,19.782435524753662,1.0505498930477344
163580118,0.9,18.900019000940766,1.0529099997174725
163580986,0.9,19.548228396373702,1.051155530809406
163581057,0.9,19.895439659375086,1.0502627746418653
163582121,0.9,19.964640055237048,1.05008855642943
163582594,0.9,19.521579413349833,1.0512253634209612
163584856,0.9,19.683662234837197,1.0508035541389318
163585330,0.9,17.6368581394479,1.0566994411415787
163587264,0.9,19.312607837282616,1.0517796461475037
163587483,0.9,10.015459189232763,1.0998456467253206
16358790x,0.9,17.93561563349956,1.0557549860810036
163588160,0.9,19.95464140613953,1.0501136542444869
163588187,0.9,5.465315438108817,1.182972055560993
163589614,0.9,18.594046475711995,1.0537806550772164
163591415,0.9,19.07045459600912,1.052437134886615
163592047,0.9,19.956481405368756,1.0501090337363268
163592661,0.9,19.795585197344316,1.0505163141190772
163593461,0.9,19.85569338524526,1.0503633885051378
163594309,0.9,19.06836414307731,1.052442883537183
163595344,0.9,19.58156726678913,1.0510684352470616
163598908,0.9,19.970505708166215,1.050073844629337
163604239,0.9,16.851666979745293,1.0593413103405105
163604423,0.9,17.516377373933558,1.0570894300032676
163607085,0.9,17.400470544683238,1.0574697102260577
163608096,0.9,17.98196766659756,1.0556112667167983
163608723,0.9,19.54166795872339,1.051172704505687
163611420,0.9,19.81663856806568,1.0504626451436365
163615667,0.9,2.1054770397111575,1.4749517478172958
163617398,0.9,19.988675503484803,1.0500283272808977
163618710,0.9,19.376873750496188,1.0516079122399398
163619107,0.9,10.49173871188877,1.0953130865589367
163621493,0.9,13.149808957452969,1.0760467321795748
163621733,0.9,17.16175950002276,1.0582690836565256
163631368,0.9,19.88382887423659,1.0502921246368047
163633865,0.9,19.20600851294873,1.0520670392979259
163637831,0.9,18.916941352355828,1.0528626685135578
16363880x,0.9,14.772743081787413,1.0676922352513427
163639909,0.9,19.69674357934389,1.050769813597447
163642438,0.9,19.251527422793814,1.0519439303717792
16364250x,0.9,18.420174452826878,1.0542883023481102
163643617,0.9,13.39953396351406,1.0746294611978988
163644265,0.9,19.372813445967726,1.0516187286265404
163644898,0.9,19.966072365202386,1.050084963217044
163657189,0.9,12.382433018729097,1.0807595727340051
163660476,0.9,18.489608816589012,1.054084432500421
163660628,0.9,15.482393938192157,1.064589494621577
163661487,0.9,16.314863344942605,1.0612938017841251
163662076,0.9,19.480124490058632,1.0513343741981902
163665605,0.9,18.999493890741334,1.0526329809494195
163666456,0.9,19.501475458686556,1.0512781713423929
163668099,0.9,19.686893250461775,1.050795216252648
16367419x,0.9,19.8694721240907,1.0503284633710803
163700175,0.9,19.63242764083063,1.0509361357797773
163700239,0.9,19.302339529342735,1.0518071914795528
16371813x,0.9,19.670094240493366,1.0508385973027712
163719212,0.9,19.84111808815393,1.0504003854801431
163741137,0.9,16.32562287138291,1.061253405635928
163742818,0.9,19.594461989601328,1.051034828133107
163743423,0.9,18.118573420984585,1.055191983207785
163744872,0.9,19.374203130017424,1.051615026088513
163747299,0.9,19.144636506374535,1.052233950729074
163747424,0.9,18.408361840641955,1.0543231390526127
163749569,0.9,19.819035947297024,1.0504565410073028
163751714,0.9,4.954272173908132,1.2018459957179057
163751757,0.9,19.868854930657253,1.0503300267423574
163781083,0.9,19.275436618704955,1.051879499270569
163784946,0.9,17.175983886681934,1.0582208277905634
163788170,0.9,19.54941781984889,1.0511524184103673
163789202,0.9,19.833029846885747,1.050420939600261
163789376,0.9,13.227876780328014,1.0755979222218914
163791468,0.9,19.87038541574405,1.0503261501514543
163792030,0.9,19.536876121681157,1.0511852557067833
163793201,0.9,19.373820889637738,1.0516160444393732
163793981,0.9,19.8255798169749,1.0504398867136178
163794933,0.9,19.532571833636183,1.0511965351269281
163795039,0.9,18.32578511283086,1.054567921311041
163820679,0.9,19.89250006499473,1.0502702021733166
163820812,0.9,17.86072808793432,1.0559887589731318
163820927,0.9,19.593825121654863,1.0510364869437776
163822340,0.9,6.8859551214326356,1.1452231364226417
163822404,0.9,19.842462284826205,1.050396971184605
16382328x,0.9,19.02438407359007,1.052564119612588
163825592,0.9,13.630367028235709,1.0733655959467907
163826034,0.9,19.613904313299724,1.0509842397529146
163827272,0.9,11.637570923821501,1.085928584800549
163829075,0.9,14.083726444678028,1.071003935210477
163837251,0.9,19.02129084142903,1.052572667561655
163837809,0.9,19.285808937484475,1.0518515973709752
163858001,0.9,12.361465206987017,1.0808965590450212
163858538,0.9,12.819267949205154,1.0780075745325226
163859629,0.9,19.75692182562061,1.050615172182501
163860478,0.9,15.584034871692278,1.0641682342367225
163861606,0.9,17.314713437909287,1.057754348842446
16386230x,0.9,16.75547884715978,1.0596819708420038
163863767,0.9,16.82427184886796,1.0594379363923132
163871812,0.9,12.944538950406788,1.0772526548710006
163899452,0.9,17.390159795251225,1.0575037844260105
163901671,0.9,17.96267636066387,1.0556709913334452
163904143,0.9,18.860147910993685,1.0530218535251834
163906077,0.9,19.874750493517006,1.0503150970537312
163906085,0.9,6.582786524593802,1.1519113518665571
163907133,0.9,13.536576584785667,1.0738739217952598
163912215,0.9,4.680193382705499,1.2136663847471032
16391224x,0.9,10.124269255033964,1.0987725607458318
163912266,0.9,17.79090276918621,1.0562085023437933
163916726,0.9,15.315707986903305,1.0652924436046387
163918035,0.9,14.090579555007952,1.0709694016556324
163918190,0.9,16.656854244636015,1.0600353455288252
163922288,0.9,19.35004352603759,1.0516794703151129
16392454x,0.9,19.283884341815885,1.0518567723325098
163925577,0.9,18.907890349178214,1.0528879733028207
163929332,0.9,19.641984664195405,1.0509113522434859
163931176,0.9,19.982890313170405,1.0500428108410782
163932822,0.9,19.679824460014547,1.05081346137166
163934342,0.9,19.15838338880751,1.052196470845458
163941227,0.9,18.059809070438927,1.0553715709894653
163941462,0.9,14.290906503792957,1.069974567375036
163942465,0.9,16.405400270923693,1.0609555380231936
163943855,0.9,19.790122723878962,1.0505302576417774
163945076,0.9,19.42177715059021,1.051488594079024
163947426,0.9,15.519561077847186,1.064434811975927
163948074,0.9,19.937882233361968,1.050155778246433
163948664,0.9,7.63772827532365,1.1309289835867622
163951206,0.9,19.942377396621268,1.0501444727532547
16395137x,0.9,4.805708899903285,1.208085845570073
163952196,0.9,19.327012514367098,1.0517410540949685
16395241x,0.9,19.973050614138476,1.0500674643708219
163952612,0.9,19.568507512239737,1.051102517622998
163956031,0.9,19.891402674102874,1.0502729755354019
163956373,0.9,19.401356480976215,1.0515427877932422
163957202,0.9,19.894705155105864,1.0502646303226744
16395778x,0.9,16.56900235953571,1.06035366392621
163959750,0.9,12.103991828749324,1.0826173723634551
163960022,0.9,19.27681286396555,1.0518757953950633
163963047,0.9,18.93030816060925,1.0528253418547528
163963063,0.9,19.475951830841385,1.0513453724205888
163963717,0.9,19.244036304719668,1.0519641505641282
163964517,0.9,18.577585317148188,1.0538283088425353
163966141,0.9,19.87069716079062,1.050325360600494
163966344,0.9,17.300454436132576,1.057801949867367
163969078,0.9,16.75039497540364,1.059700084772234
163972146,0.9,19.268666793161398,1.0518977265388652
163973253,0.9,18.54022184083862,1.0539367871962189
163977262,0.9,19.34818373455021,1.051684437863503
16397802x,0.9,17.08423926178313,1.0585334813377947
163978206,0.9,18.941795353955428,1.0527933060891812
163978361,0.9,17.559172474940286,1.0569502920155922
163978863,0.9,19.62311229132733,1.050960315833384
163979276,0.9,19.306448348565976,1.0517961658170172
16398581x,0.9,16.619362466347894,1.0601707798373659
16398725x,0.9,6.844772595599027,1.1460968916108285
163990088,0.9,9.448026302358473,1.1058422116956188
163997300,0.9,4.837410384587661,1.2067221758125117
163999306,0.9,19.71085677546787,1.0507334618373667
163999824,0.9,12.690369662216694,1.0787999110047457
164000541,0.9,16.418822295308928,1.060905708217922
164000787,0.9,17.327552293045507,1.0577115557401235
164033052,0.9,16.466324395391467,1.060730007255285
164035752,0.9,19.36775476659217,1.0516322109636023
164036659,0.9,19.140604192472594,1.0522449547540025
164039702,0.9,19.94303128604439,1.0501428286230376
164041001,0.9,6.282113326180024,1.1591821013213195
164055147,0.9,19.827478718572895,1.0504350560247115
164055438,0.9,8.431420975587423,1.1186039699471095
164057417,0.9,13.42983327058095,1.0744610882244217
164064780,0.9,19.533210738682058,1.051194860557137
164065556,0.9,18.912754279130322,1.0528743717198012
164070259,0.9,18.134314161769918,1.05514407609129
164070582,0.9,19.74312476365071,1.0506505435168556
164071008,0.9,19.233799685347957,1.051991806941911
164071411,0.9,19.678590781731124,1.0508166469383755
164075332,0.9,17.613179716879078,1.0567756655001754
164076271,0.9,19.04645474123601,1.0525032093156412
164076466,0.9,19.318708738075312,1.051763293994339
164076511,0.9,18.95158311805066,1.0527660403762016
164077231,0.9,5.1867542704831395,1.1927988001457512
164079237,0.9,8.49328261208602,1.1177401065845838
164080967,0.9,17.706012003043792,1.0564779917594145
16408823x,0.9,8.71511123292133,1.1147432285456669
164091121,0.9,19.738335078037114,1.0506628343295632
164091543,0.9,19.541396998119755,1.0511734140653413
164092546,0.9,18.493751581261876,1.054072317106996
164092909,0.9,19.491082255521537,1.0513055143316485
164093186,0.9,8.715425145529926,1.1147390957184564
164094349,0.9,9.074233541915316,1.110202144939387
164097160,0.9,19.202651277450194,1.0520761422759526
164097195,0.9,18.729208278655967,1.0533925398832589
164097259,0.9,18.062026650441652,1.0553647726998314
164097355,0.9,19.27037683818654,1.0518931211567373
16409746x,0.9,17.44284888942313,1.0573300844569244
164097523,0.9,4.984194867052163,1.2006342100728171
164097611,0.9,19.784057088677837,1.0505457498185389
164097697,0.9,18.78833499221018,1.053224514062295
164098040,0.9,18.475168445409345,1.0541267054184005
164098091,0.9,19.64133319742715,1.050913040879068
169650199,0.9,16.226557439824525,1.061627366353489
16965355x,0.9,19.896889269591302,1.0502591126909628
169655539,0.9,13.018171182279747,1.0768157052168121
16965646x,0.9,19.97662701250374,1.0500585008357057
169656937,0.9,19.095427936465118,1.0523685566684984
169657833,0.9,18.414399480437375,1.054305327798626
169658641,0.9,19.905056048204386,1.0502384920483663
169661656,0.9,19.977348253827362,1.0500566935758562
169662739,0.9,18.606141704052405,1.0537456940781118
169663459,0.9,19.261540715431163,1.0519169268322788
169671870,0.9,16.923172568630946,1.0590905751238167
16967318x,0.9,19.58124423246272,1.051069277729663
169674668,0.9,15.370253649666967,1.0650607350270804
169674676,0.9,19.53200912555307,1.051198010075253
169675601,0.9,19.58182772324947,1.0510677559895343
169675791,0.9,15.53414834327554,1.0643743047833634
169676284,0.9,19.304805846413323,1.051800572767003
169677359,0.9,19.274154974750783,1.0518829490221493
169677906,0.9,19.65359198668965,1.0508812842292263
169677981,0.9,15.467822093031243,1.0646503427557867
194290738,0.9,18.651325228452805,1.0536154931486845
264570613,0.9,18.886192138456455,1.0529487359161076
264574251,0.9,16.885667916339976,1.0592218208337685
264575289,0.9,19.891954314687585,1.0502715813730596
26458103x,0.9,19.519562240721992,1.0512306571053005
264582788,0.9,14.34949162678574,1.069688879997207
264583369,0.9,15.735057340797493,1.0635523581733142
264583457,0.9,7.858312097882306,1.1272537903234314
264583676,0.9,13.973411500861546,1.0715644851608603
264584097,0.9,17.59350731518891,1.0568391499253065
264585719,0.9,19.856683661623244,1.0503608768231871
264586826,0.9,17.1705096149517,1.0582393896526647
264586893,0.9,16.57180619741828,1.0603434524931743
264588928,0.9,18.417151423469598,1.0542972133424318
264589111,0.9,19.73624727877214,1.0506681936983824
264589314,0.9,14.692961637963647,1.0680597979250284
264590489,0.9,18.791184776696262,1.0532164422777717
264590884,0.9,19.98955370626692,1.0500261293820927
264592433,0.9,16.71035406377916,1.059843136547751
264592783,0.9,15.887292716892842,1.0629433861274997
264594113,0.9,17.465867365883142,1.0572545284497776
264594121,0.9,16.37306336504073,1.0610759256044395
264594295,0.9,19.07308133467122,1.0524299132611672
264595044,0.9,19.91482319189193,1.0502138527851523
264595669,0.9,19.7752653848701,1.0505682214897147
264597859,0.9,13.61274971538727,1.073460544042005
264598237,0.9,10.673379891025279,1.0936910341625572
264598405,0.9,19.511836470653595,1.0512509420373644
264598616,0.9,19.84912255290769,1.050380060747497
264598835,0.9,19.829558779344563,1.0504297655397985
264604502,0.9,19.43860958605283,1.0514440086660055
264606188,0.9,18.445018509577892,1.054215180075896
264607543,0.9,19.648890950711003,1.0508934576770002
264608204,0.9,18.93175365501903,1.0528213084863847
264608853,0.9,18.19316167418431,1.0549657073305174
26461118x,0.9,17.156498307679552,1.0582869523877365
264617290,0.9,17.940023796240364,1.0557412861520044
264618939,0.9,16.480547985250773,1.0606775940275135
264619384,0.9,17.451512162904457,1.057301624676722
264627202,0.9,7.257846786184305,1.137781911007484
264627210,0.9,13.643770214760801,1.0732935240230101
264627317,0.9,8.26142365591327,1.1210445126227404
264627595,0.9,5.417714472056194,1.1845796793385586
264628176,0.9,19.138391187592767,1.0522509959274053
264628221,0.9,18.97550664271892,1.0526995151607037
264628467,0.9,17.711845098153606,1.0564593916928646
264628678,0.9,15.211757660903217,1.065738622866059
26462882x,0.9,13.369675485119746,1.0747961310738607
26462890x,0.9,17.836121296096525,1.0560660013126761
264629398,0.9,11.399800352716358,1.0877208344935374
264629734,0.9,19.58916168340289,1.0510486368003824
264630065,0.9,18.265657756053127,1.054747549382316
264630348,0.9,13.255364539013371,1.0754411541875584
264630372,0.9,18.360702574210087,1.0544641467807787
264630866,0.9,15.612515310485705,1.064051178180647
264631295,0.9,18.31686959095325,1.054594481608031
264631631,0.9,19.49861230900785,1.0512857009592433
264706517,0.9,19.747471495652594,1.0506393945280614
264709865,0.9,19.634397445035148,1.0509310256553284
264713506,0.9,19.872463808517555,1.0503208867121645
264715544,0.9,15.799479671350834,1.0632932236251613
264715771,0.9,19.982174488916446,1.0500446035317463
264715923,0.9,19.666324701371046,1.0508483417814354
26471850x,0.9,15.906756058162697,1.0628663692548954
264718649,0.9,19.460211840920806,1.051386902063276
264723229,0.9,19.939456233276204,1.05015181900152
264724520,0.9,18.577147869501026,1.0538295763711796
264726024,0.9,18.952891529065642,1.0527623976777594
26472853x,0.9,19.140493210634176,1.0522452576846042
264734905,0.9,19.92540449380892,1.05018718693067
264740707,0.9,19.53993010234699,1.0511772557405354
264742921,0.9,18.140130395238355,1.0551263953572512
26474760x,0.9,19.92729019700019,1.0501824377581723
264755124,0.9,8.010819117488131,1.1248311796002155
264760695,0.9,19.77073093843126,1.0505798193862501
264762412,0.9,19.55726413017597,1.051131896227604
264763001,0.9,19.72178080139675,1.050705360234466
264763386,0.9,19.283921363463946,1.051856672776868
264763407,0.9,19.929231266513195,1.0501775500834438
26476360x,0.9,19.779646538947816,1.0505570207248605
264765250,0.9,19.986903241699945,1.0500327633504343
264766288,0.9,19.83310952725513,1.0504207370319705
264766616,0.9,18.29922491516917,1.0546471232872299
264767109,0.9,19.021400029255275,1.0525723657807513
264767600,0.9,18.527220166920817,1.053974637910626
264767678,0.9,19.705652130182443,1.0507468615295577
264767889,0.9,7.059898758335612,1.1416450907060531
264771116,0.9,17.049646069846474,1.0586522439177533
264771191,0.9,19.19156715442503,1.0521062189425958
264773795,0.9,18.96134517061574,1.0527388743257358
26477419x,0.9,19.921608379808323,1.0501967502289402
264777972,0.9,18.60653426488368,1.0537445601509632
264781242,0.9,17.41102027958589,1.0574348880158668
264781429,0.9,19.850908485566592,1.0503755281894072
264782683,0.9,19.96932318758306,1.0500768098451028
264784267,0.9,19.91326215481246,1.0502177891410087
264786203,0.9,19.69144997795469,1.0507834619146654
264786422,0.9,19.79398709035137,1.0505203926543658
264797068,0.9,19.512906000675525,1.0512481329006238
264798845,0.9,19.373209644648085,1.0516176729794617
264799725,0.9,7.222355144316868,1.1384589901795235
264799784,0.9,19.6962669526688,1.0507710421676886
264801493,0.9,19.044656235809537,1.0525081675204884
264801522,0.9,17.2252371618236,1.0580543530753994
264808839,0.9,16.702582939300548,1.0598709794547427
264809196,0.9,19.822121258434898,1.0504486874518775
264809233,0.9,11.23005900389538,1.0890467271501538
264809305,0.9,10.247637217818577,1.0975834700960336
264810226,0.9,15.356778451139377,1.0651178242351869
264810373,0.9,8.77698749076739,1.1139343084460256
264812715,0.9,18.4999419647829,1.0540542236242487
264813734,0.9,12.88467014351034,1.0776116104535025
264813929,0.9,12.879229453997866,1.0776443966288363
264813996,0.9,6.299678785982188,1.1587382522145673
264821136,0.9,18.80405923687625,1.0531800069018566
264821611,0.9,19.709491292731215,1.0507369766752324
264821953,0.9,4.403463619253944,1.2270939620410501
264824265,0.9,19.62634499612164,1.0509519220312091
264826025,0.9,19.48433674944591,1.0513232763762634
26482701x,0.9,19.819803552613347,1.0504545868653752
264833620,0.9,19.976178078318306,1.05005962582429
264834762,0.9,17.276671968331698,1.0578815180280676
264835298,0.9,19.62692364318499,1.0509504198508066
264835335,0.9,19.72501986507234,1.0506970338605706
264835482,0.9,17.990468302974378,1.055584989960193
264836493,0.9,19.697690841348948,1.0507673720769757
26483755x,0.9,19.855945844659285,1.0503627481573221
264843140,0.9,19.859238951066665,1.0503543968862055
264850148,0.9,10.066027566173483,1.0993440553809393
264850826,0.9,19.86491552310958,1.050340007680207
264854843,0.9,19.66856465134166,1.0508425509297032
266970514,0.9,19.583597210505072,1.0510631417328977
26697067x,0.9,16.778655616017282,1.0595995306707038
294295907,0.9,19.91288267863167,1.050218746132276
427401006,0.9,17.503962176706402,1.0571299223515669
42800001x,0.9,17.94676977654717,1.055720333656188
428000079,0.9,13.109745750871117,1.076279129969668
490713611,0.9,19.87527602105822,1.0503137666586608
550801048,0.9,19.36483559619023,1.0516399943099304
550806906,0.9,18.322202378848512,1.0545785915537325
550806973,0.9,12.072946736214458,1.0828298195833468
550809592,0.9,19.961531031768583,1.0500963577597584
550811027,0.9,19.958720138392874,1.0501034130979363
550813161,0.9,18.68277976965005,1.053525225492648
550815300,0.9,19.85463919642003,1.0503660625663904
550818763,0.9,14.72525786417987,1.0679105255217678
550818907,0.9,16.38899288821754,1.0610165619584182
550819272,0.9,19.98420611126849,1.0500395159273368
550822076,0.9,19.827382666548985,1.0504353003529363
550827344,0.9,19.967878379485196,1.0500804332335774
550828742,0.9,19.415667709333317,1.0515047957644685
550829219,0.9,17.80602925573046,1.0561607523854974
550833867,0.9,19.82008446708899,1.0504538717612677
550834173,0.9,19.987287725728176,1.050031800898767
550834966,0.9,19.380911714314948,1.0515971598622675
550836013,0.9,19.994186739271033,1.0500145373773007
550837040,0.9,19.194873413044853,1.052097243804713
553950639,0.9,19.889166724567094,1.0502786272471034
55395068x,0.9,19.99627356818832,1.0500093178156393
553953821,0.9,19.988607286103896,1.0500284980182286
553957144,0.9,19.89363079663875,1.050267344871453
553958278,0.9,19.884403338469195,1.0502906716876619
553967692,0.9,19.985913409079817,1.0500352412987883
553972459,0.9,16.792730934143286,1.0595495755825386
553974358,0.9,19.639409536115394,1.0509180277625494
553975043,0.9,19.91351657505383,1.0502171475455382
553975959,0.9,18.895006537876487,1.0529240356702403
553979079,0.9,19.949483970477647,1.0501266098651902
553980440,0.9,19.89115044414864,1.0502736130224266
553981101,0.9,19.999389235650963,1.0500015269575032
553982841,0.9,19.991958349497988,1.0500201122130244
553991270,0.9,19.813202487576202,1.0504713965663575
553991799,0.9,19.340820907964744,1.0517041135305787
553993460,0.9,19.98439597367167,1.05003904052529
553993786,0.9,19.957819247524284,1.0501056747532198
557702464,0.9,19.60802238867799,1.0509995337713107
557715994,0.9,19.790380540274,1.0505295993659631
557718618,0.9,19.944219280668783,1.0501398418221999
557719063,0.9,19.731324633899643,1.0506808345893786
557721307,0.9,19.085102264419618,1.052396889791065
557722625,0.9,19.96824236700804,1.0500795203513866
557729368,0.9,19.989677034274873,1.0500258207416444
557737392,0.9,19.731324633899114,1.05068083458938
557739363,0.9,19.816359862282674,1.0504633548719178
561153648,0.9,19.91464687933821,1.050214297349029
561162624,0.9,19.60667725958036,1.0510030326281508
610154744,0.9,19.028841133268823,1.0525518077005573
613750939,0.9,16.33994111706588,1.0611997309436796
613791351,0.9,15.351710488080256,1.0651393211705265
614070070,0.9,15.771242383402448,1.0634065456410964
614071321,0.9,19.82487036409304,1.0504416917555843
614071508,0.9,19.61935008988487,1.0509700879702213
614071778,0.9,19.56734413284241,1.0511055559308926
61407192x,0.9,17.395785169956174,1.057485189097821
614076384,0.9,18.695729012450062,1.0534881522584152
614211697,0.9,19.9875961438415,1.0500310288842871
614211822,0.9,19.348568723153885,1.0516834094711784
614213713,0.9,19.97614150784123,1.050059717468835
614214134,0.9,16.54041881754958,1.0604579612542209
614217642,0.9,19.90505784001988,1.0502384875259927
614219162,0.9,19.13515665108471,1.0522598282435964
614232666,0.9,13.248912138007901,1.0754778950591153
614238240,0.9,16.015159855236657,1.0624408378710637
614245109,0.9,17.11641251579165,1.0584234575485603
614248019,0.9,19.46591442748421,1.0513718481464238
614249396,0.9,17.05434739779867,1.0586360754049773
614256107,0.9,14.423037658770902,1.0693335220817288
614257783,0.9,15.091877626896768,1.0662608076159985
614258591,0.9,19.49968924839894,1.051282868524795
614258954,0.9,19.59345631675105,1.0510374475964748
614260368,0.9,18.252219274686194,1.0547878581201844
614260982,0.9,19.94807042859624,1.0501301618910701
614261838,0.9,19.018792393311603,1.052579573893013
614261918,0.9,19.83275526474256,1.0504216376721867
614262275,0.9,16.93558536329911,1.0590472651844138
614262785,0.9,18.974488285086764,1.0527023435349223
614273783,0.9,19.789295386243648,1.050532370177017
614278947,0.9,19.34209208747135,1.0517007154902205
614279237,0.9,18.113851813687976,1.055206369704556
61427927x,0.9,19.154990193287006,1.0522057171478196
61428022x,0.9,11.735329368114792,1.0852127766193786
614281206,0.9,19.80628505935339,1.0504890239135358
614281230,0.9,19.64385602941739,1.0509065021909376
614281265,0.9,19.868171068784648,1.0503317591004198
614281476,0.9,18.558528921737317,1.0538835811942355
614287157,0.9,15.577148768698116,1.0641966007289778
614300075,0.9,11.395522207424595,1.0877537669443937
614300091,0.9,19.17316752546576,1.0521562229439556
614300198,0.9,19.883170045007162,1.0502937910673409
614300219,0.9,19.112581676715806,1.052321555345831
614300251,0.9,19.980063228112748,1.050049891663654
614300366,0.9,8.212029754158213,1.1217725738869424
614300577,0.9,16.6808248537228,1.059949073787968
614300614,0.9,19.988140333096197,1.0500296667591535
614300649,0.9,19.731006636817778,1.0506816513929915
614300665,0.9,16.03882273726024,1.0623487157618416
614300673,0.9,19.18407473820993,1.0521265692323565
61430069x,0.9,18.278731961161935,1.0547083901730585
614300788,0.9,19.868185409244735,1.0503317227719597
61430085x,0.9,19.672875562643526,1.050831409816818
614300948,0.9,19.494240386108082,1.0512972026708267
614301027,0.9,13.005552536952738,1.07689023570192
614301078,0.9,19.451945299694213,1.0514087400819352
614301270,0.9,17.50271344564125,1.0571339982857935
614301350,0.9,18.233431740854794,1.0548443109455554
614301764,0.9,18.04631288182165,1.0554129813967326
61430181x,0.9,18.557392447003416,1.0538868810828796
614301860,0.9,18.72156886273741,1.0534143269365825
614301959,0.9,19.857704929981157,1.0503582867972925
614302169,0.9,19.825779688075936,1.0504393782102524
614302185,0.9,18.93290676248042,1.052818091408009
614302214,0.9,19.287515904538033,1.0518470084457436
614302257,0.9,9.949821278038007,1.100504317821997
614302660,0.9,19.934556558766868,1.050164145716109
614302679,0.9,19.966440113401287,1.0500840407363758
614302783,0.9,19.879484436473895,1.0503031154150684
614302943,0.9,19.326466520226873,1.0517425158372022
614303102,0.9,19.3913194373977,1.0515694665970703
614303110,0.9,17.3737348881256,1.0575581477695661
614303209,0.9,19.753517815639423,1.0506238944036728
614303380,0.9,19.559249325437058,1.0511267065193288
614303428,0.9,19.6226853887824,1.0509614245036851
614303575,0.9,19.881848587347072,1.0502971338709624
614303831,0.9,19.561703347792076,1.051120292656563
614304025,0.9,14.452826833371443,1.0691906165851934
614304359,0.9,18.17029907125121,1.0550348673997438
614304578,0.9,15.997819261041728,1.0625085196727546
614304893,0.9,19.93015464638665,1.0501752253177474
614304906,0.9,19.5760748570459,1.0510827633886002
614304981,0.9,19.862709694234475,1.0503455981280474
614305175,0.9,19.321468681905934,1.0517558999506325
614305183,0.9,19.963118101043126,1.0500923750958397
614305511,0.9,18.791000646123805,1.0532169637387714
614305554,0.9,18.97630414466844,1.05269730040035
61430560x,0.9,19.97819102176679,1.0500545819644267
614305685,0.9,3.4499431980945037,1.2898598448091338
614305706,0.9,19.263579797960784,1.0519114313376925
614305976,0.9,19.334126644979317,1.0517220156028966
614306127,0.9,19.96706765462312,1.0500824666544595
614306258,0.9,15.002197550736394,1.066656901205178
614306434,0.9,18.13041676345383,1.0551559301171576
614306522,0.9,18.95309800981973,1.052761822868319
614307007,0.9,19.459367845546723,1.0513891308256886
614307154,0.9,19.979817802115093,1.0500505064612822
614307170,0.9,19.672510335873095,1.0508323535190365
614307330,0.9,19.837709614891228,1.0504090451676613
614307541,0.9,19.353599860829824,1.051669973916528
614308114,0.9,18.587164622334228,1.0538005672365114
614308317,0.9,19.856494044737683,1.0503613577375215
614308341,0.9,5.0254065526867935,1.1989888757289413
614308499,0.9,7.795263212883724,1.1282830319760386
614308624,0.9,19.958873784851836,1.0501030273942094
614308739,0.9,19.743977397249093,1.0506483561989555
61430878x,0.9,18.441857842667456,1.0542244717712974
614308878,0.9,13.863003558952766,1.0721344401123087
614308886,0.9,19.898877020548845,1.050254092176525
614309213,0.9,19.68025973128728,1.050812337522671
61430923x,0.9,7.101227221444002,1.1408207298282527
614309424,0.9,18.179681450251483,1.055006464372684
614309600,0.9,19.890954778714978,1.0502741075591848
614309643,0.9,19.971361366003418,1.0500716992534254
614309854,0.9,19.978037424887017,1.0500549667984045
614310011,0.9,18.687281953094203,1.0535123300707956
614310222,0.9,14.429026228304197,1.0693047461538594
614310281,0.9,19.516213746141826,1.051239447005836
614310345,0.9,19.866539083316272,1.050335893725938
614310396,0.9,18.122205368596248,1.055180921949648
614310564,0.9,19.940253162615154,1.0501498146410118
614310716,0.9,19.72798520127919,1.0506894135309448
614310812,0.9,19.867280001116704,1.0503340165308885
61431088x,0.9,19.81387902046525,1.0504696732511147
614311081,0.9,12.279537873758533,1.0814362894011678
614311268,0.9,12.822631087582218,1.0779871145921391
614311452,0.9,17.60922011749527,1.0567884320445555
614311559,0.9,18.365682406671567,1.0544493788935791
614311567,0.9,19.327319957552085,1.0517402310406339
614311970,0.9,19.741647372229295,1.050654334015038
614312543,0.9,19.95481810000122,1.0501132105032789
614312674,0.9,19.567732357710494,1.0511045419938994
614312690,0.9,18.091349681089934,1.0552750357285534
614312914,0.9,19.30886603525575,1.051789680355859
614313124,0.9,19.026908259343738,1.0525571462462338
614313255,0.9,19.785202694556045,1.0505428231106853
614313343,0.9,19.610543162099837,1.0509929782022889
61431352x,0.9,17.908397265034115,1.055839726202215
614313626,0.9,17.78500562043226,1.0562271399482244
614313802,0.9,19.45113820413693,1.0514108732098422
614313925,0.9,18.65716497903287,1.053598711332821
614314100,0.9,14.825057743794178,1.067453362899622
614314223,0.9,19.82506155432672,1.0504412053026768
614314282,0.9,14.1916526683804,1.0704639567615717
614314338,0.9,17.26709902103007,1.0579136077682807
614314362,0.9,19.93813979589579,1.0501551303299541
614314450,0.9,18.701423691383866,1.0534718648431414
614314565,0.9,19.708456632503317,1.0507396402796347
614314645,0.9,11.117115211554582,1.0899513930520977
614314696,0.9,19.52215109511287,1.0512238633503015
614314709,0.9,19.676568611808488,1.050821869388338
614314741,0.9,19.985020204095985,1.05003747756007
614314872,0.9,19.231091103354206,1.0519991296710973
61431504x,0.9,15.903891584696726,1.062877692209763
614315066,0.9,19.228395800182515,1.0520064185484734
614315146,0.9,14.574541306751724,1.068612793977725
614315293,0.9,19.368668577469027,1.0516297749636374
614315496,0.9,19.725887510747423,1.0506948039450779
614315621,0.9,19.8658784798808,1.0503375675539721
61431563x,0.9,19.832398827848497,1.050422543872797
614315699,0.9,19.72653696051776,1.0506931349380522
614315824,0.9,19.51996439905321,1.0512296016302418
614315955,0.9,16.994691825108184,1.0588419025358604
614315963,0.9,16.889298999247178,1.059209088550364
614316077,0.9,19.778102466431168,1.0505609677013896
614316114,0.9,19.83551402331933,1.0504146249411215
614316130,0.9,19.777034103111884,1.0505636990251563
614316261,0.9,19.293722846220795,1.0518303288572364
614316309,0.9,18.954287698910516,1.0527585112078615
614316325,0.9,18.11836388986395,1.0551926214794392
614316421,0.9,16.596469831079848,1.0602537774706355
614316579,0.9,12.658533273153944,1.078998093888238
614316616,0.9,9.277476647452321,1.1077879296278919
614316667,0.9,19.267925851743275,1.0518997222479722
614316704,0.9,19.430640517308824,1.0514651073447219
614316798,0.9,17.00822283239458,1.0587950904603247
614316886,0.9,15.649801835232285,1.0638985726802437
614316915,0.9,19.93882602511771,1.0501534041543
614316931,0.9,15.705060003776612,1.0636737458984256
614316966,0.9,18.433669071662425,1.0542485598560123
614317061,0.9,19.42236832516628,1.051487026878399
614317117,0.9,19.67334872785329,1.0508301872667063
614317133,0.9,19.887360639576826,1.050283193336875
614317168,0.9,12.72341830544931,1.0785952309350475
614317213,0.9,18.528575524730552,1.0539706896876813
614317221,0.9,19.613278888888274,1.050985865528407
614317459,0.9,17.329341110296905,1.0577055984780523
614317635,0.9,19.93865604300416,1.0501538317248251
614317811,0.9,19.24831170160325,1.0519526083898936
614317897,0.9,10.787361128934792,1.09270107749686
614318216,0.9,16.538368953316947,1.0604654547750574
614318451,0.9,19.28993672261298,1.0518405018315966
614318638,0.9,19.18390145979097,1.0521270400651284
614318777,0.9,14.22469354719559,1.0703002842684897
614318849,0.9,19.161014255159515,1.052189304109031
614318953,0.9,18.33990408201013,1.0545259122146071
614319411,0.9,19.94704142776201,1.0501327479376572
614319614,0.9,14.175246007633755,1.0705455128934958
614319710,0.9,19.364432178220877,1.0516410701226084
61431985x,0.9,18.245425706375364,1.0548082580309748
614319892,0.9,18.941847202083675,1.0527931615819388
614319999,0.9,19.57906244138446,1.0510749686300755
614320009,0.9,17.172750545400316,1.0582317897972289
614320033,0.9,19.710096504647147,1.0507354187618627
61432013x,0.9,19.99439764057088,1.050014009822976
614320172,0.9,14.609418706192399,1.0684489930852714
614320199,0.9,19.98015491091815,1.0500496620000455
614320244,0.9,19.9816907708679,1.0500458150147103
614320359,0.9,19.952886009427196,1.0501180630976155
614320412,0.9,19.883486222761054,1.0502929913193633
61432048x,0.9,17.59281811049487,1.0568413766185338
614320607,0.9,12.442695012061083,1.0803684410033896
61432064x,0.9,15.171202770920189,1.0659143520193914
614320797,0.9,19.48044222803284,1.0513335369030266
614320914,0.9,16.608560638059025,1.0602099135375085
614321060,0.9,11.758823323751816,1.0850425227480105
614321140,0.9,19.858828414470178,1.050355437850067
614321167,0.9,19.74618412169942,1.0506426960184718
614321327,0.9,19.587735824059965,1.0510523528080098
614321335,0.9,19.354699163090906,1.0516670391812126
614321343,0.9,19.849997841312174,1.0503778392317396
614321431,0.9,18.613942974590298,1.0537231687754223
614321458,0.9,6.610310153062638,1.1512788321341756
614321503,0.9,19.498919815301583,1.0512848921618345
614321538,0.9,19.860221644946304,1.0503519053250074
614321618,0.9,16.833341148236435,1.059405913014765
614321693,0.9,19.827692086974114,1.0504345132864432
614321722,0.9,18.167775768057346,1.0550425111343682
614321810,0.9,19.84026764500915,1.050402545867447
614321829,0.9,19.417892941465173,1.0514988934697744
614322039,0.9,19.970687040003806,1.0500733899638441
614322071,0.9,16.247270168326956,1.061548801099488
614322194,0.9,13.785664250064467,1.0725391233864792
614322354,0.9,9.660132447652735,1.10351824940485
614322426,0.9,19.940711285794794,1.050148662485895
614322557,0.9,19.915934107512655,1.050211051844301
614322565,0.9,19.84853112929482,1.0503815619143766
614322653,0.9,17.367062968532817,1.0575802599329482
614322725,0.9,19.852742155359554,1.050370875326663
614322768,0.9,19.94139772163982,1.05014693623581
614322848,0.9,19.228781432236243,1.052005375562881
614322856,0.9,19.598966344762857,1.051023098994566
614322880,0.9,19.771911545051438,1.0505767991992805
614322899,0.9,19.304827067055626,1.0518005158257302
614322901,0.9,17.066539847583424,1.0585941854020045
614322952,0.9,18.80420051732032,1.053179607347779
614322987,0.9,11.024826409152277,1.0907043760044919
614323023,0.9,8.992528659089256,1.1112034265233333
61432312x,0.9,19.365775915389793,1.0516374868928082
614323154,0.9,19.772034120948558,1.0505764856505329
614323170,0.9,19.76026678496097,1.0506066041963094
614323218,0.9,19.40453239307384,1.0515343518587923
614323322,0.9,11.06800865189253,1.090350489546194
614323437,0.9,19.523451463626063,1.051220451561195
614323509,0.9,18.988702038508407,1.0526628938603615
614323517,0.9,19.984422566068112,1.050038973940529
61432355x,0.9,17.738400381903183,1.0563748691240618
614323576,0.9,14.408296222262,1.0694044586933824
614323621,0.9,19.982599835183247,1.0500435382907136
614323760,0.9,19.959696814081905,1.0501009614181356
614324034,0.9,19.97888619668347,1.0500528402912672
614324368,0.9,19.0533481840675,1.052484213815827
614324624,0.9,19.661793774322234,1.0508600594369968
614324683,0.9,19.804942574131466,1.0504924463303502
614324915,0.9,19.964363562345827,1.0500892501219559
614324990,0.9,18.587964992794163,1.0537982506631394
614325010,0.9,19.89629415514271,1.050260615982174
614325053,0.9,12.266491055871372,1.081522906220304
614325061,0.9,19.501461535609426,1.051278207952466
614325133,0.9,19.775482386293596,1.0505676665916934
614325221,0.9,19.131829744282083,1.0522689159043384
614325299,0.9,16.62110255999308,1.0601644804483064
614325328,0.9,16.889219920875835,1.0592093657779869
614325344,0.9,19.462332700914665,1.0513813023015994
614325432,0.9,14.731602708813964,1.0678812767195858
614325520,0.9,18.997610906016995,1.0526381977685033
614325539,0.9,13.967147875337302,1.0715965785517145
61432558x,0.9,16.79000929543148,1.0595592284914397
614334814,0.9,19.823691832217346,1.0504446905482463
614334865,0.9,8.838742093553277,1.11313827119465
614334873,0.9,19.953880453821405,1.0501155653565364
614335163,0.9,19.94142326035438,1.0501468720132983
614335198,0.9,12.881658594798369,1.0776297549450504
614335243,0.9,19.541793001705795,1.0511723770645156
61433534x,0.9,15.655184779842697,1.0638766015261334
614335358,0.9,14.886858790813054,1.0671733381804573
61433585x,0.9,18.589522914560803,1.0537937420231867
614335972,0.9,19.48281832560688,1.0513272763358712
614336799,0.9,16.21905012213135,1.0616558918352113
614337329,0.9,19.973206389265076,1.050067073884415
614338129,0.9,18.88617271399523,1.052948790373974
614338321,0.9,18.912987800035552,1.0528737188736579
614338786,0.9,19.3577666604233,1.0516588518470205
614339228,0.9,19.43254513939365,1.0514600631480229
614339287,0.9,18.189354567864502,1.0549772118779146
614339527,0.9,17.386029952091818,1.0575174437612012
614339543,0.9,19.855320498819214,1.0503643343384697
614340069,0.9,19.594460875939205,1.0510348310336999
614340093,0.9,19.66540034692829,1.0508507318619729
614340472,0.9,7.583789443170227,1.1318602009580547
614340683,0.9,19.461808732236257,1.051382685636182
614340704,0.9,19.99142615022251,1.050021443817247
614341096,0.9,18.89976836499009,1.0529107013741184
614341205,0.9,19.842846975476277,1.05039599414519
614341723,0.9,19.82896698942794,1.0504312706019008
614341942,0.9,18.52793615316379,1.053972552136048
614342144,0.9,15.92872449902078,1.062779665758013
614342371,0.9,19.89579605070776,1.0502618742899923
614344238,0.9,19.143272263518174,1.052237673174911
614344799,0.9,9.43186002937621,1.1060236259746676
614345660,0.9,19.267358767117663,1.0519012497813989
614346532,0.9,19.32048412006553,1.0517585374044245
614370014,0.9,2.3588880066367097,1.423928561757281
614370022,0.9,17.844192323450233,1.056040642348706
614370049,0.9,15.259829324090065,1.0655315324150672
614370102,0.9,19.739952649675807,1.0506586828118063
614370137,0.9,13.47390670326434,1.0742175244361554
614370209,0.9,19.081077832393223,1.052407940934151
614370233,0.9,19.80518885280479,1.0504918184538483
61437025x,0.9,19.13171696447075,1.052269224025062
614370268,0.9,16.075127616401957,1.0622079042768948
614370321,0.9,19.846451706246423,1.0503868406706305
614370348,0.9,7.60762105649669,1.131447136046035
614370372,0.9,19.716879312491603,1.0507179652596672
614370620,0.9,17.966567828985628,1.055658933276432
614370639,0.9,13.782413406587638,1.0725562331138627
614370655,0.9,19.962528034300682,1.0500938557622435
614370735,0.9,12.885399003586318,1.0776072203679277
614370778,0.9,19.789567361307707,1.0505316756926777
614370815,0.9,14.77077523924104,1.0677012535769506
614370831,0.9,9.580366110120613,1.1043801446109256
614370911,0.9,12.662377641302012,1.0789741096283696
614370970,0.9,12.95457530674472,1.0771928045745627
61437105x,0.9,19.45842579720638,1.0513916187476773
614371105,0.9,19.800099712816003,1.0505047961628562
614371199,0.9,19.53599435877289,1.0511875659685035
614371367,0.9,17.61729892440416,1.0567623904374333
614371674,0.9,19.403484283185612,1.0515371355683043
614371690,0.9,19.84054423093507,1.0504018432337565
614371770,0.9,18.572239653271076,1.0538438022914416
614371789,0.9,16.94033828780268,1.059030698384578
614372028,0.9,19.668535924316064,1.050842625188167
614372108,0.9,19.478316883741925,1.051339138076898
614372191,0.9,19.76595541621696,1.0505920396430497
614372204,0.9,18.540033305214923,1.053937335685299
614372212,0.9,17.869852244068486,1.055960171709418
61437228x,0.9,19.565490466384635,1.0511103977545615
614372298,0.9,17.3327062908,1.0576943948176627
614372319,0.9,12.466508038678064,1.080214924411667
614372538,0.9,19.959004910546287,1.05010269822979
614372597,0.9,19.687471240367806,1.0507937249934654
614372829,0.9,16.43304077065941,1.060853010343981
614372933,0.9,11.91944921360078,1.0838964940476397
614372992,0.9,11.182102646511227,1.0894286192509597
614373012,0.9,19.673827357944603,1.0508289506564255
614373290,0.9,9.579926969103097,1.1043849293658679
614373338,0.9,19.528342972002815,1.0512076217338906
614373418,0.9,19.150111868119236,1.052219016102187
614373514,0.9,17.326263648552008,1.0577158480491882
614373776,0.9,19.121475438949787,1.0522972195944165
614373805,0.9,8.799843907098825,1.1136383793345812
614373928,0.9,19.48829885649777,1.0513128419962927
614373952,0.9,6.0831613870457675,1.1643882081000716
614374226,0.9,18.725876290410103,1.0534020402832693
614374269,0.9,19.803931041550353,1.0504950253513767
614374330,0.9,18.285619490183787,1.0546877835086106
61437439x,0.9,16.11083236825319,1.0620700394084248
614374541,0.9,19.77646394081198,1.0505651567940988
614374648,0.9,19.89740159861974,1.0502578185922211
614374656,0.9,19.717378328999928,1.0507166816660012
614374664,0.9,19.642000505160233,1.05091131118428
614374760,0.9,19.619180654314373,1.0509705281591408
614374971,0.9,19.621959081867086,1.0509633108410725
614374998,0.9,19.93671138617451,1.0501587238050438
614375018,0.9,11.030832970195734,1.0906549852311158
614375149,0.9,17.526405356552843,1.057056765472226
614375237,0.9,19.932579808452914,1.0501691205859829
61437535x,0.9,19.36176915823267,1.051648172841416
614375659,0.9,8.576296569327537,1.1166004454156149
614375704,0.9,18.10993231979573,1.055218317900996
614375894,0.9,19.870608863980756,1.0503255842256898
614375923,0.9,6.9640581725612565,1.1435944352015972
614376037,0.9,19.75785255500414,1.0506127878632603
614376272,0.9,19.461916426748683,1.0513824013048165
614376678,0.9,19.641925918255183,1.0509115045114086
614376707,0.9,18.611177702485993,1.0537311510311582
614376790,0.9,19.800045989839223,1.0505049331962748
61437682x,0.9,19.925539090030952,1.0501868479182235
614376838,0.9,19.50203924661431,1.0512766889326
614377013,0.9,19.63981851115094,1.0509169674573229
61437703x,0.9,19.566115286016736,1.0511087656073799
614377048,0.9,15.738999736347242,1.0635364392116118
614377056,0.9,17.95602207029783,1.0556916223473662
614377363,0.9,19.82172098374043,1.0504497061995923
614377857,0.9,19.99256528833848,1.0500185936910904
614377881,0.9,18.08176295722365,1.0553043418590167
614377937,0.9,17.010967252079777,1.0587856049089588
614378139,0.9,11.340673397991988,1.088178185272231
614378163,0.9,19.687175492124425,1.0507944880361348
614378534,0.9,19.141122770279154,1.0522435393159237
614378665,0.9,19.588006400403444,1.051051647603066
614378876,0.9,19.749440433707253,1.0506343459885201
614378948,0.9,19.19168797527435,1.052105890909041
614379334,0.9,19.912994746091407,1.0502184635084224
614379342,0.9,17.94899579876235,1.0557134232584173
614379764,0.9,18.891196961076233,1.0529347082696994
614379844,0.9,17.95997901024591,1.055679352377278
614379967,0.9,9.583272898141724,1.1043484841378053
614380386,0.9,10.269156855680647,1.097378978045975
614380423,0.9,18.518335984320807,1.054000532274967
614380597,0.9,9.615316171875172,1.1040007402902676
614380677,0.9,19.64195805899971,1.0509114212033364
614380730,0.9,19.090891617453096,1.0523810003240388
614380765,0.9,18.19221749127067,1.0549685600713512
614380829,0.9,19.71635901020289,1.050719303674807
614380853,0.9,19.44385072189815,1.051430141812073
614380917,0.9,6.491798095597584,1.154040527027196
614381055,0.9,17.266960657038307,1.0579140718428859
614381063,0.9,19.00933521218643,1.052605732332971
614381100,0.9,19.665307230693024,1.0508509726427884
614381119,0.9,15.6669066412569,1.0638288095345267
614381135,0.9,15.625102316739234,1.0639995809133804
614381493,0.9,16.466326771556933,1.06072999849167
614381581,0.9,19.947853808751525,1.0501307062698284
614381602,0.9,14.150130877305049,1.0706707244385893
614381821,0.9,7.8596045393068295,1.1272328645797483
614381856,0.9,19.672194291848818,1.0508331701672116
614382162,0.9,6.140037099767156,1.1628654654282011
614382197,0.9,15.777354997087668,1.0633819800710949
614382330,0.9,19.661246707061952,1.0508614746002256
61438239x,0.9,19.844797060308952,1.050391041891785
614382488,0.9,19.598306604203287,1.0510248165923441
614382517,0.9,19.50659945307404,1.0512647015901282
614382568,0.9,16.00794550904825,1.0624689782604997
614382832,0.9,17.564614044831973,1.0569326486450312
614382840,0.9,19.686950052418585,1.050795069695275
614382867,0.9,19.526428211363807,1.0512126431508877
614382998,0.9,14.215920867595655,1.070343666746165
614383026,0.9,13.153251981199976,1.0760268260221355
614383114,0.9,19.36415105473702,1.051641819833634
614383229,0.9,11.954801740706014,1.0836483968274444
614383368,0.9,18.037045792786554,1.055441451526387
614383501,0.9,19.54682901433131,1.0511591930981143
614383894,0.9,18.63346664630241,1.0536668790076396
61438394x,0.9,19.89519753240942,1.0502633863459256
614383966,0.9,19.6463310912471,1.0509000889456415
614384133,0.9,17.673298794920736,1.056582532305027
614384416,0.9,17.865207383270967,1.055974721062371
614384854,0.9,19.85879504643246,1.0503555224605456
614384977,0.9,19.87603429686858,1.050311847175548
614385101,0.9,11.711960922824959,1.085382798541544
614385355,0.9,12.660015054177626,1.0789888476214737
614385398,0.9,10.257967731883664,1.09748519649675
614385478,0.9,17.25949193570568,1.0579391330709593
614385531,0.9,19.90245127894649,1.0502450671017511
614385566,0.9,9.252752684698164,1.108075946053736
614385582,0.9,11.879244853965151,1.0841804350607531
614385590,0.9,19.8164474008918,1.0504631319514413
614385910,0.9,18.52096748023198,1.0539928597718955
61438597x,0.9,16.067256804160714,1.0622383778506013
614386163,0.9,19.676161680754667,1.0508229204569965
614386374,0.9,19.957538034150794,1.0501063807714572
614386411,0.9,19.880335014348308,1.0503009632019917
614386550,0.9,11.953727992996605,1.083655910573327
614386921,0.9,18.60663970331261,1.0537442555961336
614387078,0.9,18.079053845572318,1.0553126291089014
614387107,0.9,19.831178235501387,1.0504256473379792
614387123,0.9,19.99267628020565,1.0500183160065508
614387529,0.9,19.88074254766228,1.050299932087677
614387713,0.9,19.852260333092538,1.0503720978478737
614387908,0.9,4.9398170607453595,1.202436646479599
614387959,0.9,11.670434904691467,1.085686609639372
614388046,0.9,17.953764838397113,1.0556986241605066
614388214,0.9,19.954414229711244,1.050114224776944
614388505,0.9,18.761471174940986,1.0533007241636607
614388863,0.9,19.622828200144152,1.0509610536157399
61438896x,0.9,14.828205727789193,1.0674390427512024
614389073,0.9,19.676072849144013,1.0508231499073508
614389225,0.9,19.961568035247975,1.0500962648943313
614389233,0.9,19.781924212977255,1.0505511996322372
614389399,0.9,19.919807408559752,1.0502012885712082
614389428,0.9,19.95055109674987,1.0501239286649535
614389436,0.9,19.29744012744584,1.0518203447398056
614390082,0.9,5.877987568907271,1.1701262529525733
614390285,0.9,16.737934189127177,1.0597445293248668
614390656,0.9,9.08141740050517,1.110114969491918
614390875,0.9,19.938605549856216,1.0501539587359563
614390904,0.9,11.688856588178725,1.0855515672090057
614391106,0.9,19.403074398162662,1.0515382242772153
614391130,0.9,18.540588373452135,1.053935720909045
614391149,0.9,18.727047376081057,1.0533987008158714
614393013,0.9,12.026353655695878,1.0831507228732113
614393179,0.9,12.009768272420319,1.0832655532826923
614393208,0.9,17.563098987748727,1.0569375598632995
614395393,0.9,19.918790645750658,1.0502038511165002
661251413,0.9,13.890432856936142,1.0719919969593066
661251974,0.9,19.804847773167243,1.0504926880253458
661252387,0.9,19.778260023564386,1.050560564923738
661252483,0.9,16.68328846163393,1.0599402211560192
661253734,0.9,19.369229690962868,1.0516282792839495
661253961,0.9,19.469952023407938,1.0513611948708317
661254243,0.9,19.990542356308346,1.050023655295397
661254374,0.9,19.45153027470181,1.0514098369576905
661255262,0.9,19.995009708977324,1.050012478841209
661255756,0.9,19.79908679518,1.0505073799789315
661256759,0.9,19.91282462373779,1.050218892542644
66125709x,0.9,19.404594301347903,1.0515341874439774
661258164,0.9,19.91335268936696,1.0502175608296218
661258199,0.9,13.25590745613664,1.075438064373108
661258789,0.9,17.882185592248046,1.0559215759640421
661259116,0.9,19.89782827931649,1.0502567408846062
661264185,0.9,19.88328365382295,1.0502935036994119
661264441,0.9,19.639565305866743,1.0509176239099995
661264492,0.9,19.91170598305412,1.0502217138426537
661264652,0.9,19.98742362818944,1.0500314607126073
661265516,0.9,19.765467050864142,1.050593289671659
661266287,0.9,19.56369397838474,1.0511150911021643
66126779x,0.9,17.2867548189134,1.0578477574579759
661268442,0.9,16.290050497976964,1.061387163908681
661268848,0.9,19.874117506139125,1.0503166995813071
661269058,0.9,19.851999308420005,1.050372760167076
661269269,0.9,19.497808183944976,1.0512878160748051
661269656,0.9,19.993566679598384,1.05001608847612
661270550,0.9,19.935139918450385,1.0501626777685407
661271166,0.9,17.661296634115935,1.0566209843318255
661271406,0.9,19.81566653715038,1.0504651205209374
661271588,0.9,19.885736244715183,1.0502873007915792
661272214,0.9,19.981137262078477,1.05004720136215
661272281,0.9,19.862968544580475,1.0503449420339965
661272476,0.9,19.849717555243313,1.0503785505872778
661273145,0.9,18.87186872575771,1.0529889230648963
661273516,0.9,19.940768390900214,1.050148518873342
661273903,0.9,19.802816888143045,1.0504978663211673
661273997,0.9,19.229873851735046,1.0520024212176395
661274201,0.9,19.83827312479667,1.050407613289186
661274711,0.9,19.614596160421396,1.0509824414339874
661275650,0.9,19.519697076858407,1.0512303032194874
661275749,0.9,19.954569283653786,1.0501138353719903
661275773,0.9,18.430990043185368,1.054256445131646
661276637,0.9,19.20558358562606,1.0520681912914338
661277445,0.9,19.929739162449234,1.050176271342485
661277656,0.9,19.993753173666388,1.050015621945213
66127771x,0.9,19.872693837822375,1.0503203042406242
66127907x,0.9,19.654884957315005,1.0508779370712027
661279459,0.9,19.784315187761997,1.050545090416805
661279803,0.9,19.089122966545858,1.0523858535435349
661279897,0.9,19.95937285920661,1.0501017745925185
66127990x,0.9,17.39188808844175,1.0574980700723677
661280337,0.9,19.864547341335694,1.0503409407129616
661280716,0.9,19.531208686938626,1.0512001082999407
661281161,0.9,16.586932351235433,1.0602884233699499
661281284,0.9,19.972014337446826,1.0500700621932277
661281778,0.9,19.970158786799136,1.0500747145115856
661281954,0.9,19.964006201539974,1.0500901467323158
661282201,0.9,19.901673235633837,1.0502470314008325
661282543,0.9,19.964406353594306,1.0500891427618113
661282666,0.9,19.78723350311419,1.0505376357863576
661282869,0.9,19.60047657175017,1.0510191676380605
661283108,0.9,19.949534570648705,1.0501264827236259
661284274,0.9,19.977710630386145,1.0500557855953223
661284733,0.9,15.351768625196572,1.0651390744880507
661286181,0.9,19.313283653230677,1.051777834259309
661286210,0.9,19.671091824437905,1.0508360191149977
661286528,0.9,19.97340621108311,1.0500665729936993
661286640,0.9,13.2377890485457,1.0755413155726228
661287571,0.9,19.488384542535485,1.0513126163852828
661287803,0.9,19.887136792149665,1.0502837593189758
661287811,0.9,17.666558307090924,1.056604120769727
661288080,0.9,19.96859498958178,1.0500786360042722
66128870x,0.9,19.908373909820003,1.0502301194728285
661288726,0.9,19.86118808523026,1.0503494552142956
661289614,0.9,16.844372109259083,1.059367009557472
661289649,0.9,19.99967037847715,1.0500008240673886
66128969x,0.9,19.536207723148973,1.0511870069243312
661290682,0.9,19.666226109809656,1.0508485966965055
661291394,0.9,19.989886167208066,1.0500252973746507
661292290,0.9,19.872832910121787,1.0503199520935274
661292397,0.9,19.88222029737123,1.050296193535901
661292768,0.9,19.860516463583938,1.0503511578781746
661292813,0.9,19.987280392917448,1.050031819254127
66129283x,0.9,19.86934277173526,1.0503287910168086
661292995,0.9,19.68324735534832,1.0508046249659246
661293015,0.9,17.420310261844076,1.0574042588776569
661293891,0.9,19.970279314619926,1.050074412292667
661294640,0.9,19.899645047741103,1.0502521526188486
661295467,0.9,18.414072814267303,1.0543062911766699
661295985,0.9,14.715159852034212,1.0679571278909186
661296398,0.9,19.485758647506746,1.0513195312581762
661297585,0.9,19.81739420134155,1.0504607210130736
661298422,0.9,19.84132902237507,1.050399849670972
661298801,0.9,19.972813692881108,1.050068058280463
661298895,0.9,18.525432789466997,1.0539798455110085
661298983,0.9,5.735820562731789,1.1743429713435338
661352011,0.9,11.283460583082405,1.0886252929796492
66353998x,0.9,19.161994113647737,1.0521866353819496
664501203,0.9,18.139867146193428,1.0551271953615078
664502724,0.9,15.942034849325104,1.062727249654854
664503612,0.9,18.835744899684123,1.0530905470065466
664504607,0.9,19.84779190874453,1.0503834383491002
664506397,0.9,19.45889361758525,1.0513903832176916
664507197,0.9,19.880335675638392,1.0503009615288041
66450739x,0.9,14.667244737362733,1.0681791309756115
664507859,0.9,19.43653155121279,1.0514495087441464
664508050,0.9,10.552977349984896,1.094759987332052
664509205,0.9,5.487529791476149,1.1822313569127794
66450931x,0.9,18.350380958531677,1.0544947814576606
664509993,0.9,19.881435670200183,1.0502981784911478
664510281,0.9,19.857738715895522,1.0503582011178105
664510417,0.9,19.051215240417626,1.0524900898646337
664510839,0.9,19.4279219631473,1.0514723088705469
664511399,0.9,16.76419574772409,1.0596509379303662
664512500,0.9,19.81320665234931,1.0504713859571755
664512893,0.9,19.970404461679742,1.0500740984950432
664513597,0.9,16.805798206794552,1.0595032730784368
664513642,0.9,14.033392244730946,1.0712586082225033
664513677,0.9,19.458394633567625,1.0513917010540481
664513722,0.9,5.079874778063708,1.196855246180137
664513781,0.9,19.923663667327457,1.0501915720269805
66451408x,0.9,14.75906708877953,1.0677549599839031
664514573,0.9,16.533457536112657,1.0604834166002957
664514602,0.9,19.90447429212443,1.05023996038899
664514872,0.9,19.94117472142972,1.0501474970241023
664515103,0.9,19.767689934810043,1.0505876004377752
664517045,0.9,19.808677028741606,1.0504829271813074
66451803x,0.9,19.92729480679607,1.050182426149432
664518187,0.9,19.11725147808589,1.0523087746764381
664518427,0.9,19.714145178652988,1.0507249992803556
664518689,0.9,19.44669470308517,1.0514226204127817
664518865,0.9,19.913657494015656,1.0502167921839831
664518937,0.9,19.848085923938573,1.0503826920052735
664519606,0.9,19.973058380094383,1.050067444903512
664519809,0.9,19.539586800383084,1.0511781549024566
66452080x,0.9,19.992182220594035,1.0500195520912117
664523293,0.9,11.986156778531633,1.0834295778435918
664523621,0.9,15.549155688387247,1.0643121736022516
664524923,0.9,19.997459221387945,1.0500063527535772
664525491,0.9,19.858823404247804,1.0503554505543415
664526152,0.9,19.42735041748789,1.0514738231673544
664526515,0.9,19.568585486192596,1.0511023139973807
664527286,0.9,19.28674617686181,1.0518490776427438
664527446,0.9,7.399370340455176,1.1351466346443857
664527833,0.9,19.964731413033142,1.0500883272262402
664528246,0.9,17.704412511370016,1.0564830942205954
664528529,0.9,19.621700803642426,1.0509639816653593
664529388,0.9,14.139392089983794,1.0707243984490953
664529433,0.9,17.296432876797276,1.057815389284196
66453067x,0.9,19.49067078990061,1.0513065974372808
664530768,0.9,18.541598938881336,1.0539327812717931
664532202,0.9,19.24609996909876,1.0519585787045471
664533846,0.9,19.252572556181065,1.0519411105753214
664533854,0.9,19.338744589086282,1.0517096647816708
664534259,0.9,19.919339745831614,1.0502024671881638
664535219,0.9,16.706624201075996,1.059856496917887
66453665x,0.9,19.797394744579204,1.050511696761202
664536721,0.9,19.8982925467575,1.0502555682931174
664537206,0.9,19.921348177660626,1.0501974058724288
664537951,0.9,19.4950779365471,1.0512949988327729
66453796x,0.9,19.81548300411567,1.0504655879340565
664538030,0.9,19.299630957484943,1.051814462266294
664538129,0.9,19.881389974378415,1.0502982940975818
664538858,0.9,15.82875641058693,1.063176156993051
664542283,0.9,19.982140201588628,1.0500446894032152
664542478,0.9,19.88999601267669,1.050276530943629
664546428,0.9,19.94199111705187,1.0501454440597422
664546604,0.9,18.646950505056903,1.0536280717712425
664547105,0.9,19.998341926124876,1.0500041455283675
664547623,0.9,18.809101046967864,1.053165751914614
664547834,0.9,19.48931119143234,1.051310176649014
664547850,0.9,19.982996427922984,1.0500425451011273
664548044,0.9,18.265074176050224,1.0547492985991391
664548108,0.9,17.32643311872662,1.0577152835293715
667850441,0.9,19.006414426183433,1.052613816450429
667851719,0.9,19.950370963540863,1.0501243812371956
667851962,0.9,18.810687513109446,1.0531612679920968
667852746,0.9,15.26346412953738,1.0655159268900716
667852922,0.9,19.33709200415115,1.0517140839887056
667853503,0.9,19.64711099378106,1.050898068439504
667854469,0.9,19.615653970652435,1.0509796921120311
667856579,0.9,17.641687387831944,1.0566839201951699
667857694,0.9,19.9589697789761,1.0501027864200363
667857985,0.9,18.91851682179091,1.0528582662911592
66785846x,0.9,13.56113797281568,1.073740124317338
667859366,0.9,17.99835663683403,1.0555606281272079
667859948,0.9,13.897156070194326,1.071957168427052
667860252,0.9,19.144725923268656,1.0522337067664465
667860519,0.9,19.65549515259526,1.0508763575904096
667860535,0.9,19.99956692271748,1.0500010827166513
667861888,0.9,19.970387834218666,1.0500741401870288
667862071,0.9,19.758019469186564,1.05061236029044
667863672,0.9,10.991265754218002,1.0909813321196642
667863760,0.9,19.9690311028246,1.0500775423129343
667864077,0.9,19.986008176495165,1.0500350040472846
66786494x,0.9,19.94858596326753,1.0501288663688422
667866355,0.9,18.83357457740763,1.0530966649952676
667867534,0.9,19.97047233826346,1.0500739283008342
667870821,0.9,19.98826709479067,1.050029349480757
667871592,0.9,19.886356989809293,1.05028573109255
667871728,0.9,19.955688775956133,1.0501110240406666
667871891,0.9,19.943377251361337,1.0501419587764023
667872077,0.9,18.398207650974975,1.0543531206392818
66787251x,0.9,16.7056714746513,1.0598599105410023
667872747,0.9,16.540814936053906,1.0604565134103705
667873459,0.9,18.478670809573536,1.0541164464860706
667873707,0.9,19.963594285073203,1.0500911802614472
66787390x,0.9,19.95932948168899,1.0501018834784714
667874152,0.9,19.730022690550808,1.050684178912725
667874304,0.9,11.725728425869374,1.0852825482290545
667874320,0.9,19.48924206292927,1.0513103586466357
667874531,0.9,19.829115784344452,1.050430892172687
667875446,0.9,19.872932209055683,1.0503197006601934
66787681x,0.9,19.514015354870395,1.0512452194904323
667877580,0.9,19.946540171534657,1.0501340077727908
667877847,0.9,19.714927593016075,1.0507229861881027
667878380,0.9,19.268943729483397,1.0518969806564904
667878719,0.9,18.311298188361476,1.0546110925458902
667878866,0.9,17.05059593089189,1.0586489764963711
667879367,0.9,19.943420345844363,1.0501418504277964
667879711,0.9,19.553702003233763,1.0511412110010996
667879818,0.9,19.914212741246274,1.0502153920415243
667879973,0.9,19.9167843350798,1.0502089083848078
667880464,0.9,19.624440085905352,1.0509568678455299
667880886,0.9,19.913515356857992,1.0502171506175384
66788123x,0.9,15.014996594932128,1.066600081703483
667881416,0.9,19.48154129481825,1.0513306408803487
667881715,0.9,19.994764495799043,1.0500130921877127
66788211x,0.9,19.943946689302326,1.0501405271272806
667882961,0.9,19.903661100529824,1.0502420130120373
667883526,0.9,19.197903761767744,1.0520890203643734
667884254,0.9,19.962503544019114,1.0500939172180939
667884270,0.9,17.293305722835818,1.0578258440593864
667884879,0.9,19.970461171502425,1.0500739563003676
66788502x,0.9,18.188238580239094,1.0549805851505856
667885193,0.9,5.536898798565596,1.1806065157374852
66788561x,0.9,19.922388557062064,1.0501947844825825
667886276,0.9,19.57050269882993,1.0510973077896353
66788676x,0.9,18.927266116795348,1.0528338320933015
66788756x,0.9,19.704521013265808,1.0507497745987717
667888714,0.9,19.335730730970585,1.0517177247611476
667888730,0.9,19.85922936856526,1.050354421183275
667889127,0.9,19.9329079021559,1.0501682948071938
667889274,0.9,18.81515871723173,1.0531486348336863
667889346,0.9,18.76161637359682,1.0533003116622348
66788940x,0.9,19.990793213840757,1.050023027565892
667889493,0.9,19.971767937673455,1.0500706799278228
667889653,0.9,19.91482112200294,1.0502138580042353
66789169x,0.9,18.97052451520792,1.0527133553528443
667891710,0.9,19.67801063832714,1.050818145105191
667892860,0.9,18.017504956449095,1.0555015804028995
667894057,0.9,16.84624360246228,1.0593604143213171
667894794,0.9,19.343072712076783,1.051698094448854
667896052,0.9,19.681488021893273,1.0508091664048786
667896108,0.9,19.87957924420954,1.050302875514394
671751147,0.9,19.8628463074798,1.0503452518596708
671752385,0.9,19.976717276718958,1.0500582746478275
671752692,0.9,14.526345628474402,1.0688404383026526
671754022,0.9,12.435271443083028,1.0804164191008663
671755252,0.9,19.995364137340033,1.0500115923436755
671755543,0.9,19.988974594414657,1.0500275787172906
67175564x,0.9,19.56634389804252,1.0511081684555306
671755826,0.9,19.928417267778467,1.0501795996422085
671755850,0.9,16.213743745669543,1.0616760703564891
671757581,0.9,19.972562291197352,1.0500686885047663
671762751,0.9,16.383803772383278,1.061035887263592
671763551,0.9,19.963509581943878,1.0500913927932018
671764570,0.9,19.80527312563887,1.0504916036075995
671764693,0.9,19.584310369965408,1.0510612822769396
671765039,0.9,19.924342132827885,1.05018986289903
671766365,0.9,19.953281323318336,1.0501170701598515
671767325,0.9,19.375631801948803,1.0516112202286698
671769590,0.9,19.93659867019403,1.050159007388509
671771180,0.9,19.922814489573426,1.0501937113615825
671771295,0.9,19.957869513385972,1.0501055485571387
671771949,0.9,18.873771057096274,1.0529835821879387
671773493,0.9,19.699475251025977,1.0507627734879852
671773530,0.9,19.671825634621936,1.0508341227994633
671776694,0.9,19.8923764691793,1.0502705145134053
671776803,0.9,19.83721687866212,1.0504102972769154
671777486,0.9,19.074220218956956,1.0524267827738587
671779334,0.9,15.712484463360797,1.0636436587944988
671779561,0.9,17.701459893998923,1.0564925156449394
671779676,0.9,19.62173096621166,1.0509639033234115
671779967,0.9,19.98864991986305,1.050028391312526
67178001x,0.9,17.797815796588075,1.0561866698379756
671780028,0.9,14.116155321620445,1.0708408187085041
671780642,0.9,19.71024535668488,1.0507350356072986
671781071,0.9,19.86990606480493,1.0503273642431192
671781776,0.9,19.7883363249307,1.0505348192783712
67178263x,0.9,16.516977673915264,1.0605437641039661
671783130,0.9,19.857211238317458,1.050359538809274
671783261,0.9,16.371122283630715,1.0610831672181624
671783579,0.9,18.555869913916187,1.0538913025710555
671783587,0.9,18.90489162089769,1.0528963624893035
67178378x,0.9,17.08380883343475,1.0585349560949722
671784192,0.9,5.726283608083597,1.1746333343651254
671784395,0.9,18.743930439420293,1.0533506034517128
671786614,0.9,19.9692616913004,1.0500769640589993
671786657,0.9,19.994538449652417,1.050013657605454
671786788,0.9,8.588707690451159,1.1164319518187573
671786868,0.9,18.918831403292828,1.052857387366217
671788871,0.9,19.69951800753305,1.0507626633107268
671789268,0.9,16.08208614419472,1.0621809876550734
671790971,0.9,15.53418207935704,1.0643741649796208
671792387,0.9,19.938659116353985,1.0501538239941013
671792678,0.9,15.856198552396558,1.0630668187394043
671792694,0.9,19.817578733908213,1.0504602511450596
67179493x,0.9,19.970611656345383,1.05007357897735
67179530x,0.9,18.189302169567945,1.0549773702518985
671795537,0.9,19.306776549440553,1.051795285320634
671795633,0.9,19.246771873782766,1.0519567648308943
671795705,0.9,18.83481965189587,1.0530931550437936
671795713,0.9,19.69300192204937,1.0507794598283335
671796505,0.9,15.891106194455087,1.0629282812513663
67179709x,0.9,19.834734904143183,1.0504166052550123
671797196,0.9,19.57705279875083,1.05108021162735
671797700,0.9,19.880792220416925,1.0502998064117903
671798789,0.9,19.048021809668466,1.052498889910574
671799191,0.9,19.83991287130149,1.0504034471565902
671799562,0.9,19.69658414733061,1.0507702245485813
675250390,0.9,19.955104413667932,1.0501124914843876
675250956,0.9,19.871894884236486,1.050322327378717
675252046,0.9,19.760913169015325,1.0506049488425453
675252118,0.9,19.88251879223598,1.0502954384426633
675252556,0.9,15.768339000403254,1.0634182205224296
675253399,0.9,19.708872328365768,1.0507385700885972
675253575,0.9,19.990946120455845,1.050022644950093
675254826,0.9,17.601804675939157,1.0568123563697394
675255407,0.9,19.800196039817454,1.050504550459452
675257277,0.9,18.669590311616474,1.05356303932271
675257285,0.9,19.214049762131935,1.052045248783047
675257496,0.9,19.9892493577005,1.0500268910605575
675257728,0.9,18.78878307765903,1.0532232447341978
675257912,0.9,19.90900072830424,1.0502285380189031
675258923,0.9,13.867109697106756,1.0721130806521737
675259651,0.9,19.931883794511307,1.0501708724729457
675260249,0.9,19.895759838127994,1.050261965772406
675262535,0.9,19.961614707062882,1.0500961477653497
675262949,0.9,19.873201416823893,1.0503190190159013
675263159,0.9,19.975426679982636,1.0500615088739056
675263175,0.9,18.88076097688611,1.0529639669303692
675263319,0.9,19.40316983096355,1.0515379707909478
675263335,0.9,19.97874848354502,1.0500531853045563
675264151,0.9,19.964754864951626,1.050088268389186
675264573,0.9,19.92834882857641,1.0501797719721788
675265592,0.9,11.660100780069872,1.085762552044941
675266552,0.9,19.85234734903989,1.0503718770590804
675267029,0.9,16.880040137586235,1.0592415652954126
675267299,0.9,19.95106817789384,1.0501226295797044
675268099,0.9,19.90430121229661,1.0502403972555547
675269104,0.9,19.015876821228655,1.052587635553236
675269251,0.9,19.7920099891979,1.0505254393336392
675270084,0.9,19.97743136102466,1.0500564853372976
675270869,0.9,13.582503838307074,1.0736241279151841
675271976,0.9,19.995810501410908,1.0500104759409197
675272055,0.9,19.744350786490354,1.0506473983780833
675272602,0.9,19.907842027868444,1.0502314614813664
675272856,0.9,19.99161913112,1.0500209609557511
675273680,0.9,17.92885300098921,1.0557760164548633
675273971,0.9,19.98703515909972,1.0500324331267672
67527443x,0.9,19.794645211220995,1.050518712981687
675275555,0.9,19.963173505763447,1.0500922360721503
675275934,0.9,19.93789874760848,1.0501557367031944
675276398,0.9,19.880568492848553,1.0503003724646869
67527670x,0.9,19.92716062835814,1.0501827640500327
675277585,0.9,19.704990598122972,1.050748565193188
67527996x,0.9,19.588766723767137,1.0510496660714579
675281744,0.9,19.14708878980019,1.0522272608111949
675282122,0.9,19.66031865561845,1.0508638754801782
675283651,0.9,19.602998708165195,1.0510126034739509
675284101,0.9,16.693982433340167,1.0599018241449005
675285251,0.9,19.750076796024015,1.05063271451184
675285534,0.9,19.910493843680943,1.0502247713116053
675285542,0.9,14.313738442715842,1.0698629504795019
675286721,0.9,16.09987316497544,1.0621122905598694
675289404,0.9,19.783417230479472,1.0505473846277347
67528956x,0.9,19.337300443390635,1.0517135265559674
675289631,0.9,19.953051152088086,1.050117648292369
675290544,0.9,19.016749604275024,1.0525852220179204
675291416,0.9,19.09322063940952,1.0523746108048393
675291491,0.9,15.894936648262792,1.0629131164300232
675293972,0.9,19.972102406195194,1.0500698414048693
67529457x,0.9,19.700422067979286,1.0507603337912939
675295935,0.9,19.944974934008194,1.0501379421788541
675296735,0.9,18.024030252200777,1.0554814869930602
675296751,0.9,15.962648165479623,1.062646247015741
675297527,0.9,17.655614220776528,1.0566392076477993
675299725,0.9,19.88761027239732,1.050282562173291
678204218,0.9,19.736458060872657,1.0506676525704726
679050249,0.9,19.81646513035089,1.0504630868029232
679050986,0.9,18.755387831362867,1.053318012348846
679051276,0.9,19.942994178030435,1.0501429219240117
67905395x,0.9,19.99436611557066,1.050014088679773
679054717,0.9,19.97966844759492,1.0500508806050972
679055517,0.9,19.874328075953557,1.0503161664725624
679056018,0.9,19.998139220384484,1.0500046523818916
679057184,0.9,19.82443903709317,1.050442789232468
679057408,0.9,19.776411310279403,1.0505652913620491
67905846x,0.9,19.959616632954212,1.0501011626821006
679058558,0.9,19.84300148949862,1.0503956017202953
679059171,0.9,19.97989536894493,1.0500503121530014
679060076,0.9,19.80937240740392,1.0504811550529607
679060527,0.9,19.9773803442197,1.0500566131679694
679061538,0.9,19.251136671310654,1.051944984707852
67906208x,0.9,19.348000520067423,1.0516849272855258
679062899,0.9,17.811079487439525,1.0561448283190924
67906347x,0.9,8.60523732891003,1.1162082998734288
679065395,0.9,19.34078404670427,1.0517042120725402
679065643,0.9,16.936320903031184,1.05904470077802
679066857,0.9,19.94933769358665,1.0501269774144673
679067155,0.9,19.80374623482154,1.0504954965662845
679068270,0.9,19.55011617726627,1.0511505911746368
67906830x,0.9,6.343797960982408,1.157634276209695
679069177,0.9,19.20972489456001,1.0520569662235606
679069820,0.9,19.995210993092236,1.0500119753847794
679069871,0.9,19.160534376144025,1.0521906111995007
679069919,0.9,19.992526756576765,1.0500186900923385
67907008x,0.9,19.837543264182948,1.0504094678803055
679071189,0.9,18.78911867046652,1.0532222941128069
679071314,0.9,19.92834615826758,1.0501797786960427
67907227x,0.9,17.55361281236795,1.0569683295791632
679072288,0.9,19.992632739682062,1.0500184249378606
679072472,0.9,19.2661381672876,1.051904537967963
679073774,0.9,18.792582840007192,1.053212483271385
679074400,0.9,19.623374284746593,1.050959635457665
679077193,0.9,9.733078531157746,1.1027424156497636
679078030,0.9,19.900733983982086,1.0502494029016665
679079770,0.9,19.785291048509222,1.0505425974047193
679082072,0.9,19.889028523637325,1.0502789766132388
67908211x,0.9,19.941602821329997,1.0501464204738036
679082187,0.9,19.997163410373876,1.050007092479988
679082515,0.9,18.685142748754735,1.0535184565323508
679082902,0.9,19.658180664085677,1.0508694073519702
679084879,0.9,16.274871290797545,1.0614444183386837
679085193,0.9,19.990413785641834,1.0500239770283422
67908537x,0.9,16.951529715180907,1.058991726221879
679086962,0.9,19.3350268673708,1.05171960746988
679087690,0.9,19.95336964119381,1.0501168483309955
679087949,0.9,19.94978071829717,1.0501258642448554
679088060,0.9,19.972745831828227,1.0500682283958382
679088327,0.9,19.91525061999766,1.050212775077802
679089020,0.9,18.60041668700275,1.05376223645026
679089338,0.9,19.990867981896155,1.0500228404742409
679089362,0.9,19.983809085417935,1.0500405100812185
679090558,0.9,19.9561035690256,1.0501099824693296
679092043,0.9,19.991486080680605,1.05002129386301
679092297,0.9,19.45849022528921,1.0513914485873292
679092617,0.9,17.530293289628272,1.057044111212426
679092780,0.9,19.938933030278722,1.05015313499882
679093177,0.9,19.888451778924342,1.0502804346520171
67909388x,0.9,19.327289098883963,1.05174031365101
67909484x,0.9,16.05046320247937,1.0623034978732282
679095025,0.9,19.0276881283097,1.05255499213865
679095156,0.9,19.977815919511684,1.0500555217862095
67909599x,0.9,19.99488318457189,1.0500127953121328
679097522,0.9,19.98853336614226,1.0500286830295342
679098082,0.9,19.507258567895878,1.0512629694490108
679098154,0.9,11.967886051036482,1.0835569452897151
682552266,0.9,13.685942708227046,1.0730676739863063
68255363x,0.9,19.340655847059704,1.0517045547941968
682555272,0.9,11.51858241442737,1.0868162386673095
682556611,0.9,16.87711614518541,1.059251829009026
682557075,0.9,19.950771525481965,1.0501233748641128
68255718x,0.9,13.458907785673356,1.074300234159006
682557374,0.9,19.97176657613945,1.050070683341288
682557921,0.9,19.39174673735216,1.0515683302563874
682558449,0.9,19.755972714599256,1.0506176038227175
682560282,0.9,19.672772170972458,1.0508316769649535
682561840,0.9,19.703904586822198,1.0507513622791693
682564670,0.9,19.824627958062692,1.0504423085323678
682564865,0.9,18.848895790639283,1.0530535056858141
682565171,0.9,19.507559616768212,1.0512621783372855
682565200,0.9,19.951937924446312,1.0501204446298291
682567409,0.9,12.202167171253205,1.081952655291912
682569527,0.9,19.966929537723207,1.050082813089049
682570245,0.9,17.892846707551847,1.0558882561475218
682570982,0.9,19.85083837314898,1.0503757061138859
682572224,0.9,18.71566879815416,1.0534311656604345
682572670,0.9,19.74536333148025,1.0506448011724194
682573243,0.9,19.94126778251691,1.0501472629978286
682575214,0.9,18.629188235589233,1.0536792042333654
682577762,0.9,19.465928163500564,1.051371811896185
682579792,0.9,19.576084943014976,1.0510827370697946
682580734,0.9,19.853730146717073,1.0503683686949556
682581614,0.9,19.329028794514155,1.0517356568005016
682583601,0.9,19.42260907772473,1.0514863886719974
682584452,0.9,19.26086674523857,1.0519187434930575
682585033,0.9,19.39004655721993,1.0515728519294167
682585615,0.9,19.98292826354004,1.0500427158027963
682586087,0.9,19.98393876811484,1.050040185351025
682586271,0.9,16.20696482437849,1.0617018677362589
682587901,0.9,19.577668516495926,1.0510786051545111
682588162,0.9,19.922049909953518,1.0501956377240265
682593850,0.9,19.833014827390453,1.0504209777839195
686751377,0.9,18.190681942865496,1.054973200187924
686751932,0.9,19.865662316949557,1.0503381152888516
686754498,0.9,13.124213182604837,1.0761950439303611
686756186,0.9,19.993856864645547,1.0500153625570996
686756231,0.9,18.935648072049357,1.0528104449446378
686756346,0.9,19.256148172436134,1.0519314657866745
686756397,0.9,19.94714718778617,1.0501324821331999
686757656,0.9,19.994542263105753,1.0500136480666133
686758376,0.9,19.82715659821061,1.0504358754139385
686758456,0.9,19.951982643154864,1.050120332294048
686759221,0.9,19.932081531530784,1.05017037475078
68675958x,0.9,19.115005657348814,1.0523149204308788
686761233,0.9,18.742810966504912,1.0533537899831082
686767272,0.9,19.990768149826483,1.0500230902837357
686767766,0.9,18.544705332883186,1.0539237470776532
68676862x,0.9,19.44204404186151,1.0514349210323182
686768910,0.9,19.691684499727288,1.050782857099597
686769681,0.9,19.681542323984292,1.0508090262205407
686770412,0.9,19.996139044491592,1.050009654252503
68677160x,0.9,19.63777478338639,1.050922266449761
686773955,0.9,19.968547358401498,1.050078755457355
686777999,0.9,13.266939827443984,1.0753753324433868
686778430,0.9,19.66553524376901,1.050850383048529
686781656,0.9,17.313259952812494,1.0577591974432032
686782624,0.9,19.979898754358835,1.0500503036724267
686785243,0.9,19.92882345989732,1.05017857687446
686786852,0.9,14.056019305411189,1.0711438977331957
686787054,0.9,19.94253740898264,1.0501440704104972
686787329,0.9,19.67200082202424,1.0508336701003198
686788065,0.9,19.962161401622303,1.0500947758051256
686790851,0.9,4.933235440528122,1.2027067250398547
686792646,0.9,19.989821959398686,1.0500254580571602
686793083,0.9,19.984591208696422,1.0500385516799986
686794836,0.9,17.66395361269694,1.0566124675101725
686795919,0.9,14.40599988197039,1.0694155218792925
686796006,0.9,19.415287529775718,1.0515058043032521
686796743,0.9,19.979231198148543,1.0500519759785687
686797981,0.9,19.65484763891638,1.0508780336724672
686799565,0.9,16.165616616956658,1.0618596879843771
689643910,0.9,19.314866057513083,1.0517735922694127
690300894,0.9,19.959161437872375,1.0501023053053975
690302478,0.9,19.974336393505883,1.0500642414495995
690305521,0.9,19.47041714113366,1.0513599679324475
690309258,0.9,19.24210637597946,1.051969362421171
690309418,0.9,19.980956830631246,1.050047653296912
690311892,0.9,8.55112142705569,1.1169437258645407
690315519,0.9,19.85030107926459,1.0503770696478045
690316052,0.9,19.703311896417816,1.0507528889182232
690316482,0.9,19.573101342506764,1.051090523801065
690317565,0.9,18.374498436464464,1.0544232542432552
690319499,0.9,17.492871907553074,1.0571661420311562
69031951x,0.9,19.90193131401867,1.0502463798222241
69032241x,0.9,19.723701311208703,1.0507004230200807
690322743,0.9,19.901131985502232,1.0502483979669341
690323287,0.9,19.847860117868215,1.0503832652014582
69032372x,0.9,17.89564159486342,1.0558795276882964
690327464,0.9,19.906069734776676,1.050235933728945
690328512,0.9,19.621527103082947,1.0509644328265806
690331623,0.9,19.533745421554837,1.0511934592378036
690331762,0.9,19.95691196491742,1.050107952661109
690332116,0.9,15.161429045705813,1.0659568433150588
690335122,0.9,19.821957858440676,1.0504491033197396
690336328,0.9,19.878311902400092,1.0503060825743087
69033682x,0.9,18.727340776317707,1.053397864221309
690336870,0.9,5.989804133687915,1.1669503672709078
690337822,0.9,19.97332997381028,1.050066764095483
690338585,0.9,19.85589195225148,1.0503628848507411
690339086,0.9,19.980901206945248,1.0500477926217064
690339705,0.9,19.864863984550016,1.0503401382852535
690341143,0.9,17.713215547314018,1.0564550235008932
690342576,0.9,19.943974591581817,1.0501404569790262
690344221,0.9,19.923175284015674,1.0501928023894012
690345160,0.9,19.50333462136232,1.0512732832315088
690347772,0.9,13.211905477211966,1.0756893092918967
690347780,0.9,18.869219712059643,1.0529963620785487
69375033x,0.9,19.802555249862863,1.0504985335166241
693751180,0.9,15.09213408717421,1.0662596816476626
693751447,0.9,17.45708565706325,1.0572833300841022
693751842,0.9,19.968878143185133,1.0500779259019752
693754402,0.9,14.09858840776215,1.07092908673392
693756336,0.9,18.3889602616858,1.0543804535857062
693758470,0.9,19.796851606688108,1.050513082578351
693760095,0.9,19.99118135307425,1.0500220563426692
693760351,0.9,19.979686550081333,1.0500508352567688
693760917,0.9,17.883988083575282,1.0559159397404432
693761389,0.9,19.815478656586272,1.0504655990062406
693763982,0.9,19.972003780872427,1.0500700886586913
693766761,0.9,19.912971616330076,1.0502185218392983
693768716,0.9,19.53535339617315,1.0511892454526004
693769014,0.9,19.990422951998568,1.0500239540904772
693774331,0.9,19.085348710050585,1.0523962131995728
693775043,0.9,19.936346918911276,1.0501596407841105
69377629x,0.9,19.821664784972118,1.0504498492355776
693776644,0.9,10.052727099442347,1.09947549457057
693777604,0.9,19.655015563314624,1.0508775989913977
693778244,0.9,12.29652956485041,1.0813237584414466
693779378,0.9,19.944158806589158,1.050139993854723
693788661,0.9,19.99220591658463,1.0500194928049658
693788936,0.9,19.992262950362765,1.050019350109731
693791182,0.9,19.510608200939306,1.0512541684862422
693791596,0.9,19.475251550566323,1.0513472186689636
693794092,0.9,16.584117054314,1.0602986578498534
693794260,0.9,19.959469220766465,1.0501015327080727
693794316,0.9,19.549318161589092,1.0511526791745003
693795618,0.9,19.87224414406404,1.0503214429508057
693796207,0.9,19.440445156437548,1.051439151313305
693796864,0.9,19.682588471273203,1.050806325675076
695453937,0.9,19.9142393143413,1.05021532503528
697150833,0.9,19.850793948069516,1.050375818852185
69715210x,0.9,19.99037382827769,1.050024077017781
697153495,0.9,19.664746638157066,1.0508524222762994
69715456x,0.9,19.99037710836964,1.0500240688096532
697154930,0.9,19.974976906901702,1.0500626361001941
697155431,0.9,15.92454737929555,1.0627961333017326
697156055,0.9,17.850178738625978,1.056021847996183
697156696,0.9,17.10784315351692,1.0584527220074744
69715747x,0.9,18.671523270618504,1.0535574942390264
697158907,0.9,19.97785473571773,1.0500554245302491
697160855,0.9,12.824355428669312,1.0779766285769392
697162789,0.9,19.99726205476468,1.0500068458002596
697162893,0.9,19.366464104153092,1.051635651950815
697167213,0.9,19.70838593830719,1.05073982228328
697172434,0.9,9.992753789606947,1.1000725146495713
697175969,0.9,19.785143242904223,1.0505429749849622
69717750x,0.9,19.994724476822316,1.0500131922877551
697177710,0.9,19.99381192325584,1.0500154749798785
69717777x,0.9,14.140861875761928,1.0707170474321686
697177841,0.9,19.58873973652514,1.0510497364021536
697179361,0.9,17.94176768373794,1.0557358682615414
697182368,0.9,19.983762143422663,1.0500406276267222
697183651,0.9,19.98733834474004,1.050031674190534
697185382,0.9,19.749802828788784,1.0506334168836524
697186086,0.9,19.961175713239577,1.0500972494990228
697186625,0.9,19.994341043335275,1.0500141513957686
69718761x,0.9,19.85899991266726,1.0503550029909683
697190878,0.9,13.593531572613156,1.0735644004398899
697191758,0.9,19.639421609039672,1.0509179964617552
697193833,0.9,19.97864316682788,1.0500534491581681
697194094,0.9,19.949768980090898,1.0501258937383164
697197068,0.9,19.99476428338082,1.0500130927190363
704943461,0.9,19.399508320555324,1.0515476981929701
706400014,0.9,19.265913276546982,1.0519051438489206
706400030,0.9,19.97046204871088,1.0500739541008541
706400110,0.9,19.705480898155127,1.0507473024976326
706400225,0.9,13.961486967573643,1.0716256085274125
70640113x,0.9,19.880472293066397,1.0503006158635761
706401332,0.9,19.494746363223815,1.0512958712756821
706402458,0.9,6.720797254571185,1.1487918712798315
706403354,0.9,19.78140859324763,1.050552517293503
706403418,0.9,15.341003117692575,1.0651847856576415
706405763,0.9,19.904533811112692,1.0502398101603214
706406088,0.9,4.983721905360484,1.2006532505203393
706406395,0.9,19.788874785106376,1.050533444213444
706407152,0.9,19.562965274980854,1.051116995094752
706407793,0.9,19.48791713496197,1.0513138470917431
706408681,0.9,19.88097601438515,1.0502993414043875
70640869x,0.9,19.82735333908542,1.0504353749538882
706409713,0.9,16.24084821310174,1.061573138722723
706409967,0.9,15.553734604031561,1.0642932405276349
706409991,0.9,19.843339397708004,1.0503947435437961
706411194,0.9,15.468618465551181,1.0646470143553552
706411725,0.9,19.97511956667552,1.0500622785591882
706412373,0.9,15.033161721063186,1.066519606357915
706413202,0.9,18.54950645346826,1.053909790134229
70641351x,0.9,14.916073528623238,1.067041771957013
706413552,0.9,19.519132695028357,1.0512317845072443
706413966,0.9,18.960607565518877,1.052740925972149
706414395,0.9,14.52365312485968,1.0688532004587972
706414635,0.9,19.21321905520456,1.0520474990227686
706414774,0.9,18.85091224136966,1.0530478306405475
706417270,0.9,19.690193682208783,1.0507867020578654
706418863,0.9,19.930848882272784,1.0501734776028249
706419946,0.9,9.33059016964428,1.1071743568004258
706421691,0.9,18.306885732800822,1.054624255299102
706421747,0.9,19.987939660406607,1.0500301690414278
706422053,0.9,16.36441862492014,1.0611081898428811
70642346x,0.9,19.936259556848743,1.0501598605871114
70642442x,0.9,17.73883293516667,1.0563734944488672
706424745,0.9,19.02885962838988,1.05255175662277
706424825,0.9,19.09706189533335,1.0523640759757062
706426142,0.9,18.571417843979958,1.0538461849494252
706426409,0.9,10.83595113495899,1.0922853921677254
706426601,0.9,14.065142813491358,1.0710977494690488
706427006,0.9,18.705521295446434,1.0534601513748476
70642821x,0.9,19.742108258221577,1.0506531514729969
706429095,0.9,17.80664582845852,1.0561588077638857
706429829,0.9,13.690800095123615,1.0730417501571863
706430117,0.9,15.502036463825474,1.064507653709468
706431005,0.9,17.101091241016285,1.0584758005150887
706433123,0.9,19.969894290066055,1.0500753777398535
70643349x,0.9,19.080436151117052,1.052409703430257
706439103,0.9,19.86673551974463,1.050335396019449
706439373,0.9,19.595549022547416,1.0510319970545026
70643998x,0.9,10.3295915463096,1.096809248992741
706440403,0.9,14.006532393752689,1.0713952584328459
706441377,0.9,18.967935795071554,1.052720549605605
706441641,0.9,19.929432863758407,1.0501770425097492
706442345,0.9,13.203955736339308,1.0757348797563633
706443401,0.9,18.678248745374475,1.0535382097985841
706445116,0.9,19.82676942186171,1.0504368603236676
706445394,0.9,19.96999985398655,1.0500751130351347
706445861,0.9,19.737379940727898,1.0506652860208923
706446573,0.9,19.16238803029765,1.052185562593707
706446645,0.9,18.960596415106046,1.0527409569882145
706447023,0.9,18.277973459747898,1.0547106604680339
706447218,0.9,10.84910222310377,1.092173525461899
70644798x,0.9,18.88376503898968,1.0529555413306235
706448878,0.9,19.770005354104963,1.050581675729914
706449272,0.9,19.037931868186554,1.0525267138743708
70645002x,0.9,19.916418333279527,1.050209831068322
70645029x,0.9,5.7123554086996196,1.1750591355847804
706450994,0.9,19.309515533497397,1.0517879383491129
706451743,0.9,19.178438626019496,1.0521418880598181
706453669,0.9,19.818153567862794,1.050458787524061
706455613,0.9,7.668949037286976,1.130395963663069
706455648,0.9,19.129174192538045,1.052276171983947
70645619x,0.9,15.565728295484524,1.0642437013557593
706456843,0.9,19.872195960861387,1.0503215649629019
706458726,0.9,18.5625139010777,1.0538720135284017
706459446,0.9,13.66964718017892,1.0731547776485415
706460105,0.9,17.846512427826678,1.0560333568838234
706460498,0.9,19.72109363055874,1.0507071270353108
706460738,0.9,8.036648555488295,1.1244299776325408
706460973,0.9,19.835269352207913,1.0504152468133077
706461757,0.9,19.971187888004053,1.050072134196918
706462207,0.9,19.943680713280944,1.0501411958191889
706462741,0.9,19.99171347046984,1.0500207249107045
706463760,0.9,19.94816383431528,1.0501299271605027
706463904,0.9,18.99763166710817,1.052638140244153
706464122,0.9,19.050430247964275,1.0524922527724465
706464253,0.9,19.216365890519885,1.052038975823901
706465280,0.9,18.040840459772024,1.0554297901048362
706465758,0.9,17.518230753608673,1.057083390101709
706465811,0.9,19.077898383351034,1.0524166750396722
70646590x,0.9,19.9309258962466,1.0501732837303017
706466013,0.9,19.76126420478714,1.05060404990475
706466080,0.9,19.36686002816128,1.0516345963437492
70646611x,0.9,5.312992413732724,1.1882178482723327
706466179,0.9,17.52212586353524,1.0570707006551683
706466304,0.9,18.844378000291094,1.0530662248435343
706466515,0.9,12.922913429447522,1.0773819313624198
70646697x,0.9,19.763699265305725,1.0505978150434345
706467702,0.9,17.226220724817566,1.058051038354531
706467745,0.9,15.171811108623908,1.065911709079451
706468588,0.9,19.917161668485544,1.0502079571700358
70646902x,0.9,19.839167273183634,1.0504053414253778
706469337,0.9,14.914406257169311,1.0670492665116522
70646937x,0.9,17.772046214495884,1.056268140873072
706469927,0.9,19.705107323898556,1.0507482645774373
706470602,0.9,19.755848216034746,1.050617922807706
706470733,0.9,18.495191844392895,1.0540681063712873
70647120x,0.9,13.103451339252274,1.0763157716321983
706471242,0.9,19.80277496050557,1.0504979732383157
706472093,0.9,17.133634796828403,1.058364731818908
706473678,0.9,19.70493932639406,1.0507486972396072
706474937,0.9,4.608710612667967,1.216980427725555
706475083,0.9,10.2173449842884,1.097872784127162
706475921,0.9,19.775174191132468,1.0505684546864025
706476158,0.9,18.02293244601879,1.055484866460835
706477986,0.9,6.072566152202462,1.1646750278113165
706478655,0.9,19.781928861903605,1.050551187752263
706479279,0.9,18.97402036946799,1.0527036432199235
706479519,0.9,11.997003428410887,1.0833541480559916
706479789,0.9,11.663123207016048,1.085740327204847
706481029,0.9,19.59815207307157,1.0510252189222486
706481184,0.9,19.764459472174778,1.0505958688831254
706481803,0.9,19.49623368856084,1.0512919580250384
706482056,0.9,15.155810525557744,1.0659812946535367
706482443,0.9,18.966583412318975,1.052724308762457
706483024,0.9,9.221318429078691,1.1084443626679867
706483251,0.9,18.933282342156584,1.052817043655099
706483382,0.9,19.031353092394877,1.05254487135755
706486081,0.9,17.583084972832232,1.0568728412303705
70648609x,0.9,18.109225197934855,1.055220474044027
706486188,0.9,16.359335372517656,1.0611271776773963
706486268,0.9,19.807325453995045,1.0504863719396453
706486399,0.9,16.20557316692499,1.0617071663988389
706486487,0.9,17.74969263790336,1.0563390037450318
706486962,0.9,8.374002604876924,1.119417206703233
706487041,0.9,19.452268299101775,1.0514078864543615
70648705x,0.9,10.529088064440197,1.0949749868060552
706488431,0.9,18.451356574404635,1.0541965570914813
706488677,0.9,18.030217361698952,1.0554624483964496
706488781,0.9,19.071848684463536,1.0524333019071521
706489266,0.9,19.43666015358457,1.0514491683292397
706489469,0.9,19.67484050049723,1.0508263332541237
706489987,0.9,18.991327641233,1.052655613071982
70649046x,0.9,18.22850877182763,1.0548591227355641
706490830,0.9,14.131071092740624,1.0707660440908628
706490929,0.9,19.512186157689918,1.0512500235452034
706491075,0.9,11.146850235447463,1.0897114412482154
706491374,0.9,19.430539432737785,1.051465375084499
706491745,0.9,19.120353003980753,1.0523002896333455
706491913,0.9,19.503993352928322,1.0512715515179285
706492297,0.9,19.428814621668145,1.0514699439709894
706492748,0.9,19.247848755497063,1.0519538579455228
706492836,0.9,19.003707895711653,1.052621309772166
70649302x,0.9,13.071282933535233,1.0765035846201778
706493636,0.9,17.50929822497328,1.0571125117152733
706493783,0.9,17.984384306588545,1.055603793988858
706494460,0.9,19.85581852380734,1.0503630710968168
706494487,0.9,19.850315743190023,1.0503770324330013
706494612,0.9,18.62117920125762,1.0537022918469343
706494786,0.9,16.90419733519697,1.0591569052449392
706496319,0.9,15.852826215147525,1.063080234806617
706496343,0.9,19.203854366119838,1.052072879794602
706496538,0.9,16.078541048956815,1.0621946977001921
706496634,0.9,18.500427628562313,1.0540528046203714
70649695x,0.9,19.374945112942296,1.0516130494394025
706497493,0.9,16.749305472491606,1.059703968122282
706497522,0.9,19.330708127478697,1.0517311623250105
706498066,0.9,19.83609574228706,1.0504131464675368
706498146,0.9,19.85588682726018,1.0503628978498758
706498840,0.9,19.405712528454565,1.0515312178583343
706498867,0.9,19.870504831113543,1.0503258477074113
706499368,0.9,5.67771730237467,1.1761271205915371
706499587,0.9,17.095758667473444,1.0584940405074044
710920370,0.9,10.942099577897231,1.091390138874259
710936807,0.9,19.527859415157184,1.051208889757974
713156021,0.9,19.08413443427219,1.0523995470396683
71329992x,0.9,16.43938428551618,1.0608295288091198
713700031,0.9,19.692612563773782,1.050780463829344
713703056,0.9,19.751582857415503,1.050628853759159
713703144,0.9,19.504553621987426,1.051270078740623
713704390,0.9,19.15545811031802,1.0522044419006273
713705350,0.9,17.818152053801036,1.05612254272949
713705377,0.9,18.708129879058255,1.0534526971142846
713705537,0.9,18.691342125930277,1.0535007060093728
713706003,0.9,19.8011287365696,1.0505021715329368
713707006,0.9,18.27361449502111,1.0547237110792975
713711339,0.9,19.931548216643307,1.0501717171757374
713711806,0.9,19.193972191641226,1.0520996899451323
713712606,0.9,16.078643314150046,1.06219430212249
713713457,0.9,19.425388194471406,1.0514790227092916
713713772,0.9,19.674357060297424,1.0508275821636879
713715081,0.9,19.842150780351076,1.0503977623731326
713715639,0.9,19.86133238281886,1.0503490894128058
713715858,0.9,19.707489074014703,1.0507421313919971
713716607,0.9,19.07447404263666,1.0524260851316123
713716658,0.9,19.53767335396494,1.0511831670989147
713716738,0.9,19.840852008286998,1.0504010613849812
713716789,0.9,17.429067646683507,1.0573754156144024
713717669,0.9,19.488141135043673,1.0513132572814652
713718602,0.9,19.897708721563873,1.0502570428582194
71371939x,0.9,18.62141036830647,1.0537016251842015
713719402,0.9,7.835766016928281,1.127619941412188
713719891,0.9,19.620751275643777,1.0509664480198242
713719904,0.9,19.671246930859603,1.0508356182765024
713721182,0.9,19.921580981754047,1.0501968192642888
713721449,0.9,19.518422129256308,1.0512336495940977
713721596,0.9,19.95436922456848,1.0501143378047133
713722169,0.9,19.99614982704897,1.0500096272857133
713724674,0.9,18.299470150638424,1.05464639094838
71372560x,0.9,19.94610364065059,1.0501351049817058
713725802,0.9,19.747573937086077,1.0506391318339106
713726266,0.9,17.948038232719316,1.055716395688137
71372683x,0.9,19.34870350629207,1.0516830494443623
713727779,0.9,19.01918292007695,1.0525784942603598
713728210,0.9,7.270214642557601,1.1375475208319583
713728974,0.9,18.836502401433805,1.0530884119932946
713729184,0.9,10.346500882653887,1.096651033169728
713729352,0.9,19.77373858559036,1.0505721260383571
713729491,0.9,19.494720626861042,1.0512959389949983
713729651,0.9,19.691566956025316,1.050783160234692
713729790,0.9,15.898350502644659,1.062899607090286
713730433,0.9,19.04585010872907,1.0525048760906546
713730484,0.9,17.03789706633879,1.0586926893680833
713731153,0.9,19.54493815272798,1.0511641424590759
713731700,0.9,19.854583722747922,1.050366203289081
713732332,0.9,19.22356395905289,1.0520194903572537
713732594,0.9,19.79486299735414,1.0505181571670217
713732631,0.9,19.255040769559184,1.051934452487939
713732869,0.9,17.931203736262667,1.0557687043607495
713733589,0.9,19.57043198299286,1.0510974924247467
713734434,0.9,19.382388415144217,1.0515932287900422
713735568,0.9,8.238859336301628,1.1213760253915068
713736034,0.9,19.810021676068693,1.0504795005453245
713736114,0.9,19.931180110230635,1.050172643790756
713739358,0.9,16.11544531984909,1.062052272224108
713739745,0.9,19.80120631173491,1.050501973680632
713740033,0.9,19.042300376871953,1.0525146636807894
713741482,0.9,16.648872346158495,1.0600641280207026
713742901,0.9,19.53863151969994,1.0511806570993338
713743015,0.9,19.920299256501274,1.0502000490616945
71374398x,0.9,19.930354463075375,1.0501747222736395
713744018,0.9,18.04314669752529,1.055422705183523
713745619,0.9,19.4524797695673,1.0514073275924678
713745950,0.9,19.493990867053316,1.0512978592644204
713746136,0.9,19.763961217844972,1.0505971444174407
713746822,0.9,19.971969834894658,1.0500701737618698
713746873,0.9,18.006178439823135,1.0555364928400555
713747331,0.9,17.712844508500496,1.056456206089321
713747630,0.9,19.856968062575934,1.050360155530727
713747657,0.9,18.520541481892312,1.0539941016831342
713748262,0.9,18.227577456538352,1.0548619256938774
71374830x,0.9,17.464378220288637,1.057259410405936
713748975,0.9,19.334747692935995,1.0517203542493265
713749273,0.9,19.804580171229738,1.0504933702887935
713749361,0.9,19.700055926009462,1.050761277214433
713749441,0.9,19.210319214923295,1.0520553557081531
71374945x,0.9,18.809787772063512,1.0531638108902648
713749695,0.9,19.41203765081047,1.0515144271811285
71374996x,0.9,19.556432253085468,1.0511340712384913
713751103,0.9,10.556878416598384,1.0947249708235456
713751437,0.9,19.966282658931767,1.0500844357000354
71375171x,0.9,8.791971188645679,1.1137401361473342
713751752,0.9,15.832819009907514,1.0631599463983161
713751824,0.9,19.569802194290638,1.0510991368268272
713751971,0.9,18.102821852669162,1.0552400066762273
713752376,0.9,19.337342096707157,1.0517134151632082
713754187,0.9,17.73833339205072,1.056375082027049
713756094,0.9,19.354039356226338,1.0516688005844264
713758436,0.9,13.758858259228107,1.0726804492901363
713758655,0.9,19.745110757379233,1.050645449006979
713760085,0.9,18.84681226379678,1.0530593707839346
713760608,0.9,19.950697033506064,1.050123562014929
713760819,0.9,19.897874055558628,1.0502566252659862
713761328,0.9,19.39774488860759,1.0515523843489305
713761336,0.9,19.693022906198095,1.0507794057196402
713761352,0.9,19.885067878030114,1.050288991022497
713761889,0.9,18.617357943643963,1.053713314371839
713762064,0.9,15.182624631414823,1.065864764773995
713762267,0.9,19.77181630947675,1.0505770428142553
713763112,0.9,18.19079505935769,1.0549728583460447
713763120,0.9,16.926918857338382,1.0590774971173484
713763825,0.9,18.715515558642682,1.0534316031458832
713763892,0.9,18.234100705411727,1.054842298841928
713764924,0.9,19.927490271850633,1.050181933919325
713765732,0.9,19.975252628228272,1.0500619450783235
713765783,0.9,17.623585530050146,1.0567421424144872
713766188,0.9,19.952155666032024,1.050119897656095
713766217,0.9,19.914917894665557,1.0502136139997775
713766305,0.9,19.875878948256243,1.0503122404097622
71376684x,0.9,14.596719019000027,1.0685085462492179
713767009,0.9,18.51788162151,1.0540018572555523
713768036,0.9,19.326108064289635,1.051743475544762
713768159,0.9,15.28347480481791,1.065430146793893
713768167,0.9,18.111980383970344,1.055212073931188
713768853,0.9,19.3170395899999,1.0517677667605798
713769012,0.9,19.363529952029864,1.051643476291634
713769637,0.9,19.695012870295418,1.05077427502006
713769936,0.9,19.90496577553957,1.0502387198891274
713770195,0.9,8.389429971433644,1.1191976097786192
71377089x,0.9,14.973104891586868,1.0667864151918072
713770996,0.9,18.840178278427725,1.0530780539983007
713771024,0.9,6.01027905949292,1.1663816255620532
713771155,0.9,19.487994155287005,1.051313644289487
713771892,0.9,19.57838545408825,1.0510767347156906
713772131,0.9,17.432716738268773,1.057363405544517
713772166,0.9,19.888020433131853,1.050281525170503
713772633,0.9,19.82649534801865,1.050437557543418
713773046,0.9,15.96087067637943,1.0626532236414836
713773070,0.9,19.701468558008973,1.0507576375362884
713773150,0.9,9.911675071351148,1.1008911200983993
713773222,0.9,18.711968365257658,1.0534417320764977
713773599,0.9,15.569575602702063,1.0642278264685938
713774014,0.9,19.908087610798482,1.0502308418342294
713774057,0.9,19.850782429038087,1.0503758480843144
713774102,0.9,18.434665770713067,1.0542456268227378
713774313,0.9,19.9121830577506,1.050220510583884
71377433x,0.9,19.468327012434518,1.051365481962641
713774516,0.9,12.176065451170382,1.0821283364491014
713774532,0.9,19.991185636948185,1.050022045623536
713774727,0.9,19.609667267274972,1.0509952558791664
713774970,0.9,19.963999166071734,1.0500901643844722
713775164,0.9,18.45154328355516,1.0541960086824416
713775375,0.9,19.790334740477025,1.0505297163041263
713775551,0.9,19.38448130518887,1.0515876584086012
713776044,0.9,11.7017035319536,1.0854576427499911
713776124,0.9,9.205008934355508,1.1086365050953657
713776482,0.9,19.980228066216096,1.0500494787489871
713776730,0.9,19.79175869287482,1.050526080856069
713777549,0.9,14.028393066442565,1.0712840020424084
713778613,0.9,18.558307325712853,1.0538842245927507
713778752,0.9,15.391938373262724,1.0649690750930432
713778808,0.9,18.922378831133052,1.052847478053589
713779552,0.9,11.782717821008605,1.0848700626791723
713780721,0.9,18.686513746310787,1.0535145299747217
713783420,0.9,19.898485110367943,1.050255081954905
713785012,0.9,19.907394636949032,1.0502325903633796
713785151,0.9,19.871533206556933,1.050323243285024
713785645,0.9,19.867771636371884,1.050332770997292
713785709,0.9,19.751998751371286,1.0506277877286
713785872,0.9,17.490218834522405,1.0571748135035446
713786234,0.9,19.831215526939115,1.0504255525155066
713786795,0.9,19.064723924688806,1.052452896981372
713788301,0.9,19.415775089979505,1.0515045109126806
713788707,0.9,19.424734796076958,1.051480754331944
713788715,0.9,18.802193579246634,1.0531852837162454
713789136,0.9,16.916206083767577,1.05911490998916
713789339,0.9,19.83283834118768,1.0504214264643734
713791340,0.9,19.996763918186733,1.0500080915137733
713791455,0.9,19.949001384617784,1.0501278224769224
713791893,0.9,19.994485317856736,1.0500137905078715
713792810,0.9,16.430070793305998,1.0608640104221232
713792896,0.9,19.87940797838337,1.0503033088856262
713793098,0.9,19.983204581631824,1.050042023836316
713795536,0.9,17.912342053378243,1.0558274287650398
713797013,0.9,19.9199897696507,1.050200828994579
715833444,0.9,19.504421081780418,1.0512704271409585
717855399,0.9,19.621734987547903,1.0509638928787188
718000229,0.9,12.175935087816452,1.0821292157676354
718001045,0.9,19.99175358700711,1.0500206245364045
71800115x,0.9,18.652356891228596,1.0536125276731252
718001504,0.9,4.654742971214313,1.214834633444674
718001520,0.9,19.16863932390308,1.0521685437918908
718001563,0.9,18.475211071526736,1.0541265805369422
71800166x,0.9,17.56062369639972,1.0569455856061092
718002769,0.9,18.70482716079569,1.05346213527682
718002961,0.9,19.851743356882846,1.0503734096307107
71800318x,0.9,14.020036973112564,1.0713264880768707
718003489,0.9,14.229446678371403,1.0702768015231392
71800393x,0.9,19.611968228047196,1.0509892728956134
718004107,0.9,19.051380266312083,1.0524896351876545
718004131,0.9,19.974316134389102,1.050064292227674
718004545,0.9,19.836833100670727,1.050411272551675
71800457x,0.9,19.992880762040592,1.050017804432598
718004588,0.9,16.49265632492607,1.0606330466298906
718004609,0.9,19.356221854120847,1.051662974703253
718004617,0.9,19.482157526750395,1.0513290172624326
71800465x,0.9,19.650314206074945,1.0508897715076153
718006356,0.9,18.981484649487513,1.0526829180364983
718006591,0.9,19.998573222544643,1.0500035671981183
718006866,0.9,18.235843107632327,1.0548370587582796
718007025,0.9,16.90909199718323,1.0591397811406185
718007033,0.9,16.819065533073015,1.0594563353138495
718007041,0.9,19.865265341901345,1.0503391212142896
718007156,0.9,19.066354753971478,1.0524484104541116
718007615,0.9,19.684987185478228,1.0508001346700244
718008714,0.9,15.667618599512886,1.0638259090651525
718008749,0.9,19.171310119210258,1.052161276082951
718009063,0.9,19.93569019566137,1.050161293147384
718009215,0.9,17.801645045374215,1.0561745837225225
718009274,0.9,17.38895375166134,1.0575077727091236
718009397,0.9,19.073811304084867,1.052427906728103
718009936,0.9,19.023874137513555,1.052565528596937
71801150x,0.9,19.668914784980856,1.0508416458626175
718013329,0.9,19.95673730307749,1.0501083912071034
718013337,0.9,19.981442314263518,1.0500464373027847
718013871,0.9,17.383251177818728,1.057526638128316
718014735,0.9,19.187516913136847,1.052117217904071
71801505x,0.9,19.126014007929488,1.0522848095575694
718015332,0.9,19.98976091528933,1.0500256108233461
718016247,0.9,18.5740440348545,1.0538385716176555
718016255,0.9,19.79129995385093,1.0505272519911166
718016490,0.9,19.26893591440815,1.0518970017048144
718016909,0.9,19.69676082029086,1.0507697691576696
71801724x,0.9,18.095597917910297,1.0552620590121666
718017741,0.9,19.763540320801773,1.0505982219667125
718018808,0.9,19.65673842961444,1.0508731396910396
718018875,0.9,18.67157445590362,1.0535573474192916
718019595,0.9,19.883430894134914,1.0502931312671484
718019747,0.9,19.68736754784946,1.0507939925218308
718019851,0.9,19.977682871000123,1.0500558551488277
71802057x,0.9,19.835192796292514,1.0504154413960078
718020625,0.9,17.712425095540052,1.0564575429172485
718020967,0.9,19.56101500744605,1.0511220915488968
718021054,0.9,19.245450898087462,1.0519603310566954
718021177,0.9,7.583971533947558,1.1318570350012227
718021249,0.9,17.90142149941658,1.0558614856385897
718021273,0.9,19.950784764799113,1.0501233416023006
718021337,0.9,18.449446484971176,1.054202168114615
718021513,0.9,18.580310836871515,1.0538204128434472
718022196,0.9,19.92670243816283,1.0501839179414272
718022399,0.9,18.948076080930317,1.052775806669175
718022479,0.9,19.06677015732706,1.0524472677726027
718022778,0.9,19.74151995362725,1.0506546609556404
718023228,0.9,9.042949851880609,1.1105833844463968
718023412,0.9,19.9249565751964,1.0501883151527092
71802356x,0.9,18.07804001403396,1.055315731087203
718023586,0.9,19.984300171707087,1.0500392804055134
718023674,0.9,19.69342844706581,1.0507783600345624
718024116,0.9,19.70460108631407,1.0507495683683012
718024327,0.9,18.709950388588442,1.0534474960772702
718024407,0.9,19.878916044275634,1.0503045537177547
718025186,0.9,19.854739440959694,1.050365808273315
718025987,0.9,19.88400199231597,1.0502916867734393
71802639x,0.9,19.687898627816416,1.0507926223567168
718026648,0.9,4.960840291247967,1.201578753052023
718027456,0.9,18.19406686136707,1.0549629726888263
718027771,0.9,19.66719658835124,1.0508460875706247
718027894,0.9,14.8842912803556,1.0671849254468573
718028547,0.9,18.107092089044084,1.0552269793008378
718030022,0.9,19.821035352449666,1.0504514513101058
718030110,0.9,19.042369270327406,1.0525144736878012
718030460,0.9,19.915455110027786,1.0502122594977246
718030743,0.9,19.73324716895788,1.050675896948835
718030831,0.9,19.477464246156885,1.0513413854782103
718031885,0.9,17.677951923243644,1.0565676388499032
718031914,0.9,18.55639189496844,1.053889786638487
718031922,0.9,18.059397309731253,1.055372833481057
71803199x,0.9,15.761334851616594,1.0634464028214865
718032300,0.9,9.989737411461034,1.1001027313143106
718032802,0.9,19.958985775700455,1.050102746263664
718033223,0.9,11.531709381598581,1.086717412562939
718033725,0.9,18.77820853885268,1.0532532162442956
718034058,0.9,19.831450711690636,1.0504249545097828
718034293,0.9,19.4685102650626,1.051364998471124
718035384,0.9,18.94314186991578,1.052789553436652
718035501,0.9,19.89975926075519,1.0502518642007959
718035552,0.9,19.24723784130794,1.051955506979491
718035907,0.9,19.406539567535788,1.0515290217774245
718036264,0.9,19.728550152377238,1.0506879619777585
718036432,0.9,19.875529755386893,1.050313124344722
718036459,0.9,18.490270958217913,1.0540824957221924
718037080,0.9,19.76880667693839,1.0505847427384964
718037283,0.9,19.899094670042768,1.050253542514447
718037494,0.9,19.53535010315606,1.0511892540814225
718037558,0.9,19.80007306687076,1.0505048641296777
718038235,0.9,18.811690931128517,1.0531584323632097
718038913,0.9,18.927574483934904,1.0528329713270324
718039326,0.9,17.144232988521267,1.0583286520119937
718039342,0.9,19.25004564114893,1.0519479287811349
718039916,0.9,18.766340890387813,1.053286893051815
718040263,0.9,19.684811809503366,1.050800587258712
718040554,0.9,19.532505373187004,1.051196709326021
718040810,0.9,18.726471060462437,1.0534003441850461
718040984,0.9,19.972210222118797,1.050069571112992
718041493,0.9,19.933029813371633,1.0501679879758756
718042533,0.9,11.668486213166359,1.0857009197021317
718043050,0.9,16.36740196838876,1.0610970514398896
718043675,0.9,10.673501654741147,1.0936899653316494
718044192,0.9,13.26813585748203,1.075368537882139
718044475,0.9,19.908228537742502,1.0502304862586933
718044707,0.9,9.509107159602054,1.1051623441839358
718045064,0.9,18.533982545339484,1.053954944521703
718045099,0.9,15.922473486541826,1.0628043124609523
718045726,0.9,16.119702240877,1.0620358853443432
718045814,0.9,19.756937090034867,1.0506151330766946
718046462,0.9,19.821104574172494,1.0504512751172823
718046534,0.9,18.33919437252709,1.0545280223158573
718047262,0.9,19.656522111984156,1.0508736995437418
718047510,0.9,19.678799882098758,1.0508161069776247
718047756,0.9,19.20999386426253,1.05205623734531
718048142,0.9,19.40655989646879,1.0515289677992832
718048417,0.9,19.648992712507066,1.050893194100656
718048927,0.9,14.767801074924662,1.0677148882847545
718049129,0.9,19.949642662818942,1.0501262111257634
71804941x,0.9,18.109917101943278,1.05521836430122
718049719,0.9,17.64404757565136,1.0566763377684376
71805004x,0.9,19.14839099483693,1.0522237090452997
71805012x,0.9,15.67506430918884,1.063795591537943
718050349,0.9,19.387726471376187,1.0515790235372047
718050955,0.9,18.536557845687422,1.0539474485136222
718051675,0.9,19.964343154499502,1.0500893013239267
718051720,0.9,19.33036907243221,1.0517320696905958
718053152,0.9,19.942389221330167,1.0501444430204185
718053267,0.9,17.8662362858705,1.0559714975218844
718053558,0.9,19.91400037851042,1.050215927538051
718053662,0.9,14.317439735977624,1.0698448897596646
718054702,0.9,14.309732030832674,1.0698825105770908
718054745,0.9,13.516415283466035,1.0739841133191026
718055131,0.9,19.95268433187444,1.0501185696804964
718055211,0.9,19.7659151196787,1.0505921427844447
718055537,0.9,18.01220526554781,1.0555179105088655
718055844,0.9,19.969329149995637,1.0500767948932435
718055887,0.9,19.625826142816084,1.0509532690610348
718056011,0.9,19.527900368356534,1.051208782364561
718056679,0.9,19.172187474852915,1.0521588890840778
718056687,0.9,19.914115423983024,1.050215637436533
718056927,0.9,18.893559005715968,1.0529280904512202
718057436,0.9,11.525913790911584,1.0867610167957806
718058236,0.9,18.861891359787027,1.0530169525910837
718058447,0.9,19.936244765977214,1.0501598978011435
718059175,0.9,16.296858692324438,1.061361518736797
718059271,0.9,13.933805653347731,1.0717679020992905
71805936x,0.9,16.825423037822492,1.059433869671631
718059415,0.9,19.986909673390812,1.050032747250133
718059693,0.9,19.77938634147435,1.0505576858015637
71805979x,0.9,19.98277871392859,1.050043090318714
718059917,0.9,19.506627370602384,1.051264628221025
718060352,0.9,19.81086243646537,1.05047735822744
718060555,0.9,19.660302268353256,1.0508639178762615
718060619,0.9,19.74832666898994,1.0506372016607495
71806066x,0.9,19.746870790144865,1.0506409349930559
718061101,0.9,17.44069665035243,1.0573371591770557
718061689,0.9,19.724090910123426,1.0506994215630363
718061785,0.9,18.66326276998425,1.0535811991892585
718061865,0.9,19.969006660620607,1.0500776036081967
718062235,0.9,19.39823192357515,1.0515510900137592
718062438,0.9,19.865961521763982,1.0503373571374564
718062489,0.9,17.39171196409328,1.0574986523503027
718062577,0.9,19.566882173370438,1.051106762494893
718062622,0.9,19.16301606252421,1.0521838523089082
718063350,0.9,19.86330690538856,1.0503440844348388
718063502,0.9,19.9222109545983,1.0501952319588899
718064492,0.9,17.161280607864942,1.0582707096777908
718064548,0.9,18.687326084071625,1.0535122036989746
718065065,0.9,17.904726154647236,1.0558511753468203
718065241,0.9,19.999795435313356,1.0500005114169475
718065372,0.9,19.86890057244353,1.0503299111268851
718065604,0.9,5.109594262021622,1.1957102557893409
718065823,0.9,19.995528526704724,1.0500111811830564
718066156,0.9,11.41383053092224,1.0876130057556759
718066228,0.9,18.960329223980533,1.0527417002198056
718067538,0.9,19.919437453561237,1.0502022209377815
718067714,0.9,16.256907040959902,1.0615123158101638
718067765,0.9,19.789084441023817,1.0505329088356885
718067810,0.9,19.564365436256292,1.0511133368091161
718067941,0.9,19.834395161562387,1.0504174688390764
718068557,0.9,19.334656898633117,1.0517205971247774
718069242,0.9,19.516860265956677,1.0512377496366208
718069904,0.9,19.02903457713508,1.0525512734735152
718070737,0.9,19.913410921093995,1.0502174139810831
718070921,0.9,17.478792219118578,1.0572121910635326
718070948,0.9,18.749098378032844,1.053335898070258
718071297,0.9,19.907883751611923,1.0502313562042491
718071473,0.9,19.968927316553483,1.0500778025853716
718071641,0.9,19.926187172022725,1.0501852156344313
718071748,0.9,19.099544669462787,1.0523572691027994
718072636,0.9,19.99471614593207,1.0500132131259814
718072791,0.9,18.820218470043162,1.0531343460009106
718073217,0.9,17.077651862291642,1.058556059583815
718073559,0.9,19.220481174555378,1.0520278337944957
718073575,0.9,19.796630115786254,1.0505136477345494
718073751,0.9,13.869726098994672,1.0720994771535166
718073778,0.9,11.206135157504027,1.089236831962567
718073807,0.9,19.849112944671944,1.0503800851346572
71807384x,0.9,19.808698754449313,1.0504828718128385
71807405x,0.9,19.947870904233646,1.0501306633074192
718074244,0.9,19.356128417667883,1.0516632240922321
718074682,0.9,19.862769246002173,1.05034544718387
718074746,0.9,18.305926810460438,1.0546271166903485
718076127,0.9,19.56627779117717,1.0511083411302133
718076178,0.9,19.12488119310234,1.052287906518377
718076426,0.9,19.743297594661357,1.0506501001266577
718076960,0.9,19.523636800936504,1.0512199653269534
718077488,0.9,19.6864759067564,1.050796293086504
718077672,0.9,18.55719682865433,1.0538874491246377
718078181,0.9,19.763612272096374,1.0505980377591129
718079512,0.9,18.578338578639524,1.0538261263657749
718079731,0.9,18.29453659039697,1.0546611276573636
718080222,0.9,19.846781016473972,1.0503860046205953
718081700,0.9,19.843386578708785,1.0503946237217876
718081911,0.9,19.97449056894309,1.0500638550229076
718082762,0.9,19.293341099527463,1.051831354395351
718083378,0.9,19.24020880354369,1.051974487918022
718084864,0.9,16.207477924420783,1.0616999143644206
718085066,0.9,19.375913913081355,1.0516104687750942
718085162,0.9,19.753199930478917,1.0506247090860967
718085197,0.9,11.541539478055855,1.0866435540857715
718085445,0.9,18.066411673372023,1.0553513347353805
718085453,0.9,19.817499384958474,1.050460453187096
71808547x,0.9,18.841441627835838,1.0530744950281632
718085808,0.9,16.353335188038546,1.0611496057838672
718085816,0.9,19.166675511899026,1.0521738889657302
718085867,0.9,19.538869616989373,1.0511800334206889
718086296,0.9,19.427748380015927,1.0514727687655578
718087336,0.9,19.216768259894746,1.052037886208317
718087352,0.9,18.140883771392968,1.0551241060028695
718087889,0.9,19.603923808469453,1.0510101962122487
718088259,0.9,19.87368763968449,1.0503177879279517
718088814,0.9,19.682171342929465,1.0508074024240845
718089761,0.9,19.739937841304144,1.0506587208145906
718090279,0.9,19.694782701102476,1.0507748684093896
718090623,0.9,13.155319901551863,1.0760148751595189
718091159,0.9,19.589728067748467,1.051047160866227
718091183,0.9,19.367219343975293,1.051633638378298
718091941,0.9,19.60015442643923,1.0510200061817405
718092506,0.9,16.97172437182818,1.0589215319605312
718092688,0.9,19.97636247005423,1.050059163749109
718093314,0.9,19.318641130133276,1.051763475146303
718093410,0.9,19.347411950797785,1.0516864995971085
718093592,0.9,19.684601025298434,1.050801131235264
718093963,0.9,19.995989123170485,1.0500100292033687
718093971,0.9,8.761355845297615,1.114137585284442
718095109,0.9,15.111166378496813,1.0661762285552623
718095133,0.9,14.896445320223288,1.067130109130291
718095459,0.9,19.894954520601654,1.0502640003004018
718095862,0.9,17.987636857720734,1.0555937396284925
718096400,0.9,16.110232512782826,1.062072350551523
71809646x,0.9,12.876400673361022,1.0776614541102951
718096726,0.9,19.955144205082416,1.0501123915579276
718096806,0.9,19.723908101929446,1.0506998914633037
718097569,0.9,18.71517281064504,1.0534325816874748
718097905,0.9,19.092999388609346,1.0523752177249106
718098000,0.9,16.635266175902398,1.0601132551427752
718098182,0.9,19.41576225571728,1.0515045449583384
718098211,0.9,14.485260257092,1.0690356943714836
71809902x,0.9,6.244948145400643,1.1601294320972853
718099142,0.9,19.97532379275877,1.0500617667265304
718099206,0.9,19.08345701136579,1.052401407114257
718099222,0.9,16.409181080263465,1.0609414933693904
720782442,0.9,19.3301482623212,1.0517326606309185
723273061,0.9,9.108634565093999,1.1097859391386924
72400076x,0.9,4.895243715485083,1.204279921107239
724000778,0.9,18.969975359883282,1.0527148813337284
724001084,0.9,19.388289705698643,1.0515775251545822
724001711,0.9,16.530437447148348,1.0604944668401688
724001885,0.9,19.558173112759928,1.05112951982962
724002044,0.9,19.886924521156192,1.0502842960426675
724002490,0.9,19.21546163552955,1.0520414247113892
724002861,0.9,19.560870554027293,1.0511224690761074
724002917,0.9,19.98518409949255,1.0500370672104737
724003020,0.9,19.614458694998795,1.0509827987379012
724003143,0.9,19.99206620468357,1.0500198423595521
72400324x,0.9,19.547801933841555,1.0511566468385778
724003848,0.9,16.644562574404258,1.06007968040793
724004445,0.9,18.615328007785173,1.0537191716193122
724005333,0.9,19.07650744321657,1.0524204969372206
724005608,0.9,16.38753211630082,1.061022000927479
724006088,0.9,19.864132806141253,1.0503419912542489
724006192,0.9,19.421462659566938,1.051489427831915
724007128,0.9,19.639948679565194,1.0509166299930546
724007347,0.9,19.80817879765729,1.0504841969680863
724007531,0.9,19.249499665105482,1.0519494021869435
724007849,0.9,19.87882161818512,1.050304792668656
724008622,0.9,5.038984979191167,1.1984526653938379
724008809,0.9,19.450973688970805,1.051411308039917
724008876,0.9,19.917502041187017,1.0502070991599308
724009115,0.9,19.95897370779421,1.0501027765575686
724009668,0.9,19.887154479373457,1.0502837145976405
724010028,0.9,19.927377493170834,1.0501822179231914
724010036,0.9,19.612264227745506,1.0509885033358513
724010204,0.9,19.760550653794624,1.0506058772106115
724010263,0.9,18.14415310030929,1.0551141733908183
724010714,0.9,19.793495452737794,1.0505216474971673
724011020,0.9,19.826021120133912,1.0504387639829795
724011792,0.9,19.516127928115036,1.0512396723204194
724012058,0.9,19.650776913142412,1.0508885732314839
724013130,0.9,19.626938612374538,1.0509503809916394
724013552,0.9,19.73953968131282,1.0506597426355735
724014694,0.9,17.46398640661974,1.057260695050756
724015080,0.9,19.95610505244612,1.0501099787444457
724015275,0.9,19.572978574295092,1.051090844257771
724015953,0.9,19.26661300989693,1.0519032587350106
724016091,0.9,17.46360022177578,1.057261961296679
724016235,0.9,18.417571379587713,1.0542959752613368
72401642x,0.9,19.02535158095695,1.0525614465385718
724016489,0.9,19.66600221706748,1.0508491755956446
724017406,0.9,19.948974625196687,1.0501278897180482
724017596,0.9,19.823763803694234,1.0504445074054831
724022491,0.9,19.878445367281824,1.0503057448167405
724023806,0.9,18.859126596049126,1.0530247249206914
724023937,0.9,17.852546957220227,1.0560144164525254
724024446,0.9,19.927311819210367,1.0501823833075155
724024809,0.9,17.4875508760399,1.0571835362818085
724025350,0.9,14.569368155982103,1.0686371563470585
724025684,0.9,19.933530387222156,1.0501667281497222
724026126,0.9,19.84892029751622,1.050380574107355
724026791,0.9,17.62923297444525,1.0567239653279055
724028084,0.9,18.902418500805613,1.0529032832469232
724028287,0.9,16.619692226234154,1.0601695859578857
724029335,0.9,19.545363588041898,1.0511630287917393
724029570,0.9,19.766491294944423,1.0505906680694395
724030264,0.9,18.50076002762755,1.0540518334655808
724030280,0.9,19.22272058151405,1.0520217726600922
724030352,0.9,7.103107898840633,1.1407834449710696
724030475,0.9,19.05372652358274,1.0524831716652543
724030483,0.9,16.698831207188753,1.0598844306881494
724030897,0.9,19.33795446820065,1.0517117775638785
72403090x,0.9,19.97468412055049,1.0500633699118762
724031160,0.9,9.311743650937093,1.1073912725141832
724031339,0.9,19.878686418195628,1.050305134804313
724031953,0.9,19.17405683981824,1.0521538038795903
724032059,0.9,18.52688226163942,1.0539756223350398
724032438,0.9,17.02307504131572,1.0587437932085102
72403349x,0.9,15.635425933900569,1.0639573238508206
724033561,0.9,18.347888208355904,1.0545021851367389
72403373x,0.9,19.9726726853949,1.0500684117619998
724034097,0.9,19.56101500744605,1.0511220915488968
724034505,0.9,15.295325108048619,1.0653794537177759
724035559,0.9,19.369597548288496,1.051627298786513
724037028,0.9,15.911704278941626,1.0628468190754055
724037052,0.9,18.827420385094793,1.053114020909188
724037060,0.9,18.782321169136917,1.0532415557691133
724037634,0.9,17.17955939307639,1.0582087105448708
724037669,0.9,19.781380981924958,1.0505525878559105
724037677,0.9,19.70144043578439,1.050757709988741
724037837,0.9,19.80800922079807,1.050484629164551
724037925,0.9,16.62777725368991,1.0601403293262235
724037933,0.9,19.290595348537643,1.051838731875935
724037992,0.9,19.88189483906089,1.0502970168635715
724038493,0.9,19.969240326839817,1.050077017634764
724038565,0.9,19.881547524505343,1.050297895511777
724038602,0.9,17.257823788188183,1.0579447334886125
724039605,0.9,19.877799329599387,1.0503073797767408
724039736,0.9,19.971271545366346,1.0500719244505
724040024,0.9,15.84529214930413,1.0631102279830111
724040526,0.9,18.77514698971037,1.0532618999227035
724041326,0.9,19.991634110201105,1.0500209234766722
724041457,0.9,19.955816692447282,1.0501107028297405
724043022,0.9,19.75042079010449,1.0506318326392836
724043372,0.9,19.628328829680253,1.0509467723246968
72404341x,0.9,19.93728708383806,1.050157275450512
724043495,0.9,19.714946724009277,1.050722936967523
72404501x,0.9,18.694909699889127,1.053490496399987
724045714,0.9,19.43187986300513,1.0514618249520893
724045802,0.9,10.880462146159818,1.0919078607660928
724046135,0.9,17.548134591848697,1.0569861140946861
724046354,0.9,19.39525155135607,1.0515590116143703
724046688,0.9,19.43208372903335,1.0514612850553904
724047314,0.9,19.518344824149253,1.0512338525120604
724048229,0.9,19.719262836365395,1.050711834833696
724049563,0.9,18.896990566184677,1.0529184790825612
724049918,0.9,16.795998840214178,1.059537989345756
725419423,0.9,19.722256795665132,1.0507041364667655
725550069,0.9,19.908281273445727,1.0502303532015007
725550616,0.9,19.864023433126835,1.0503422684415646
725550843,0.9,19.832166660217858,1.0504231341503367
725551096,0.9,5.576903510921455,1.179310973919786
725551395,0.9,19.75965523978793,1.0506081704293304
725552136,0.9,19.97639210320814,1.0500590894909099
725552435,0.9,18.81892344937625,1.0531380024309065
725552785,0.9,19.983859137055433,1.050040384749597
725553032,0.9,19.551425219846745,1.0511471664472263
725553761,0.9,19.770660566348194,1.0505799994210667
725553980,0.9,18.45524737805539,1.054185131172453
725554668,0.9,8.850936173344698,1.1129823987446186
725554908,0.9,19.47975564562306,1.051335346202081
725555118,0.9,18.462909283466633,1.054162644935676
725555222,0.9,19.447530348815096,1.0514204108215175
725555417,0.9,19.92133248066076,1.0501974454254392
725555556,0.9,19.819325649193885,1.0504558034768794
725555732,0.9,17.853052162905296,1.0560128313565218
725556292,0.9,19.823392712249316,1.0504454517203847
725557690,0.9,19.909330235086017,1.0502277067180146
725558132,0.9,19.966944436102516,1.0500827757196483
725559266,0.9,19.996236930680475,1.0500094094437182
725559426,0.9,14.75915483577898,1.0677545571631115
725559610,0.9,19.838793021324832,1.0504062923044308
72555991x,0.9,19.105848514589105,1.0523399941769875
725560072,0.9,19.97304039807415,1.0500674899799642
72556070x,0.9,19.925845385693428,1.050186076457162
725560726,0.9,17.145221409935168,1.0583252893672477
725560822,0.9,9.71493822881269,1.1029342623130827
725560857,0.9,17.314017364953898,1.057756670732244
725561956,0.9,19.850917214663518,1.0503755060376414
725562115,0.9,18.269549388488628,1.0547358874997808
725562270,0.9,19.743226058062547,1.0506502836496485
725563345,0.9,19.964272851576872,1.0500894777102294
725563759,0.9,19.67922963424335,1.050814997262897
72556433x,0.9,18.581488281330433,1.0538170024305717
725564460,0.9,18.580852233591596,1.0538188446594574
725564612,0.9,19.563025800309916,1.0511168369457529
725564751,0.9,19.848497468503528,1.0503816473557681
725565068,0.9,19.658313642291237,1.050869063247047
725565930,0.9,18.710861207469037,1.0534448943269814
725566001,0.9,15.170582118812503,1.0659170486780423
725566503,0.9,19.937520250250454,1.0501566888684384
725566618,0.9,11.118181751553799,1.0899427642348307
725566976,0.9,19.88386002658597,1.0502920458433593
725567063,0.9,19.903834494264846,1.050241575325003
725567485,0.9,19.756762036861335,1.05061558154794
725568138,0.9,19.817004760199655,1.0504617126604519
725569595,0.9,18.348544618068992,1.0545002353491968
725569616,0.9,19.473787899922694,1.0513510779278832
725569827,0.9,19.68421234761088,1.0508021343369307
72557102x,0.9,6.124023617736514,1.163291336288087
725571193,0.9,19.639891555588072,1.0509167780875792
725571556,0.9,19.631115831091588,1.0509395394843632
725571740,0.9,19.787877316841573,1.050535991505713
725572284,0.9,17.34813807010783,1.0576430736231617
725572516,0.9,19.67706512098392,1.0508205870058125
725574116,0.9,19.808699583463667,1.0504828697000788
725574431,0.9,19.036122596563466,1.0525317062299508
725574597,0.9,19.524357787687038,1.051218073898986
72557479x,0.9,19.619486514475653,1.0509697335484383
725574810,0.9,19.810282793296157,1.0504788351804044
725574992,0.9,16.265096193993312,1.061481345580317
725575186,0.9,19.868006162186717,1.050332176859459
725575688,0.9,19.998977873815104,1.0500025554460617
725576357,0.9,19.799700890924875,1.0505058134720786
725576891,0.9,17.81062483224452,1.0561462615387638
725577480,0.9,19.81292977822237,1.0504720912653294
725577608,0.9,16.094429358082703,1.0621332995256396
725577616,0.9,19.652550232112237,1.0508839813759132
725577878,0.9,7.8081552772417515,1.1280712235468315
725578002,0.9,18.84418888875033,1.0530667573915578
725578184,0.9,19.975040379828634,1.0500624770205635
725578870,0.9,18.37197210476679,1.0544307379903184
725578926,0.9,14.567058663978681,1.0686480382256436
725579101,0.9,19.899475534517936,1.050252580690651
72557911x,0.9,19.163320913892136,1.052183022164758
725579419,0.9,19.902988690703097,1.0502437104065236
725579427,0.9,19.96347452772325,1.050091480749571
725579531,0.9,19.513716866672414,1.051246003354077
725579996,0.9,19.951125939299867,1.050122484467415
725580524,0.9,19.955682815568313,1.0501110390078887
725580532,0.9,19.528836176576547,1.0512063284753972
725580807,0.9,19.917199231508167,1.0502078624798834
725581252,0.9,19.905418045667464,1.0502375784173825
725581551,0.9,18.090749937213964,1.055276868204503
725581674,0.9,12.477900806358676,1.0801416853298276
725582108,0.9,19.0056096163106,1.0526160444304717
725582327,0.9,19.936564837239533,1.050159092509864
725582677,0.9,19.271300392337576,1.051890634240625
725582909,0.9,18.687918311966566,1.0535105078750084
725584090,0.9,18.88049141761576,1.0529647231039223
725584453,0.9,14.868174542756298,1.0672577522630171
725584787,0.9,18.923694415076234,1.0528438040725978
725584816,0.9,19.962044578522768,1.0500950689728397
725585499,0.9,19.612303514467847,1.0509884011973558
725585608,0.9,13.038103787593212,1.0766982696480434
72558607x,0.9,19.96161385464826,1.05009614990459
72558690x,0.9,19.057017052678603,1.0524741095227934
725586926,0.9,19.451093946055824,1.0514109901876636
725587056,0.9,19.19559698309306,1.0520952800207657
725587136,0.9,19.47051053207699,1.0513597215826742
725587726,0.9,19.009342930856544,1.052605710972617
725588155,0.9,19.752383950522777,1.0506268004158321
725588163,0.9,19.84944110057394,1.0503792522385471
72558877x,0.9,19.440552349961386,1.0514388676822748
725588921,0.9,11.802839287304266,1.0847253762978584
72558893x,0.9,18.252745367283662,1.0547862789886067
725589086,0.9,19.471356269354526,1.0513574907760213
725589094,0.9,19.00730466206734,1.0526113522026976
725589545,0.9,19.669569625674836,1.0508399532389714
725590191,0.9,16.902303276629958,1.0591635343203583
72559044x,0.9,12.307394012605275,1.0812519692613884
725590482,0.9,19.986135442799043,1.0500346854379143
725590677,0.9,19.860431956975294,1.0503513721235447
725590810,0.9,19.986843730072216,1.050032912324991
725591426,0.9,15.333623505226234,1.0652161571372327
725593421,0.9,16.07202849376096,1.0622198996466559
725593771,0.9,19.726322171771457,1.0506936869068786
725594424,0.9,19.997808697289404,1.0500054788570683
725594555,0.9,16.54626815167724,1.0604365885306066
725594600,0.9,6.383719291811764,1.156648491935207
725595312,0.9,19.87597246684612,1.0503120036852556
725596155,0.9,19.96782101201888,1.0500805771144526
725596200,0.9,19.422642437869264,1.0514863002394697
725596665,0.9,16.536143885300095,1.0604735908768281
725598548,0.9,19.914572236691534,1.050214485559351
725598695,0.9,19.799767294719608,1.0505056440873772
725598820,0.9,19.95894352250085,1.0501028523314695
725598855,0.9,19.619295432113894,1.0509702299687658
725599751,0.9,19.21722377769438,1.052036652721956
727791034,0.9,19.56307985431142,1.051116695706766
727791333,0.9,19.805219047265677,1.0504917414754906
727791763,0.9,19.679655075987768,1.0508138987263123
727792280,0.9,15.21751798032748,1.0657137386854252
727792600,0.9,19.89828087037473,1.0502555977832655
727793101,0.9,19.233146915067874,1.051993571536469
727794649,0.9,9.783030117978058,1.1022178188087475
727795043,0.9,17.584731154037534,1.0568675171226827
727795297,0.9,18.31164583308362,1.054610055759887
727795326,0.9,19.95184510492409,1.0501206777990273
727795473,0.9,19.59542193234784,1.0510323280331726
727796767,0.9,19.752915352575286,1.0506254384302631
727797874,0.9,18.429666535432485,1.0542603415030556
727797890,0.9,17.338943327018203,1.0576736414174537
727798316,0.9,19.97269463623122,1.0500683567346973
72779856x,0.9,14.09504248207654,1.070946930544666
727798615,0.9,19.51494340063317,1.0512427824908555
727799271,0.9,18.312688968235936,1.05460694503874
727800316,0.9,19.79690912777433,1.0505129358096126
727800893,0.9,19.94445302959685,1.050139254183408
72780187x,0.9,9.856221111321265,1.1014587628164467
727802223,0.9,19.31979321688337,1.0517603883630655
727802266,0.9,19.919920461041876,1.050201003661422
727803023,0.9,19.909152824571073,1.0502281542972456
727803410,0.9,18.711883981461664,1.053441973079286
727804130,0.9,17.253170385947776,1.05796036192945
727804149,0.9,19.50207311679656,1.0512765998779243
727804181,0.9,19.98124903768393,1.0500469213968573
727805029,0.9,19.254895252948156,1.0519348449764685
72780515x,0.9,12.85421032355016,1.0777955218429796
727805491,0.9,19.218372512806088,1.0520335423477536
727805969,0.9,19.793413120326864,1.0505218576463222
727805993,0.9,19.331724308174795,1.0517284430534286
727806478,0.9,19.603109257069505,1.0510123157957387
727806697,0.9,16.026825011902247,1.0623953901822323
727807630,0.9,19.96183511482329,1.0500955946308472
727807964,0.9,19.17074931589209,1.052162801960538
727808406,0.9,19.75254934850314,1.0506263764922972
727808449,0.9,19.183990046079135,1.0521267993570702
727808553,0.9,14.36792990603302,1.0695994486707585
727808684,0.9,16.198654848011323,1.0617335210474448
727808756,0.9,19.057546668879077,1.0524726512480747
727809097,0.9,19.537213955162873,1.0511843706218789
727809548,0.9,18.836315427268353,1.053088938962678
727809564,0.9,19.81029963679128,1.0504787922613155
727809740,0.9,18.29417667411019,1.0546622030503945
727809919,0.9,19.64551124606392,1.0509022131048056
727810100,0.9,18.021705277280617,1.0554886446434493
72781016x,0.9,19.693615744313806,1.0507778771040932
727810274,0.9,14.282410337254571,1.0700161930925327
727810426,0.9,19.7106342445795,1.0507340346125598
727810653,0.9,19.98169847575235,1.0500457957171905
727810717,0.9,19.944794841823224,1.050138394901062
727810805,0.9,19.978990798019122,1.0500525782362915
727811074,0.9,19.23115022041176,1.0519989698244159
727811445,0.9,18.139763530072,1.055127510253494
727812042,0.9,19.6066077345121,1.0510032134850014
727812405,0.9,6.272893396973178,1.1594160679476115
727812472,0.9,19.903735618876798,1.0502418249090686
727812798,0.9,19.46458812706918,1.0513753485802924
72781286x,0.9,16.263241504257888,1.0614883570251472
727814152,0.9,19.8323044322192,1.0504227838684959
727814400,0.9,19.995565889335868,1.0500110877348725
727815091,0.9,19.12176811814231,1.052296419129318
727816377,0.9,19.805305407264246,1.0504915213088921
727816991,0.9,19.64154263615262,1.050912497990834
72781753x,0.9,16.82453565149836,1.0594370044269805
727817572,0.9,13.26123645144534,1.0754077497721573
727818284,0.9,18.70856239978363,1.053451461348605
727818321,0.9,17.699162266117884,1.0564998492563873
727818698,0.9,19.779700618344787,1.0505568824976321
72781980x,0.9,17.271603389937223,1.0578985041181885
727820325,0.9,12.272616833681953,1.0814822147185041
727821002,0.9,19.27325192242922,1.0518853800087702
727822785,0.9,14.13613702887366,1.0707406838203009
727822857,0.9,19.953785846585316,1.0501158029703486
727823286,0.9,4.54028679763911,1.2202504036793418
727823323,0.9,19.98607805753807,1.0500348291005916
727823913,0.9,19.916341913773792,1.0502100237247092
727824852,0.9,18.457232857880786,1.0541793023743007
727825310,0.9,16.36728283181096,1.061097496162065
727825839,0.9,18.999652937010975,1.0526325403582515
727825927,0.9,19.981118609855535,1.0500472480808336
727826524,0.9,19.980722649139924,1.050048239873999
727826778,0.9,18.322960722441366,1.0545763326761506
727826970,0.9,18.706123428572074,1.0534584305411234
727827033,0.9,19.77051750501795,1.0505803654227155
727827041,0.9,18.99676724403946,1.0526405354739379
727827228,0.9,19.36671150882273,1.0516349923188786
727827471,0.9,19.94173028544282,1.050146099946502
727827607,0.9,18.238459584728933,1.0548291918708586
727827869,0.9,19.667583370511842,1.050845087632847
727828263,0.9,15.524026946962763,1.0644162757135414
727828589,0.9,17.02379225661188,1.0587413183223973
727828749,0.9,19.989271168417595,1.050026836475157
727830515,0.9,19.821638790655243,1.0504499153960691
727830531,0.9,19.30650305842032,1.0517960190394946
727832019,0.9,17.735095075950134,1.056385375760182
727832860,0.9,19.32767091286141,1.0517392915322539
727833361,0.9,18.47558108925773,1.0541254965226199
727834321,0.9,19.740100377185506,1.0506583037012185
727835463,0.9,12.133185361062777,1.082418587554852
72783601x,0.9,16.48096920437051,1.0606760432350553
727836183,0.9,19.332697429681136,1.0517258392750055
727836693,0.9,19.506292452513303,1.0512655084216762
727837135,0.9,18.475581089257705,1.0541254965226199
72783732x,0.9,12.232656384821967,1.081748392870806
727837354,0.9,19.65284883345622,1.0508832082551636
727837506,0.9,19.84672949626889,1.0503861354178277
727838314,0.9,19.439750317818405,1.0514409899124786
727838533,0.9,19.635779258043073,1.0509274415269456
727839202,0.9,19.715288285193527,1.0507220582085535
730368069,0.9,19.393966549630726,1.051562427801498
730590049,0.9,19.72483734048277,1.0506975029876482
730590372,0.9,19.97356038889776,1.0500661865250547
73059041x,0.9,19.294987003943373,1.0518269330679324
730590436,0.9,15.156605230882208,1.065977835060483
73059068x,0.9,19.872298542784065,1.0503213052001534
730590823,0.9,16.486732470286928,1.0606548327148657
730590989,0.9,18.550396861243986,1.053907202497065
730591017,0.9,19.402261287517405,1.0515403841429225
730592343,0.9,19.128594915535867,1.052277755079011
730592706,0.9,19.25311703613406,1.0519396416758497
73059367x,0.9,19.554682252082152,1.0511386473637803
730594736,0.9,19.937938861813116,1.0501556357921875
730594752,0.9,19.745632780530393,1.0506441100730903
730594891,0.9,12.801529192165216,1.0781156676666424
730595077,0.9,19.839881628344337,1.0504035265296818
730595616,0.9,10.578979140559051,1.094527079287459
730595878,0.9,18.415387970821115,1.0543024128291234
73059658x,0.9,19.626174554723292,1.0509523645176864
730596627,0.9,18.748253607249463,1.0533383013132127
73059666x,0.9,19.54434119322893,1.0511657052091603
73059690x,0.9,19.97789900345486,1.0500553136156643
730597048,0.9,19.66691401420009,1.0508468181270316
73059770x,0.9,16.601639387162837,1.0602350151499644
730597996,0.9,7.926136887657536,1.1261648662108252
730598622,0.9,19.276447421834735,1.0518767788543486
730599131,0.9,18.75882491805677,1.053308243153196
730599211,0.9,19.073429495092466,1.0524289562219158
730599801,0.9,18.88824488641374,1.0529429815217664
730600075,0.9,19.975612880520316,1.0500610422309082
730600139,0.9,19.973740194078427,1.0500657358253047
73060026x,0.9,19.945025339228035,1.050137815469865
730600796,0.9,19.7813831999002,1.0505525821877333
73060202x,0.9,16.253858058762134,1.0615238546063788
730602679,0.9,18.20724617948184,1.0549231877320868
730603479,0.9,19.76431899883007,1.050596228489289
730604412,0.9,19.28823900660973,1.0518450647390525
730604674,0.9,19.92594977829974,1.0501858135309086
730604930,0.9,16.331058992659628,1.0612330162085308
730605247,0.9,19.57664912034822,1.051081264921921
730605263,0.9,19.916586513718844,1.0502094070844512
730605546,0.9,18.849412682471947,1.0530520508434673
730605714,0.9,13.838470144071744,1.072262323045036
73060587x,0.9,19.088969968646012,1.0523862734156175
730606274,0.9,19.148240261289004,1.0522241201465206
730606290,0.9,17.17875549941282,1.0582114344682407
730606557,0.9,19.47152954690673,1.0513570337446274
730607090,0.9,19.982815018929397,1.0500429993998701
73060712x,0.9,19.995528526704724,1.0500111811830564
730607832,0.9,19.331281148031316,1.0517296289026266
730608456,0.9,19.406494623957798,1.0515291411136907
730608974,0.9,19.83566741752061,1.0504142350721566
730609870,0.9,17.17053786439424,1.0582392938356144
730609950,0.9,19.81694045747119,1.0504618764004505
730609969,0.9,19.57604181255228,1.051082849616657
730610003,0.9,17.27762184968143,1.0578783358439134
73061037x,0.9,16.45127355632104,1.0607855675474906
730610812,0.9,19.990114395074936,1.0500247262340017
730612498,0.9,19.987205660503154,1.0500320063237307
730613714,0.9,19.971921122484645,1.050070295885266
730613925,0.9,19.49436079546476,1.0512968858272411
730614047,0.9,19.00375355566111,1.0526211833399675
730614397,0.9,14.415945268167572,1.0693676329507258
730614530,0.9,14.286083530240633,1.069998190748585
730615672,0.9,19.002824324808987,1.0526237564957361
730616798,0.9,18.691856356569314,1.0534992341543725
730617045,0.9,18.309980386574026,1.054615023003152
730617512,0.9,13.241297554874466,1.0755212996200567
730618638,0.9,19.973782514553278,1.0500656297459623
730621263,0.9,16.423461214867956,1.0608885049818069
730621474,0.9,19.919373188053996,1.0502023829042832
730622143,0.9,19.206476063135028,1.0520657718111759
730622151,0.9,19.745702608627397,1.050643930976813
73062224x,0.9,19.83534683845095,1.0504150498675169
730622389,0.9,18.50231726816575,1.0540472842134512
730623429,0.9,19.927848823480343,1.050181031021358
730623509,0.9,18.003083561412666,1.055546040020798
730624560,0.9,19.991699572246326,1.0500207596850974
730624907,0.9,18.533274553241043,1.0539570056617502
730625168,0.9,15.954261353500227,1.0626791788001273
730625467,0.9,19.041345073549422,1.0525172983388191
730625547,0.9,6.896585704921433,1.144999285557547
730625993,0.9,6.81133037101058,1.14681419715832
730626048,0.9,18.988211548936974,1.052664254209659
730626558,0.9,11.427780629961974,1.0875060549708266
730626566,0.9,19.97660377817111,1.0500585590576073
730626718,0.9,19.662977560268292,1.0508569974682083
730626929,0.9,19.969229462486833,1.0500770448794006
730626945,0.9,5.183864961376059,1.1929062596056803
730627331,0.9,19.650715200008918,1.0508887330472096
730627366,0.9,19.931296784400313,1.0501723500892663
730627438,0.9,19.91068881551577,1.0502242794945764
730627497,0.9,19.63873445904591,1.0509197780582742
730627569,0.9,18.563307239999737,1.0538697112034663
730627729,0.9,16.412445449879776,1.0609293723506221
730627972,0.9,19.415674521719993,1.0515047776929571
730628297,0.9,19.57741207651312,1.0510792742213202
730628457,0.9,19.913934927748567,1.0502160925818118
730629089,0.9,17.28096428295882,1.0578671411864513
730629273,0.9,19.796159452634765,1.0505148487206646
730629409,0.9,19.497062767652,1.0512897769226615
730630055,0.9,19.753484775551634,1.0506239790782472
73063059x,0.9,19.653294149061036,1.0508820553142628
730630629,0.9,15.255588360533062,1.0655497497944457
730630733,0.9,18.867185911187917,1.053002074856697
730631744,0.9,19.411122219942158,1.0515168566077362
730634152,0.9,19.990597311623397,1.0500235177774582
730634195,0.9,19.561446263485653,1.0511209644997799
730634208,0.9,19.703475806351022,1.0507524667133943
730634742,0.9,19.79342226507463,1.0505218343047475
730634750,0.9,19.984248494715974,1.0500394098013948
730634814,0.9,19.481004199508252,1.0513320560767212
730635809,0.9,19.741568666887996,1.0506545359628525
730636166,0.9,19.938403694991013,1.0501544664907765
730636609,0.9,19.86722534724101,1.050334154997586
73063665x,0.9,19.326873510390133,1.0517414262302902
730636764,0.9,18.854725554642158,1.0530371018714613
730637003,0.9,19.998147981483292,1.050004630475078
730637193,0.9,19.84668246443416,1.0503862548207756
730637345,0.9,19.254799019421156,1.051935104541541
730637548,0.9,10.307094853305548,1.0970205488774845
730637804,0.9,19.887660270487338,1.050282435761635
730637900,0.9,18.778891473714054,1.0532512795763136
730638196,0.9,17.06990765781659,1.058582625052578
730638540,0.9,17.946206615216443,1.0557220821893418
730638903,0.9,19.611373229696436,1.0509908198822995
730639092,0.9,19.93639142410356,1.0501595288097612
730639121,0.9,19.992417901137227,1.0500189624359102
730639981,0.9,18.715108602152053,1.05343276500597
733490051,0.9,18.116420464664913,1.0551985422258467
733490182,0.9,19.005973000598956,1.052615038439152
733490350,0.9,19.340928549551993,1.0517038257722722
733490369,0.9,18.39174143604379,1.05437223024679
733490721,0.9,19.953976507299064,1.0501153241126753
733490836,0.9,19.842230256353048,1.0503975605101055
733491089,0.9,19.944303830683086,1.0501396292640488
733492049,0.9,19.890056546524576,1.050276377930898
733492161,0.9,19.977456421158916,1.0500564225454077
733492524,0.9,19.980625932424626,1.0500484821337452
733492583,0.9,19.82330316829783,1.0504456795878114
733493519,0.9,18.05570968034185,1.0553841426177089
733495004,0.9,19.934562365609143,1.0501641311035343
733495493,0.9,18.070263217430476,1.0553395370043865
733495661,0.9,18.329814479984417,1.054555925871043
733495709,0.9,18.522518082160445,1.0539883397907506
733495792,0.9,19.772289594612772,1.0505758321622227
733495987,0.9,12.165902940734416,1.0821969404878085
733496015,0.9,15.324637134639286,1.0652543999061246
733496808,0.9,19.87311956074759,1.050319226276641
733497245,0.9,19.98145511371542,1.0500464052447107
733497480,0.9,19.448717281262876,1.051417272694041
73349751x,0.9,18.976052133257856,1.0526980002467097
73349831x,0.9,19.84925259860114,1.050379730674115
733498491,0.9,16.350556684243337,1.0611599971372032
733498563,0.9,8.533016622331633,1.1171918495251627
733498969,0.9,18.854484112769498,1.0530377810402531
733499910,0.9,18.589206215330375,1.0537946584924809
733500459,0.9,19.700261553186913,1.0507607473789216
733500555,0.9,19.348360682309206,1.0516839651906185
733501224,0.9,19.986027767379518,1.0500349550015218
733501398,0.9,19.555835762775953,1.051135630925244
733501400,0.9,19.2284051381559,1.0520063932923718
733502729,0.9,16.09611736640425,1.062126783573733
733503043,0.9,19.97002155469701,1.0500750586202947
733503326,0.9,19.720129230639564,1.0507096068339288
733503385,0.9,19.68580842272254,1.0507980154295182
733503406,0.9,15.875580972755118,1.0629898207641126
733503588,0.9,17.10459952091165,1.0584638066958203
733503705,0.9,19.88396844060313,1.0502917716343785
733503967,0.9,19.882666270970656,1.0502950653786325
733504126,0.9,19.93060256509981,1.0501740976838847
733504716,0.9,19.09892361607017,1.0523589716416575
733504871,0.9,19.568009489485675,1.051103818226239
733504986,0.9,19.042404524945997,1.0525143764638534
733505081,0.9,19.332216208113195,1.051727126845412
73350509x,0.9,19.97152734962581,1.0500712831068846
733505356,0.9,19.144078847609848,1.052235472281543
733505946,0.9,19.695232046363678,1.0507737099845254
733505962,0.9,19.91144666763103,1.0502223679018585
733506009,0.9,19.304010169179858,1.0518027078952004
733506025,0.9,18.783397683138926,1.0532385043893129
733506068,0.9,19.596250552140035,1.051030170151136
733506156,0.9,19.565717066444517,1.0511098058202535
733506682,0.9,17.007786521301938,1.0587965987665424
733506762,0.9,19.78991577741004,1.0505307860451578
733506834,0.9,19.611155431682576,1.050991386177301
733506877,0.9,19.662746281497526,1.0508575956625648
733507028,0.9,19.917662765805616,1.0502066940161667
73350736x,0.9,19.978068002965053,1.0500548901851563
733507386,0.9,19.458849417898286,1.0513904999480699
733507562,0.9,11.287706584579729,1.0885919555497758
733507853,0.9,19.813715157305825,1.0504700906448265
733507861,0.9,19.97027564468164,1.0500744214948436
733507941,0.9,19.36326665966616,1.051644178514724
733507976,0.9,16.992437077615186,1.0588497103406869
733508194,0.9,19.97571689462398,1.0500607815616934
733508506,0.9,19.75876752694444,1.050610444129996
73350920x,0.9,19.3154199940134,1.051772107482516
733509568,0.9,19.83576276719505,1.0504139927330562
733509701,0.9,9.084977261502809,1.1100718219997596
733509883,0.9,19.827983892774263,1.0504337710484233
733509947,0.9,18.529687784986322,1.0539674500511687
733510067,0.9,19.554048726783005,1.0511403041882732
733510411,0.9,18.00288357468395,1.055546657059218
733510497,0.9,15.053197796606614,1.06643106757193
73351093x,0.9,19.9687147818468,1.0500783355826726
733511131,0.9,13.198209896465064,1.0757678509316506
733511326,0.9,18.846800113858972,1.053059404989638
73351202x,0.9,19.694844986909708,1.0507747078316512
733512070,0.9,19.949549523003057,1.0501264451534076
733512740,0.9,18.390409465020202,1.0543761682904378
733512935,0.9,12.803254029007995,1.0781051440309102
733513540,0.9,5.956537817232621,1.1678827585223988
73351368x,0.9,5.064618924500443,1.197448221654433
733514148,0.9,19.50635458835519,1.0512653451197373
733514156,0.9,19.496945948549286,1.0512900842336492
733515028,0.9,19.763234417764036,1.0505990051456942
733515589,0.9,19.860282479891,1.0503517510897704
733515626,0.9,19.715510634040548,1.0507214861720808
733515634,0.9,19.876567786429508,1.0503104967992885
733515909,0.9,13.144687600304339,1.0760763610674815
733515925,0.9,19.17560523643326,1.0521495925510618
733515933,0.9,19.938057537501237,1.050155337254851
733516530,0.9,15.61075492679315,1.0640584010632101
733516717,0.9,19.729214239038235,1.0506862558175936
733516987,0.9,19.99742682734183,1.0500064337594042
733517699,0.9,19.847528958492205,1.0503841058547556
733517701,0.9,19.95228951481638,1.05011956142965
733517867,0.9,19.133297431668,1.0522649064319083
733518069,0.9,17.423471889505468,1.057393842417958
733518480,0.9,18.130938499113288,1.0551543429508023
733518640,0.9,19.765752061580937,1.0505925601456734
733518763,0.9,18.50742579723522,1.0540323657625787
733518771,0.9,19.26775054929955,1.0519001944436297
733518982,0.9,18.420970911084915,1.0542859551120753
733519053,0.9,19.92298016261727,1.0501932939669518
733519109,0.9,19.992171196787773,1.0500195796723006
733519336,0.9,19.853809255251942,1.0503681679995727
73352045x,0.9,17.614173454432137,1.0567724623915506
733520900,0.9,14.667956033235889,1.0681758247525501
733520927,0.9,19.848638557157038,1.0503812892315185
733521452,0.9,19.181823185092828,1.0521326878238118
733523028,0.9,15.2405754903803,1.065614320183066
733523220,0.9,19.17732544333657,1.0521449147304045
73352360x,0.9,19.64123449937885,1.0509132967192885
733524282,0.9,19.96638584342532,1.050084176868158
733524936,0.9,19.89803137074256,1.0502562279337024
733525517,0.9,15.217218212402871,1.0657150331973912
733525525,0.9,19.59652790851738,1.0510294479036444
733525568,0.9,17.029985772354078,1.0587199551055038
733525904,0.9,18.217315298811933,1.0548928304526417
733526237,0.9,5.614082718839072,1.178123488748094
733526309,0.9,8.491110042393604,1.1177702320435485
733526405,0.9,19.87058417605807,1.050325646751991
733526608,0.9,18.278550522392035,1.0547089332261306
733526763,0.9,18.534209793390495,1.0539542829798232
733527491,0.9,19.50244189985507,1.0512756302587642
733527643,0.9,19.969240376863706,1.0500770175093188
733527811,0.9,16.823799127999916,1.0594396064998004
733527993,0.9,19.362169564747084,1.0516471047656102
733528531,0.9,18.347888208355904,1.0545021851367389
73352950x,0.9,17.384109241549158,1.0575237986660793
733529948,0.9,18.650827758008596,1.053616923225866
733530332,0.9,19.32890488230938,1.051735988463332
733530340,0.9,19.821662835752385,1.0504498541967073
733530690,0.9,19.675036780313178,1.0508258262063632
733531298,0.9,19.83439516156088,1.0504174688390802
733531327,0.9,12.445466504801063,1.0803505436790362
733531538,0.9,17.5971994095357,1.0568272244194785
733531570,0.9,19.989930364424666,1.050025186770018
733531589,0.9,19.815070283586262,1.0504666390625093
73353259x,0.9,15.363968773427679,1.065087349157434
733533613,0.9,19.103405055751498,1.0523466888275463
733533699,0.9,18.090392789982253,1.0552779595008994
733534528,0.9,19.09603594732762,1.052366889272637
733535387,0.9,19.985439429503366,1.050036427946826
733535408,0.9,12.61225759226058,1.0792879460861664
73353558x,0.9,19.208639609148452,1.0520599074347634
733536232,0.9,19.250330245427733,1.051947160762996
733536267,0.9,19.55615877326807,1.0511347863143212
733536304,0.9,19.57840264945067,1.0510766898559039
733536320,0.9,19.17707617320702,1.0521455925276626
733536347,0.9,19.988918100653912,1.0500277201079375
733536670,0.9,19.46605023548547,1.0513714897425395
733536849,0.9,19.92747854258285,1.0501819634562952
733536910,0.9,14.167288603424378,1.0705851365065218
733537040,0.9,16.204214172571984,1.0617123415767145
733537390,0.9,19.35811394685467,1.0516579250822358
733537681,0.9,18.213405028400516,1.0549046154983475
733537729,0.9,18.72807511004618,1.0533957704742212
733537753,0.9,18.55980766276302,1.053879868701782
733538238,0.9,19.959122605735942,1.0501024027836081
733538721,0.9,19.73517536323297,1.050670945740012
733539492,0.9,18.47359878238478,1.0541313044512763
733539513,0.9,19.65031332902914,1.0508897737789613
733539898,0.9,15.702478986249693,1.0636842119563208
733539994,0.9,19.986309739896345,1.0500342490942096
735646507,0.9,19.816060606748948,1.0504641169526612
737250821,0.9,13.629352446038968,1.073371057352811
737251808,0.9,18.538623376953982,1.0539414378115657
737251947,0.9,19.648447202407347,1.0508946070749794
737252608,0.9,19.994425984988585,1.0500139389223166
737252771,0.9,13.761374279711305,1.0726671609734735
737252827,0.9,18.185404007755924,1.054989155015391
737252835,0.9,19.56610534343826,1.0511087915784612
737253221,0.9,19.862229622404328,1.050346814985565
737253248,0.9,14.502215917388682,1.0689549794111783
73725403x,0.9,7.047393452675645,1.1418964340099864
737254283,0.9,19.56373488170882,1.051114984232124
737254566,0.9,18.17163872116158,1.0550308101181574
737255630,0.9,19.966275396675968,1.0500844539170526
737255788,0.9,19.42939886871398,1.051468396256471
73725593x,0.9,19.773025174670547,1.0505739506811032
737256641,0.9,18.28195084921329,1.0546987577117917
73725665x,0.9,19.69180939638127,1.0507825350058368
737256721,0.9,6.809952523953512,1.146843901845508
737256764,0.9,19.28925354743688,1.0518423378872988
737257345,0.9,19.99373902719066,1.0500156573335304
73725737x,0.9,18.56334067845119,1.0538696141670678
737258129,0.9,14.802013531507402,1.06755837628924
737258313,0.9,18.764105210832447,1.0532932420045644
737258647,0.9,19.88300339906752,1.0502942125960155
737258671,0.9,19.66903579922716,1.05084133305809
737259033,0.9,19.865750170370042,1.0503378926757827
737259041,0.9,19.11633668740032,1.0523112778537274
737259244,0.9,19.78486301466217,1.0505436908640167
737259252,0.9,19.47391877755186,1.0513507328146365
737259818,0.9,19.992177756605187,1.050019563259916
73726019x,0.9,19.98959839212316,1.0500260175509102
737260552,0.9,15.629648018582845,1.0639809673775795
737260640,0.9,19.977688880013222,1.0500558400927174
737260704,0.9,19.67084172036977,1.0508366654673689
73726158x,0.9,5.322763345752161,1.1878723390544972
737261942,0.9,19.455045840055394,1.0514005470982304
737262363,0.9,19.308703249537725,1.0517901169786708
737263227,0.9,8.866954672642068,1.1127782916366293
737263809,0.9,19.943655231296542,1.0501412598845348
737264078,0.9,18.898660884557735,1.052913801994146
737264473,0.9,18.423176188177507,1.0542794570157625
737264625,0.9,18.88266876928636,1.0529586157665676
737264940,0.9,19.525254605830956,1.0512157213919948
737265484,0.9,19.951354406478693,1.050121910504245
737266698,0.9,19.62546598331488,1.0509542041371236
737266786,0.9,19.981319249622853,1.0500467455380291
737266938,0.9,19.828435650244426,1.0504326219999949
737267658,0.9,5.620221317745731,1.1779289361510588
73726772x,0.9,19.942644137899055,1.0501438020497793
737267818,0.9,4.967833017344761,1.2012950106230595
737268095,0.9,18.74739466432028,1.053340745095807
737268167,0.9,19.89359364680048,1.0502674387420612
737268706,0.9,19.77521917486163,1.0505683396556842
737268730,0.9,19.92092824129313,1.0501984640418085
737269186,0.9,19.775453225987107,1.0505677411572996
737269258,0.9,18.79110309760198,1.0532166735931332
737269741,0.9,19.13021932550173,1.052273316002548
737269880,0.9,19.403713511790734,1.051536526726822
737270048,0.9,19.76964955902707,1.0505825860501097
737270072,0.9,19.728862151251274,1.0506871603812478
737271622,0.9,19.70917016404292,1.0507378033512738
737272393,0.9,19.96718581594688,1.0500821702776635
737272406,0.9,7.80751975007265,1.1280816484634182
737273628,0.9,19.963303530395205,1.0500919098122936
737273847,0.9,19.857852478601885,1.050357912623108
737274102,0.9,18.474608935367968,1.0541283446647463
737274305,0.9,19.714263787987996,1.050724694097342
737274823,0.9,19.83440975443902,1.0504174317451618
737275121,0.9,19.615051088052965,1.0509812590092653
737275586,0.9,19.9505728868344,1.0501238739194256
737276052,0.9,19.95105344003272,1.0501226666053358
737276343,0.9,17.171837107849775,1.0582348873751468
73727791x,0.9,19.910665553863012,1.050224338171658
737278808,0.9,19.6694393284963,1.05084029002043
737279157,0.9,19.52847519399636,1.0512072750210129
73727935x,0.9,5.296835213220294,1.1887919785580858
737279501,0.9,19.914979103924345,1.0502134596667965
737279616,0.9,17.252213158486455,1.0579635778212082
737279667,0.9,19.69365540519247,1.050777774842975
737279683,0.9,11.348206537200646,1.0881196510410602
737280166,0.9,19.718931588614822,1.0507126867145973
737280318,0.9,19.991148211746523,1.05002213926924
737280625,0.9,18.691756212001373,1.0534995207864915
737281265,0.9,19.627641951757195,1.0509485552292985
737281361,0.9,17.928572932662643,1.0557768877509586
737281409,0.9,18.617405707595797,1.053713176567453
737281599,0.9,19.779150831695627,1.050558287790471
737281601,0.9,18.46798104437115,1.054147770543916
737281660,0.9,18.14240091163877,1.055119496304289
737282559,0.9,19.939488471296375,1.0501517379164234
737283631,0.9,19.901099276326903,1.0502484805545158
737284474,0.9,19.739354521168213,1.0506602178367896
737285792,0.9,19.926261851322877,1.0501850275511466
737286058,0.9,17.078588763613354,1.0585528473014434
737288029,0.9,19.803172364494326,1.050496959860478
737288715,0.9,19.424352538601553,1.051481767436661
73728882x,0.9,19.550410003827857,1.0511498224233766
737288950,0.9,17.288434037113493,1.0578421387300478
737289232,0.9,19.128800073537196,1.052277194395659
737289267,0.9,19.635825614152562,1.0509273212978245
737290364,0.9,19.267658354165516,1.0519004427844139
737291367,0.9,19.777704413384726,1.0505619853092374
737292044,0.9,16.920570201887237,1.0590996631950658
73729332x,0.9,16.071874649655584,1.06222049523149
73729375x,0.9,19.955880970723754,1.0501105414222027
737293944,0.9,19.32831158474782,1.0517375765397485
737294090,0.9,8.857882746726888,1.1128937951193263
737294146,0.9,19.630936658469523,1.050940004412299
737294189,0.9,18.769357098569646,1.0532783299261863
737294437,0.9,18.79849457434691,1.0531957490555992
737295560,0.9,19.898037820818256,1.050256211642826
737295704,0.9,19.808855393222423,1.0504824726188948
737295800,0.9,19.9981705557211,1.0500045740290938
73729586x,0.9,18.612618580911832,1.0537269914844518
737295915,0.9,17.056084162203263,1.0586301046881574
737296280,0.9,18.406892841833525,1.0543274744191096
737296395,0.9,17.66708214992323,1.0566024424131828
737297451,0.9,19.967852509397733,1.0500804981171288
737297734,0.9,11.625084765185996,1.0860208781440228
737297910,0.9,15.940266097760672,1.062734209947755
737297929,0.9,19.31103301552915,1.051783868796446
737297961,0.9,19.86908161216725,1.0503294525393478
73729842x,0.9,19.630370225043265,1.0509414742837737
73729906x,0.9,19.863458183092973,1.0503437010203571
73729914x,0.9,19.77522986462786,1.0505683123202887
737299166,0.9,18.93450923127432,1.0528136212977883
737299473,0.9,19.945009066549293,1.0501378563761672
73729981x,0.9,19.88311589481845,1.0502939280387438
737299852,0.9,10.841318908651864,1.0922396996551733
737299860,0.9,15.475310676354786,1.06461905811868
740213538,0.9,19.62010338828359,1.0509681310138848
740350727,0.9,19.536001788006107,1.0511875465026799
740350882,0.9,15.089906512413156,1.066269462913994
740351172,0.9,18.520834192361075,1.053993248339346
740351543,0.9,19.02508603129553,1.052562180184365
740351770,0.9,13.487724283698642,1.0741414918459304
740351893,0.9,19.944682652496088,1.0501386769307584
740352204,0.9,18.82391662307916,1.053123907209297
74035279x,0.9,8.332730018595555,1.120008688361242
740352829,0.9,19.966012228204026,1.0500851140713716
740352837,0.9,16.89734181029898,1.0591809061582986
740352933,0.9,19.663845729776884,1.0508547521040457
74035295x,0.9,19.373570018089584,1.0516167128240317
740352968,0.9,19.44944884348233,1.051415338709462
740353426,0.9,19.93375490620178,1.0501661631090327
740353450,0.9,19.96422890427454,1.0500895879723102
740353506,0.9,18.89011522846353,1.0529377395482058
74035375x,0.9,17.343511531730112,1.0576584504337827
74035404x,0.9,19.433924008142952,1.0514564119722292
740354170,0.9,19.999357605370882,1.0500016060381583
740354429,0.9,16.55490741440779,1.0604050493891435
740354648,0.9,19.80440741541907,1.050493810747472
740354672,0.9,19.96970096177498,1.0500758625236377
740355042,0.9,19.940948900643065,1.0501480649182022
740355392,0.9,17.443637595539215,1.0573274923033098
74035607x,0.9,19.171212542736015,1.0521615415702488
740356184,0.9,18.693619919892235,1.0534941870159604
740356360,0.9,18.80741527027606,1.0531705173533568
74035690x,0.9,15.380812897300684,1.0650160694806643
740356977,0.9,18.383225803490475,1.0543974170088324
740356985,0.9,8.23957218795309,1.1213655244700786
740357224,0.9,18.749860054011034,1.0533337314048954
74035762x,0.9,19.031735909478964,1.0525438144348114
740357769,0.9,16.458785276592884,1.0607578252705057
740358614,0.9,18.21515479872504,1.0548993412929981
740358622,0.9,19.378806272732948,1.0516027657187046
740359545,0.9,19.43100040428552,1.051464154145118
740359756,0.9,19.656764394012907,1.0508730724932829
740359975,0.9,19.884897025094816,1.050289423110313
740360028,0.9,16.63697213558092,1.060107091113132
740360677,0.9,19.659145933723874,1.0508669096496492
740360685,0.9,17.120567899182834,1.058409277419339
740361194,0.9,18.37244405769264,1.0544293397688314
740361274,0.9,19.955704800841616,1.050110983800373
740361442,0.9,19.770999026088454,1.0505791335420365
74036175x,0.9,19.995934750736954,1.050010165189359
740362074,0.9,19.644772966307574,1.0509041260856047
740362373,0.9,14.233782391544855,1.0702553947005695
740362381,0.9,19.157343841224098,1.0521993032169799
740362533,0.9,19.15282567274444,1.0522116170786777
740362621,0.9,15.08457507814624,1.0662928849383864
74036263x,0.9,19.22986207009487,1.0520024530781809
740362699,0.9,19.949797627510637,1.0501258217587635
740363237,0.9,19.810634189632395,1.0504779397987842
740363552,0.9,18.836042074536877,1.0530897094008846
740364360,0.9,18.338860395674182,1.0545290153490607
740364686,0.9,17.552597112833613,1.0569716261116053
740365080,0.9,18.273534032607195,1.0547239520399068
740365240,0.9,18.927892110267035,1.0528320847442685
740365750,0.9,13.922156146810375,1.0718279546253404
740365881,0.9,15.834783999962628,1.0631521086743185
740366171,0.9,19.96428341783478,1.0500894511999697
740366227,0.9,19.974217941920283,1.050064538341763
740366585,0.9,14.019642334894073,1.0713284958426548
740366833,0.9,8.957216585384964,1.1116418242729162
740367238,0.9,18.111625261033627,1.0552131564996243
740367537,0.9,19.725580520943677,1.0506955929098385
740368011,0.9,19.869344253049096,1.0503287872646598
74036802x,0.9,18.5667911697941,1.053859602925188
740368038,0.9,19.959075561127367,1.050102520877651
740368329,0.9,14.840120105711437,1.0673848993725552
74036861x,0.9,19.971147780492483,1.0500722347554197
740369698,0.9,19.66694287816125,1.0508467435022872
740370664,0.9,9.95993209713305,1.1004022909240363
740370939,0.9,15.502512022931086,1.0645056748558437
740371122,0.9,19.911237108237927,1.0502228964761948
74037207x,0.9,19.94027157607359,1.0501497683311347
740372344,0.9,19.501740955116574,1.0512774732420818
740372651,0.9,19.77698301283055,1.0505638296473854
740372723,0.9,5.39675391992931,1.1852965717608814
740373339,0.9,19.944796389475318,1.0501383910104838
740373486,0.9,19.980605593816502,1.050048533078971
740373806,0.9,18.29188435254021,1.054669053265752
74037442x,0.9,19.924703708269025,1.0501889520989458
74037522x,0.9,19.592377725634513,1.0510402572879967
740375238,0.9,18.935906203055637,1.0528097250417638
740375289,0.9,19.080685079138984,1.0524090196894087
74037530x,0.9,19.988836185762484,1.0500279251231381
740375393,0.9,19.840385577785547,1.0504022462708416
740375908,0.9,19.95418816892908,1.050114792520455
740375983,0.9,18.165037762902532,1.0550508076587788
74037653x,0.9,19.962618561301397,1.0500936285953264
740376927,0.9,19.817585766764676,1.050460233237747
74037725x,0.9,19.97082795799043,1.0500730366364153
740377284,0.9,18.96825325463326,1.0527196672553776
740377591,0.9,18.96355917524377,1.0527327170368663
740377823,0.9,19.524504755564475,1.0512176883623643
740377989,0.9,19.842875237188572,1.0503959223674324
740378607,0.9,19.800564864961842,1.0505036097111327
740378877,0.9,19.53731954546876,1.0511840939936885
740378930,0.9,17.129602961630848,1.0583784692639948
740379474,0.9,19.97019873508953,1.0500746143423654
740380125,0.9,19.983988373904648,1.050040061137436
740380838,0.9,19.36395694648316,1.0516423375017685
740381611,0.9,5.037894797797795,1.1984956098005715
740381910,0.9,18.12891171412402,1.0551605091231655
740382016,0.9,19.966662962974087,1.0500834817442648
740382155,0.9,19.04987289202177,1.052493788576343
740382171,0.9,16.046645641204538,1.0623183201249364
740383115,0.9,19.224878322312083,1.0520159338974548
740383123,0.9,19.53671002811005,1.0511856908640793
74038314x,0.9,19.990204016085304,1.0500245019608274
740383342,0.9,19.80283512427292,1.0504978198184496
74038453x,0.9,19.696111215085875,1.0507714436154314
740385145,0.9,18.712477350210754,1.05344027844548
740385380,0.9,19.745544079020682,1.0506443375780403
740386033,0.9,17.15631528389744,1.0582875741936604
740386041,0.9,19.566580364865906,1.0511075508010392
740386738,0.9,19.246949675528914,1.0519562848585522
740386762,0.9,15.144336323598383,1.066031285797699
740386893,0.9,19.99616914186895,1.0500095789801134
740387052,0.9,19.82943467961256,1.0504300811474037
740387132,0.9,19.645847305259597,1.050901342378462
740387159,0.9,18.989236792119186,1.0526614108269488
740387714,0.9,19.738854497640226,1.050661501158517
740387896,0.9,19.82513035324137,1.0504410302571605
740388039,0.9,17.721661289975206,1.056428118314488
740388557,0.9,19.387366915610347,1.0515799801155472
740389138,0.9,19.652883446345996,1.050883118639058
740389445,0.9,19.819470894032314,1.0504554337170071
74038998x,0.9,19.986498642514697,1.0500337761949374
740390155,0.9,19.96028775942871,1.0500994781263926
740390489,0.9,19.97781847863693,1.0500555153741806
740391457,0.9,19.948948952554616,1.050127954228483
740391887,0.9,8.28282255232061,1.1207317908458425
740391908,0.9,18.13069599667961,1.0551550806534473
740392716,0.9,17.819351118293678,1.056118766242469
740393137,0.9,19.816974027536276,1.0504617909177492
740393233,0.9,19.968575522046358,1.0500786848263637
740393268,0.9,19.983840331497937,1.0500404318395113
740393292,0.9,17.29863259432573,1.0578080374010612
74039341x,0.9,19.91582510373141,1.0502113266606585
740393575,0.9,19.337072845852223,1.0517141352246857
740394148,0.9,19.86728711999377,1.0503339984951259
740394287,0.9,19.8148867167554,1.050467106589835
740394607,0.9,16.51100150897005,1.0605656779485317
740394789,0.9,18.676534398618895,1.0535431241501607
740394914,0.9,19.603526102314692,1.0510112310806128
74039499x,0.9,19.944634716335337,1.0501387974371357
740395351,0.9,19.502383113824568,1.051275784818889
740395554,0.9,17.9073800058213,1.0558428982729424
740395626,0.9,15.348823005340778,1.0651515754434095
74039587x,0.9,19.455864148558664,1.0513983852048063
740395909,0.9,14.357898653484371,1.069648074842576
740395968,0.9,17.45220217638636,1.0572993591234605
74039624x,0.9,18.502105177184806,1.0540479037614117
740396274,0.9,19.421190238282904,1.051490150074778
740396696,0.9,19.94117477196299,1.0501474968970226
740396741,0.9,19.882198316926857,1.0502962491400483
740396768,0.9,19.689464038688136,1.0507885840891902
740396813,0.9,19.911195708761753,1.050223000899939
740396928,0.9,19.859487282747608,1.0503537672328893
740397584,0.9,18.72183431871285,1.0534135695774467
74039763x,0.9,19.831406280727343,1.0504250674835816
740397955,0.9,19.632259536715356,1.0509365719279458
740398747,0.9,17.94104885465989,1.0557381013842047
740399037,0.9,19.952007515924013,1.0501202698125431
740399205,0.9,19.75327172653129,1.0506245250834507
740399336,0.9,18.98765161820003,1.0526658072366084
74039958x,0.9,17.281673453163908,1.0578647665522762
74039966x,0.9,19.78318621098134,1.0505479748982454
740399678,0.9,19.938083444446477,1.0501552720845162
742231350,0.9,19.996971206756676,1.0500075731299805
742452807,0.9,18.5220863377953,1.0539895982430147
743950293,0.9,19.634405308555458,1.0509310052576057
743950496,0.9,18.86931727936922,1.0529960880510156
743950509,0.9,19.958867202565024,1.0501030439178174
743950605,0.9,19.64118505278881,1.050913424893271
743950664,0.9,19.8859792159429,1.0502866863703793
743950808,0.9,17.124541987572766,1.0583957223922074
743951544,0.9,17.111060668054847,1.0584417307260754
743951587,0.9,15.469340065295023,1.064643998760068
743952918,0.9,19.987800668315547,1.050030516943527
74395311x,0.9,19.924089943080165,1.050190498178679
743953267,0.9,19.562680592745828,1.0511177389652222
743953953,0.9,18.920535656470033,1.0528526262763624
743954331,0.9,19.779078768241938,1.050558471995452
743954358,0.9,18.0984402846158,1.0552533800854667
743954649,0.9,15.255380541660449,1.0655506427564445
74395530x,0.9,19.9706685548522,1.0500734363125281
743955393,0.9,6.037221856445312,1.1656391008610036
743955449,0.9,16.90976214568416,1.0591374373799354
743955457,0.9,11.40222218046691,1.0877022026209149
743956302,0.9,18.4993789052422,1.0540558688549608
743956759,0.9,19.87669783789195,1.0503101676221918
743956919,0.9,16.459993916363725,1.0607533638882969
743957006,0.9,12.022566844207438,1.0831769132963323
743957030,0.9,18.06189792311152,1.0553651672851294
743957161,0.9,18.377521474294117,1.054414301808803
74395733x,0.9,19.934794334943412,1.0501635473734041
743957591,0.9,12.383687573685968,1.0807513912192759
743957735,0.9,19.633705629275546,1.0509328202674544
743958172,0.9,18.754190115627654,1.053321417445092
743958324,0.9,19.937999591267317,1.0501554830223787
743958658,0.9,16.48251195815461,1.0606703639917736
743958973,0.9,19.912777509965657,1.050219011360898
743959167,0.9,19.98213217010336,1.0500447095178447
743960336,0.9,19.243600870818227,1.0519653263811162
743960731,0.9,13.253729206513105,1.0754504626145962
743961179,0.9,19.63498832502942,1.050929492976844
743961793,0.9,18.30799845959423,1.0546209353363778
74396306x,0.9,17.000471504183675,1.0588218979546484
743963377,0.9,19.830361825800175,1.0504277233458723
743963641,0.9,19.72043977206726,1.050708808300332
743963887,0.9,19.97409711733879,1.0500648411853337
743963895,0.9,19.140601243745827,1.0522449628026576
743964054,0.9,19.951873992636934,1.050120605230819
743964388,0.9,17.527985106733357,1.0570516230993288
743964599,0.9,7.911119158033921,1.1264043658076464
743965137,0.9,19.209948294895913,1.0520563608318352
743965399,0.9,19.907533665951497,1.0502322395521215
743965591,0.9,19.311863993355626,1.0517816405678944
743965823,0.9,19.90944147092637,1.0502274260912992
743965858,0.9,19.5492121842766,1.0511529564758777
74396592x,0.9,19.81156003908938,1.0504755808238695
743965970,0.9,19.923923497807532,1.0501909174721555
743966332,0.9,15.1400742069365,1.066049874414872
743966519,0.9,19.859172690714182,1.0503545648942154
743966914,0.9,18.960102777572335,1.0527423301303456
743966930,0.9,19.705014466165146,1.050748503723104
74396699x,0.9,17.750786209206584,1.0563355328724169
743967183,0.9,19.97054782884883,1.0500737390165849
743967351,0.9,19.8266749728663,1.0504371005914277
743967474,0.9,5.518735629437945,1.1812009248397073
743967685,0.9,18.474446018557032,1.0541288219952862
743967781,0.9,19.907648735608756,1.0502319492010779
743968098,0.9,19.12230793825958,1.0522949428086146
743968231,0.9,19.967111259154002,1.0500823572834828
743968442,0.9,18.847679309262343,1.053056929905878
743968493,0.9,17.360366003245588,1.0576024721951742
743969111,0.9,19.313856381715848,1.051776298851776
743969250,0.9,19.638043533417818,1.0509215695697136
743969568,0.9,19.80284160741964,1.0504978032862378
743969592,0.9,19.048549972364597,1.0524974342640667
743969605,0.9,19.958053149510402,1.0501050875307711
743970534,0.9,19.024104145460655,1.052564893061659
74397106x,0.9,19.814425565041784,1.0504682811377728
74397253x,0.9,18.138442868323484,1.055131524092753
743972556,0.9,14.886624012770604,1.0671743975761154
743973161,0.9,19.747276098561358,1.050639895599214
743973399,0.9,19.62858949133044,1.0509460957671808
743973436,0.9,19.870150244813765,1.0503267457809489
743973890,0.9,19.181592518335492,1.0521333147414174
743974252,0.9,19.135718398952502,1.0522582941048475
743974324,0.9,19.04260602089457,1.0525138207923195
743974367,0.9,19.976806132955396,1.0500580519901186
74397480x,0.9,19.90206646407766,1.050246038611365
743975212,0.9,11.155358363218829,1.0896430188470838
743975335,0.9,19.468580895890824,1.0513648121220314
743975538,0.9,16.151290562780805,1.0619145569892978
743975618,0.9,10.925758349128024,1.091526827524957
743975896,0.9,19.959764674979866,1.0501007910806448
743975941,0.9,15.307703737785232,1.0653265843871553
743976725,0.9,11.915333372702548,1.0839254739016326
743977146,0.9,19.85444943142061,1.0503665439555052
743977496,0.9,19.650488414438307,1.0508893203522232
743978237,0.9,19.971590821701497,1.0500711239744298
743978528,0.9,19.93413575724206,1.0501652046608894
743978704,0.9,19.846730135732678,1.050386133794381
743978720,0.9,12.914865512531131,1.0774301520236282
743978990,0.9,4.918775939969346,1.2033026127240576
743979264,0.9,14.540446711613335,1.068773677991702
743979280,0.9,17.060850023045887,1.0586137266694915
743979459,0.9,18.36294302357109,1.0544575016497288
743979627,0.9,19.100436221539034,1.0523548252197679
743979790,0.9,19.62811164860723,1.0509473360403958
743979942,0.9,19.479598186103154,1.051335761161306
74398053x,0.9,19.92591482113416,1.0501859015747355
743980812,0.9,19.5073450330003,1.0512627422290586
743982201,0.9,19.907344031173643,1.0502327180579218
743982463,0.9,12.054060909145148,1.0829595940768246
743982682,0.9,8.341043111725714,1.1198890818097098
743982826,0.9,19.741568907189862,1.0506545353462662
743983319,0.9,19.471611967745005,1.0513568163568847
743983386,0.9,19.643646918465794,1.050907044101875
743983474,0.9,16.793319481981012,1.05954748857562
74398379x,0.9,11.049402451752556,1.0905026316460569
743984207,0.9,18.980912542244422,1.0526845059622068
743984215,0.9,19.90287740819138,1.050243991333054
743985031,0.9,16.458069070791144,1.0607604692688248
743985269,0.9,19.946973266358835,1.0501329192477804
743985277,0.9,19.714347319186533,1.0507244791729307
743985349,0.9,19.789240021580127,1.0505325115522124
743986034,0.9,19.619251192303427,1.050970344902475
743986464,0.9,19.864874867629428,1.0503401107061359
743986480,0.9,19.615666964223216,1.0509796583426854
743986616,0.9,19.82180371093763,1.0504494956454544
743986755,0.9,18.832943033448696,1.0530984455389647
743986894,0.9,19.343924715026812,1.0516958174068562
743986966,0.9,18.63240821484713,1.053669927605126
743987088,0.9,18.454381544411312,1.054187673403926
743987221,0.9,19.034355759860745,1.052536582410043
743987248,0.9,19.99587054143268,1.050010325778412
743987766,0.9,19.879602724776447,1.0503028160997239
743988259,0.9,19.836766264234765,1.0504114424034414
743988283,0.9,19.5754903549547,1.0510842886623728
74398854x,0.9,16.76491523213748,1.0596483779460484
743989163,0.9,19.766591218017346,1.0505904123260512
743989278,0.9,19.833565497247516,1.0504195778685774
743989323,0.9,18.255275812345143,1.0547786848185416
74398934x,0.9,19.72675919547817,1.0506925638464337
743989526,0.9,19.704942121208024,1.0507486900417597
743990287,0.9,19.69059599501069,1.0507856643980398
743990930,0.9,19.971567209006537,1.0500711831742995
743992207,0.9,19.93552554420222,1.0501617074394523
743992522,0.9,19.30910377449441,1.0517890427064207
743992637,0.9,19.645520111262176,1.0509021901347744
743993656,0.9,19.642405846754023,1.0509102605761123
743993736,0.9,14.142336662949507,1.0707096729368513
743993920,0.9,19.960733715266716,1.050098358821107
74399435x,0.9,19.682774210596243,1.0508058462338936
743994608,0.9,19.957126989320027,1.0501074127821677
743994819,0.9,19.324651136976502,1.0517473765974779
743995213,0.9,19.9249423233768,1.0501883510511725
74399523x,0.9,19.909995709786195,1.0502260278995679
743995248,0.9,19.945827488226936,1.0501357991083724
743995942,0.9,18.896990471220857,1.0529184793484947
743996072,0.9,15.79792825163185,1.063299439272786
743996291,0.9,12.481136585128832,1.0801209083146714
743996443,0.9,18.673405101265544,1.0535520969302072
743996945,0.9,19.7635102931922,1.0505982988429168
743996996,0.9,17.51659918497962,1.057088707085191
743999169,0.9,19.722957421198807,1.050702335285943
743999257,0.9,19.162033079832142,1.0521865292599089
743999273,0.9,5.598103303151456,1.17863193046778
743999505,0.9,18.719334728423796,1.053420701884324
743999628,0.9,19.72567802646078,1.0506953423176917
743999644,0.9,19.750626793627248,1.0506313045377709
746595274,0.9,19.382361428714162,1.0515933006242748
747200262,0.9,10.800389085041171,1.0925892569356623
747200334,0.9,19.38339088665541,1.0515905604879718
747200916,0.9,19.248880171810683,1.051951074092324
747201329,0.9,19.911877646656777,1.0502212808729217
747201935,0.9,8.898939560265385,1.1123729398573619
747201951,0.9,19.994234109614066,1.0500144188828497
747202014,0.9,19.830335012107845,1.050427791531985
747202540,0.9,18.86124290136654,1.0530187753389013
747202882,0.9,5.256809509785947,1.190229453461919
747203156,0.9,19.95941059273795,1.050101679874447
747203236,0.9,17.955273430361803,1.0556939443934634
747203340,0.9,19.607579384762722,1.0510006860294603
747203551,0.9,19.40879715823633,1.0515230280293615
747204124,0.9,17.644250354672483,1.0566756864076792
747204204,0.9,19.171469704913193,1.0521608418859887
747204263,0.9,19.758444319065077,1.0506112720137128
747204546,0.9,19.949591050533467,1.0501263408090393
747204773,0.9,14.685145346603633,1.068096023321368
74720495x,0.9,19.334402144163544,1.0517212786071002
747205143,0.9,18.09378515242852,1.055267595562545
747205223,0.9,12.729497953927297,1.078557693604207
74720583x,0.9,12.055513049291568,1.082949601224874
747205848,0.9,19.67589233441533,1.0508236161798308
747206285,0.9,19.28898494407053,1.051843059803279
747206541,0.9,18.597341431693348,1.0537711265705867
747206920,0.9,13.128030573239885,1.0761728878083507
747207667,0.9,19.241415283420903,1.0519712290011034
747207763,0.9,18.415193109700628,1.0543029874323298
747207982,0.9,19.966670106231724,1.0500834638264442
74720831x,0.9,13.264198560184749,1.0753909100095733
74720954x,0.9,19.85753367942749,1.0503587210850864
747209611,0.9,14.402575419068981,1.0694320266274047
747209777,0.9,19.435808331093458,1.05145142321661
747209910,0.9,12.184109857142989,1.0820741122433122
747210188,0.9,19.879872623766076,1.0503021331637967
747210364,0.9,18.654447455531262,1.0536065194310265
747210620,0.9,19.953019010160908,1.0501177290259063
747211025,0.9,18.57636437415673,1.053831846741292
747211092,0.9,19.368929852009074,1.051629078510823
747211500,0.9,12.01243033261319,1.08324710090389
747211789,0.9,19.974217313686992,1.0500645399164035
747211930,0.9,19.89129472649822,1.0502732483606434
747212415,0.9,19.726156159627163,1.0506941135367602
747212511,0.9,19.96176360179828,1.0500957740983323
747213119,0.9,19.98399164608293,1.0500400529438778
747213194,0.9,18.39366092965157,1.0543665561643547
747213303,0.9,19.186784402714835,1.0521192076280643
74721332x,0.9,19.766070642929783,1.0505917447157205
747213557,0.9,19.967899697415213,1.0500803797672045
74721367x,0.9,18.08852158417921,1.0552836778476484
747213709,0.9,15.814263540573993,1.0632340543354637
74721375x,0.9,19.678875517448592,1.0508159116669717
747213776,0.9,19.795664253480023,1.0505161123766888
747213987,0.9,19.976540850220346,1.0500587167466968
747214285,0.9,19.393530822397807,1.0515635862885313
747214429,0.9,19.707364409659807,1.050742452375308
747214437,0.9,19.9563751459056,1.0501093005462552
747214525,0.9,18.018426240434128,1.0554987426013909
747214699,0.9,19.936248412325895,1.050159888626876
747216045,0.9,19.986908968260373,1.050032749015269
747216096,0.9,15.332160236927594,1.0652223812265864
747216424,0.9,18.017195066785618,1.0555025350113172
747216758,0.9,16.275598319015195,1.0614416736269336
747216862,0.9,13.936687454315269,1.0717530620728934
747217056,0.9,18.7847746975432,1.053234601750682
747217232,0.9,19.979552682019907,1.050051170610037
747217566,0.9,19.944948717937933,1.0501380080812455
747218278,0.9,19.028746167704043,1.0525520699675537
747218526,0.9,19.500596390113706,1.0512804829142033
747219035,0.9,19.424166914591012,1.0514822594141127
747219190,0.9,19.347390670326416,1.0516865564478277
747219369,0.9,19.73958965839864,1.0506596143742293
747220458,0.9,19.869742518681516,1.0503277784832794
74722116x,0.9,18.29559521842711,1.0546579648303986
74722124x,0.9,19.340329243535862,1.0517054279380602
747221346,0.9,19.14682255736129,1.0522279870199944
747221805,0.9,19.902678371783356,1.0502444937972635
747222859,0.9,19.926480219963704,1.050184477587674
747223157,0.9,19.95155276961037,1.0501214121801674
747223659,0.9,15.545318607249007,1.06432804790078
747224950,0.9,18.723104971209644,1.053409944639935
747225259,0.9,19.829521848920532,1.0504298594599968
747225523,0.9,19.923493186973914,1.0501920015037225
747225646,0.9,15.698774600577758,1.063699239300066
747225785,0.9,8.865872700743479,1.1127920548550332
747226868,0.9,14.677052083487437,1.068133573030313
747227262,0.9,19.933505394426305,1.0501667910491856
747227270,0.9,19.95855219304105,1.0501038347034346
747227414,0.9,19.259462592031145,1.0519225287425082
747227529,0.9,18.752993147470576,1.0533248208505255
747227713,0.9,17.60789347596226,1.0567927106876907
747228775,0.9,19.285499266604567,1.0518524299618022
747229209,0.9,19.389962470797897,1.051573075580009
747229807,0.9,19.910249653078157,1.0502253872967082
74722992x,0.9,18.391937286531466,1.054371651252438
74723004x,0.9,19.98095768157521,1.0500476511654953
747230971,0.9,19.919743692486755,1.0502014491470177
747230998,0.9,19.95819492556511,1.0501047316017076
74723100x,0.9,19.482921606905276,1.0513270042438385
747231165,0.9,18.42956881738904,1.0542606292045456
747231624,0.9,16.438475275387617,1.0608328925430963
747232168,0.9,19.38489631436898,1.051586553973918
747232424,0.9,19.5730281224127,1.051090714923917
747232520,0.9,18.261280546907997,1.0547606723105363
747232539,0.9,18.07571817953805,1.05532283641886
747232846,0.9,19.712234897156858,1.0507299149597813
74723311x,0.9,19.853876955776855,1.0503679962471526
747233291,0.9,19.962641601770084,1.0500935707782948
74723362x,0.9,19.92845808955576,1.0501794968535014
747234710,0.9,19.756638403810285,1.0506158982900218
747234761,0.9,19.739202286222433,1.0506606085443473
747235123,0.9,18.048743794249802,1.0554055180460034
747235131,0.9,19.95775178573162,1.050105844121928
747235262,0.9,19.47273273211412,1.051353860485684
747235780,0.9,18.067060213084137,1.055349347830025
747235860,0.9,19.398041263114138,1.0515515967017517
747236644,0.9,9.66777609170118,1.1034364046617091
747237268,0.9,18.761920651550252,1.0532994472459498
747237882,0.9,19.98505391991378,1.050037393144262
747238375,0.9,19.227168151130485,1.0520097391430576
747238797,0.9,9.139564328830524,1.109414405766096
747239124,0.9,18.16572656178991,1.0550487202699295
747240088,0.9,19.743624166573703,1.0506492623422714
747240520,0.9,13.7349277582182,1.0728070811585928
747240627,0.9,19.78055759969385,1.0505546921496023
747241064,0.9,19.950170958117134,1.050124883746579
747241662,0.9,19.761370703363237,1.0506037771878753
747241988,0.9,19.226019120092825,1.0520128474726687
747242067,0.9,18.79264409679105,1.0532123098191783
747243537,0.9,9.488115232111664,1.105395010024287
747243596,0.9,19.993748333864527,1.0500156340522824
747243684,0.9,19.685398295184342,1.050799073760404
747243959,0.9,17.592827282440727,1.0568413469845233
747244695,0.9,18.441609747968126,1.0542252012523028
747245022,0.9,19.393406080789255,1.0515639179540814
747245567,0.9,17.869723215336595,1.055960575771076
747245751,0.9,17.721344890459015,1.0564291257904692
74724576x,0.9,19.926371990435754,1.05018475016325
747246009,0.9,19.914018321612996,1.0502158822920578
747246084,0.9,19.520625763503585,1.0512278659565122
747246092,0.9,17.533976909319257,1.0570321271193475
747247298,0.9,18.95395725315548,1.052759431006605
747247511,0.9,19.97173777259542,1.0500707555539892
74724752x,0.9,19.381847453906488,1.051594668793993
747247714,0.9,5.284457162998083,1.1892341955200296
747248303,0.9,17.767915181509775,1.0562812231927274
747248442,0.9,18.21524249228766,1.0548990769913384
747249322,0.9,19.640087772305385,1.050916269397233
747249488,0.9,19.71845814129582,1.0507139043445657
748965080,0.9,14.340166290476509,1.0697341983170805
74989136x,0.9,19.842564441502944,1.050396711722825
750259118,0.9,19.900084938866485,1.0502510417956519
750401356,0.9,19.605286627124137,1.0510066503499362
750401890,0.9,19.955979447682356,1.0501102941412448
750401970,0.9,15.290685908859993,1.0653992898657714
750402287,0.9,15.451097835167639,1.0647203202431312
750402543,0.9,19.65020749263355,1.0508900478722618
750402754,0.9,19.806088543715443,1.0504895248646813
750402770,0.9,19.719589925043426,1.0507109936769032
750402930,0.9,15.534048860894147,1.0643747170460773
750403466,0.9,19.801327602334297,1.050501664336997
750403706,0.9,19.5370450551397,1.0511848131167065
750404362,0.9,19.799568410051794,1.0505061514114784
750405453,0.9,18.656506258624105,1.0536006037860246
750405613,0.9,11.502612151970338,1.086936774602863
75040598x,0.9,19.93913971763891,1.050152615115855
750405998,0.9,19.83697430215415,1.0504109137194078
750407096,0.9,19.315524712077906,1.0517718268028569
750407782,0.9,19.897708847698496,1.0502570425396323
750408101,0.9,18.675680574109467,1.0535455720626494
750408806,0.9,18.991495837611442,1.0526551467325478
750408929,0.9,19.96899930553693,1.0500776220530352
750409374,0.9,18.968123379297204,1.0527200282285938
750411028,0.9,19.845734730302034,1.0503886610190916
750411060,0.9,19.944026449814,1.0501403266043767
750411087,0.9,19.4730605595732,1.0513529959474393
750411108,0.9,19.880779770886136,1.050299837910001
750411837,0.9,18.80974375604816,1.0531639352970164
75041195x,0.9,19.425746075719523,1.0514780743093266
750412944,0.9,17.202076462932368,1.0581325168595102
750413031,0.9,17.41542689625041,1.057420355295184
750413218,0.9,19.982725771521395,1.0500432229033119
750413242,0.9,19.885017923083094,1.0502891173580071
750413883,0.9,19.90167853392032,1.050247018023912
750414050,0.9,19.725069113632777,1.0506969072827663
750414288,0.9,17.878230630375903,1.055933946746439
750414608,0.9,15.634025300862382,1.063963053708557
750415328,0.9,19.9878641806129,1.0500303579694095
750415694,0.9,19.62088712160129,1.0509660951516848
750415942,0.9,16.6404716019623,1.0600944506814385
750415977,0.9,12.433106424337074,1.0804304222830876
750415985,0.9,19.719378817511203,1.050711536567875
750416427,0.9,19.443525136113035,1.0514310030202636
750416451,0.9,12.870974545532782,1.0776941945197986
750416662,0.9,19.67781675637017,1.0508186458071511
750416806,0.9,19.912056528912352,1.0502208297042548
750417032,0.9,19.94371915250436,1.0501410991778044
750417534,0.9,19.572944479430262,1.0510909332548777
750417681,0.9,19.82345029552869,1.0504453051861289
75041793x,0.9,19.95328797202614,1.0501170534601598
750418086,0.9,19.875290516634383,1.0503137299634973
750418211,0.9,19.11731291176998,1.052308606581646
750418297,0.9,19.95082111898369,1.0501232502680542
750418887,0.9,19.87226361815789,1.050321393637626
750419038,0.9,17.380304209528305,1.0575363922256191
750419118,0.9,17.199789506623915,1.0581402464032996
750419193,0.9,18.532103921759138,1.0539604140049026
750419433,0.9,19.81212466971448,1.0504741423078483
750419468,0.9,17.17827851007062,1.0582130508254222
750419476,0.9,12.65481059485531,1.0790213328365847
750419484,0.9,16.400209778447966,1.0609748298045634
750419564,0.9,19.514829358061984,1.0512430819481842
75041961x,0.9,18.3301697404936,1.054554868512258
750419740,0.9,19.994874536130247,1.0500128169443137
750419978,0.9,19.990108581470356,1.0500247407823957
750420119,0.9,19.96102378893911,1.050097630791569
750420135,0.9,19.977180552800316,1.0500571137832473
750420354,0.9,18.27719524473729,1.054712989964253
750420717,0.9,19.554817213576666,1.0511382944201448
750420848,0.9,18.358598078038018,1.054470390154479
750420856,0.9,19.950620651634107,1.0501237539152994
750421031,0.9,19.981750563776334,1.0500456652588206
750421074,0.9,19.390895273858327,1.0515705946464546
750421904,0.9,19.953633020824213,1.0501161868095084
750422026,0.9,17.45718484238765,1.057283004621221
750422114,0.9,19.53428838732275,1.0511920362888147
750422464,0.9,19.848236971025667,1.050382308587901
75042331x,0.9,11.759095118580513,1.085040557110547
750423870,0.9,19.978526103932698,1.0500537424431502
75042403x,0.9,18.12152132384481,1.0551830048994932
750424443,0.9,19.9201224755374,1.050200494561619
750424638,0.9,17.947754295349487,1.055717277133614
750424961,0.9,19.916999686163752,1.0502083655047048
750425403,0.9,19.561623129902713,1.0511205022895753
750425868,0.9,19.822572717341725,1.0504475384834964
750425913,0.9,19.71413763736883,1.05072501868428
750426123,0.9,18.988269971187254,1.0526640921746635
75042649x,0.9,19.59760777771206,1.0510266360742906
750427003,0.9,19.00083528117179,1.0526292652508238
750427230,0.9,19.90744181316992,1.0502324713232838
750427396,0.9,19.98056469032877,1.0500486355365137
750427409,0.9,19.074566627267078,1.0524258306645091
750427417,0.9,19.728304208631624,1.050688593881398
750427572,0.9,18.558101078908958,1.0538848234389933
750428137,0.9,19.33564318192057,1.0517179589316703
750428145,0.9,18.245402462435237,1.0548083278545848
750428313,0.9,16.274517079853197,1.0614457556616494
750428727,0.9,19.542958187110518,1.0511693260777453
75042905x,0.9,19.866051963072984,1.0503371279738318
750429906,0.9,19.978463591037546,1.0500538990620183
750429957,0.9,19.751000153010523,1.0506303474382575
75043043x,0.9,18.499785166355576,1.0540546817710423
750430755,0.9,17.438138499958654,1.0573455704576709
750431045,0.9,12.572031696735332,1.0795416384656171
750431360,0.9,19.988352458686965,1.0500291358213167
750431678,0.9,19.723611006454494,1.0507006551524847
750431723,0.9,19.981851432264325,1.050045412628047
750432398,0.9,19.722494779082595,1.0507035246403302
750432822,0.9,19.796346379777848,1.0505143717338423
750433163,0.9,19.640071397959876,1.0509163118472102
750433446,0.9,15.355842947148044,1.06512179132346
750433585,0.9,19.615848320949503,1.0509791870144107
750433745,0.9,19.986411706632317,1.0500339938293255
750434422,0.9,4.825664044483831,1.2072253664535744
750434545,0.9,19.415568387314107,1.0515050592417057
750434588,0.9,19.432896400476608,1.05145913297698
750436081,0.9,19.495318350927324,1.0512943662678087
750436268,0.9,13.28682159616202,1.0752625443762154
750436399,0.9,19.862102000129706,1.0503471384848124
750436401,0.9,19.820779925342446,1.0504521014696007
750436786,0.9,12.086806014220276,1.082734843168947
750437308,0.9,14.724239167464201,1.0679152239125316
75043748x,0.9,19.63486935777856,1.050929801557546
750437615,0.9,19.0107531054451,1.0526018088001774
750437674,0.9,19.995725705800243,1.0500106880196864
75043801x,0.9,19.98002426731516,1.0500499892603172
750438079,0.9,19.966491692323668,1.050083911355567
750438247,0.9,19.785990059218094,1.0505408118070954
750438386,0.9,18.46857010606634,1.0541460434812726
750438431,0.9,19.35272075809796,1.0516723210394878
750438642,0.9,17.4996656597952,1.0571439488868328
750440240,0.9,17.573712663139197,1.0569031723215492
75044062x,0.9,19.964486790984378,1.050088940951469
750441817,0.9,19.31166918161817,1.0517821629293365
750442035,0.9,18.152205915742073,1.0550897232348369
750442377,0.9,15.9614397275108,1.0626509899527685
750442721,0.9,19.836263479094644,1.0504127201705047
750444372,0.9,19.889984170060398,1.0502765608785782
750444604,0.9,19.882954948419,1.0502943351526084
750444874,0.9,18.263705051953316,1.0547534028366852
750444954,0.9,18.504892622447517,1.0540397623700308
750445092,0.9,19.877766788948378,1.0503074621318114
750445105,0.9,16.500143360021926,1.060605534035716
750445113,0.9,9.741240234881369,1.102656332857823
750445340,0.9,19.310307937887682,1.0517858132152287
750445455,0.9,19.077168557819803,1.0524186803177402
750446300,0.9,19.218406609627102,1.0520334500311315
75044724x,0.9,19.961626384362305,1.0500961184597357
75044732x,0.9,18.74306493590432,1.0533530670367788
750449093,0.9,19.736689106831708,1.0506670594336847
750449384,0.9,19.81642705387277,1.0504631837657419
750449907,0.9,19.62031537363457,1.0509675803348086
753750658,0.9,7.177995312990927,1.1393146632723727
753750885,0.9,18.455116644919872,1.054185515011376
753750906,0.9,19.45448985301607,1.051402016066999
75375128x,0.9,19.91178152612138,1.0502215233071006
753751378,0.9,19.92896714607401,1.0501782150911418
753751511,0.9,17.1887820540765,1.0581774785935365
753751853,0.9,19.968120606871288,1.0500798257226014
753752303,0.9,19.897138590692226,1.0502584829191366
753752370,0.9,18.9544685574804,1.0527580077999785
753752717,0.9,19.831390404030792,1.0504251078530906
753752987,0.9,5.79209785729273,1.1726490167532162
753754165,0.9,19.930995384666492,1.050173108803654
753754253,0.9,19.89293709603293,1.0502690977794034
753754851,0.9,19.239313929783858,1.0519769053953596
753755475,0.9,19.986745521621554,1.050033158170659
753755627,0.9,4.939073545476269,1.20246712076517
75375574x,0.9,19.0589566443156,1.052468769338339
753756347,0.9,19.980618311931405,1.0500485012219491
753756988,0.9,19.691602697944287,1.050783068058975
75375742x,0.9,19.740817991114717,1.050656462181562
753757630,0.9,19.740215619056176,1.0506580079619117
753757737,0.9,11.472612748076035,1.0871641030651629
753758035,0.9,19.463896791701746,1.0513771733739536
753758318,0.9,18.10779522519145,1.0552248348053332
753758473,0.9,17.82438650584128,1.0561029126961698
753758537,0.9,15.61006415901612,1.0640612357395351
753758748,0.9,19.125060541035975,1.0522874161812108
753758887,0.9,19.998180409078707,1.0500045493912047
753759038,0.9,16.448227731582904,1.0607968236042755
753759062,0.9,19.52426177043918,1.051218325781416
753759767,0.9,19.86332129415183,1.0503440479661585
753759775,0.9,19.968346401954804,1.0500792594374317
753760274,0.9,19.12236012373558,1.0522948000941972
753760581,0.9,19.11967903133229,1.0523021332293945
75376083x,0.9,19.94140330421726,1.0501469221972215
753761197,0.9,17.784415020845515,1.0562290071856666
753761250,0.9,19.336826362542975,1.0517147944161656
753761402,0.9,19.835448963496624,1.0504147902999479
753761808,0.9,19.95221448496088,1.0501197499031376
753761955,0.9,19.40437449650003,1.051534771202255
753762034,0.9,19.967215020639056,1.0500820970258673
753762499,0.9,19.977255084545828,1.0500569270286582
753763256,0.9,18.199825114727478,1.0549455829216068
753763301,0.9,16.338628565839215,1.0612046473772467
75376331x,0.9,19.811780066215416,1.050475020248447
753764187,0.9,7.37708504686325,1.1355548965001023
753764435,0.9,19.48044638999682,1.0513335259357044
753764777,0.9,19.882103670958053,1.050296488568295
753765390,0.9,18.52393037712168,1.053984223630805
75376577x,0.9,15.918765362072941,1.0628189421261611
753765884,0.9,19.893579196463982,1.0502674752554204
753766051,0.9,19.951593814373165,1.050121309069534
753766246,0.9,16.510619867459006,1.0605670779187952
753766254,0.9,11.435715161113992,1.0874453399644302
753766852,0.9,4.329063588850179,1.230996837878652
753766932,0.9,16.135663456817905,1.0619745201476338
753767038,0.9,19.654139076790308,1.0508798679043085
753767206,0.9,19.75698544755563,1.050615009190267
75376745x,0.9,19.702150086676305,1.0507558817489802
753767767,0.9,19.34097748200594,1.0517036949621785
753767855,0.9,19.238113805379573,1.0519801478521438
753767978,0.9,19.91993091684908,1.0502009773113299
75376833x,0.9,17.95054379397729,1.0557086187180311
753768364,0.9,17.64668040851702,1.0566678818253747
753768460,0.9,19.19887642681747,1.0520863813990269
753768495,0.9,19.94895600842699,1.05012793649841
753768516,0.9,19.42354648584746,1.0514839038652715
753768727,0.9,11.303902127074968,1.088465026391622
753768794,0.9,19.02030453942387,1.0525753937287006
753768882,0.9,16.292312434998504,1.0613786412450474
753769017,0.9,18.91919905122057,1.0528563602133825
753770587,0.9,19.94072250025863,1.0501486342827864
753771395,0.9,19.81069102545411,1.0504777949802524
753771731,0.9,19.275639552640992,1.051878953083193
753771977,0.9,19.834115941585623,1.0504181786042366
753772443,0.9,18.478205249198048,1.0541178099557802
753773454,0.9,19.96783364941639,1.0500805454190685
753773534,0.9,19.34423228613677,1.0516949954491943
753773681,0.9,19.625959309271966,1.0509529233318835
753774430,0.9,19.542964766817615,1.0511693088501044
753774764,0.9,19.868193543405102,1.0503317021658434
753775134,0.9,19.96777453805036,1.050080693674421
753775409,0.9,19.224009019728054,1.0520182860387643
753775425,0.9,19.508249160146416,1.051260366411708
753776057,0.9,16.89174206047762,1.0592005251098255
753776065,0.9,19.20066847736334,1.0520815200355629
753776217,0.9,18.238705900066396,1.0548284513977695
753776380,0.9,18.6696283137883,1.053562930294732
753776508,0.9,19.943496386668905,1.0501416592462915
753776655,0.9,19.488435093946645,1.051312483284541
753777033,0.9,19.849915148460532,1.0503780491010086
753777228,0.9,19.94264374548215,1.0501438030364727
75377764x,0.9,19.907953014598128,1.050231181441242
753777746,0.9,18.02316845739992,1.0554841398926957
753777762,0.9,19.977989438430885,1.0500550870287446
753777914,0.9,19.010263659045872,1.0526031631089008
753778255,0.9,19.950134767423798,1.0501249746760049
753778431,0.9,19.958948567937597,1.050102839665934
753778589,0.9,19.82442327567972,1.050442829337022
753779768,0.9,19.942414837798115,1.050144378608785
753779987,0.9,19.91575351734578,1.0502115071432794
753780072,0.9,19.246814840288874,1.0519566488428373
753780224,0.9,19.849759003766525,1.0503784453912135
753780312,0.9,19.67455299585769,1.050827075980356
753780371,0.9,18.257033548325218,1.0547734108804183
753780435,0.9,17.747174283176136,1.05634699834711
753780566,0.9,19.53756548413704,1.051183449688853
753780777,0.9,19.612592112735886,1.0509876509056968
75378118x,0.9,19.939408929172362,1.0501519379813185
753781657,0.9,19.583464397709964,1.051063488037231
753781681,0.9,16.6971128626135,1.0598905935551948
753782174,0.9,19.719127852854026,1.0507121819718446
753782385,0.9,19.451508520884286,1.051409894452471
753782596,0.9,14.594095587888532,1.0685208613290083
753782625,0.9,19.980955925788297,1.0500476555633336
753782799,0.9,12.596682235060184,1.0793859828595749
753782860,0.9,19.097496592640613,1.0523628840643626
753783054,0.9,19.890215864293193,1.0502759752243411
753783433,0.9,19.921207827213923,1.0501977595271066
753783679,0.9,19.533143243520897,1.051195037456744
75378388x,0.9,17.1660663355257,1.058254464386548
753784241,0.9,19.67044091656866,1.0508377013124137
753784452,0.9,19.923850263108267,1.0501911019604298
753785121,0.9,19.970911103116904,1.0500728281667593
753785746,0.9,19.687548647396994,1.0507935252839218
753785770,0.9,19.897020791490565,1.0502587804716812
753786546,0.9,17.50243722943693,1.057134899950855
753786570,0.9,19.26521954934394,1.0519070129171746
753786618,0.9,18.2797673681106,1.0547052913673574
75378759x,0.9,18.470642943437944,1.0541399670310485
753787805,0.9,19.99354814717698,1.0500161348370372
753788218,0.9,15.135395231386743,1.0660702931580055
753788699,0.9,19.99747670844188,1.0500063090248708
753788824,0.9,5.189253208473771,1.1927059559103907
753788891,0.9,19.256099964339356,1.051931595798314
753789341,0.9,19.622097643071577,1.0509629509642713
753789448,0.9,19.659315644780573,1.0508664705358395
753789464,0.9,19.972396449835152,1.0500691042515458
753789667,0.9,19.916909723638373,1.0502085922904572
753789675,0.9,19.53805423770163,1.051182169310921
753789878,0.9,19.898160480896145,1.0502559018437951
753789923,0.9,5.442587289942641,1.183736143625643
753790115,0.9,19.993781744152713,1.0500155504744597
753790860,0.9,19.543204503102903,1.0511686811567278
753791011,0.9,19.96668621741957,1.0500834234139247
753791652,0.9,18.17651372019086,1.0550160506791342
753792786,0.9,19.898360374889506,1.050255396985469
753793017,0.9,19.752915352575286,1.0506254384302631
753793113,0.9,18.41136939410379,1.0543142652018187
753793201,0.9,19.837623434184835,1.0504092641599783
753793340,0.9,19.805966373992458,1.0504898363006976
753794191,0.9,19.7548844709972,1.0506203922107533
753794319,0.9,19.928560806354515,1.050179238215794
753794562,0.9,19.61001693419178,1.0509943465809257
753794888,0.9,16.72917244377717,1.0597758199552767
753794976,0.9,19.837180351879102,1.0504103900988768
753795370,0.9,19.61264355079899,1.0509875171804293
753796314,0.9,19.89800459421209,1.050256295562967
753796488,0.9,18.80999545979555,1.0531632238900535
753796605,0.9,18.187668010431402,1.0549823099600486
753796613,0.9,19.507989408866706,1.051261048949795
75379735x,0.9,18.77652050199424,1.0532580037868993
753797798,0.9,18.892376596277387,1.052931403039946
753798918,0.9,19.98419624644642,1.0500395406284013
753799160,0.9,19.34167470449743,1.0517018311639517
753799400,0.9,19.270190838951585,1.051893622038172
753799523,0.9,19.972355576568955,1.0500692067175679
753799814,0.9,12.52264798141865,1.0798553150646588
753799902,0.9,10.17099781093476,1.098318770546279
754281750,0.9,10.464199346780209,1.0955639286734056
756900340,0.9,19.62884549356932,1.0509454313208393
756900690,0.9,19.227168151242697,1.052009739142754
756901757,0.9,19.649339056640112,1.05089229704457
756901781,0.9,13.83319751406456,1.072289866387238
756901810,0.9,15.643807565820062,1.0639230568256852
756901888,0.9,19.644311264138615,1.050905322490259
756902856,0.9,17.261586591954728,1.0579321022823058
756903015,0.9,17.873368962941136,1.0559491611275642
756903023,0.9,6.11937763233844,1.1634153111773007
756903170,0.9,19.916483475705277,1.0502096668430363
756903277,0.9,19.478405741090203,1.0513389038760228
756903496,0.9,19.67887686220071,1.0508159081944766
75690371x,0.9,19.67929082039887,1.0508148392707035
756903760,0.9,18.716584656929562,1.05342855111281
756903832,0.9,19.820107001671918,1.0504538143974522
756903883,0.9,17.136301267101786,1.0583556500561644
756904982,0.9,19.727593967726527,1.0506904187928825
756905264,0.9,19.72995903412024,1.0506843424393653
756905352,0.9,19.922219831819973,1.0501952095921956
756905440,0.9,19.966437859462612,1.0500840463901815
756906072,0.9,19.498084315564572,1.0512870897374127
756906099,0.9,13.850133193014766,1.0722014717161237
756907008,0.9,19.897430161368703,1.0502577464471528
756907120,0.9,19.17738255170791,1.0521447594479436
756907278,0.9,18.65067463377955,1.0536173634271024
75690734x,0.9,18.279252315156004,1.0547068327937497
75690750x,0.9,19.654442050724693,1.0508790835893065
756907542,0.9,18.694454318934802,1.0534917993828332
756907753,0.9,19.922611159652877,1.0501942236379733
756908086,0.9,19.928388850760616,1.0501796711961404
756908254,0.9,14.436700249654162,1.0692679062879313
756908334,0.9,19.927001537970536,1.0501831646921147
756908692,0.9,19.802127518317004,1.050499624299207
756909054,0.9,13.820979445215686,1.072353772318659
756909177,0.9,19.935096017417028,1.0501627882367015
756909206,0.9,19.87204659704994,1.050321943193735
756909492,0.9,19.950128669813868,1.050124989996334
756910338,0.9,5.911744813305043,1.1691547980469976
75691040x,0.9,19.37514971023478,1.0516125044170244
756910426,0.9,19.97069701016028,1.050073364965241
756910450,0.9,19.959118745874385,1.0501024124728304
756911912,0.9,19.92359960487764,1.0501917334132322
756912026,0.9,15.709325931932433,1.063656455046699
756912034,0.9,19.43458682175506,1.0514546570591663
756912499,0.9,19.384324904058378,1.0515880746401767
756912747,0.9,15.693466482144476,1.0637207847697492
756912800,0.9,17.967379535708528,1.0556564187900963
756912886,0.9,13.346866861232597,1.0749239510963136
756912915,0.9,19.76933625648333,1.050583387678079
756913221,0.9,19.90531890281149,1.050237828636785
756913272,0.9,19.515266789593742,1.0512419333428349
756913440,0.9,18.423842580296043,1.0542774937226982
756913459,0.9,19.978283647240502,1.0500543498959745
756913619,0.9,19.221701371398158,1.0520245310588374
756914304,0.9,19.091192760518375,1.0523801740700065
756914494,0.9,19.97276308531238,1.050068185144367
756914515,0.9,19.955924818923286,1.0501104313167058
756915024,0.9,19.8079080162563,1.0504848871056602
756915075,0.9,19.959998844875923,1.050100203300198
756915278,0.9,19.926515009254885,1.0501843899716308
756915606,0.9,7.262517539843163,1.137693299123047
756916174,0.9,19.992903696601477,1.0500177470554208
756916318,0.9,19.705577574286696,1.050747053529904
756917089,0.9,19.738073664814156,1.0506635053137245
756917708,0.9,19.92210128967401,1.0501955082679113
756917804,0.9,19.51923189051848,1.0512315241505867
756917863,0.9,19.38863232532227,1.0515766137198839
756918225,0.9,13.099963354112218,1.0763360914048732
756918751,0.9,19.994687089486995,1.0500132858055973
756918831,0.9,18.974972183875856,1.0527009995224004
75691884x,0.9,8.022065748787236,1.1246561710306573
756918938,0.9,19.714318148927696,1.050724554227324
756918946,0.9,19.969859644843876,1.0500754646144044
756919172,0.9,18.948437611120013,1.052774799723495
75691921x,0.9,19.92212216290569,1.0501954556760005
756919412,0.9,17.533593654675876,1.0570333737449948
756920077,0.9,19.65660864053993,1.0508734755972906
756920376,0.9,19.202939660179503,1.0520753602154813
75692051x,0.9,19.618188588710474,1.050973105670697
756920528,0.9,19.97939576118308,1.050051563718601
756920915,0.9,19.064166668717036,1.0524544302081102
756921707,0.9,19.647717617825737,1.0508964969596637
756922064,0.9,19.413187634227103,1.0515113756092747
756922128,0.9,19.643842748972784,1.0509065366068608
756922427,0.9,19.836728249644548,1.0504115390106188
756922435,0.9,19.665444780733875,1.0508506169654344
756922945,0.9,18.953897471297637,1.0527595974133723
75692350x,0.9,19.62718961938081,1.0509497294005126
756923737,0.9,7.714154208621152,1.1296318394675626
756923884,0.9,19.903811285466148,1.0502416339090899
756924430,0.9,19.817884689425558,1.0504594721218445
756924449,0.9,18.26088046688595,1.0547618720692788
756924641,0.9,18.721853110201124,1.0534135159652076
756924828,0.9,19.66773167769587,1.0508447042286044
756925214,0.9,19.988570931571576,1.0500285890083576
756925724,0.9,19.921727065726788,1.050196451176183
756925791,0.9,19.3453037164213,1.0516921323468884
756925804,0.9,19.692491597452406,1.050780775761731
756926751,0.9,17.317844195177276,1.0577439078865534
756927404,0.9,19.65612843483396,1.0508747184530924
756928554,0.9,19.588242854519745,1.0510510313470645
756928685,0.9,19.82741026071746,1.050435230161209
756928714,0.9,19.440473069164053,1.0514390774567195
756928781,0.9,18.134949033433266,1.0551421455972343
756929012,0.9,19.861657495606163,1.0503482652553657
756929207,0.9,19.855733485251584,1.0503632867928439
75692924x,0.9,19.693962544333797,1.0507769829331637
756929549,0.9,16.12484700207335,1.0620160922997546
756930726,0.9,17.245184562311383,1.0579872019569716
756930793,0.9,19.619056611193937,1.0509708504245527
756931171,0.9,19.874814696235244,1.0503149345180776
756931294,0.9,19.90665398794056,1.0502344593222848
756931809,0.9,19.850439347779,1.0503767187456174
756932051,0.9,19.989773976415925,1.0500255781370917
756932078,0.9,19.059454155299875,1.0524673997404028
756932326,0.9,19.309949543618366,1.0517867743642284
756932756,0.9,19.853792462378657,1.050368210602328
756932764,0.9,18.73056459089955,1.0533886736380527
756932836,0.9,19.78558507535246,1.050541846308388
756932975,0.9,19.713453214836328,1.0507267797834323
756933417,0.9,18.44931755972078,1.0542025468835354
75693361x,0.9,10.155919022804689,1.0984647472823033
756933732,0.9,15.484885555266496,1.0645791017589985
756934516,0.9,19.811901852586562,1.0504747099718468
756934647,0.9,19.03827139928263,1.0525257771058816
756934655,0.9,19.91880963007143,1.0502038032679573
756934663,0.9,19.972972691019187,1.0500676597054404
756934743,0.9,19.97416645119619,1.0500646674014331
756935068,0.9,17.946834606485115,1.0557201323758034
756935607,0.9,19.50514371882005,1.0512685276466394
756935674,0.9,19.989304374379383,1.0500267533712537
756935957,0.9,19.962855544306887,1.050093033923956
756936087,0.9,19.688167344406132,1.0507919291068055
756936693,0.9,17.96955144976498,1.0556496918020222
756937266,0.9,18.234819253000616,1.0548401377674992
756937477,0.9,19.976756971416602,1.0500581751798268
756937653,0.9,19.682968798886566,1.050805343960946
756937776,0.9,19.525459873150368,1.0512151829711887
756938381,0.9,19.94928802911629,1.0501271022073813
756939069,0.9,19.966883993997435,1.0500829273260979
75693919x,0.9,17.90721449212099,1.0558434144204836
756939421,0.9,19.56651453049271,1.051107722759799
756939501,0.9,19.933228319078676,1.0501674883763243
756939819,0.9,19.89174895612322,1.050272100367131
756939886,0.9,17.222130917003142,1.0580648239651178
756940078,0.9,19.632132860613293,1.0509369005955658
756940203,0.9,19.28616304172057,1.051850645348002
756940465,0.9,19.680240114178613,1.0508123881720097
75694049x,0.9,19.985289326045233,1.0500368037552892
756940836,0.9,19.97123640454164,1.0500720125556469
756942364,0.9,19.980398282355683,1.0500490523696457
756943551,0.9,13.38118605910952,1.0747317910073622
756943690,0.9,19.164141499285495,1.0521807877507732
756944183,0.9,19.050519143245108,1.052492007828279
756944394,0.9,19.639604746930722,1.050917521655128
756944730,0.9,19.367162597284647,1.0516337896672692
756945493,0.9,19.84155065006596,1.0503992867108234
75694700x,0.9,19.964873448215233,1.0500879708851545
756947122,0.9,19.581098851935387,1.051069656895234
756947659,0.9,19.49319600533961,1.0512999510047547
756948002,0.9,13.49421415402822,1.0741058344402727
76025082x,0.9,19.98259509604597,1.050043550159202
760251224,0.9,14.839868146243306,1.0673860434705513
760251603,0.9,19.690174512939873,1.0507867515009999
760252235,0.9,19.64488532951486,1.0509038349283506
760252315,0.9,19.966459609730265,1.050083991831615
76025234x,0.9,5.572492538507658,1.1794529096431603
760253043,0.9,19.946323091500144,1.0501345533917545
760253190,0.9,19.90263940745861,1.0502445921632506
760253924,0.9,19.339652565813807,1.0517072370662788
760253959,0.9,19.812693109786622,1.0504726941692768
760254142,0.9,19.23493056901695,1.051988750175723
760254265,0.9,19.990721538132867,1.0500232069208943
760254273,0.9,19.515578373997194,1.0512411152175953
76025429x,0.9,19.636929292160875,1.0509244589681954
760254337,0.9,19.459281167918956,1.0513893597286945
760254388,0.9,18.017723607194277,1.055500906873758
760254409,0.9,19.903039501377883,1.0502435821388372
760254476,0.9,19.99327012529785,1.0500168303500628
760254564,0.9,15.52356554876873,1.0644181903222174
760254636,0.9,19.043423580929122,1.0525115663026812
760254740,0.9,19.72151630894749,1.0507060402625485
760254898,0.9,19.746605613112944,1.0506416150498261
760255399,0.9,19.708920816681427,1.0507384452604636
760255583,0.9,19.848896940185558,1.050380633393054
760255591,0.9,19.770485494554258,1.0505804473175657
760255612,0.9,19.834050676318906,1.0504183445086164
760256201,0.9,19.958992351850465,1.0501027297556575
760256236,0.9,18.92793542237739,1.052831963850519
760256615,0.9,19.979488418046866,1.0500513315994984
760256842,0.9,19.680644046415555,1.0508113452812602
760256930,0.9,19.988706505607574,1.0500282496878657
760257343,0.9,16.815536114384976,1.0594688146246223
760257669,0.9,16.528485878432175,1.0605016096062911
760257968,0.9,18.377296706059102,1.0544149673368606
760261182,0.9,19.85335530928333,1.0503693196651955
760261334,0.9,18.95982825898548,1.052743093784411
760261828,0.9,19.464495272337444,1.0513755936646958
760261908,0.9,19.764415636759047,1.0505959810994938
760262193,0.9,19.575566130175833,1.0510840909197765
760262564,0.9,19.8991489831254,1.0502534053515558
76026333x,0.9,19.49381389378781,1.051298324968552
760263444,0.9,19.41389748769435,1.051509492137468
760263524,0.9,19.66476038935401,1.0508523867161572
760263532,0.9,18.366773896769192,1.0544461431071412
760263575,0.9,12.840156912436779,1.0778806681896087
760264033,0.9,19.323201444838528,1.0517512588612543
760264447,0.9,19.080270519695397,1.0524101583867882
760264519,0.9,19.62090790488706,1.0509660411662667
760264527,0.9,16.557504265090856,1.0603955755643897
760265263,0.9,17.426375815565624,1.0573842783252028
760265546,0.9,17.464241885574985,1.057259857401882
760265589,0.9,19.116289265932014,1.0523114076214648
760265714,0.9,17.879210781516502,1.055930880407417
760265968,0.9,18.49985620435959,1.054054474205283
760266346,0.9,19.53977962228071,1.0511776498676437
76026640x,0.9,14.780069249388639,1.0676586816426021
760266733,0.9,19.619688767850803,1.050969208117033
760267699,0.9,18.511172111725216,1.0540214306238656
760267744,0.9,19.54600208752057,1.0511613574746554
760267840,0.9,19.96294643532469,1.0500928058510686
760267859,0.9,19.86766531524887,1.0503330403513733
760268464,0.9,19.99256254075509,1.0500186005651595
760269205,0.9,19.163977692226144,1.052181233774116
760270476,0.9,17.564880539737537,1.0569317848611421
760271444,0.9,19.24042494983926,1.051973904038349
760271698,0.9,19.891991703728195,1.0502714868824612
760271858,0.9,19.730522446541087,1.0506828951290799
760272041,0.9,19.970000936163366,1.0500751103215582
760272324,0.9,19.820009033681437,1.050454063784766
760273204,0.9,19.982540850355193,1.0500436860101414
760273335,0.9,18.252542989015055,1.0547868864410745
760273562,0.9,19.995218616135972,1.0500119563180474
760273837,0.9,19.971057611753974,1.0500724608300889
760274098,0.9,19.589825052126592,1.0510469081443605
760274637,0.9,18.26590555238418,1.054746806673895
760274979,0.9,19.97702292696925,1.0500575087517163
76027547x,0.9,18.45081535435948,1.0541981468457828
760275752,0.9,19.94568143982675,1.0501361662180786
760275912,0.9,18.638776702558136,1.0536515896916536
76027598x,0.9,19.862363751084203,1.0503464749982445
760275998,0.9,19.618388416536202,1.0509725864718382
760276413,0.9,19.998701416722714,1.0500032466689968
760276640,0.9,19.958436508099606,1.05010412511993
760276990,0.9,19.861837848314607,1.050347808074813
760277336,0.9,19.871823296121576,1.050322508664576
760277619,0.9,19.92036311942655,1.0501998881247696
760278320,0.9,19.695956407425708,1.0507718426723864
760278865,0.9,18.535087337692225,1.053951728512573
760280455,0.9,19.84739428007166,1.050384447746074
760281167,0.9,18.483236111811294,1.0541030798909166
760282469,0.9,19.33394899156372,1.0517224908598004
760282856,0.9,18.905678636792832,1.0528941604906938
760282899,0.9,18.535916052423104,1.053949316406689
760282960,0.9,19.732347244458712,1.0506782081022228
760282987,0.9,18.774285501823197,1.053264343929514
760283410,0.9,19.849124181200196,1.0503800566146457
760283533,0.9,19.031828240463447,1.0525435595238248
760285491,0.9,19.45960573762289,1.0513885025978
760285977,0.9,16.36486123345161,1.0611065370939956
760286662,0.9,17.702704993473766,1.0564885423085713
760287737,0.9,19.98677017721704,1.0500330964499658
760287745,0.9,8.848097306552493,1.1130186485697264
760287809,0.9,19.97432289197921,1.0500642752902305
760288211,0.9,19.975892774649235,1.050060340795835
760288393,0.9,19.950969471168253,1.050122877559666
76028902x,0.9,19.698163110827004,1.0507661549137217
76028953x,0.9,19.102997397562262,1.052347805906502
760290127,0.9,18.674958518569778,1.0535476423685564
760290143,0.9,19.591534997695142,1.0510424527796136
760290178,0.9,19.324974040541168,1.0517465119436713
760290549,0.9,16.548258056895808,1.0604293211141513
760290573,0.9,19.376640212577275,1.0516085342468662
760291015,0.9,9.556313783773971,1.1046428594358149
760291111,0.9,19.410651587103686,1.0515181056912275
760291664,0.9,19.968498533609015,1.0500788779044603
760291701,0.9,9.393582765274143,1.1064556543533914
760291904,0.9,16.85891833489356,1.0593157864659835
760292608,0.9,19.93215814860484,1.0501701819012506
760292704,0.9,19.959828320959367,1.0501006313240642
760292712,0.9,19.58321373256529,1.051064141649901
760293221,0.9,19.96849436209737,1.0500788883661716
760294494,0.9,19.958141090008887,1.0501048667553816
760295788,0.9,19.944035531376688,1.050140303772863
760295833,0.9,19.53577770595271,1.0511881336413493
760295964,0.9,19.389994857137467,1.0515729894395458
760296211,0.9,19.971367585698214,1.0500716836595665
760296326,0.9,19.889024737892505,1.0502789861835107
760296510,0.9,6.311798736084194,1.158433442163334
760296561,0.9,19.674974772182345,1.0508259863902778
760297062,0.9,19.774590113105173,1.0505699483165152
760297847,0.9,19.719850014213662,1.0507103248391454
760298022,0.9,19.780698790096015,1.05055433130101
760299359,0.9,19.97620422361847,1.050059560305139
760299797,0.9,19.815375594285488,1.0504658614842701
763600119,0.9,19.71768539758868,1.0507158918420665
763600768,0.9,19.986572875993744,1.0500335903611129
763600784,0.9,19.97565126294249,1.0500609460405996
763600848,0.9,19.976756968848647,1.0500581751862617
763602317,0.9,17.83640355892674,1.0560651140627237
763602624,0.9,19.310287031423922,1.0517858692816262
76360307x,0.9,18.837727122617775,1.0530849604886428
763605753,0.9,19.903447250173514,1.0502425528317103
763605761,0.9,19.979627366261937,1.0500509835177718
763606182,0.9,19.91712038925007,1.0502080612285565
763606668,0.9,17.58679372092672,1.056860847739977
763606887,0.9,19.881070507145076,1.0502991023365975
763606895,0.9,19.86827810409,1.0503314879508427
763607644,0.9,16.5422612564396,1.0604512275859939
763607775,0.9,19.95265605518337,1.050118640707998
763607783,0.9,19.607469080910516,1.0510009729391123
763607791,0.9,19.186953389146957,1.0521187485953682
763607804,0.9,18.761127171224082,1.0533017014848556
763607812,0.9,19.201053186065057,1.052080476539992
763607820,0.9,19.9463059330548,1.0501345965190882
763607871,0.9,18.88233933330392,1.0529595397237799
763607927,0.9,19.230571027306407,1.0520005359476872
763607978,0.9,18.35994961568025,1.0544663804058565
763608233,0.9,19.586860747337933,1.0510546336597564
763608532,0.9,19.68760389443932,1.0507933827479354
763609041,0.9,19.971001628383455,1.050072601194863
763609295,0.9,19.970021278782596,1.0500750593121533
763609324,0.9,19.60731830331191,1.0510013651296255
763609412,0.9,18.69508742425276,1.0534899878939705
763609519,0.9,19.9126144905028,1.0502194224910517
763610050,0.9,19.95592237893959,1.0501104374436405
763610106,0.9,18.77082217323348,1.0532741715184946
763610165,0.9,18.12037413189967,1.0551864985083044
763610384,0.9,19.56794651885318,1.0511039826808872
76361107x,0.9,17.937370298765487,1.0557495320297214
76361123x,0.9,12.870847287668033,1.077694962705224
763611862,0.9,18.7219596085984,1.0534132121266158
763611926,0.9,19.805526683666177,1.0504909571945245
763612646,0.9,18.892128619173082,1.0529320978148078
763613016,0.9,17.78459960813405,1.0562284235818633
763614713,0.9,19.624125376189628,1.050957685034632
763614879,0.9,19.727037804231724,1.0506918479055931
763615476,0.9,15.046378847937278,1.066461173821706
763616188,0.9,18.85314343010356,1.053041552657116
763616727,0.9,18.631444922172506,1.0536727024756916
763617463,0.9,19.84964532263651,1.0503787339141823
763617551,0.9,12.019730204472912,1.083196542933041
763617922,0.9,19.914300615144487,1.050215170460946
763618060,0.9,19.99684688206405,1.0500078840378049
763619872,0.9,19.84157422587274,1.0503992268262683
763620152,0.9,19.554622761516924,1.0511388029416746
763620283,0.9,19.83385478592476,1.05041884246877
763620953,0.9,9.915888738942138,1.1008482473258048
763621155,0.9,19.245587842332835,1.0519599613268444
763621227,0.9,19.205850400175862,1.052067467941479
763621243,0.9,19.90868712901708,1.0502293292128988
763621278,0.9,19.583292850631356,1.0510639353466933
763621665,0.9,19.978016574890543,1.0500550190381188
763622158,0.9,19.993335536042142,1.0500166667136304
763622166,0.9,19.925160825296018,1.0501878006791519
763622326,0.9,19.762763871618475,1.0506002098945335
76362249x,0.9,19.99162022224477,1.0500209582256517
763622772,0.9,19.853704387831858,1.0503684340446255
763622887,0.9,19.750902067647395,1.0506305988746727
763623003,0.9,19.319495879733473,1.0517611849825244
763624006,0.9,19.816752944026874,1.0504623538893851
763624305,0.9,19.352041131198245,1.0516741357265853
763624831,0.9,18.698049049851537,1.0534815154957538
763625535,0.9,19.892500343577634,1.0502702014693117
763626108,0.9,19.819086874802778,1.0504564113532073
763626570,0.9,19.26770554455243,1.0519003156700582
763626845,0.9,19.24386065437826,1.0519646248723218
763627004,0.9,19.34816841242365,1.0516844787932427
763627354,0.9,19.554415380989827,1.0511393452842455
763627397,0.9,19.802162185674817,1.0504995358902482
763627442,0.9,19.674886999212784,1.0508262131335246
763627557,0.9,19.894063178749015,1.0502662523495054
763628461,0.9,18.055465249581133,1.0553848923955698
763628592,0.9,19.61231107827362,1.0509883815328522
763628912,0.9,18.704284956043825,1.0534636850513164
763629771,0.9,19.991406079945207,1.0500214940360384
763630350,0.9,19.69504139686335,1.050774201477904
763630414,0.9,17.431012431710943,1.0573690142163386
76363102x,0.9,19.7589406252375,1.05061000075696
763631775,0.9,19.712084747081924,1.0507303013775868
763631863,0.9,19.95250673692639,1.0501190157800717
763632313,0.9,19.713434213061735,1.0507268286789635
763632866,0.9,19.911240003930946,1.0502228891722754
763633893,0.9,19.835368345835942,1.050414995202745
763633930,0.9,13.643970230384086,1.0732924495667013
763634343,0.9,18.178003994606645,1.0550115403372502
763637595,0.9,19.987438322076212,1.0500314239316748
763638221,0.9,18.24257425648452,1.054816824968907
763638328,0.9,15.848650957429559,1.063096853018346
763638459,0.9,11.372147941157003,1.0879341356772976
763638782,0.9,19.991994894199763,1.050020020777923
763639005,0.9,16.25177624719177,1.0615317356570668
763639208,0.9,19.86659094510127,1.0503357623239624
763639769,0.9,18.94995123786623,1.052770584338063
76364017x,0.9,19.979132203093524,1.050052223982239
763640313,0.9,11.28979140029768,1.088575595823111
763640647,0.9,19.995725705800243,1.0500106880196864
763640719,0.9,19.98870140297241,1.0500282624588757
763640807,0.9,18.84070792344273,1.0530765618820375
763640962,0.9,19.980813763430703,1.0500480116495665
763641068,0.9,16.70309098465178,1.059869158404207
763641113,0.9,13.944189573751531,1.0717144581770743
763641201,0.9,19.69514683018545,1.050773929670195
763641930,0.9,19.90976555990193,1.0502266084947776
763641949,0.9,18.510591131748516,1.054023126159642
763641957,0.9,17.450101043537966,1.0573062584282464
763642407,0.9,19.630868372599725,1.0509401816068298
763642546,0.9,15.597743748296693,1.0641118366949196
763643450,0.9,19.956810613183556,1.050108207137036
763643899,0.9,19.76724208918754,1.050588746547855
763644373,0.9,19.94749508708557,1.0501316077850507
763645077,0.9,18.259850858449237,1.0547649598976476
763645106,0.9,19.89474902317592,1.0502645194887894
76364519x,0.9,18.576822983813987,1.0538305177839775
763645894,0.9,19.000980199087255,1.0526288638545098
763646838,0.9,19.059259297950312,1.0524679361546618
763647531,0.9,18.68387427351222,1.053522089977756
763647769,0.9,19.910267905401245,1.0502253412536313
763649609,0.9,19.37583788136623,1.0516106712970437
763656948,0.9,13.065256207007021,1.0765388741067083
764740391,0.9,19.779154172335804,1.0505582792513268
766702217,0.9,19.9630513895467,1.0500925424919576
766702241,0.9,19.11928204549582,1.052303219211915
766702305,0.9,19.326867707583308,1.0517414417654254
766703068,0.9,19.481352509536162,1.0513311383031798
766703244,0.9,18.820303199948793,1.0531341067875422
766704378,0.9,19.982292931410846,1.0500443068987377
766704490,0.9,19.991923315901808,1.050020199867643
766704618,0.9,19.085348653554643,1.0523962133546745
766705186,0.9,19.726268598628252,1.0506938245821889
76670532x,0.9,19.98195307873337,1.0500451580513563
766705610,0.9,18.29569078610964,1.054657679324096
766705936,0.9,19.938957712165294,1.0501530729156356
766705960,0.9,19.20693702059414,1.052064522257129
766705979,0.9,19.797712093127668,1.0505108870810949
766706146,0.9,19.674640828961692,1.0508268490740613
766706365,0.9,19.468425201595004,1.0513652229004158
76670639x,0.9,19.42392868879385,1.0514828908209968
766706808,0.9,19.941398391641872,1.0501469345509458
766706883,0.9,18.37242476015073,1.0544293969388827
766707587,0.9,10.504419002058944,1.0951980304483278
766707763,0.9,19.612955519286263,1.050986706160459
766708731,0.9,19.13353749082663,1.0522642506896303
766709072,0.9,19.556833137822647,1.0511330230693647
766709478,0.9,19.76284087474219,1.0506000127379482
766710292,0.9,14.755893997055825,1.0677695299383099
766710575,0.9,19.646086340923553,1.050900723057343
766710700,0.9,19.92709276932507,1.0501829349406833
766711228,0.9,18.580864733439086,1.0538188084540732
766711244,0.9,18.732742588996388,1.053382466301939
766711332,0.9,19.835735374073952,1.0504140623547054
766712247,0.9,19.961208165775787,1.0500971680519087
766712618,0.9,17.512220589224427,1.0571029810243093
766712650,0.9,12.487607977322176,1.0800793876470198
766713565,0.9,19.619619788056013,1.0509693873175248
766713573,0.9,19.917875107747406,1.050206158768966
766713741,0.9,4.580205326422177,1.2183308233434917
766714058,0.9,19.758570214779425,1.0506109495337876
766714154,0.9,19.96709487315409,1.0500823983835779
766714648,0.9,18.15597894023462,1.0550782749468797
766715229,0.9,4.94244265022508,1.2023291054180385
766715237,0.9,15.734958288990594,1.0635527582363964
766715296,0.9,19.59863534408431,1.0510239607219307
766715480,0.9,19.84823270437184,1.0503823194182793
766715499,0.9,19.918364344295952,1.0502049256010508
766716141,0.9,18.459391567746408,1.0541729664452903
766716280,0.9,19.943060709320406,1.0501427546441078
766716360,0.9,19.36370084792441,1.051643020507993
766716950,0.9,9.583780642112984,1.104342955806585
766717208,0.9,18.857536209091055,1.0530291968638994
766717216,0.9,19.835045751032336,1.0504158151461764
766717291,0.9,19.821369949710604,1.0504505996576992
766717347,0.9,19.550986683329487,1.0511483136988
766717478,0.9,19.813006562697783,1.0504718956628578
766717574,0.9,19.14820904137139,1.052224205294574
766718200,0.9,19.263898923609517,1.0519105713731927
766718227,0.9,19.785060388993294,1.050543186643813
766719094,0.9,19.062301447074987,1.0524595628065385
766719203,0.9,19.617136279488545,1.0509758399876943
766719350,0.9,16.76847013989282,1.0596357325180765
766720175,0.9,9.922533509343543,1.1007807128147615
766720212,0.9,18.68888010278896,1.0535077540494666
76672036x,0.9,8.502003645261581,1.1176193332447382
766721039,0.9,19.96795411863566,1.050080243276737
766721506,0.9,19.65988653171805,1.050864993467112
766721709,0.9,19.409631135690333,1.0515208142292414
766722082,0.9,13.816260829358443,1.0723784830317535
766723827,0.9,19.943191707223352,1.0501424252787883
766724686,0.9,19.99438775392985,1.0500140345534437
76672503x,0.9,19.389715139596163,1.0515737334355097
766725478,0.9,19.996065100608885,1.0500098391842878
766725929,0.9,18.998220185095647,1.052636509644441
766726059,0.9,19.98623445630052,1.050034437561837
76672618x,0.9,19.581578977174846,1.0510684047065686
766726681,0.9,18.829982049981222,1.0531067951815174
76672669x,0.9,19.551657913106894,1.0511465577213086
766727131,0.9,19.89639197233169,1.0502603688845003
766727772,0.9,14.247769440735555,1.0701864249108999
766727983,0.9,19.970545536525314,1.05007374476431
766728919,0.9,19.88570894164674,1.050287369836018
766729970,0.9,19.936841141022246,1.050158397357262
766730015,0.9,19.727471569456053,1.0506907332994613
766730197,0.9,17.092303497297866,1.0585058649443062
766730293,0.9,19.90015865264296,1.0502508556567307
766730322,0.9,19.571844433796056,1.0510938048471932
766730357,0.9,19.9172943990171,1.05020762257997
766731341,0.9,19.58671228577153,1.0510550206389888
766732176,0.9,16.404486021570634,1.0609589351769435
766732256,0.9,16.21247856464298,1.0616808834018046
766732475,0.9,19.161124822940362,1.0521890029547099
766732491,0.9,19.897148802677584,1.050258457124542
766732555,0.9,19.973772131547,1.0500656557716797
766732870,0.9,18.54085214706965,1.0539349535861569
766733021,0.9,17.595913686621405,1.0568313767508604
766733419,0.9,18.59807725491462,1.0537689991440242
766733988,0.9,19.825614072818468,1.0504397995606618
766734059,0.9,19.52045725231113,1.0512283081832832
766734200,0.9,16.712603119793336,1.0598350833100119
76673506x,0.9,19.919460581338626,1.0502021626497677
766735406,0.9,19.950128669813868,1.050124989996334
766735764,0.9,16.10219223357269,1.062103345028699
766735844,0.9,19.784261524304505,1.050545227516909
766736257,0.9,19.972187060207467,1.0500696291790896
766736628,0.9,19.96989695546638,1.0500753710562472
766736863,0.9,18.52802679242123,1.053972288101885
766738156,0.9,19.319804899993606,1.051760357062422
766738965,0.9,19.685164090687344,1.0507996781430478
766739650,0.9,19.87774027927296,1.0503075292236677
766739706,0.9,19.93452337103899,1.0501642292312243
766740168,0.9,19.976056926187592,1.0500599294292685
766740336,0.9,19.543125128892477,1.051168888977823
766740651,0.9,19.812539530094885,1.0504730854154773
766741849,0.9,18.996866207785878,1.0526402612442545
766741873,0.9,16.449743339539808,1.0607912220488163
76674242x,0.9,19.913443130991432,1.0502173327546602
766742622,0.9,19.443013596533053,1.0514323561537968
766742956,0.9,19.770670687804234,1.0505799735269912
766743051,0.9,17.80460100762522,1.0561652574843843
766743115,0.9,19.644519059558032,1.0509047840249084
766743158,0.9,19.348155072300326,1.0516845144285434
766743262,0.9,19.84627601734862,1.0503872867194757
766743377,0.9,19.7558308486612,1.05061796730598
766743385,0.9,19.696678485030603,1.0507699813834093
766743692,0.9,19.5427173876629,1.0511699565706911
766743836,0.9,19.262201136469965,1.0519151468160437
766743975,0.9,19.846735950968558,1.0503861190308827
766743991,0.9,19.603406738699626,1.0510115416840213
766744222,0.9,19.813771916194398,1.0504699460672942
766744580,0.9,17.61678886938019,1.056764033866473
766744644,0.9,19.80800939202619,1.0504846287281424
766745268,0.9,19.96321651200268,1.0500921281597462
766745276,0.9,19.846588357662924,1.050386493737796
766745292,0.9,19.802117736517264,1.050499649244883
766745364,0.9,19.90407476641938,1.0502409688335337
76674576x,0.9,19.667836415949537,1.0508444334623943
766745831,0.9,17.620016399278025,1.0567536361680672
766745903,0.9,19.953527931083258,1.0501164507576737
766745938,0.9,17.406528739890714,1.0574497083791492
766746084,0.9,19.121452705055283,1.0522972817716734
766746148,0.9,19.981153242587578,1.0500471613354434
766746236,0.9,16.893819763360355,1.0591932442755676
766746359,0.9,19.346741985101165,1.0516882894685884
766746367,0.9,19.106049965225022,1.0523394423138275
766746500,0.9,19.626788451449535,1.0509507708035721
766746519,0.9,14.187365071747275,1.0704852518380175
766746711,0.9,18.49582676707835,1.0540662503273415
766746869,0.9,19.467527115191526,1.0513675925084316
766747300,0.9,19.948504214168757,1.0501290717972596
766747319,0.9,19.517809945506205,1.051235256557575
766747327,0.9,18.904357241596152,1.0528978577383024
766747458,0.9,19.658074856184047,1.0508696811521918
76674752x,0.9,18.9842399747283,1.0526752717691723
766747597,0.9,19.967976461954418,1.050080187239069
766747730,0.9,19.000071728722954,1.0526313802535952
766748071,0.9,19.876229653853095,1.0503113526767962
76674824x,0.9,17.678957512872373,1.0565644212489271
766748848,0.9,19.26050252845284,1.0519197252783377
766748864,0.9,19.985126781933293,1.0500372107173224
766749971,0.9,18.902422429654987,1.0529032722510292
770250241,0.9,19.919687261681485,1.0502015913635177
770250946,0.9,19.451102941222334,1.0514109664126408
770250954,0.9,19.946360877013102,1.050134458419051
770251092,0.9,16.271976565845087,1.0614553490753547
770251439,0.9,19.90980771308687,1.0502265021546489
770251519,0.9,19.988258408836813,1.0500293712211515
770251586,0.9,19.997154516993916,1.0500071147197558
770251594,0.9,19.016645830079856,1.0525855089764693
770252044,0.9,19.970231267394475,1.050074532768817
770252060,0.9,18.356386772812254,1.0544769519392077
77025308x,0.9,14.408605419237848,1.069402969330039
77025316x,0.9,19.477849425866452,1.051340370188508
770253258,0.9,18.1791782141723,1.055007987061836
770253338,0.9,19.67953020821713,1.0508142211434728
770254031,0.9,19.81809393552353,1.050458939353775
770254162,0.9,17.75819614998512,1.0563120258135474
770254170,0.9,19.410620117497068,1.0515181892153247
770254285,0.9,16.576299147239414,1.0603270966044636
770254963,0.9,17.01002863493464,1.0587888487116497
770255042,0.9,19.982341195254325,1.050044186025484
770255368,0.9,19.901804436006543,1.0502467001530167
770255413,0.9,19.235135863928484,1.0519881953043697
770255683,0.9,15.744733882579848,1.0635132995868803
770255704,0.9,19.983196355184234,1.0500420444370286
770255763,0.9,18.898263599916632,1.0529149143630536
770256301,0.9,19.919203731290168,1.0502028099862821
770256459,0.9,19.261693743772256,1.0519165143679705
770256491,0.9,19.592963824895733,1.051038730481876
770256694,0.9,19.93243590830842,1.0501694827767223
77025674x,0.9,19.875085983423073,1.050314247738805
770257590,0.9,19.415396464978215,1.0515055153163528
770257726,0.9,19.947740519532935,1.0501309909771883
770258120,0.9,19.297165385473726,1.0518210825281504
770258155,0.9,19.63036836493465,1.050941479110819
77025877x,0.9,19.957187851291785,1.0501072599732668
770258905,0.9,19.259962366164736,1.0519211814118996
770259131,0.9,19.377281738273513,1.0516068256377171
770259553,0.9,19.144042935216422,1.0522355702702928
770261418,0.9,19.720900027283236,1.0507076248354046
770261477,0.9,12.594739137707471,1.0793982304092424
770261637,0.9,19.80217567356604,1.0504995014934093
770261792,0.9,19.942062883182256,1.0501452635997517
770264598,0.9,19.886509478366364,1.0502853455045922
770264707,0.9,19.988912647546822,1.0500277337558293
770265136,0.9,18.325358417932506,1.054569191892118
770265291,0.9,19.376206677376665,1.0516096889680466
770265400,0.9,19.11358115183194,1.0523188193806452
770265515,0.9,19.500514511403637,1.0512806982305627
77026597x,0.9,19.97694198422806,1.0500577115751504
770266200,0.9,19.188466339940693,1.0521146391944054
770266796,0.9,19.840152742724015,1.0504028377688135
77026714x,0.9,18.640447725602495,1.0536467800945848
770267553,0.9,19.851237192816807,1.0503746940448553
770268150,0.9,18.30799845959419,1.0546209353363778
770268337,0.9,19.969489918424507,1.0500763917398495
770271499,0.9,19.824195679505284,1.0504434084573642
77027194x,0.9,15.249251869223889,1.0655769875516454
770271958,0.9,17.659964099962416,1.0566252566732075
770272651,0.9,19.897201813897333,1.0502583232231952
770274788,0.9,17.393989169000044,1.0574911246801408
770275350,0.9,19.957893806921234,1.0501054875666895
770275668,0.9,19.059736192594883,1.0524666233517188
770276409,0.9,8.81959413313734,1.1133839023547307
770277524,0.9,19.063504643727892,1.0524562518114429
770277583,0.9,18.92451744010632,1.052841505901795
770277989,0.9,19.872550796905944,1.0503206664418587
770278703,0.9,19.973283986603228,1.0500668793710004
77027944x,0.9,19.875563916348092,1.0503130378694552
770279546,0.9,19.20258531348193,1.052076321165875
770279669,0.9,19.998959684417155,1.0500026009242462
770279685,0.9,19.91936096604055,1.050202413707189
770279853,0.9,19.989949655587463,1.0500251384935573
770280053,0.9,19.993070108892766,1.0500173307327727
77028111x,0.9,19.992997412182177,1.050017512601221
770281531,0.9,18.190213262320356,1.0549746166017429
770281718,0.9,19.90488593490431,1.0502389214020285
770282016,0.9,18.741614770383357,1.0533571953245064
770282024,0.9,19.457238517622645,1.0513947546613198
770282753,0.9,10.490982744488537,1.0953199547035146
770282788,0.9,19.209735998471075,1.0520569361327814
77028322x,0.9,19.904414783628557,1.0502401105920733
770283641,0.9,19.3928576463755,1.051565376193379
770283828,0.9,19.21554781683861,1.0520411913067447
770284484,0.9,19.992471003738387,1.0500188295790456
770284564,0.9,4.867884244496706,1.2054280565793098
770284759,0.9,19.988947339905476,1.0500276469288417
770284847,0.9,19.933244337247377,1.0501674480622
770285196,0.9,14.238220541139954,1.0702334956191046
770285348,0.9,18.536505666014826,1.05394760037397
770285639,0.9,18.503045215355826,1.0540451578840704
770285647,0.9,16.226318112218422,1.061628275316937
770285815,0.9,19.982806758813062,1.0500430200857027
770285874,0.9,17.692226730511177,1.056521997780836
770285962,0.9,19.631094131207075,1.050939595792082
770286148,0.9,19.948681784470647,1.0501286255805868
770286818,0.9,19.808571117466574,1.050483197100382
770287757,0.9,9.90456155749258,1.1009635806890938
77028779x,0.9,18.716978014849456,1.053427428252928
770288362,0.9,19.718684425077296,1.0507133223719656
770288629,0.9,19.842860964754223,1.050395958615859
770290323,0.9,13.327168963435868,1.0750346906191088
770291377,0.9,19.951552459560265,1.0501214129590615
770293460,0.9,19.948507880524573,1.0501290625839883
770294914,0.9,19.984327366976498,1.0500392123105664
770295394,0.9,19.645935446976615,1.0509011140089994
770295917,0.9,19.91625650701453,1.0502102390400425
770296311,0.9,19.992982290762562,1.0500175504312848
770296338,0.9,19.26040556715885,1.0519199866541291
770298915,0.9,19.846349066816035,1.0503871012564243
773500111,0.9,19.897356196755823,1.050257933270705
77350063x,0.9,19.40090391962956,1.0515439901224506
773500656,0.9,16.641357985274766,1.0600912498177648
773500971,0.9,19.496709124742367,1.05129070724715
77350098x,0.9,19.964195118495084,1.0500896727398534
773501608,0.9,11.928217899064768,1.0838348199590153
773502037,0.9,19.214176099498783,1.0520449065742707
773503021,0.9,19.148111257657675,1.0522244719880705
773503240,0.9,19.727954024954126,1.0506894936360398
773503443,0.9,18.012525113275554,1.0555169246794267
773503793,0.9,19.92040960989214,1.0501997709677324
773504198,0.9,19.709783510424813,1.0507362244476752
773504200,0.9,19.933608462871785,1.0501665316574564
773504243,0.9,18.357712262896403,1.0544730185155557
773504251,0.9,10.515347683691427,1.095099090403918
773504331,0.9,19.65957913401952,1.0508657887934931
773505537,0.9,18.59570878333539,1.0537758475168288
773506345,0.9,19.276839354736893,1.0518757241058956
773506572,0.9,17.528068419326566,1.057051351927483
77350688x,0.9,19.935889951483063,1.0501607905357446
773507321,0.9,13.548982550439336,1.0738062800123376
773509001,0.9,19.99814787987139,1.0500046307291548
773509212,0.9,19.85713777624161,1.0503597251158958
773509730,0.9,19.99282967259359,1.0500179322475203
773510598,0.9,19.789620640271455,1.0505315396478607
773510694,0.9,19.82385656547269,1.0504442713604831
773510854,0.9,16.768773009873293,1.0596346554044955
773511558,0.9,19.932488772186275,1.0501693497199103
773511697,0.9,19.951660257205877,1.0501211421560184
773512008,0.9,19.946389886000755,1.0501343855061132
773512462,0.9,19.92432988465845,1.0501898937524614
773512884,0.9,19.47024401638121,1.0513604246129968
773513609,0.9,19.261142743222567,1.0519179995357166
773514054,0.9,18.318943174170983,1.0545883018737654
773514142,0.9,19.582317072472907,1.0510664798399016
77351445x,0.9,19.910117193639817,1.0502257214397233
773514839,0.9,19.894979325951606,1.050263937630514
773516316,0.9,19.620048644565095,1.050968273224797
77351699x,0.9,17.871919160774347,1.0559536998239574
773517298,0.9,17.159609131223668,1.0582763856887858
773518688,0.9,19.568106098791137,1.0511035659225998
773518741,0.9,5.010361028089396,1.1995864159077037
773519605,0.9,15.774075387922476,1.0633951579035597
773520411,0.9,18.341493936468684,1.0545211858676182
773521158,0.9,19.425965003654973,1.0514774941585578
773521529,0.9,19.79102494338064,1.0505279541034818
773522652,0.9,19.971891499960005,1.0500703701500682
773522951,0.9,17.56177019468607,1.0569418679845033
77352296x,0.9,19.98358864977563,1.0500410620697613
77352392x,0.9,19.953632355454836,1.0501161884806716
773523954,0.9,19.932283515417268,1.0501698663490573
77352405x,0.9,18.92864669676068,1.052829978604394
773524359,0.9,19.11644933579121,1.0523109695966253
773524391,0.9,19.978888640980742,1.050052834167602
773524826,0.9,17.921456011049695,1.05579903772235
773524869,0.9,19.9483285404572,1.0501295132558048
773525036,0.9,19.97764703395798,1.0500559449418743
773525474,0.9,15.94089808959675,1.0627317227912405
773525511,0.9,19.969920436591504,1.0500753121763906
773525837,0.9,9.784154944415967,1.1022060674305574
773526012,0.9,19.422569856924387,1.051486492640596
77352616x,0.9,17.306401638778794,1.0577820867024883
773526215,0.9,19.42747637007938,1.051473489451266
773526389,0.9,12.067504618521925,1.0828671735882447
773526485,0.9,19.85977596530876,1.050353035288354
773527066,0.9,18.809488805424245,1.0531646559002508
773527103,0.9,19.999263703600796,1.050001840808767
773527226,0.9,18.894038085157202,1.0529267484003635
773527410,0.9,19.692278630106507,1.0507813249438362
773527621,0.9,18.833766420051436,1.053096124147284
773527699,0.9,19.40360164658697,1.0515368238440361
77352798x,0.9,19.93120388513159,1.0501725839424074
773528157,0.9,12.525697742706887,1.0798358718644838
773528587,0.9,19.965337873962063,1.0500868057587023
773528667,0.9,19.647549982720424,1.050896931214298
773529213,0.9,19.91054541535086,1.0502246412209788
773529459,0.9,19.61734855396207,1.050975288390746
773529539,0.9,16.42758643904844,1.0608732149248046
773529731,0.9,19.087005127490734,1.0523916661267994
773529782,0.9,19.97390610644508,1.0500653199564869
773531057,0.9,19.49938266670423,1.0512836748266667
773531209,0.9,19.04444127967274,1.0525087601843883
77353133x,0.9,19.909492533539407,1.0502272972711588
77353184x,0.9,19.901240185869057,1.0502481247731512
773532260,0.9,19.91195979204416,1.0502210736885653
773532850,0.9,16.182798445768007,1.0617940094447331
773533482,0.9,19.88882329121197,1.0502794954411334
773536368,0.9,19.85634247761362,1.0503617421550528
773536974,0.9,17.269168035349146,1.0579066691547068
773538806,0.9,19.769292732874828,1.0505834990412721
773538873,0.9,19.901616943136478,1.0502471735265144
773539905,0.9,19.945604889848543,1.050136358637534
773541386,0.9,19.953740244051236,1.050115917505648
773542573,0.9,19.816719089640024,1.0504624400980074
773542987,0.9,19.995989504201166,1.05001002825041
773545037,0.9,19.88489588903205,1.0502894259834457
773545256,0.9,19.97976051423275,1.0500506499708864
77354822x,0.9,19.89765877406625,1.0502571690144449
773548262,0.9,19.931437309334974,1.050171996353301
773548457,0.9,19.925648535953293,1.0501865722561365
773548764,0.9,17.412412487241937,1.0574302958152813
773549054,0.9,17.811093902324853,1.0561447828799257
773549150,0.9,19.469069295077794,1.0513635235893286
773549310,0.9,16.334127773957235,1.0612215120292114
776340002,0.9,18.91974158406039,1.0528548445314119
776800072,0.9,15.698558643751348,1.0637001155770462
776800101,0.9,19.87474992193697,1.0503150985007483
776800654,0.9,12.179462860632182,1.0821054270982928
776800830,0.9,19.98601280890341,1.0500349924500458
776801382,0.9,18.668529707540586,1.0535660823678086
776801892,0.9,19.963770331307412,1.050090738543099
776802043,0.9,19.858019582558327,1.0503574888645149
776802086,0.9,18.556356259559223,1.0538898901278022
776802158,0.9,19.8654290770413,1.0503387063084235
776802190,0.9,15.135273721103683,1.0660708235891143
776802262,0.9,15.666831577606589,1.0638291153540804
776802449,0.9,19.82204352508242,1.0504488852894818
776804225,0.9,19.354030480525488,1.0516688242795849
776805113,0.9,18.112742027269103,1.0552097522558694
776805164,0.9,15.059384536286888,1.0664037761696312
776805172,0.9,18.973427264706828,1.0527052907231018
776806001,0.9,19.537418976087825,1.051183833505537
776806511,0.9,18.17619808941839,1.0550170060361617
776806538,0.9,19.761675666362947,1.050602996268284
776806810,0.9,15.735339658853015,1.0635512179387485
776807004,0.9,18.94270554937117,1.0527907693752436
776807469,0.9,9.120569860496964,1.109642271842158
776808162,0.9,19.9679065362656,1.0500803626150697
776809157,0.9,17.62251742474181,1.056745581570316
776809296,0.9,19.943819311948015,1.0501408473652245
776809544,0.9,19.597029915285418,1.051028140709221
77680986x,0.9,19.97691226800067,1.0500577860374256
776809923,0.9,5.351347896562809,1.1868688075096563
77681006x,0.9,19.460864112011322,1.0513851797250255
776810932,0.9,10.805972377681073,1.0925414173800245
776811011,0.9,19.47344476538352,1.0513519827666866
776811046,0.9,15.736090037473598,1.0635481874861303
776811097,0.9,19.556834197992988,1.0511330202974583
77681137x,0.9,17.628117179219668,1.0567275557470663
776811484,0.9,11.829882838141778,1.0845316909458993
776811871,0.9,18.92424899453793,1.0528422554727868
776812292,0.9,19.92609410145721,1.0501854500389451
776812479,0.9,19.968723616511095,1.0500783134267606
776812620,0.9,19.176178537319792,1.0521480334600477
776812989,0.9,19.883315577558932,1.0502934229504781
776814335,0.9,19.905816720311343,1.050236572256773
776814693,0.9,19.670129290621478,1.0508385067136692
776814845,0.9,19.583794247121933,1.051062627976035
776814888,0.9,17.891357063528847,1.0558929094338225
776815119,0.9,13.379468851101684,1.0747413825712266
776815151,0.9,19.69594113221709,1.0507718820485443
776815290,0.9,19.820225314434794,1.0504535132237731
776815944,0.9,19.554604850542205,1.0511388497820897
776816023,0.9,19.684353642341637,1.0508017696780743
776817405,0.9,18.786000685754445,1.0532311276214477
776817464,0.9,18.958232126578377,1.0527475343335446
776817894,0.9,18.517787249486506,1.0540021324647053
776818213,0.9,17.644474208326596,1.056674967368996
776818483,0.9,19.976469851051306,1.0500588946623806
776818539,0.9,19.93300158894031,1.0501680590119875
77681903x,0.9,18.2426472013385,1.054816605778937
776819195,0.9,19.47493130696141,1.0513480630169179
776819275,0.9,19.837436217056947,1.0504097399007724
776819662,0.9,19.781705908260605,1.0505517574994587
776820460,0.9,10.326689148090995,1.0968364580030823
776820807,0.9,19.095677052431103,1.052367873485412
776820962,0.9,19.323725680480273,1.0517498548952258
776821551,0.9,19.861324040545064,1.0503491105607357
776822204,0.9,18.564455997718987,1.053866377777128
776822300,0.9,12.083779055636777,1.0827555680549725
776822896,0.9,16.590762111422187,1.0602745065768577
776823792,0.9,19.835930810257278,1.0504135656433573
776823813,0.9,19.990948998834718,1.0500226377476272
776823856,0.9,19.87553700082429,1.0503131060035524
776824509,0.9,15.012161217788943,1.0666126605951334
776824795,0.9,19.071097831439836,1.0524353662719637
776824920,0.9,9.869944305874927,1.1013176943060121
776825026,0.9,10.854626647136229,1.0921266140704922
776825034,0.9,19.9795479028781,1.050051182582362
77682527x,0.9,13.002426002865796,1.0769087245549096
776825886,0.9,19.81864536480958,1.0504575353962196
776826133,0.9,19.926196723818578,1.0501851915777114
776826563,0.9,18.275374155782643,1.054718441957785
77682658x,0.9,19.933817766858404,1.0501660049116421
776826651,0.9,19.91573668009069,1.0502115495933262
776826707,0.9,19.556867680770655,1.0511329327540142
776826766,0.9,19.982112786037035,1.0500447580647614
776826782,0.9,19.33753739560157,1.0517128928850814
776827734,0.9,19.674837750074495,1.050826340359336
776827961,0.9,18.5740366410921,1.053838593049163
776829940,0.9,19.89494153624419,1.0502640331050093
776830351,0.9,19.93188678534568,1.0501708649446684
776830394,0.9,19.987459433189766,1.0500313710875866
776830757,0.9,19.035268073705076,1.0525340644601364
776830861,0.9,15.030414458448389,1.0665317648268784
77683087x,0.9,15.964201265727429,1.062640152385628
776831020,0.9,19.851244659442898,1.050374675097479
776831303,0.9,19.129899823253695,1.0522741890568832
776832699,0.9,19.97532535647992,1.0500617628075632
776833077,0.9,19.96397193262312,1.0500902327139572
776833819,0.9,19.188537394457853,1.052114446215626
776834029,0.9,18.999500853009224,1.0526329616623384
776834336,0.9,19.4215945242221,1.0514890782398338
776834627,0.9,19.415984661403396,1.0515039549854959
776835064,0.9,19.63941345780455,1.0509180175950015
776835726,0.9,8.244846515197269,1.1212878854878323
776835953,0.9,17.293108229332827,1.0578265044512811
77683597x,0.9,17.68505136383971,1.056544930485454
776836016,0.9,12.248547567565913,1.081642333058982
776836235,0.9,19.60782487398232,1.0510000475028163
776836489,0.9,19.956782877000702,1.0501082767780399
776837131,0.9,18.206663324415707,1.0549249460036407
776837764,0.9,19.967157602217753,1.0500822410441097
776837916,0.9,18.317346096724663,1.0545930613921637
776837932,0.9,19.297002633887885,1.051821519588948
776838126,0.9,19.91784881439773,1.0502062250456055
776839030,0.9,19.927954160942402,1.050180765768718
776839073,0.9,18.240405733226055,1.054823341905078
776840349,0.9,18.004855184407774,1.0555405744593827
776840373,0.9,12.591618056126576,1.079417910831042
776840883,0.9,18.320689555409643,1.0545830983585835
776841800,0.9,19.857650099715386,1.0503584258448755
776842133,0.9,19.266120336289248,1.0519045860061624
776842168,0.9,16.8042587712605,1.0595087241640346
77684223x,0.9,19.78104803037769,1.0505534387492665
776842264,0.9,17.768227651925987,1.056280233436316
776842520,0.9,19.76724765777713,1.050588732296606
776842600,0.9,19.790640777571518,1.0505289349263156
776843312,0.9,19.396681342469897,1.051555211035532
776843427,0.9,19.96731246548038,1.0500818526143068
776844155,0.9,19.900752532269692,1.0502493560672377
776844825,0.9,11.684061156748253,1.0855866797155918
776845940,0.9,19.639969814155865,1.0509165752016192
776846599,0.9,19.456807786570703,1.0513958924284696
776846855,0.9,19.985519391929607,1.0500362277501685
776847305,0.9,14.556971889955339,1.0686956056218
776847700,0.9,19.960245333825178,1.0500995846130896
77684792x,0.9,19.484969388223476,1.0513216100100413
776847946,0.9,16.696888651924688,1.0598913977835462
776848009,0.9,19.83463086433213,1.0504168697083374
776848033,0.9,19.985549796429172,1.0500361516288468
776848869,0.9,19.97663005649504,1.0500584932079107
776849028,0.9,19.396610981455552,1.0515553980515497
776849124,0.9,19.937418323807083,1.050156945285434
776849319,0.9,19.978083006398613,1.0500548525942013
780350705,0.9,16.293583703495923,1.0613738523211098
780350967,0.9,4.949579245691735,1.2020373753729532
780351062,0.9,19.975999911367172,1.0500600723086186
780351580,0.9,19.929895655178445,1.0501758773503747
780352153,0.9,18.212100346566817,1.0549085487654097
780352209,0.9,19.92567699674515,1.050186500572269
780352233,0.9,19.61293921847349,1.0509867485368076
780352989,0.9,4.866171829812439,1.2055003470846495
780353199,0.9,18.846126245482687,1.0530613021994213
780353981,0.9,13.539047736909367,1.0738604382990584
78035399x,0.9,17.99220613086405,1.0555796211274273
78035401x,0.9,19.669015564564113,1.0508413853615333
780354028,0.9,19.25833741708418,1.0519255623339996
780354394,0.9,19.77263172883768,1.0505749570271687
780354837,0.9,16.593289281180944,1.0602653267266386
78035532x,0.9,19.575925833935912,1.0510831522597233
780355995,0.9,10.68116760110752,1.0936227234086573
780356314,0.9,19.954297774500624,1.0501145172484039
780356824,0.9,18.133503412741277,1.055146541583209
780356904,0.9,19.99277582088715,1.050018066973735
780357480,0.9,17.405933976178588,1.0574516714454152
780358096,0.9,19.919133927353148,1.0502029859153057
780359558,0.9,19.266900444479916,1.0519024844126657
780359697,0.9,10.83058072186032,1.0923311524728874
780360321,0.9,19.711268451120418,1.0507324022540598
780360399,0.9,18.92793204416577,1.0528319732798403
780361367,0.9,9.19978726384039,1.1086981656554693
78036180x,0.9,19.916702588177827,1.0502091144642378
780361850,0.9,19.943601508958213,1.0501413949506975
780362124,0.9,18.924286263057105,1.0528421514079578
780362394,0.9,19.965152794144526,1.0500872700705444
78036252x,0.9,19.366033880209148,1.0516367990568236
780363637,0.9,16.427745546029097,1.0608726253519138
780364066,0.9,18.3484876997428,1.0545004044128399
780364074,0.9,19.76557927332607,1.0505930024195909
780365501,0.9,15.510405533802787,1.0644728468137494
780367478,0.9,18.786296965099634,1.053230288111476
780368323,0.9,14.400828787037021,1.0694404478234028
780368702,0.9,19.958851778515037,1.0501030826370714
780368825,0.9,19.837158892249946,1.0504104446323048
780368833,0.9,19.813776328727624,1.0504699348276239
780369019,0.9,12.888739435385002,1.0775871065602103
780369174,0.9,19.905766145814834,1.0502366998926214
780369879,0.9,19.710078012780677,1.0507354663615014
780370044,0.9,19.94507478551259,1.0501376911720766
780370132,0.9,10.867803240139263,1.0920149157933399
780370255,0.9,19.124856737123146,1.052287973381725
780370415,0.9,19.822390769350363,1.0504480015370403
78037044x,0.9,19.950502701743464,1.0501240502532605
780370597,0.9,12.999807893430296,1.0769242136651396
780371047,0.9,18.420980192468537,1.054285927760177
780371143,0.9,19.909363814730483,1.050227622002674
780371194,0.9,19.87382959911999,1.0503174285062946
780372373,0.9,15.482700373836584,1.0645882162577949
780372381,0.9,19.986092918051312,1.0500347918975603
780373093,0.9,14.84228700502602,1.0673750615158817
780373202,0.9,19.59123498150593,1.0510432344333573
780374176,0.9,19.897402036946794,1.0502578174850734
780374635,0.9,18.909713416058583,1.0528828744253087
780374731,0.9,19.234815752550677,1.0519890605069815
780375013,0.9,19.41899344254677,1.051495974956612
78037546x,0.9,19.975550617263167,1.0500611982698382
780375734,0.9,19.98953598991027,1.0500261737193275
780376542,0.9,19.892910717800582,1.0502691644368152
780376729,0.9,19.648146488362933,1.0508953860147712
780377211,0.9,19.936929590926756,1.0501581748302455
780377668,0.9,16.11919389237055,1.0620378417603944
780377852,0.9,19.945989089593176,1.0501353929107355
780377959,0.9,19.8200185456809,1.0504540395709123
780378361,0.9,7.841956572813348,1.1275191963529638
78037837x,0.9,18.184886336120044,1.0549907203991555
780379452,0.9,18.631125321791558,1.0536736231831563
78037976x,0.9,19.98894280504711,1.050027658278531
780381456,0.9,19.966984123169375,1.0500826761733943
780381616,0.9,19.791995574654305,1.0505254761314016
780381990,0.9,19.484908952161444,1.0513217691935415
780382213,0.9,19.78534422088115,1.050542461573381
780382555,0.9,18.384936097553325,1.0543923565844258
780382707,0.9,19.859131423446176,1.0503546695309833
78038274x,0.9,18.87827367671538,1.0529709451788174
780382803,0.9,19.905182546204966,1.050238172781322
780383523,0.9,19.95259107833584,1.050118803922453
780383582,0.9,19.996989597026023,1.0500075271404212
780384665,0.9,19.55775770958008,1.0511306058112257
780384702,0.9,18.458366129515927,1.0541759759766032
780386126,0.9,19.969742628771527,1.0500757580400282
780386281,0.9,19.909128885641763,1.0502282146920647
780387196,0.9,19.9395927009263,1.0501514757597603
780387209,0.9,19.98730933292276,1.0500317468121043
780387356,0.9,19.56635856671681,1.0511081301403238
780387882,0.9,19.825669272943763,1.0504396591223635
780387962,0.9,19.95683927710092,1.0501081351668462
780388084,0.9,16.71761249920987,1.0598171539175982
780388578,0.9,14.300473233452898,1.0699277557934737
780388666,0.9,19.599219799056208,1.0510224391711835
780389060,0.9,19.408230895179642,1.0515245312878243
780389175,0.9,17.224334725816412,1.0580573947219667
780389247,0.9,19.52891374449214,1.0512061250862985
780389757,0.9,19.7793194174323,1.0505578568653207
780391005,0.9,19.831932032522445,1.05042373069654
780391486,0.9,19.21723110283583,1.0520366328868487
780391697,0.9,18.391901088659225,1.0543717582635663
780391953,0.9,10.20975560631114,1.0979455374408622
780392577,0.9,16.117410438000718,1.0620447064897136
780392809,0.9,18.965928136973037,1.0527261303943547
780393123,0.9,17.94313388937559,1.0557316244846233
780393609,0.9,18.54437531030586,1.0539247067246456
780393641,0.9,19.91326361419805,1.050217785460692
780394476,0.9,15.599788606619363,1.0641034327590617
780395161,0.9,19.58736504098989,1.0510533192140612
780395727,0.9,19.588314422883773,1.0510508448257174
780395735,0.9,19.850094964515137,1.050377592741377
780395997,0.9,19.913469008679876,1.0502172674968948
780396754,0.9,19.944917711910676,1.0501380860249336
780396973,0.9,19.88235831708613,1.0502958443888741
780397212,0.9,19.547911011521432,1.051156361383608
780397220,0.9,19.836669381405557,1.050411688614288
780397247,0.9,19.67421578007335,1.05082794715573
78039728x,0.9,19.766085161973766,1.050591707553897
780397300,0.9,19.785751295269762,1.0505414217067952
780399509,0.9,19.87704130709678,1.0503092982778561
783700299,0.9,19.399555580108665,1.0515475726168362
783700547,0.9,19.466614848809165,1.0513699997542805
783700563,0.9,19.38438700428809,1.0515879093715363
783700678,0.9,11.216905598677322,1.0891511470077735
78370074x,0.9,15.4221532431231,1.0648417885774744
783701304,0.9,19.294455992335827,1.0518283594208213
783701857,0.9,17.40140436418048,1.0574666262027923
783702331,0.9,18.971695348683795,1.0527101021611849
783702729,0.9,19.5754903549547,1.0510842886623728
783702753,0.9,19.49703771487801,1.051289842827606
783703019,0.9,19.504305653565762,1.051270730563904
783703078,0.9,19.886639437590713,1.0502850168897693
783703115,0.9,19.203158836162913,1.0520747658513778
783703721,0.9,19.744639388620573,1.0506466580785634
783703836,0.9,19.85668182641031,1.0503608814776875
783704361,0.9,19.903765405330105,1.0502417497209953
783704425,0.9,7.474546020189727,1.1337873895349455
78370445x,0.9,19.9395285939261,1.0501516370003159
783704951,0.9,19.903677013865593,1.0502419728426746
783705049,0.9,19.89576597553811,1.0502619502676853
783705380,0.9,18.602027843932984,1.053757580000943
783705452,0.9,19.955284292709848,1.0501120397650925
78370584x,0.9,19.380860951816242,1.0515972950059418
783706164,0.9,19.872432155914822,1.0503209668627482
783706404,0.9,19.39610928130872,1.0515567315844967
783706826,0.9,19.98597357452534,1.0500350906735225
783707191,0.9,19.99742284467131,1.050006443718645
783707845,0.9,19.98930358376757,1.050026755349899
783708688,0.9,19.89842824507671,1.0502552255727746
783709162,0.9,18.633360884809093,1.053667183616631
783709410,0.9,18.217662144924937,1.0548917853479118
783709541,0.9,19.995897829446548,1.0500102575302905
783710796,0.9,18.46977794400019,1.054142502580809
783711895,0.9,19.00544694871325,1.052616494771132
783711975,0.9,19.969788192299326,1.0500756437860275
783712089,0.9,19.80965108464472,1.0504804448966363
783712361,0.9,18.486109201931963,1.0540946712516168
783712513,0.9,19.506890662746056,1.0512639362822587
783712724,0.9,19.98663892901591,1.0500334250071548
783713727,0.9,19.860418779029878,1.0503514055330936
783714877,0.9,19.613727274158336,1.0509846999513208
783714906,0.9,19.10432425340104,1.0523441701855525
783715343,0.9,16.902377141184207,1.0591632757716314
783715933,0.9,19.98418907947223,1.050039558574193
783716303,0.9,19.724994324097423,1.0506970995057945
783716661,0.9,12.876226032587361,1.0776625074357333
783716688,0.9,19.888621083343036,1.0502800066334168
783717832,0.9,13.071730073029473,1.076500967692354
783717859,0.9,19.638913815075483,1.0509193130239396
783717867,0.9,19.861951474308913,1.0503475200457257
783717955,0.9,19.923620306199663,1.0501916812623069
783719563,0.9,19.99225600374282,1.0500193674897313
783720089,0.9,19.974188403624083,1.0500646123783715
783720812,0.9,19.51428484088601,1.051244511810385
783721516,0.9,19.27471728361076,1.0518814354206014
783722068,0.9,18.034052860711007,1.05545065259172
783722594,0.9,19.677879880887946,1.0508184827864127
783722607,0.9,19.84669589608543,1.0503862207208627
78372280x,0.9,19.92461297035064,1.050189180662534
783722850,0.9,4.969984613546649,1.2012078663733299
78372299x,0.9,19.61096239374655,1.0509918881043225
783723079,0.9,16.032459027761256,1.0623734636257878
783723212,0.9,19.90459796679932,1.0502396482294187
783723837,0.9,18.40971455415784,1.0543191474836935
78372432x,0.9,18.541210563654356,1.0539339109799153
783725525,0.9,19.99202116864218,1.0500199550392892
783725541,0.9,19.50684788622414,1.0512640486988267
783725576,0.9,18.129396664844307,1.0551590336119212
783725912,0.9,19.99843810914003,1.0500039050321117
783725998,0.9,18.744538108478487,1.0533488739073107
783726229,0.9,7.364865777263979,1.1357797996926289
783726405,0.9,18.815107883857696,1.0531487784270397
783726958,0.9,12.456420053577634,1.0802798874555284
783727002,0.9,19.71993342137911,1.0507101103554368
783727037,0.9,19.93704528599499,1.0501578837613648
783727811,0.9,19.947109303050023,1.0501325773477912
783728187,0.9,19.94902297623795,1.0501277682215886
783728590,0.9,19.522082068181653,1.0512240444696144
783728742,0.9,17.50893904276481,1.0571136833338413
783729147,0.9,19.70153754271704,1.0507574598090017
783729243,0.9,12.88218766335952,1.0776265667084073
783730180,0.9,17.029777059792305,1.0587206747621507
783731255,0.9,19.91272538934181,1.0502191428068026
783732362,0.9,19.860131519408586,1.0503521338226152
783732573,0.9,11.423407760762935,1.0875395522021716
783732581,0.9,19.9861138300202,1.0500347395449108
783732805,0.9,11.995419217807346,1.0833651564686866
783732944,0.9,19.541195316423174,1.0511739422183433
783734130,0.9,10.133080916605445,1.0986866687663832
783734843,0.9,19.91826491206226,1.0502051762246827
783735037,0.9,19.671571603140762,1.0508347792527335
783735408,0.9,19.982872026808863,1.0500428566353428
783735571,0.9,19.84685451122984,1.0503858180365144
78373558x,0.9,19.76587189599857,1.0505922534185017
783735635,0.9,19.80846990170203,1.0504834550554596
783736531,0.9,19.75502244204138,1.0506200386728928
783737462,0.9,18.67478385953137,1.0535481431818345
783738297,0.9,19.988580672128606,1.0500285646291219
783738422,0.9,19.150358000193645,1.0522183449515612
783738975,0.9,15.312122978429588,1.065307730443957
783740717,0.9,19.85926932996187,1.0503543198586511
783741525,0.9,11.68036519015835,1.085613761532266
78374155x,0.9,15.058507120352079,1.0664076453268376
78374163x,0.9,18.674037512517252,1.053550283345511
783743221,0.9,18.431844886979622,1.0542539287918165
783743352,0.9,16.757509842451753,1.0596747374402073
783744056,0.9,19.928990085919093,1.0501781573320443
783744216,0.9,19.96241385032082,1.0500941422965204
783744267,0.9,18.230010418650842,1.0548546038666504
783744961,0.9,19.8049927160098,1.0504923184946
783745323,0.9,18.91318552381157,1.0528731661168875
783745753,0.9,19.850949599212527,1.0503754238557772
78374585x,0.9,19.334408894104346,1.051721260550403
783746326,0.9,19.1877885307389,1.0521164801455882
783746369,0.9,19.955464697513925,1.0501115867336621
783748313,0.9,19.970403070156955,1.0500741019841688
787550486,0.9,19.982341190787725,1.0500441860366703
787550515,0.9,19.965093536445178,1.0500874187328275
787550881,0.9,18.72785708208784,1.0533963921027807
787551948,0.9,19.50685964388429,1.0512640177996828
787552633,0.9,19.076565834392195,1.052420336484104
787552828,0.9,19.95114321209605,1.050122441073638
787553660,0.9,19.692232355974852,1.050781444273208
787553708,0.9,19.878032279101426,1.0503067902274885
787554129,0.9,17.129853364460903,1.0583776158921878
78755425x,0.9,19.76017120944892,1.050606848969093
787554671,0.9,18.48509362710201,1.054097643223935
787554823,0.9,18.219162867907283,1.0548872638798066
787554831,0.9,19.876683143352945,1.0503102048157575
78755484x,0.9,19.98206304746829,1.0500448826342133
787556458,0.9,19.801394045773044,1.0505014948790168
787558015,0.9,15.7261206468182,1.0635884731179603
787558410,0.9,19.849707871314,1.0503785751650865
787558736,0.9,19.218072904646633,1.0520343535463546
787558912,0.9,17.155877912707577,1.058289060174489
787559210,0.9,19.506792706826687,1.0512641937108418
787559958,0.9,19.97586223763958,1.05006041732285
787560481,0.9,19.731802618373226,1.050679606893536
787561273,0.9,19.96481370725272,1.0500881207640183
787561388,0.9,19.896693464183652,1.0502596072960624
787561580,0.9,19.622117935782857,1.0509628982596422
787561716,0.9,18.980350754685688,1.0526860653380248
787561732,0.9,19.92858990376446,1.0501791649499046
787562671,0.9,19.95848746104598,1.05010399720679
787562778,0.9,17.722615436533626,1.0564250803489528
787563455,0.9,15.933856143783881,1.062759446989869
787563623,0.9,18.018268269845528,1.0554992291725143
787564597,0.9,6.59372542307485,1.1516593330532818
78756460x,0.9,19.74073489731591,1.0506566754075588
787564773,0.9,12.652195493442292,1.0790376658753262
78756479x,0.9,19.83108848134428,1.0504258755610278
787565290,0.9,19.409837887233042,1.051520265434971
787565602,0.9,19.0955878268973,1.0523681181781395
787565610,0.9,19.426680973401112,1.0514755969570506
787565725,0.9,18.328639080034716,1.0545594244959133
78756639x,0.9,18.487227568087985,1.0540913988491258
787566840,0.9,14.675448374038,1.0681410185578437
787567595,0.9,19.68800085117854,1.0507923586330066
787567624,0.9,19.96647755163867,1.0500839468260603
787567907,0.9,19.55370966226359,1.051141190969501
787568539,0.9,18.89579819261649,1.052921818374984
787568926,0.9,18.47326361061717,1.0541322865887794
787569013,0.9,19.8983427145068,1.0502554415886582
787569101,0.9,19.897002787527956,1.050258825948742
787569638,0.9,19.851386613274347,1.050374314876892
787570399,0.9,19.484492695382087,1.0513228656056826
787570663,0.9,19.992650097907816,1.0500183815103454
787570989,0.9,19.99429460537252,1.0500142675566708
787571199,0.9,19.786477480858018,1.0505395667807687
787571244,0.9,19.622443717205574,1.050962052148641
787572159,0.9,19.96341233192749,1.050091636809039
787572183,0.9,18.12727959521425,1.055165475588737
787572538,0.9,19.254476176302354,1.0519359753463853
787573581,0.9,18.45064790238606,1.0541986387302247
787574250,0.9,18.001043936832993,1.0555523337151487
787575165,0.9,19.893413235563205,1.0502678946120876
787575173,0.9,19.972324396007558,1.050069284885033
787575376,0.9,19.596986950848667,1.0510282525833234
787575675,0.9,19.694857575096897,1.0507746753784322
787575886,0.9,19.76679158543793,1.050589899512913
787575915,0.9,19.68771804196413,1.0507930882527123
787576803,0.9,19.9929620107598,1.0500176011669418
787577726,0.9,19.83721132922881,1.0504103113791285
787578833,0.9,17.853760007833635,1.056010610625506
787578913,0.9,19.983806895032096,1.0500405155660604
787579449,0.9,19.51297784539991,1.051247944210409
787579553,0.9,18.731083991823397,1.0533871932044363
787580271,0.9,14.71309806458427,1.0679666509127053
787580335,0.9,19.61682189221181,1.050976656947526
787580343,0.9,18.849915654372865,1.0530506352567162
787580431,0.9,12.577773736933226,1.0795053258959184
787580503,0.9,8.107291681330318,1.1233457533423679
787580749,0.9,19.667062434300327,1.0508464344047614
787581418,0.9,19.91946054557356,1.050202162739905
787581434,0.9,19.965611183930392,1.05008612011862
787581688,0.9,19.688054001203067,1.0507922215135581
78758204x,0.9,19.664126412593408,1.0508540262108759
787582234,0.9,19.330596753847814,1.0517314603751664
787582437,0.9,19.94951191833263,1.0501265396413557
787582453,0.9,18.784822923099284,1.0532344650835288
787583018,0.9,5.55423438377942,1.1800428161476944
787583886,0.9,19.766729021174395,1.0505900596365128
787584985,0.9,19.80650103087677,1.0504884733775581
787586075,0.9,19.299389711884206,1.0518151099557422
787586315,0.9,19.53599092675363,1.0511875749609685
787587430,0.9,19.199938606366384,1.0520834998747557
787587502,0.9,19.44286102435139,1.0514327597542121
787592205,0.9,19.61106073924273,1.0509916323903352
787592264,0.9,19.807669854449156,1.050485494121631
787592774,0.9,19.268849517655468,1.051897234398127
787593101,0.9,18.533212329751652,1.0539571868172408
787594040,0.9,5.888424924943585,1.169824700619679
787594403,0.9,19.970694780778558,1.0500733705550636
787596206,0.9,19.989594228270246,1.050026027971381
787596644,0.9,19.95454988790024,1.050113884082465
787597313,0.9,19.99129157988242,1.050021780533996
787597479,0.9,19.08700512749075,1.0523916661267991
787597970,0.9,19.98508544976023,1.0500373142018262
78759805x,0.9,10.979860255428898,1.0910758403783472
787598156,0.9,16.456524399269018,1.0607661724759099
78759864x,0.9,13.025683218153228,1.0767714048662225
787598770,0.9,19.94156441553343,1.0501465170516437
78759952x,0.9,19.927700355630847,1.0501814048863614
787599554,0.9,19.958501430453673,1.0501039621378663
787599650,0.9,15.67384918688487,1.0638005373202617
787599685,0.9,19.919339745831614,1.0502024671881638
787599749,0.9,18.936385134500426,1.0528083893994153
790800642,0.9,19.901301425919698,1.0502479701502128
790800650,0.9,19.323257727939243,1.0517511081246984
790800757,0.9,16.3748061039456,1.061069425411947
790801514,0.9,19.965623556438796,1.0500860890807242
79080183x,0.9,18.985874402680356,1.0526707371380706
790802402,0.9,19.94111951097213,1.0501476358661697
790803106,0.9,19.505758096014695,1.0512669128304382
790803501,0.9,19.96053835082451,1.0500988491604832
790804280,0.9,16.344284406604867,1.061183467879199
790804299,0.9,18.135757950582803,1.0551396860679796
790804408,0.9,19.725416842360804,1.0506960135743482
790804424,0.9,19.971921044277273,1.0500702960813346
790805099,0.9,19.97531307785948,1.0500617935800163
790805128,0.9,14.533368658395512,1.0688071722052086
790805224,0.9,17.416649568023036,1.0574163243105035
790805275,0.9,19.85757087648165,1.0503586267535046
790806235,0.9,10.219552720088773,1.097851640613809
790806737,0.9,18.7712311351652,1.0532730108536486
790806761,0.9,19.9964868371843,1.0500087844500994
790806833,0.9,19.498067428712393,1.051287134156046
790807094,0.9,16.600737706133742,1.0602382868582108
790807828,0.9,13.644413070300658,1.0732900708039004
79080888x,0.9,16.587851909313486,1.0602850812430111
790809356,0.9,19.41035753787492,1.0515188861435822
790809364,0.9,19.242845374102348,1.0519673666008786
790810373,0.9,9.271413387862232,1.107858420088264
790810744,0.9,19.92331016676046,1.0501924625792542
790810998,0.9,6.448535612137992,1.1550739671992682
790811093,0.9,19.979776521234246,1.0500506098722984
790811106,0.9,19.356345645097313,1.0516626442994568
790812408,0.9,12.07543048536619,1.082812782634281
790812619,0.9,19.48045055676801,1.0513335149557193
790812897,0.9,19.60594052047046,1.051004949186493
790813400,0.9,18.171339457526145,1.0550317164201026
790813996,0.9,19.913858224506352,1.0502162860017443
790814008,0.9,10.88704417595694,1.0918522956128358
790814649,0.9,19.84792717953624,1.0503830949677722
790814884,0.9,19.920581068577405,1.0501993388926487
79081522x,0.9,11.53408881610962,1.0866995231216967
790815326,0.9,19.82773370951433,1.0504344074139018
79081573x,0.9,19.852090865330982,1.0503725278502711
790816521,0.9,19.605033344349057,1.0510073093187693
790817620,0.9,19.97159042698435,1.050071124964032
790818068,0.9,19.315406969399387,1.0517721423930781
790818658,0.9,19.88459542501334,1.050290185876353
790818869,0.9,19.69845188140128,1.05076541070439
790819204,0.9,19.93388808514124,1.0501658279473036
790819685,0.9,17.037981595078307,1.0586923981822394
790820483,0.9,18.799710132562385,1.053192309506301
790820774,0.9,19.70889315752074,1.0507385164660252
790821582,0.9,19.99557699053623,1.0500110599695769
790822809,0.9,19.81955313003954,1.0504552243654952
790822825,0.9,19.93462740061356,1.0501639674473786
790824943,0.9,17.061243672209276,1.0586123742918507
790825073,0.9,16.7656304175319,1.0596458334757455
790825225,0.9,19.96548786857723,1.0500864294718215
790825305,0.9,19.47028666189024,1.0513603121189443
790825399,0.9,18.7074121845003,1.0534547477832628
790825778,0.9,19.958042090343817,1.0501051152950431
79082592x,0.9,19.143012893471827,1.0522383809468687
790826404,0.9,19.989122817510616,1.0500272077534083
79082656x,0.9,19.96059591254015,1.0500987046870558
790826703,0.9,19.98075786359846,1.050048151668052
79082672x,0.9,19.99141337797113,1.0500214757752904
790826834,0.9,7.882395743290724,1.1268649827498414
790827351,0.9,19.727255144376528,1.0506912894207212
790828602,0.9,17.299223409327443,1.0578060631011226
79082883x,0.9,19.895293049893446,1.0502631450309476
790829648,0.9,18.12078394955925,1.0551852504165153
790829664,0.9,13.789813943118084,1.0725172945860562
790830497,0.9,19.200154135558364,1.0520829152172282
790830745,0.9,18.712465012210203,1.053440313681147
79083093x,0.9,19.719793499804826,1.0507104701684578
790831430,0.9,19.978627748395585,1.050053487786733
79083229x,0.9,16.55696693053589,1.0603975356232491
790833962,0.9,18.7923346585981,1.0532131860232954
790835300,0.9,16.96626153612254,1.0589405036501953
790835351,0.9,18.928601556846314,1.052830104590495
790835669,0.9,19.193169963601914,1.0521018675860427
790835933,0.9,19.744626017640435,1.0506466923762734
790835941,0.9,13.414167537890318,1.0745480475903817
790836135,0.9,19.944277447615626,1.0501396955907045
79083616x,0.9,19.979735261049857,1.0500507132318957
790836565,0.9,19.978824185081894,1.0500529956485976
790836821,0.9,19.91155934985733,1.0502220836866383
790837082,0.9,19.42050440949796,1.0514919684326496
790837402,0.9,19.571029268395954,1.051095932987788
790838317,0.9,19.80700960088002,1.0504871770221977
79083915x,0.9,14.322166846700057,1.0698218370658354
790839168,0.9,19.83954875624549,1.0504043722105927
790839715,0.9,18.24882816244557,1.0547980391452154
790840038,0.9,18.538494128223334,1.0539418138864678
790840564,0.9,19.730351303971194,1.0506833347563724
790841495,0.9,19.977815919511684,1.0500555217862095
790842084,0.9,19.273442701421672,1.051884866419129
790842228,0.9,19.53420502404,1.051192254753615
790842535,0.9,19.600202997733962,1.051019879748981
790842877,0.9,19.788608664212372,1.050534123796611
790843060,0.9,19.30286155042986,1.0518057904206297
790843087,0.9,19.54309888203495,1.0511689576988863
790844514,0.9,18.713600892994425,1.053437069953456
790844960,0.9,16.217472136760463,1.0616618910497944
790845920,0.9,17.732654693500937,1.056393135561733
79084635x,0.9,19.751838936909962,1.0506281973640093
790846712,0.9,19.969265733424034,1.0500769539225585
790846739,0.9,19.97680993734466,1.0500580424570491
790847352,0.9,19.827352193691837,1.0504353778674569
790847678,0.9,17.92959198212714,1.0557737176058906
790848101,0.9,19.53375354936615,1.0511934379366863
790848224,0.9,19.819397642560986,1.0504556201976876
790849032,0.9,19.80408124870249,1.050494642363958
790849411,0.9,19.50349090952564,1.051272872361101
790849892,0.9,15.690525500171406,1.0637327283900768
794000853,0.9,19.9891059484837,1.0500272499719205
794001653,0.9,19.783713636609388,1.0505466273101285
794002357,0.9,18.984698340494845,1.0526739999796033
79400300x,0.9,18.51395166725121,1.0540133202231954
794003229,0.9,19.571707309025925,1.0510941628244577
794003245,0.9,19.17689689812402,1.05214608001036
794003472,0.9,19.901600564545248,1.0502472148788626
794004053,0.9,15.58524092263304,1.0641632686311437
794006868,0.9,19.916116489840157,1.0502105920353564
794008783,0.9,19.808991703155346,1.0504821252381418
794008847,0.9,16.934690334132878,1.0590503859397087
794009751,0.9,19.893243894353233,1.050268322517468
794010242,0.9,18.905698447267703,1.0528941050651595
794010779,0.9,19.957182899835328,1.0501072724050773
794010795,0.9,17.985700072648672,1.055599726224765
794011210,0.9,19.875613371708194,1.0503129126783801
794011237,0.9,12.837763990907513,1.0778951849175806
794011579,0.9,19.708772453153234,1.0507388272088964
794014307,0.9,17.495016627991305,1.0571591340130562
794014462,0.9,19.968818462377268,1.0500780755698729
794014518,0.9,19.995775114642033,1.0500105644450735
794014542,0.9,19.96658433708066,1.0500836789667056
794015131,0.9,19.95260038362989,1.050118780548547
794015203,0.9,19.834503869620047,1.0504171925132784
794015705,0.9,19.715423126396804,1.0507217113012963
794016003,0.9,4.845371732065366,1.2063825141386508
794016118,0.9,18.832275302121086,1.0531003282374154
794016169,0.9,19.88601138622626,1.0502866050198802
794016185,0.9,19.73289215683175,1.0506768086528964
794016230,0.9,19.840575121553695,1.0504017647610253
794016871,0.9,18.389677129769947,1.0543783337218662
794017014,0.9,19.26629062471601,1.0519041272385425
794017022,0.9,18.657605178342536,1.0535974467484597
794017030,0.9,19.334216399886785,1.051721775494654
794017161,0.9,19.871772031025582,1.0503226384863267
794017807,0.9,19.4929941159722,1.0513004823194718
794018383,0.9,19.98195687170408,1.0500451485517954
794018666,0.9,19.989925794795514,1.050025198205606
794018965,0.9,19.764491909266855,1.050595785846189
794019415,0.9,19.69650269075232,1.0507704345132047
794019888,0.9,15.926443799711318,1.062788655934486
794021347,0.9,19.428050786222226,1.0514719675691382
794022577,0.9,19.566787192451418,1.0511070105768712
79402365x,0.9,18.726249486604775,1.0534009760318166
794023940,0.9,10.522612524192397,1.0950334337314915
794023983,0.9,18.77990310860637,1.053248411039018
794024097,0.9,19.77653966415488,1.0505649631827405
794024126,0.9,14.121636948231833,1.0708133202734127
794024353,0.9,19.775131535369823,1.0505685637646152
794025014,0.9,18.921576852079227,1.0528497179604834
794025786,0.9,19.198624393418886,1.0520870651723773
794025938,0.9,19.649948381349493,1.0508907189267296
79402664x,0.9,19.990588835708074,1.0500235389871937
794026746,0.9,19.379012573296965,1.0516022163780385
794027378,0.9,19.311519374366476,1.0517825646244785
794028709,0.9,19.803238614638175,1.0504967909269558
794028960,0.9,19.56772428678725,1.0511045630725302
794029074,0.9,19.258568387326434,1.0519249395847137
79402955x,0.9,18.384592263251797,1.0543933738470153
794029592,0.9,19.386234075515045,1.0515829942063377
794029605,0.9,12.21167123092154,1.0818888734465657
794029808,0.9,19.692818804257126,1.0507799320117557
794029816,0.9,19.95910207307493,1.050102454325789
794030243,0.9,7.438985581035397,1.1344269308102106
794030403,0.9,19.682777375605976,1.0508058380642642
794030606,0.9,19.36562778732477,1.0516378818689536
794031246,0.9,19.755968525468163,1.0506176145558677
794031844,0.9,19.495685168032615,1.0512934011490767
794032097,0.9,17.564154278702755,1.0569341389361706
794034586,0.9,17.35612042102432,1.0576165626731104
794034850,0.9,18.675378534259156,1.053546438063654
794037445,0.9,16.58294580609008,1.0603029167250098
794038026,0.9,16.873507922737602,1.0592644993903413
79403907x,0.9,19.358213830986962,1.0516576585386863
794039475,0.9,19.687781540838923,1.0507929244300924
794039504,0.9,19.462384972527907,1.051381164302913
794040150,0.9,19.912657619984806,1.050219313719148
794040177,0.9,10.177736182204121,1.0982536766622533
794040580,0.9,18.49396344373629,1.0540716976673103
794041460,0.9,19.87734779920213,1.0503085225504853
794042156,0.9,19.65777536803132,1.0508704561568172
794042869,0.9,19.920685051909537,1.0501990768587621
794043220,0.9,15.766898320383579,1.0634240152806207
794043247,0.9,5.647310399425782,1.1770754446402805
794043482,0.9,17.664130941133106,1.0566118991832978
794043538,0.9,19.82624291686991,1.0504381997231111
794043597,0.9,19.80876393029955,1.0504827057114048
794043642,0.9,19.149478617731543,1.0522207429226844
794044258,0.9,11.699774063391756,1.0854717359994985
79404475x,0.9,19.84269956576949,1.0503963685326916
794044856,0.9,17.570522531036932,1.0569135037522976
794045007,0.9,19.084846175155004,1.0523975928766887
794045568,0.9,19.471354815537012,1.0513574946105988
794045576,0.9,19.478409733756802,1.0513388933526213
79404627x,0.9,17.151682640220123,1.0583033175797594
79404651x,0.9,19.595983995613413,1.0510308642946355
794047141,0.9,19.997301946089717,1.0500067460448352
794047897,0.9,19.925222560355778,1.0501876451804182
794048742,0.9,19.64340433068323,1.050907672782461
794048750,0.9,18.299857850784782,1.0546452332118588
794049577,0.9,19.85901262832096,1.0503549707488427
79750052x,0.9,19.79842003169597,1.0505090809468163
79750079x,0.9,19.956047854616255,1.0501101223691784
797501207,0.9,19.995243346551135,1.0500118944625139
797502197,0.9,19.46076185073534,1.05138544974087
797502277,0.9,16.560411748663284,1.0603849720150054
797502699,0.9,19.79254349000555,1.0505240774388072
797503851,0.9,5.336712385510353,1.1873812804143407
797504168,0.9,19.525345586857206,1.051215482745315
797504854,0.9,19.23852797430873,1.0519790288183901
797505603,0.9,19.840050630935277,1.0504030971796396
797505654,0.9,19.55211066342008,1.0511453733673313
797505689,0.9,11.254975982936479,1.088849589862838
797505697,0.9,19.333279668503817,1.0517242815055905
797506534,0.9,17.84997501212561,1.0560224873883965
797506817,0.9,17.49163211365638,1.0571701939248574
79750730x,0.9,19.368169532998923,1.0516311052676521
797507393,0.9,19.383794066435666,1.0515894874126612
797507940,0.9,19.93633927650042,1.050159660012344
797507991,0.9,19.989606939984228,1.0500259961590215
797509022,0.9,19.857830440514824,1.0503579685099815
797509065,0.9,19.976085474185258,1.0500598578881875
797509380,0.9,16.002114649991917,1.0624917407400594
797509436,0.9,19.975985866284795,1.050060107505772
797509890,0.9,19.999627665321835,1.0500009308540248
797510269,0.9,19.063807163583903,1.0524554193933635
797511114,0.9,18.91822584345296,1.052859079296068
797513523,0.9,19.98704088579317,1.050032418791458
797515086,0.9,19.96171753330266,1.0500958897114776
797515262,0.9,19.953036682443383,1.0501176846369404
797515385,0.9,19.923395081896427,1.050192248654882
797515537,0.9,19.0393045280499,1.0525229269024368
797515991,0.9,19.628415298796174,1.05094654788873
797516951,0.9,19.997454040151954,1.0500063657099623
797517196,0.9,19.90933114002407,1.0502277044350166
797517225,0.9,19.711212603214392,1.050732545994503
797518068,0.9,19.323601105440048,1.0517501885152492
79751813x,0.9,18.3063683472666,1.0546257991224848
797518340,0.9,19.859052564569186,1.0503548694857736
797518447,0.9,19.708825286380474,1.0507386911938905
797518527,0.9,19.37903179075076,1.0516021652060699
797518586,0.9,19.7194403421318,1.0507113783479665
797519220,0.9,19.925227351858744,1.0501876331115847
797519298,0.9,19.91525049957271,1.050212775381432
797519781,0.9,17.643665772050074,1.0566775642272783
797519845,0.9,19.942676596055964,1.0501437204370936
797520117,0.9,19.68228001429671,1.05080712190222
797520643,0.9,19.833503358599145,1.0504197358338325
797521654,0.9,19.98058320301364,1.0500485891647633
797521670,0.9,19.780061264192792,1.0505559607042405
797522139,0.9,19.855117021347283,1.0503648504778313
797522614,0.9,19.89344160825076,1.0502678229183458
797522905,0.9,19.865544410368926,1.0503384140571574
797523289,0.9,16.177056132359315,1.0618159442495645
797523772,0.9,18.270472874279523,1.0547331208601483
797524169,0.9,19.763410564295903,1.0505985541689133
797524476,0.9,19.82482019210435,1.0504418194117227
797524783,0.9,19.534147413670652,1.0511924057304987
797524871,0.9,16.41956002748993,1.060902971719448
797524900,0.9,18.465130139297347,1.05415613063413
797525604,0.9,19.674479599996033,1.0508272655913198
797525620,0.9,18.196566552363528,1.054955422338733
797525962,0.9,17.922791226965497,1.0557948807937607
797526279,0.9,15.074356636984847,1.0663378228392517
797527394,0.9,19.29836010600194,1.0518178743948814
797527941,0.9,19.612831626740988,1.0509870282390308
79752808x,0.9,14.274902648953317,1.0700530171442761
797528127,0.9,11.693112937729552,1.0855204260255926
79752859x,0.9,19.89446260872692,1.0502652431315909
797528610,0.9,19.64824376219531,1.0508951340436887
797528856,0.9,19.53289643433319,1.051195684334981
797529058,0.9,19.866499225682745,1.0503359947135142
797529146,0.9,19.66652623566587,1.0508478207090008
797529381,0.9,17.89976727963132,1.0558666481177066
797529488,0.9,19.779581529695424,1.0505571868898582
797529998,0.9,17.998517362126492,1.0555601319753292
797530331,0.9,12.710731355487829,1.0786736791166822
797530411,0.9,19.464140446767278,1.0513765302266962
797530956,0.9,18.474238668055946,1.0541294295244281
797531174,0.9,19.54950549560874,1.051152189001641
797531211,0.9,18.265484903450123,1.0547480674773169
797531385,0.9,19.935451369205374,1.0501618940790434
797531844,0.9,19.804403687776233,1.0504938202515648
797531959,0.9,18.933942907922194,1.0528152009786398
797532329,0.9,19.474391051958364,1.0513494875055125
797532409,0.9,19.83547673350857,1.0504147197183658
797532417,0.9,18.92850646833983,1.052830369985747
797532628,0.9,13.544389380287944,1.0738313091807126
797532951,0.9,19.984016479541165,1.0500399907608042
797534770,0.9,19.13764330939136,1.0522530378392658
797534826,0.9,19.78018043099873,1.0505556561270208
797535212,0.9,13.564747251289981,1.0737205037052866
797535490,0.9,19.967798928501995,1.050080632501392
797535706,0.9,19.73448299573604,1.0506727234869069
797536354,0.9,18.969292087033608,1.0527167801208326
797536645,0.9,18.522119252833146,1.0539895022999077
797536813,0.9,17.536389177461572,1.0570242819020712
797537509,0.9,19.98861451490676,1.0500284799256214
797537592,0.9,18.94232454233729,1.0527918312118947
797537939,0.9,19.97311623357002,1.0500672998797873
797538165,0.9,19.377580064616023,1.0516060311280058
797539192,0.9,18.50175613927777,1.0540489233817691
797540054,0.9,19.946188007763645,1.0501348929234384
797540329,0.9,19.82688127466304,1.0504365757855174
797540951,0.9,19.977477625327975,1.0500563694153346
797541700,0.9,19.935042722014238,1.0501629223445657
797541727,0.9,19.918723654364783,1.0502040199639433
797541874,0.9,19.96342280512991,1.0500916105299856
797542324,0.9,17.453634046225567,1.0572946583703726
797542367,0.9,19.906944395953015,1.050233726488094
797542658,0.9,19.929555693412574,1.0501767332590628
79754344x,0.9,14.306255885763965,1.0698994906833095
797543976,0.9,19.986631431577784,1.0500334437758259
797544864,0.9,19.896431686462083,1.0502602685626499
79754512x,0.9,12.164125228608654,1.0822089530653722
797545269,0.9,19.67700982602475,1.0508207298182777
797545744,0.9,19.80233354693323,1.0504990988880132
797546421,0.9,19.662673313089172,1.0508577843956912
797546624,0.9,19.49193496141371,1.0513032698898084
797547109,0.9,17.01331563191266,1.0587774906217724
797547619,0.9,19.909292459614772,1.050227802019005
797547686,0.9,19.803383866658123,1.0504964205477856
797547803,0.9,19.63863840061144,1.0509200271220873
797548806,0.9,19.328842301966645,1.051736155967202
798884908,0.9,19.95889845447799,1.050102965465794
863576806,0.9,16.45234647159184,1.060781603507238
863577083,0.9,11.578900555399553,1.086363985528287
86359318x,0.9,15.655235995188807,1.0638763925569261
86383588x,0.9,19.878747643237073,1.050304979868297
863862845,0.9,19.757053117652543,1.05061483582825
863948737,0.9,7.486644461512257,1.133571188686848
86394981x,0.9,19.05416984933678,1.0524819505602763
863980227,0.9,18.418039323301077,1.054294595773551
964950828,0.9,19.144769956363568,1.0522335866285826
965401564,0.9,16.57568237379304,1.0603293413477233
965450542,0.9,19.527799697532405,1.0512090463589896
f6792352x,0.9,19.649857362799967,1.050890954653602
f67923992,0.9,19.962056662631436,1.050095038647595
l01609355,0.9,19.996828084702745,1.0500079310460735
l10139199,0.9,18.89271138271637,1.0529304650742102
l20234480,0.9,19.995069695511035,1.0500123288004595
x14212127,0.9,16.101377790298454,1.0621064863531449
x14214202,0.9,19.765519385169824,1.0505931557128878
x14217286,0.9,18.841441627835902,1.053074495028163
x14222691,0.9,19.615051088052965,1.0509812590092653
x14256154,0.9,19.9159212230308,1.05021108432803
x1426543x,0.9,19.414206754638638,1.0515086715948911
x14279313,0.9,19.551943503134552,1.0511458106371718
x14291670,0.9,19.886996001374595,1.0502841153048394
x14297642,0.9,17.76009246180419,1.0563060131669164
x14301592,0.9,16.48912207598942,1.060646042608669
x14303168,0.9,19.82501555449508,1.050441322341019
x18918303,0.9,19.89788966142325,1.050256585849842
163560221,3.0,18.983565575089877,1.0526771430817081
163560395,3.0,13.882288155944282,1.0720342344696114
163560635,3.0,19.97618868840051,1.0500595992357975
163560758,3.0,17.80120169450801,1.0561759827882022
163560993,3.0,18.369951395704504,1.0544367254141909
163561136,3.0,17.015386832316295,1.0587703359232927
163561937,3.0,17.589425391468748,1.0568523404115875
163562163,3.0,16.079260550269467,1.0621919146638394
163562198,3.0,19.835358238084364,1.0504150208933447
163562358,3.0,16.77039039307624,1.0596289040720754
163562569,3.0,14.614185936292348,1.0684266646366278
16356285x,3.0,17.654518344902016,1.056642723435656
163563019,3.0,19.556176001039592,1.0511347412677632
163563166,3.0,19.660824257179225,1.0508625674549146
16356365x,3.0,19.052566249175563,1.0524863678163707
16356445x,3.0,10.152419765157878,1.0984986853510434
163565030,3.0,12.722491850747481,1.0786009542573414
163565778,3.0,12.453495145593285,1.080298742506344
163566711,3.0,19.10568270459031,1.0523404484132746
163566834,3.0,19.990604010224477,1.0500235010152037
163567247,3.0,18.613741492493904,1.0537237502950847
163567343,3.0,10.082030672819789,1.0991863675535036
163567490,3.0,5.058121014500529,1.197701873310903
163567685,3.0,19.578390871347697,1.05107672058297
16356787x,3.0,10.878689959757105,1.0919228329605164
163567984,3.0,18.15355974892334,1.0550856148232475
16356867x,3.0,15.528037695073799,1.0643996375869982
163568709,3.0,18.961656839029377,1.052738007468929
163568848,3.0,19.28207899541089,1.051861627588913
163569146,3.0,10.6705603966776,1.0937157902514063
163569381,3.0,19.475689688462463,1.0513460635282357
163569824,3.0,14.259241096645502,1.070129959457327
163569832,3.0,13.630637041873847,1.0733641426242926
163570278,3.0,19.234653738302878,1.0519894984128908
163570649,3.0,19.52315422041254,1.0512212314009406
163570868,3.0,2.8575464358720666,1.3499505685879851
163571449,3.0,15.820683421949521,1.0632083945635753
16357173x,3.0,17.18836998889124,1.0581788733106336
163571887,3.0,19.633564080734885,1.0509331874685572
163571908,3.0,6.820365676633988,1.1466197044868016
163572492,3.0,9.558088577918596,1.1046234288213475
163572572,3.0,14.211163421649411,1.070367215570584
163572652,3.0,19.606706461657453,1.0510029566646282
163572767,3.0,6.177243707040436,1.1618844985604604
163573196,3.0,19.649138268122016,1.0508928170973462
163573292,3.0,13.86596453471233,1.072119036327879
163573794,3.0,19.13481305359892,1.0522607666559836
163573903,3.0,14.583284556983982,1.0685716579205813
163574148,3.0,16.93403611888589,1.0590526672424383
163574965,3.0,17.45728729023052,1.0572826684567207
163575108,3.0,19.940836392672228,1.0501483478580405
163575984,3.0,18.121022196913092,1.055184524864737
163576098,3.0,19.07807533389833,1.0524161888711687
16357624x,3.0,14.024380167972932,1.071304399055273
16357640x,3.0,14.04379203797884,1.0712058393698571
163576776,3.0,15.799727878033938,1.0632922293168277
163576880,3.0,17.20950604356951,1.0581074202518241
163576944,3.0,6.298744669986705,1.1587617934038452
16357720x,3.0,18.140269348022837,1.0551259730941642
163577402,3.0,7.836722660355231,1.1276043626066858
163577867,3.0,7.906632251456657,1.1264760985710152
163578050,3.0,19.252065807650375,1.0519424777575102
163579002,3.0,19.78559891486008,1.0505418109556919
163580118,3.0,18.980525072715366,1.0526855814667375
163580986,3.0,19.16472642455435,1.052179195144616
163581057,3.0,19.896641385891044,1.0502597388476385
163582121,3.0,19.89592424731465,1.0502615504346309
163582594,3.0,19.172050722527842,1.05215926112823
163584856,3.0,19.318396595001186,1.051764130376056
163585330,3.0,14.511693565779984,1.068909944622735
163587264,3.0,19.38698630993892,1.0515809927346644
163587483,3.0,8.589967404674411,1.1164148771339724
16358790x,3.0,15.993299129273861,1.0625261862431883
163588160,3.0,19.948561834417,1.0501289270023824
163588187,3.0,5.271445281443295,1.1897012956807558
163589614,3.0,18.661564665549477,1.0535860747971508
163591415,3.0,18.346663151893427,1.054505824395473
163592047,3.0,19.956062953419682,1.0501100844557438
163592661,3.0,19.752277983833135,1.0506270720176418
163593461,3.0,19.863919883359497,1.0503425308736634
163594309,3.0,19.074129850641427,1.0524270311584554
163595344,3.0,19.46247462907691,1.0513809276085582
163598908,3.0,19.96712406227531,1.05008232517017
163604239,3.0,13.65148153250825,1.0732521226812417
163604423,3.0,16.99475527988235,1.0588416828328064
163607085,3.0,16.772287128967008,1.0596221607888483
163608096,3.0,18.191354921455087,1.0549711664863726
163608723,3.0,19.380062298507358,1.0515994213329758
163611420,3.0,19.827818158210444,1.050434192608626
163615667,3.0,1.225551801096255,1.8159589819912147
163617398,3.0,19.98603958573489,1.0500349254143253
163618710,3.0,19.35194327899695,1.0516743970144498
163619107,3.0,7.895068126952782,1.1266613516083699
163621493,3.0,12.517133452145023,1.0798904960007942
163621733,3.0,15.148424912923083,1.0660134638253316
163631368,3.0,19.889382810853128,1.050278080999795
163633865,3.0,18.787359933068583,1.053227276400866
163637831,3.0,18.93916750092499,1.0528006312817688
16363880x,3.0,12.731013393780605,1.0785483424664781
163639909,3.0,19.70296690025897,1.0507537775941174
163642438,3.0,18.964227916848213,1.0527308575062833
16364250x,3.0,18.71702492064954,1.053427294361122
163643617,3.0,14.253690534859738,1.0701572689230439
163644265,3.0,19.042116249650793,1.0525151714698906
163644898,3.0,19.966801140084524,1.0500831351493976
163657189,3.0,13.741334949165799,1.0727731333017763
163660476,3.0,18.206967087200876,1.0549240296426405
163660628,3.0,15.322107241488363,1.0652651743157269
163661487,3.0,14.244686803948387,1.0702016136797627
163662076,3.0,19.521696331538035,1.0512250566250465
163665605,3.0,19.10773983727194,1.0523348134586479
163666456,3.0,19.412377547913312,1.051513525199673
163668099,3.0,19.5762914387846,1.0510821982359129
16367419x,3.0,19.806806863328923,1.0504876937963907
163700175,3.0,19.67561270648887,1.0508243384802043
163700239,3.0,19.013388004750652,1.0525945191751276
16371813x,3.0,19.658953726891045,1.050867406978639
163719212,3.0,19.851241069416414,1.05037468420756
163741137,3.0,16.444383415754668,1.0608110364929793
163742818,3.0,19.65887233759573,1.0508676175737504
163743423,3.0,18.753967761259407,1.0533220496446478
163744872,3.0,19.11507370705504,1.052314734189642
163747299,3.0,18.684493429547167,1.0535203163934124
163747424,3.0,18.60439222367627,1.0537507481016974
163749569,3.0,19.800376834869308,1.0505040893079851
163751714,3.0,4.953453273463213,1.2018793647165766
163751757,3.0,19.891144599758544,1.0502736277937539
163781083,3.0,19.47187182272627,1.051356130992649
163784946,3.0,16.04773845330284,1.0623140763983592
163788170,3.0,19.626855752011245,1.0509505960931886
163789202,3.0,19.845030740290348,1.0503904485252196
163789376,3.0,13.66810010680096,1.07316305793681
163791468,3.0,19.870719191917086,1.0503253048036014
163792030,3.0,19.27399176443196,1.0518833883619993
163793201,3.0,19.204542997499228,1.0520710125791704
163793981,3.0,19.838163981760154,1.050407890615252
163794933,3.0,19.473985011051717,1.0513505581642633
163795039,3.0,17.61376468360913,1.0567737799364705
163820679,3.0,19.730614213348503,1.0506826594036522
163820812,3.0,17.36200883941564,1.0575970217069455
163820927,3.0,19.57334130009451,1.0510898974614606
163822340,3.0,6.490364493370649,1.1540745517484288
163822404,3.0,19.88182583931534,1.050297191419037
16382328x,3.0,18.296885619697637,1.054654110037363
163825592,3.0,12.156511052503813,1.0822604442739379
163826034,3.0,19.36561267982437,1.0516379221526944
163827272,3.0,7.837265302661216,1.1275955274425176
163829075,3.0,14.803667303060164,1.0675508290971443
163837251,3.0,18.58607260242698,1.0538037282749784
163837809,3.0,16.488445942852874,1.060648529489431
163858001,3.0,7.541237039600835,1.1326042391651079
163858538,3.0,12.598451449333213,1.079374834599448
163859629,3.0,19.671728677271542,1.050834373348967
163860478,3.0,14.659761904079565,1.0682139318866917
163861606,3.0,15.11379613348959,1.0661647140908677
16386230x,3.0,16.558767663992878,1.0603909675098893
163863767,3.0,16.677467816050882,1.0599611410454992
163871812,3.0,11.657008620955104,1.0857853015740557
163899452,3.0,17.691593685654162,1.0565240202645443
163901671,3.0,18.0262932198251,1.055474522011004
163904143,3.0,18.602155264658666,1.053757211773189
163906077,3.0,19.79014016182699,1.050530213117383
163906085,3.0,15.736917848762708,1.063544844651942
163907133,3.0,14.411261589714206,1.0693901775201786
163912215,3.0,4.6801348322709355,1.2136690578025018
16391224x,3.0,6.58791011826438,1.1517932063504617
163912266,3.0,17.259293042446842,1.0579398007520144
163916726,3.0,14.559586960175537,1.0686832670964688
163918035,3.0,10.483717164533227,1.0953860147413204
163918190,3.0,13.868550158687139,1.0721055906030386
163922288,3.0,18.43266465644004,1.0542515159169144
16392454x,3.0,19.044711501703105,1.0525080151469122
163925577,3.0,19.022379566609917,1.0525696586222737
163929332,3.0,19.60046479476504,1.0510191982930468
163931176,3.0,19.982059820003553,1.0500448907173685
163932822,3.0,19.181409843525962,1.0521338112348146
163934342,3.0,19.30790233637754,1.0517922652900478
163941227,3.0,17.728967911342366,1.0564048626519447
163941462,3.0,13.891038446138994,1.071988858419577
163942465,3.0,15.507394580078918,1.0644853650196415
163943855,3.0,19.790868572160633,1.0505283533339551
163945076,3.0,19.49378542694296,1.05129839987968
163947426,3.0,15.81386033417449,1.063235666615757
163948074,3.0,19.92924267836031,1.0501775213508653
163948664,3.0,7.397841231131106,1.135174569006951
163951206,3.0,19.878756734567247,1.0503049568618694
16395137x,3.0,4.681387475174466,1.2136118843618542
163952196,3.0,18.248739498933276,1.0547983053875285
16395241x,3.0,19.92456714869897,1.0501892960854258
163952612,3.0,19.535935259353323,1.0511877208193154
163956031,3.0,19.729086184848207,1.0506865848033038
163956373,3.0,19.378972054991095,1.0516023242699526
163957202,3.0,19.89577376044783,1.0502619306009584
16395778x,3.0,17.004687932782186,1.058807312663008
163959750,3.0,4.995637766705561,1.200174641697343
163960022,3.0,19.26507045580874,1.0519074146286593
163963047,3.0,18.817478413272838,1.053142083016535
163963063,3.0,19.467442359281698,1.0513678161488542
163963717,3.0,19.31122812950041,1.0517833455901424
163964517,3.0,18.383763657207208,1.0543958255037704
163966141,3.0,19.872572945288898,1.0503206103584621
163966344,3.0,16.05991160064393,1.0622668433592066
163969078,3.0,15.662305158204703,1.0638475620222576
163972146,3.0,19.355340675345396,1.051665326731954
163973253,3.0,17.435002879078688,1.0573558838467392
163977262,3.0,6.098235109368637,1.163981870502781
16397802x,3.0,12.926915288043864,1.077357975798364
163978206,3.0,19.178282622919593,1.0521423122008287
163978361,3.0,15.891647976877948,1.062926135883137
163978863,3.0,19.6165584986833,1.0509773414162897
163979276,3.0,19.292814511104474,1.051832769108127
16398581x,3.0,15.508490558385828,1.0644808078668413
16398725x,3.0,6.2868052315507805,1.1590633021333998
163990088,3.0,10.017961942312173,1.0998207026297804
163997300,3.0,5.113909809863322,1.1955450989908496
163999306,3.0,19.731064030427632,1.0506815039704844
163999824,3.0,10.76051224140341,1.0929323788278669
164000541,3.0,16.669341531471837,1.0599903720319122
164000787,3.0,17.286992633623672,1.0578469616545663
164033052,3.0,16.095459240902333,1.062129323869105
164035752,3.0,19.370383513460254,1.0516252039772527
164036659,3.0,18.533494279549995,1.053956365967286
164039702,3.0,19.93688070010256,1.0501582978321606
164041001,3.0,5.562583603804799,1.1797725789354432
164055147,3.0,19.81889987085976,1.0504568874415843
164055438,3.0,7.901007959559854,1.1265661299315672
164057417,3.0,12.097887335021095,1.082659060405133
164064780,3.0,19.434151555712695,1.0514558094873994
164065556,3.0,18.896455532699903,1.0529199774142575
164070259,3.0,18.293992761244485,1.0546627525795507
164070582,3.0,19.778073723477927,1.0505610411803112
164071008,3.0,19.281234067922693,1.0518639002294803
164071411,3.0,19.763929860532294,1.0505972246945157
164075332,3.0,14.893358397136309,1.067144023082952
164076271,3.0,19.097146484668293,1.0523638440330771
164076466,3.0,19.157947066722848,1.0521976596196463
164076511,3.0,18.781337546043247,1.053244344155386
164077231,3.0,4.931335885394391,1.2027848078573993
164079237,3.0,7.745764735755999,1.1291028109056553
164080967,3.0,18.176201932276438,1.0550169944043286
16408823x,3.0,8.714849799253553,1.1147466706868145
164091121,3.0,19.738209496172384,1.0506631566654472
164091543,3.0,19.556102726720315,1.0511349328633695
164092546,3.0,18.515062106663166,1.0540100807785096
164092909,3.0,19.291095895579296,1.051837386813735
164093186,3.0,8.237466319601417,1.1213965509783579
164094349,3.0,6.533367437039068,1.1530604255212686
164097160,3.0,19.28461863735494,1.0518547977953252
164097195,3.0,18.758842210163966,1.0533081940130706
164097259,3.0,17.780485580235336,1.0562414336485608
164097355,3.0,19.26010903874219,1.0519207860136448
16409746x,3.0,17.696873845979514,1.0565071553712402
164097523,3.0,4.984154434904872,1.2006358376451645
164097611,3.0,19.693648659944728,1.0507777922348092
164097697,3.0,18.610713485243096,1.0537324912767545
164098040,3.0,18.598025490883344,1.0537691487997043
164098091,3.0,19.60800936700661,1.0509995676400812
169650199,3.0,16.21173571275508,1.0616837097346226
16965355x,3.0,19.862703391496595,1.0503456141034715
169655539,3.0,17.40091270604606,1.0574682499069457
16965646x,3.0,19.92589509532987,1.050185951256683
169656937,3.0,19.063944328565242,1.0524550419768908
169657833,3.0,17.09962953785474,1.058480799118263
169658641,3.0,19.59647899464612,1.0510295752759058
169661656,3.0,19.97708446761846,1.0500573545464522
169662739,3.0,15.109941198065332,1.0661815944146784
169663459,3.0,18.40336722533918,1.0543378821796874
169671870,3.0,15.097077644191751,1.0662379848317682
16967318x,3.0,19.499875615681166,1.0512823783960874
169674668,3.0,15.001475078809573,1.0666601114054814
169674676,3.0,19.55366854963843,1.0511412984965673
169675601,3.0,19.541085377756886,1.0511742301243039
169675791,3.0,11.521376338289098,1.0867951858040337
169676284,3.0,18.44700575445701,1.054209339624583
169677359,3.0,19.33060961146647,1.0517314259663504
169677906,3.0,19.52159848048711,1.05122531338812
169677981,3.0,11.46779925352643,1.0872006893295147
194290738,3.0,18.83488704825907,1.0530929650620033
264570613,3.0,18.737567811931033,1.0533687194643937
264574251,3.0,16.686554673832603,1.0599284885074671
264575289,3.0,19.893196098754082,1.0502684432926608
26458103x,3.0,18.86556843535134,1.0530066190916434
264582788,3.0,12.531404742048146,1.0797995133494156
264583369,3.0,15.520083650992309,1.0644326424062838
264583457,3.0,7.741564004091106,1.129172864743034
264583676,3.0,13.840880928211769,1.0722497365006376
264584097,3.0,16.11455180703334,1.0620557128721098
264585719,3.0,19.50150568710169,1.0512780918583842
264586826,3.0,17.1388368229029,1.0583470167977609
264586893,3.0,15.674950848004933,1.0637960533144049
264588928,3.0,18.49340889552113,1.0540733190754348
264589111,3.0,19.68068149029945,1.050811248609094
264589314,3.0,14.901933377319828,1.0671053865750038
264590489,3.0,18.983177160141103,1.0526782209091794
264590884,3.0,19.983543424427033,1.05004117531917
264592433,3.0,15.608479941861427,1.0640677377761836
264592783,3.0,15.9231406554947,1.062801681002229
264594113,3.0,15.004771812262225,1.0666454653567459
264594121,3.0,12.299835871175667,1.0813018978849525
264594295,3.0,19.035154655758568,1.0525343774760179
264595044,3.0,19.77945776852355,1.050557503229
264595669,3.0,19.200289895233535,1.0520825469540567
264597859,3.0,12.416339673326403,1.0805390337498793
264598237,3.0,9.605807734503287,1.1041036868152254
264598405,3.0,19.532125528917724,1.0511977049563541
264598616,3.0,19.830132490144614,1.0504283065429336
264598835,3.0,19.714916992305557,1.0507230134618515
264604502,3.0,19.359442566252536,1.0516543798499243
264606188,3.0,17.54512831303307,1.0569958784090037
264607543,3.0,19.573807078387414,1.0510886817263136
264608204,3.0,18.754619445328277,1.0533201968141825
264608853,3.0,17.009436140501297,1.0587908965200141
26461118x,3.0,16.86450493493704,1.0592961372929701
264617290,3.0,18.007012812243122,1.0555339195027447
264618939,3.0,15.781542470317467,1.0633651623015201
264619384,3.0,17.189107323545315,1.0581763777011397
264627202,3.0,6.338510508885247,1.1577657714061076
264627210,3.0,13.633197560624104,1.0733503637391888
264627317,3.0,5.061234239631144,1.1975802645468705
264627595,3.0,5.448917401389582,1.183522693837308
264628176,3.0,18.940783301323822,1.0527961269653567
264628221,3.0,17.48026582156733,1.0572073680233278
264628467,3.0,17.648681736295273,1.0566614557926701
264628678,3.0,15.964213937622512,1.0626401026638288
26462882x,3.0,11.552643848718025,1.08656027253112
26462890x,3.0,15.714973562991743,1.0636335782552615
264629398,3.0,9.505087630347191,1.1052068154329548
264629734,3.0,19.29186415860672,1.0518353224850936
264630065,3.0,17.109002510771617,1.0584487610759548
264630348,3.0,10.398176335669868,1.0961707099128146
264630372,3.0,18.394708447611567,1.0543634601683423
264630866,3.0,16.05991491641126,1.0622668305034495
264631295,3.0,18.139817845914376,1.055127345185841
264631631,3.0,19.310703051555834,1.0517847536327494
264706517,3.0,19.500773618875595,1.0512800168621033
264709865,3.0,19.10742748284807,1.0523356689903787
264713506,3.0,19.87362564739252,1.050317944885472
264715544,3.0,16.379788209655242,1.0610508504261698
264715771,3.0,19.97967833098024,1.0500508558463333
264715923,3.0,19.49793999022331,1.0512874693686318
26471850x,3.0,16.318895955960706,1.0612786552900801
264718649,3.0,19.29321036239151,1.0518317056216477
264723229,3.0,19.924854532912384,1.050188572184965
264724520,3.0,17.303112841489106,1.0577930693257815
264726024,3.0,17.863544890035723,1.05597993042007
26472853x,3.0,19.13125259425869,1.0522704927486086
264734905,3.0,19.934504905734997,1.0501642756982796
264740707,3.0,19.54522209792059,1.0511633991668168
264742921,3.0,18.866539876539143,1.0530038897722585
26474760x,3.0,19.901341999771024,1.050247867707188
264755124,3.0,5.765023657349661,1.173459825915047
264760695,3.0,19.513478342308574,1.051246629763174
264762412,3.0,19.38438813543391,1.0515879063612041
264763001,3.0,19.562874731820344,1.0511172316803437
264763386,3.0,19.34338132084289,1.051697269645534
264763407,3.0,19.784934926837188,1.0505435071531903
26476360x,3.0,19.792873537232055,1.0505232349471094
264765250,3.0,19.977416858790523,1.0500565216748718
264766288,3.0,19.74315363453553,1.0506504694493568
264766616,3.0,16.746919344905116,1.0597124748381994
264767109,3.0,17.737789750199767,1.056376809855283
264767600,3.0,17.74356405023306,1.0563584631119736
264767678,3.0,19.344980860080224,1.051692995058143
264767889,3.0,7.102081470216476,1.1408037917043945
264771116,3.0,16.57344151082878,1.0603374983612557
264771191,3.0,18.81766675164908,1.0531415511390307
264773795,3.0,18.91990546499489,1.0528543867119302
26477419x,3.0,19.84739834205964,1.0503844374343436
264777972,3.0,18.155686436183036,1.0550791623062552
264781242,3.0,17.305087141946636,1.0577864758378508
264781429,3.0,19.78901799291972,1.0505330785164675
264782683,3.0,19.950709420697855,1.0501235308937211
264784267,3.0,19.9111376689162,1.0502231472971595
264786203,3.0,19.666887885325828,1.0508468856806845
264786422,3.0,19.77305220289155,1.050573881550455
264797068,3.0,16.83607384351723,1.0593962707276348
264798845,3.0,18.80942263051999,1.0531648429429945
264799725,3.0,7.220467099080531,1.1384951951553581
264799784,3.0,19.704004099201015,1.0507511059663528
264801493,3.0,19.077714579270243,1.0524171800476874
264801522,3.0,17.127833139342844,1.0583845015224365
264808839,3.0,16.49176425162762,1.0606363263955405
264809196,3.0,19.82212057860404,1.0504486891820948
264809233,3.0,5.291866618860415,1.1889692375155416
264809305,3.0,10.247018786866168,1.0975893594809958
264810226,3.0,17.793709493391958,1.0561996361900463
264810373,3.0,7.9559659390864645,1.1256918402688416
264812715,3.0,17.228707928203512,1.058042657880513
264813734,3.0,6.262407647459236,1.15968299355372
264813929,3.0,13.210374482474718,1.0756980811805623
264813996,3.0,4.961834153827128,1.2015383765353558
264821136,3.0,18.739961843520277,1.0533619016063136
264821611,3.0,19.71425101742698,1.0507247269559479
264821953,3.0,4.384500764768772,1.228076137660963
264824265,3.0,19.63401278781909,1.0509320234639146
264826025,3.0,19.196551274062642,1.0520926902818815
26482701x,3.0,19.82641686142465,1.0504377572099604
264833620,3.0,19.9598557540696,1.0501005624650424
264834762,3.0,15.597156450847416,1.0641142507707337
264835298,3.0,19.027789426845764,1.0525547123508276
264835335,3.0,19.52502286332446,1.0512163292714185
264835482,3.0,17.372493566543515,1.0575622604877997
264836493,3.0,18.60231357801529,1.0537567542771575
26483755x,3.0,19.6390950314193,1.0509188431748084
264843140,3.0,19.86363480427882,1.0503432533800203
264850148,3.0,8.787347200050572,1.1137999873265785
264850826,3.0,19.665274254936612,1.0508510579123487
264854843,3.0,19.453613481691715,1.0514043316909285
266970514,3.0,19.587753197748963,1.0510523075262619
26697067x,3.0,17.0752501363626,1.0585642958090815
294295907,3.0,19.099588201095607,1.052357149770519
427401006,3.0,15.234000601293193,1.0656426388689464
42800001x,3.0,15.487560981498927,1.0645679459273527
428000079,3.0,10.255539687808135,1.0975082765452908
490713611,3.0,19.62377516224207,1.0509585944463984
550801048,3.0,19.239122593544987,1.0519774223142335
550806906,3.0,17.435355953923676,1.0573547223608566
550806973,3.0,8.989894151078584,1.1112360149290548
550809592,3.0,19.944905552994566,1.050138116590372
550811027,3.0,19.9545861095453,1.0501137931155409
550813161,3.0,16.699587187436144,1.0598817197560635
550815300,3.0,19.85410816955959,1.0503674096796352
550818763,3.0,10.608993568140734,1.0942596480596465
550818907,3.0,13.690948926613975,1.0730409561353407
550819272,3.0,19.984786357345246,1.050038063060527
550822076,3.0,19.82402417152818,1.0504438448696116
550827344,3.0,19.953629974397412,1.0501161944610131
550828742,3.0,17.723248611541663,1.056423064524908
550829219,3.0,12.201416488320096,1.081957697367126
550833867,3.0,19.591007630309285,1.0510438267837177
550834173,3.0,19.95702742377818,1.0501076627678796
550834966,3.0,19.44549176797429,1.0514258015138989
550836013,3.0,19.988617796765887,1.0500284717116257
550837040,3.0,19.213860999858145,1.0520457600899362
553950639,3.0,19.900532141871004,1.050249912558669
55395068x,3.0,19.990149703440988,1.0500246378759168
553953821,3.0,19.96684504939304,1.0500830250110245
553957144,3.0,19.839336819867423,1.0504049106620632
553958278,3.0,19.59623723738554,1.0510302048238225
553967692,3.0,19.96363630771421,1.0500910748215537
553972459,3.0,16.718662052677292,1.0598133987545888
553974358,3.0,19.556617542867016,1.0511335867671419
553975043,3.0,19.61781387314987,1.0509740792968099
553975959,3.0,18.032716357561366,1.0554547623425956
553979079,3.0,19.87223188097966,1.050321474003991
553980440,3.0,19.877001081664485,1.050309400089657
553981101,3.0,19.99874901561445,1.0500031276565964
553982841,3.0,19.9820351239864,1.0500449525684
553991270,3.0,19.79508188976776,1.050517598541328
553991799,3.0,17.69496871990178,1.0565132392054069
553993460,3.0,19.958857073099534,1.0501030693459796
553993786,3.0,19.958694252453164,1.0501034780808414
557702464,3.0,19.58173421695058,1.0510679998472439
557715994,3.0,19.78697694371268,1.0505382910610683
557718618,3.0,19.930865560340976,1.0501734356178605
557719063,3.0,19.731901080843276,1.050679354001569
557721307,3.0,19.15881529453,1.052195294157124
557722625,3.0,19.95929154436227,1.0501019787088817
557729368,3.0,19.983425187380327,1.050041471400584
557737392,3.0,19.731901080843283,1.050679354001569
557739363,3.0,19.79489400856838,1.0505180780239158
561153648,3.0,19.90977202352457,1.0502265921889231
561162624,3.0,19.608303107452247,1.0509988036455813
610154744,3.0,18.98397191927446,1.052676015548922
613750939,3.0,15.669207396599228,1.0638194373645877
613791351,3.0,15.468903529510655,1.0646458230276152
614070070,3.0,16.186900247235425,1.0617783506864318
614071321,3.0,19.578046323238127,1.051077619466711
614071508,3.0,19.55745127875241,1.0511314069377955
614071778,3.0,19.40508709088843,1.0515328787403146
61407192x,3.0,17.536288093778253,1.057024610604726
614076384,3.0,18.531759385007895,1.0539614172202665
614211697,3.0,19.9485086483397,1.0501290606545282
614211822,3.0,19.32958892572227,1.0517341576089743
614213713,3.0,19.9506817026243,1.0501236005318284
614214134,3.0,13.517503347360543,1.073978158118619
614217642,3.0,19.91664260729909,1.0502092656737998
614219162,3.0,17.441733749562935,1.0573337498644628
614232666,3.0,18.210812408419304,1.054912432107514
614238240,3.0,11.660648127797536,1.0857585263735148
614245109,3.0,16.512870166424623,1.060558824112436
614248019,3.0,18.85843315426015,1.0530266746881938
614249396,3.0,17.577658177321453,1.0568903997285708
614256107,3.0,14.040245026308765,1.0712238282256605
614257783,3.0,13.722582724641782,1.0728725794601544
614258591,3.0,19.751150344173436,1.0506299624363398
614258954,3.0,18.803897264506954,1.0531804649819874
614260368,3.0,17.399695696250788,1.0574722694843148
614260982,3.0,19.812619452429704,1.0504728818115652
614261838,3.0,16.619951206427494,1.0601686483660233
614261918,3.0,19.64326508958988,1.050908033641004
614262275,3.0,16.325504516243345,1.0612538497052286
614262785,3.0,18.958050671758848,1.0527480392005526
614273783,3.0,19.80057924049453,1.0505035730447159
614278947,3.0,19.229923536708103,1.0520022868573082
614279237,3.0,17.081239113299084,1.0585437621572442
61427927x,3.0,19.154377756398418,1.0522073863592858
61428022x,3.0,12.337284571620849,1.0810551133999353
614281206,3.0,19.833091845074055,1.0504207819845481
614281230,3.0,19.58474503524854,1.0510601490190556
614281265,3.0,19.87146336097891,1.0503234201646001
614281476,3.0,18.649132163700923,1.053621798120259
614287157,3.0,14.871962773273943,1.0672406201686488
614300075,3.0,9.633207112342648,1.1038075885152245
614300091,3.0,19.18671443421522,1.0521193976920156
614300198,3.0,19.861808692077478,1.050347881983119
614300219,3.0,19.024881495798724,1.0525627452775899
614300251,3.0,19.945441927852904,1.0501367682710276
614300366,3.0,5.81304098990701,1.17202699959217
614300577,3.0,16.423598530918387,1.0608879958991595
614300614,3.0,19.96198333798464,1.0500952226574176
614300649,3.0,19.385816492572086,1.051584105337176
614300665,3.0,14.4016230141651,1.0694366182906208
614300673,3.0,18.938121536984784,1.052803547492663
61430069x,3.0,18.066669788820555,1.0553505439402444
614300788,3.0,19.765081729400496,1.0505942759909008
61430085x,3.0,19.651819018397415,1.050885874689963
614300948,3.0,19.488484956590867,1.0513123519979837
614301027,3.0,9.584381632576742,1.104336412961798
614301078,3.0,19.116527643711088,1.0523107553127713
614301270,3.0,17.415049825408545,1.0574215985613202
614301350,3.0,16.56691087109112,1.060361283270074
614301764,3.0,17.99673576460425,1.05556563218352
61430181x,3.0,17.831918527677487,1.0560792153938943
614301860,3.0,17.956545228684373,1.0556899997891893
614301959,3.0,19.310030573213453,1.0517865570543001
614302169,3.0,19.805804951600038,1.050490247805819
614302185,3.0,19.001856543983536,1.0526264366687172
614302214,3.0,18.76123408204712,1.0533013977453067
614302257,3.0,5.152858207145604,1.1940670516827483
614302660,3.0,19.87874721021723,1.0503049809640932
614302679,3.0,19.966743591419085,1.0500832795003068
614302783,3.0,19.584675482152992,1.051060330354275
614302943,3.0,19.25390284868832,1.0519375218551144
614303102,3.0,19.37587337717036,1.0516105767484139
614303110,3.0,17.530958415414002,1.0570419469548655
614303209,3.0,19.738569048881683,1.0506622337983844
614303380,3.0,19.570929998535505,1.0510961921622952
614303428,3.0,19.352020226086793,1.051674191547815
614303575,3.0,19.883553752827122,1.0502928205104087
614303831,3.0,19.59320569326217,1.0510381004341667
614304025,3.0,14.718029218236664,1.0679438792498748
614304359,3.0,17.532106494693686,1.0570382115978285
614304578,3.0,15.714307153814913,1.063636276815248
614304893,3.0,19.928186105575985,1.0501801817135878
614304906,3.0,19.577837793587403,1.0510781635103517
614304981,3.0,19.82249711371456,1.050447730891994
614305175,3.0,19.359790933264534,1.0516534503625126
614305183,3.0,19.963317021855218,1.0500918759595528
614305511,3.0,17.658908573328574,1.0566286413368926
614305554,3.0,18.987127039817512,1.05266726229318
61430560x,3.0,19.969026253415063,1.0500775544740937
614305685,3.0,3.4353696010431998,1.2910894943287428
614305706,3.0,18.97920071312678,1.0526892578415254
614305976,3.0,18.925804164655837,1.052837913321935
614306127,3.0,19.966231955108096,1.0500845628884004
614306258,3.0,15.007121906026658,1.0666350287724666
614306434,3.0,17.850983829108475,1.056019321375966
614306522,3.0,18.698719775849334,1.053479597105443
614307007,3.0,18.169328287270748,1.0550378079029257
614307154,3.0,19.972248960507915,1.0500694739975127
614307170,3.0,19.426392369158357,1.0514763616937757
614307330,3.0,19.702841591733478,1.0507541003841578
614307541,3.0,19.063856323014523,1.0524552841280475
614308114,3.0,17.76838559232685,1.0562797331701224
614308317,3.0,19.80643972507403,1.050488629651802
614308341,3.0,4.970720906522061,1.2011780622581132
614308499,3.0,8.411046773967003,1.1188912660782122
614308624,3.0,19.895480600888867,1.0502626712096275
614308739,3.0,19.682308167785695,1.0508070492279311
61430878x,3.0,17.217219688593442,1.058081387011778
614308878,3.0,13.963552743144819,1.071615012196014
614308886,3.0,19.745249183433273,1.050645093951968
614309213,3.0,18.96452033462939,1.0527300444385082
61430923x,3.0,8.980103667697447,1.111357289069738
614309424,3.0,15.95272365373369,1.0626852205119188
614309600,3.0,19.902631903037854,1.050244611108311
614309643,3.0,19.963466121064254,1.0500915018432024
614309854,3.0,19.972888144459194,1.050067871645164
614310011,3.0,11.333214210080305,1.0882362215575658
614310222,3.0,14.654648196283862,1.0682377349907028
614310281,3.0,19.817458829165805,1.0504605564527918
614310345,3.0,19.828261138463073,1.0504330658657803
614310396,3.0,18.18162666488746,1.0550005793448178
614310564,3.0,19.880148684854582,1.0503014346548543
614310716,3.0,19.560095527945865,1.0511244946923333
614310812,3.0,19.000720258606584,1.0526295838468038
61431088x,3.0,19.794396346263625,1.0505193481279747
614311081,3.0,11.467421142262744,1.0872035645673235
614311268,3.0,9.849549851683765,1.1015274824797248
614311452,3.0,17.511918390356975,1.0571039664364046
614311559,3.0,14.843947799532385,1.0673675233505941
614311567,3.0,18.668729650351708,1.0535655086730105
614311970,3.0,19.505205150941837,1.0512683661751547
614312543,3.0,19.953201299046665,1.050117271159279
614312674,3.0,19.458271013443557,1.0513920275500896
614312690,3.0,18.06998460243161,1.0553403902660456
614312914,3.0,19.167690165253415,1.0521711271091374
614313124,3.0,18.22729834446995,1.0548627657868668
614313255,3.0,19.779919720569772,1.050556322478906
614313343,3.0,19.624836442433924,1.0509558386860103
61431352x,3.0,18.11398746519452,1.0552059562766878
614313626,3.0,16.08222675870429,1.0621804439773095
614313802,3.0,17.164031264128973,1.0582613713883111
614313925,3.0,18.88695083839471,1.0529466089342028
614314100,3.0,15.242733989202153,1.0656050286456742
614314223,3.0,19.83451029595393,1.0504171761782286
614314282,3.0,5.315292411865513,1.1881364038914708
614314338,3.0,17.85766321750501,1.0559983681974554
614314362,3.0,19.943646199392873,1.0501412825920688
614314450,3.0,18.746918195352787,1.0533421007964867
614314565,3.0,19.68969644735837,1.0507879846026862
614314645,3.0,12.460188921031763,1.0802556049781944
614314696,3.0,19.440681305609058,1.0514385264734256
614314709,3.0,19.547011183481423,1.0511587163179745
614314741,3.0,19.94594791897011,1.0501354963956826
614314872,3.0,18.58078862088082,1.053819028912272
61431504x,3.0,15.713890825456563,1.0636379628131307
614315066,3.0,18.87300870164259,1.0529857224043437
614315146,3.0,11.439291688251938,1.0874179999297502
614315293,3.0,19.006929540564265,1.0526123905423976
614315496,3.0,19.28555034338365,1.0518522926333327
614315621,3.0,19.86724255520729,1.0503341114007738
61431563x,3.0,19.835144817746333,1.0504155633441763
614315699,3.0,19.91374658223626,1.0502165675288866
614315824,3.0,19.52557043247822,1.0512148929762704
614315955,3.0,16.259590249500345,1.0615021648550296
614315963,3.0,16.686554673838955,1.0599284885074445
614316077,3.0,19.458951684138636,1.0513902298660374
614316114,3.0,19.43955729180447,1.0514415006982485
614316130,3.0,19.61055322219049,1.050992952043211
614316261,3.0,19.29735711961381,1.0518205676456909
614316309,3.0,18.964724838414764,1.0527294758305383
614316325,3.0,18.04767949934885,1.055408785380751
614316421,3.0,13.49010512172685,1.0741284067823478
614316579,3.0,8.911244434499697,1.1122177724278912
614316616,3.0,9.377033371805046,1.1066435364309153
614316667,3.0,18.55523032719022,1.0538931601692183
614316704,3.0,19.297233184012804,1.0518209004609258
614316798,3.0,11.838714270489874,1.084468632078796
614316886,3.0,12.92126275464724,1.0773918168052377
614316915,3.0,19.809101125558175,1.0504818463827101
614316931,3.0,12.897448417368711,1.077534715987181
614316966,3.0,17.40435130462536,1.057456895835827
614317061,3.0,19.29884390315348,1.051816575387534
614317117,3.0,19.417627573641735,1.051499597270958
614317133,3.0,19.700212035525304,1.050760874969097
614317168,3.0,13.857691405427694,1.0721620918480206
614317213,3.0,18.634333398808728,1.0536643827604764
614317221,3.0,18.52388256263334,1.053984362976756
614317459,3.0,17.15408930715379,1.0582951378003476
614317635,3.0,19.92498441882242,1.050188245018417
614317811,3.0,19.184329879159133,1.052125875977891
614317897,3.0,10.139211592279818,1.098626997858632
614318216,3.0,16.457640467649487,1.0607620516419523
614318451,3.0,18.984753665243336,1.0526738464787546
614318638,3.0,19.141716706165987,1.052241918285097
614318777,3.0,14.45210396943575,1.0691940773547481
614318849,3.0,19.24696412936108,1.0519562458411043
614318953,3.0,17.162910901473822,1.0582651745814358
614319411,3.0,19.947986335170793,1.0501303732215255
614319614,3.0,11.114337458317793,1.0899738741738147
614319710,3.0,18.06434937698942,1.055357653859032
61431985x,3.0,18.090616798420655,1.0552772750173616
614319892,3.0,18.97577830981806,1.0526987606870701
614319999,3.0,19.547588585866222,1.0511572051768598
614320009,3.0,17.32918079647734,1.0577061323177654
614320033,3.0,19.71108105341569,1.0507328845784798
61432013x,3.0,19.991580266126903,1.0500210581999048
614320172,3.0,14.695634320884562,1.068047419945586
614320199,3.0,19.936762965166302,1.0501585940379192
614320244,3.0,19.957368224443766,1.0501068071077229
614320359,3.0,19.923328879555157,1.0501924154364672
614320412,3.0,19.588043040208355,1.051051552109994
61432048x,3.0,17.033260402640867,1.0587086662424863
614320607,3.0,11.652764201105576,1.085816548137576
61432064x,3.0,15.307358453532505,1.0653280579425661
614320797,3.0,19.506656241541766,1.0512645523465154
614320914,3.0,16.64004955000766,1.0600959748944703
614321060,3.0,10.413605582797157,1.096028219241562
614321140,3.0,19.854931521005362,1.0503653210257642
614321167,3.0,19.239654694600738,1.0519759848018806
614321327,3.0,19.599360273716616,1.0510220734776243
614321335,3.0,18.605253962072585,1.053748258531624
614321343,3.0,19.660544227361164,1.0508632919025873
614321431,3.0,18.768416478106552,1.0532810000868482
614321458,3.0,5.542218153430912,1.1804331717583059
614321503,3.0,19.507978846210246,1.051261076705251
614321538,3.0,19.78013096166366,1.0505557825647425
614321618,3.0,17.173181018551674,1.058230330124613
614321693,3.0,19.82437609978597,1.0504429493753802
614321722,3.0,18.00339308889945,1.0555450850326975
614321810,3.0,19.780791490919686,1.0505540943828788
614321829,3.0,18.89429777502395,1.0529260209565388
614322039,3.0,19.94855062665664,1.0501289551664836
614322071,3.0,16.75152507134744,1.0596960572688658
614322194,3.0,16.575409254776844,1.060330335416111
614322354,3.0,9.979526862726336,1.100205151381977
614322426,3.0,19.929386551041418,1.0501771591131963
614322557,3.0,19.848004417170852,1.0503828989041781
614322565,3.0,19.526528316055686,1.0512123806041727
614322653,3.0,13.600951903643509,1.073524265587037
614322725,3.0,19.85746417830471,1.0503588973406055
614322768,3.0,19.94265651469145,1.0501437709295809
614322848,3.0,19.26769285853854,1.0519003498416701
614322856,3.0,19.619200286439995,1.0509704771550326
614322880,3.0,19.756041449184575,1.0506174277155749
614322899,3.0,19.292486571635298,1.0518336501770718
614322901,3.0,17.11956758824193,1.0584126903232545
614322952,3.0,15.033792030297572,1.0665168174459712
614322987,3.0,8.860715207387248,1.1128577069226073
614323023,3.0,8.973374306749879,1.1114407987247104
61432312x,3.0,18.839851815141913,1.0530789737526642
614323154,3.0,19.774444256766085,1.0505703213205517
614323170,3.0,19.713564752523137,1.0507264927755904
614323218,3.0,19.432654677773407,1.051459773076901
614323322,3.0,10.76315178016722,1.0929095882344293
614323437,3.0,18.015845486427988,1.0555066927474115
614323509,3.0,16.668249368456554,1.059994302814573
614323517,3.0,19.986879705294456,1.0500328222686557
61432355x,3.0,17.25296320327666,1.0579610579480099
614323576,3.0,11.813536724721834,1.0846486554621133
614323621,3.0,19.974904770649516,1.0500628168935937
614323760,3.0,19.950057179214312,1.0501251696181546
614324034,3.0,19.972256804512156,1.0500694543329765
614324368,3.0,16.08346720044426,1.0621756482938192
614324624,3.0,18.9640405602845,1.052731378464474
614324683,3.0,19.809829466929823,1.0504799903335555
614324915,3.0,19.93272337189758,1.050168759247914
614324990,3.0,18.626852219919204,1.053685936206152
614325010,3.0,19.89904235259658,1.0502536746382427
614325053,3.0,12.966647298470226,1.0771209378169773
614325061,3.0,19.56914109592227,1.0511008630934944
614325133,3.0,19.661392932714726,1.0508610963334186
614325221,3.0,19.25490731989517,1.05193481242918
614325299,3.0,12.66776982093516,1.0789404934045588
614325328,3.0,17.334601605625522,1.0576880866806582
614325344,3.0,19.4760072566937,1.0513452262992102
614325432,3.0,15.538539939949317,1.0643561109257773
614325520,3.0,19.09834231265972,1.0523605653113217
614325539,3.0,13.716571557737089,1.07290451522749
61432558x,3.0,16.785618462721047,1.059574808174086
614334814,3.0,19.839826536546866,1.0504036664916352
614334865,3.0,8.833462712481538,1.113205889077566
614334873,3.0,19.91506612246903,1.0502132402599336
614335163,3.0,19.878306513119348,1.0503060962129755
614335198,3.0,13.413274057280614,1.0745530133604635
614335243,3.0,19.48881931570597,1.0513114716597585
61433534x,3.0,13.734425627808527,1.0728097429844659
614335358,3.0,14.617970856557012,1.0684089474396128
61433585x,3.0,18.033201360057618,1.0554532708881594
614335972,3.0,18.40809709631823,1.0543239203252577
614336799,3.0,15.565317499798134,1.0642453968583017
614337329,3.0,19.967540164468303,1.0500812815080485
614338129,3.0,18.906307263861503,1.0528924017812538
614338321,3.0,18.868480833578964,1.0529984373845491
614338786,3.0,19.39356255476029,1.051563501918555
614339228,3.0,18.2078227020761,1.0549214486741447
614339287,3.0,11.840687027379229,1.0844545589025112
614339527,3.0,17.44217874742114,1.057332287123124
614339543,3.0,19.80975478365022,1.0504801806444035
614340069,3.0,19.616364776984113,1.0509778448437757
614340093,3.0,19.44923203372459,1.0514159118604796
614340472,3.0,16.748601544270002,1.0597064774248044
614340683,3.0,19.374489237835213,1.0516142638768078
614340704,3.0,19.98078289969973,1.0500480889572665
614341096,3.0,18.96690894926264,1.0527234038332258
614341205,3.0,19.843687324254123,1.0503938599545328
614341723,3.0,19.646662430760554,1.050899230519394
614341942,3.0,18.466804965781716,1.0541512190036642
614342144,3.0,15.901739372995618,1.0628862023545804
614342371,3.0,19.874137235099795,1.050316649632161
614344238,3.0,19.21073685885598,1.0520542240179094
614344799,3.0,9.587768147880217,1.104299560082822
614345660,3.0,19.018311750140366,1.0525809027182773
614346532,3.0,18.973631006036232,1.052704724766802
614370014,3.0,2.210100976933846,1.452468014102838
614370022,3.0,15.711457136605253,1.0636478202693342
614370049,3.0,15.427498176906333,1.0648193238160233
614370102,3.0,19.626413275569693,1.0509517447716628
614370137,3.0,12.558230649739002,1.079629051885648
614370209,3.0,19.55516009122518,1.0511373977679028
614370233,3.0,18.83596650715843,1.0530899223896983
61437025x,3.0,18.82132891297834,1.0531312111181717
614370268,3.0,16.838281481631295,1.0593884833847735
614370321,3.0,19.662267882043764,1.0508588330704838
614370348,3.0,4.714742321864779,1.2121006688663485
614370372,3.0,19.203783434845068,1.0520730721314795
614370620,3.0,16.486821159739623,1.0606545064273503
614370639,3.0,13.455174932948868,1.0743208471820913
614370655,3.0,19.95236175592757,1.0501193799627713
614370735,3.0,12.543334596407796,1.0797236167395536
614370778,3.0,19.583978015729677,1.051062148823738
614370815,3.0,13.665325896836523,1.073177910834274
614370831,3.0,9.025310283115784,1.1107995147680145
614370911,3.0,9.039521805839003,1.1106253208387704
614370970,3.0,12.900533934448946,1.077516171429901
61437105x,3.0,19.47277673022658,1.0513537444532886
614371105,3.0,19.81532576001021,1.05046598840268
614371199,3.0,19.50613659931682,1.051265918030894
614371367,3.0,13.967094290066392,1.0715968532346212
614371674,3.0,19.242761198677588,1.0519675939266306
614371690,3.0,19.72518658530292,1.0506966053616493
614371770,3.0,18.21293703280903,1.0549060263151728
614371789,3.0,14.213219824160767,1.0703570346741644
614372028,3.0,19.539244218440835,1.0511790522100244
614372108,3.0,19.648429619958026,1.0508946526181535
614372191,3.0,19.71906539756791,1.050712342590199
614372204,3.0,18.55334622673015,1.0538986330433096
614372212,3.0,17.799437941108827,1.0561815492887245
61437228x,3.0,19.403939910726145,1.0515359254151895
614372298,3.0,17.28535627840213,1.0578524378609129
614372319,3.0,10.503351172576394,1.0952077088130632
614372538,3.0,19.943630701031704,1.0501413215572764
614372597,3.0,19.62588901503964,1.0509531058304509
614372829,3.0,16.385660236200934,1.0610289720148531
614372933,3.0,11.777935246115534,1.0849045252078295
614372992,3.0,11.487714192991819,1.0870495194431333
614373012,3.0,19.700172310243833,1.0507609773281026
614373290,3.0,10.059469333740408,1.0994088223566532
614373338,3.0,18.339529888516154,1.054527024742667
614373418,3.0,19.177364686215732,1.0521448080256188
614373514,3.0,16.420859183009288,1.0608981533094628
614373776,3.0,19.142785796889445,1.052239000666376
614373805,3.0,9.579800635566302,1.1043863059412078
614373928,3.0,18.90357963321959,1.0529000337186234
614373952,3.0,5.93505179151573,1.1684905263050138
614374226,3.0,18.65298463938419,1.053610723395364
614374269,3.0,19.779271777015687,1.0505579786391348
614374330,3.0,18.06276703621569,1.0553625033193978
61437439x,3.0,16.025176548899534,1.0624018086133766
614374541,3.0,19.778737592012153,1.0505593441112167
614374648,3.0,19.91023773053511,1.0502254173724084
614374656,3.0,19.733798837525207,1.050674480277889
614374664,3.0,19.3153481261786,1.0517723001142638
614374760,3.0,19.246068358994187,1.0519586640422938
614374971,3.0,18.852973953789306,1.0530420294671339
614374998,3.0,19.933530529319526,1.0501667277921056
614375018,3.0,11.388629502532579,1.0878068778844392
614375149,3.0,17.53666176464393,1.0570233955253743
614375237,3.0,19.912697273584406,1.0502192137137831
61437535x,3.0,19.11530728470988,1.0523140949347902
614375659,3.0,8.543297417824375,1.1170508237151666
614375704,3.0,19.692878953372798,1.0507797769116298
614375894,3.0,19.863110704327855,1.0503445817166048
614375923,3.0,19.415912170152705,1.051504147280665
614376037,3.0,19.608145731798285,1.0509992129637384
614376272,3.0,19.47338204151798,1.051352148171692
614376678,3.0,19.42126855421344,1.0514899424416357
614376707,3.0,18.585629022194997,1.053805012399946
614376790,3.0,19.53597098969562,1.0511876271994598
61437682x,3.0,19.740721386130105,1.0506567100786197
614376838,3.0,19.493199600958636,1.0512999415422197
614377013,3.0,17.98255597037923,1.0556094473804054
61437703x,3.0,19.538186731514564,1.0511818222305669
614377048,3.0,14.130090363046417,1.0707709557622676
614377056,3.0,17.304551289817354,1.057788265251838
614377363,3.0,19.804191164553018,1.0504943621120904
614377857,3.0,19.984133337458378,1.0500396981502118
614377881,3.0,15.221047429936416,1.0656985010133548
614377937,3.0,16.708730909807148,1.0598489499530483
614378139,3.0,10.303802212061285,1.0970515523705835
614378163,3.0,18.740239180836987,1.0533611119020594
614378534,3.0,18.687565096186326,1.0535115192831663
614378665,3.0,19.05307318985045,1.052484971323823
614378876,3.0,19.751953195255734,1.0506279044970699
614378948,3.0,18.842145281912785,1.0530725129775926
614379334,3.0,19.867094851473375,1.050334485614329
614379342,3.0,17.644868551955312,1.056673700745092
614379764,3.0,19.051727714275348,1.0524886779297558
614379844,3.0,16.959610978922782,1.058963616632645
614379967,3.0,10.65162445308646,1.093882393657827
614380386,3.0,10.103187631771613,1.0989786626208236
614380423,3.0,18.72870842549932,1.0533939648843318
614380597,3.0,13.058744226344219,1.0765770416103746
614380677,3.0,19.628521191749318,1.0509462730396797
614380730,3.0,18.499873765764775,1.0540544228929045
614380765,3.0,18.778789087709423,1.0532515699137648
614380829,3.0,19.782193688492576,1.0505505110174767
614380853,3.0,19.16701310395556,1.05217297001762
614380917,3.0,4.921729059680171,1.2031806277578765
614381055,3.0,5.087351256730597,1.196565943559921
614381063,3.0,19.03688715012154,1.052529596467856
614381100,3.0,18.468425379950638,1.054146467791759
614381119,3.0,11.313832981212908,1.0883873751416113
614381135,3.0,15.539152939690572,1.0643535721593789
614381493,3.0,16.09521517715215,1.0621302659823737
614381581,3.0,19.897182899512625,1.0502583709990672
614381602,3.0,12.781920326377525,1.0782355056568722
614381821,3.0,7.206223702053371,1.1387689365950513
614381856,3.0,19.499370485865757,1.0512837068624783
614382162,3.0,6.591914407053064,1.1517009988676497
614382197,3.0,15.81752250411084,1.0632210259059285
614382330,3.0,19.530432328038312,1.0512021435677272
61438239x,3.0,19.47166338192126,1.0513566807511916
614382488,3.0,19.432205965339534,1.0514609613434347
614382517,3.0,19.51710749213901,1.0512371006002184
614382568,3.0,15.588974000925218,1.0641479035079955
614382832,3.0,17.587780420975463,1.056857657763761
614382840,3.0,19.668729971968162,1.0508421235852645
614382867,3.0,19.259919788786267,1.051921296192637
614382998,3.0,14.069283513631074,1.0710768248454974
614383026,3.0,9.376752755197689,1.1066467279352847
614383114,3.0,19.182616920462316,1.0521305306854816
614383229,3.0,11.368958891213538,1.0879588016430288
614383368,3.0,18.13608561257486,1.0551386898673791
614383501,3.0,19.450750800304203,1.0514118971687387
614383894,3.0,18.900517270285626,1.0529086048651244
61438394x,3.0,19.86998814955264,1.050327156336151
614383966,3.0,19.41374206192974,1.051509904520726
614384133,3.0,18.393281696347863,1.0543676770958474
614384416,3.0,17.082354614055436,1.0585399391707508
614384854,3.0,19.528203808651803,1.0512079866534862
614384977,3.0,19.826803701004334,1.0504367731218998
614385101,3.0,11.244400155996018,1.0889331566047795
614385355,3.0,12.673134424842692,1.0789070774819318
614385398,3.0,10.506131479102901,1.0951825133722188
614385478,3.0,18.08492699444265,1.0552946661220857
614385531,3.0,19.91658735702411,1.0502094049584918
614385566,3.0,13.927484933876014,1.0718004725725954
614385582,3.0,12.372047638246285,1.0808273641712027
614385590,3.0,19.63987017303386,1.0509168335223025
614385910,3.0,18.413286145585044,1.054308611298031
61438597x,3.0,19.57256499373407,1.05109192383932
614386163,3.0,19.45834228538055,1.05139183931158
614386374,3.0,19.93969299707389,1.0501512234991155
614386411,3.0,19.810467333825564,1.0504783649546996
614386550,3.0,11.322196982300943,1.088322081091083
614386921,3.0,18.585780686792084,1.0538045733376509
614387078,3.0,17.619037880422212,1.0567567881280948
614387107,3.0,19.625999749483086,1.0509528183412078
614387123,3.0,19.99096271481957,1.0500226034266318
614387529,3.0,19.57200620284684,1.0510933825401376
614387713,3.0,19.84946522815777,1.0503791910011477
614387908,3.0,4.926088142073983,1.2030008337566975
614387959,3.0,9.284881747561347,1.1077019640301449
614388046,3.0,17.1345177344748,1.0583617242980812
614388214,3.0,19.943778653816207,1.050140949584228
614388505,3.0,18.760111543764268,1.0533045871111781
614388863,3.0,19.622411452293022,1.0509621359449755
61438896x,3.0,14.59082265236283,1.0685362315632052
614389073,3.0,19.713450668235833,1.0507267863363614
614389225,3.0,19.823789508756875,1.0504444419952232
614389233,3.0,19.693650492039815,1.0507777875109645
614389399,3.0,19.92152996747251,1.0501969478063573
614389428,3.0,19.86255522322366,1.0503459896655583
614389436,3.0,19.3893875973603,1.0515746046634367
614390082,3.0,5.059513055983742,1.1976474789045812
614390285,3.0,15.006793120210125,1.0666364886881308
614390656,3.0,8.512501049126938,1.1174742880181567
614390875,3.0,19.94056557732489,1.050149028929106
614390904,3.0,14.773192798423587,1.0676901746050933
614391106,3.0,19.344898475513528,1.051693215204297
614391130,3.0,18.27847253102561,1.054709166660541
614391149,3.0,18.370228164512543,1.0544359052617427
614393013,3.0,12.527069369592853,1.07982713039231
614393179,3.0,12.841676169472432,1.0778714543804824
614393208,3.0,17.434947812486758,1.0573560649997362
614395393,3.0,19.833518815489782,1.0504196965401325
661251413,3.0,5.188803057006126,1.1927226739989216
661251974,3.0,19.666307089365997,1.050848387318264
661252387,3.0,19.72742049398361,1.0506908645408037
661252483,3.0,5.283725040419292,1.1892604161553124
661253734,3.0,19.39842282777352,1.0515505826880038
661253961,3.0,19.384265307840117,1.0515882332458348
661254243,3.0,19.96667281732721,1.0500834570260595
661254374,3.0,19.099402899267144,1.0523576577380003
661255262,3.0,19.98854648440968,1.0500286501962492
661255756,3.0,19.640444752685184,1.050915343954382
661256759,3.0,19.828383768594424,1.0504327539586897
66125709x,3.0,19.393136193921368,1.0515646355494292
661258164,3.0,19.919263468799983,1.0502026594289655
661258199,3.0,10.19840372505885,1.098054560984173
661258789,3.0,19.567362169033707,1.051105508824411
661259116,3.0,19.96853968906834,1.050078774691143
661264185,3.0,19.906328778092867,1.0502352800030366
661264441,3.0,19.626279840329165,1.0509520911826165
661264492,3.0,19.78181458073377,1.0505514797906323
661264652,3.0,19.975819495585096,1.0500605244366077
661265516,3.0,19.74614037679481,1.0506428082105188
661266287,3.0,19.62147638754569,1.050964564554109
66126779x,3.0,17.330096562405036,1.057703082980469
661268442,3.0,16.282754903990043,1.0614146688257866
661268848,3.0,19.87539432813316,1.0503134671690273
661269058,3.0,19.81346094312788,1.050470738195128
661269269,3.0,19.416548047219166,1.0515024605593175
661269656,3.0,19.98562809918912,1.0500359555895356
661270550,3.0,19.77980819974118,1.0505566075212542
661271166,3.0,17.464731818348934,1.0572582511086355
661271406,3.0,19.705320974125137,1.0507477143515243
661271588,3.0,19.888191146743264,1.0502810935706313
661272214,3.0,19.967648334682742,1.0500810102040437
661272281,3.0,19.648723345504294,1.0508938918023294
661272476,3.0,19.83013249019061,1.0504283065428166
661273145,3.0,18.898463915968907,1.0529143534864236
661273516,3.0,19.516932575002507,1.0512375598038808
661273903,3.0,19.112275675125687,1.052322393052413
661273997,3.0,18.101543277698163,1.0552439084700607
661274201,3.0,19.800189268241073,1.0505045677317828
661274711,3.0,19.653477561259386,1.0508815804675293
661275650,3.0,19.51150369001949,1.0512518161535402
661275749,3.0,19.953661976162255,1.050116114084455
661275773,3.0,16.999096139873686,1.0588266571217493
661276637,3.0,16.57706645349094,1.0603243042311272
661277445,3.0,19.842214426431973,1.0503976007167775
661277656,3.0,19.986530369323454,1.0500336967708443
66127771x,3.0,19.845677697012558,1.0503888058280082
66127907x,3.0,19.662043883707696,1.0508594124758626
661279459,3.0,19.411806248388345,1.051515041269435
661279803,3.0,19.25998688669103,1.0519211153093264
661279897,3.0,19.667905784806994,1.05084425413368
66127990x,3.0,18.706157054306782,1.0534583344455437
661280337,3.0,19.875347670036746,1.0503135852817085
661280716,3.0,19.530750271335013,1.0512013100422304
661281161,3.0,16.38000234783676,1.0610500522994166
661281284,3.0,19.9751682671466,1.0500621565048196
661281778,3.0,19.96432925245494,1.0500893362033203
661281954,3.0,19.953207680513625,1.0501172551306928
661282201,3.0,19.80560985692289,1.0504907451587742
661282543,3.0,19.939445682655805,1.0501518455385068
661282666,3.0,19.784525901650085,1.0505445520893981
661282869,3.0,19.569027889537143,1.0511011587108352
661283108,3.0,19.905544149736166,1.0502372601561487
661284274,3.0,19.952316837472374,1.0501194927960398
661284733,3.0,15.320944820759333,1.0652701260724493
661286181,3.0,19.766846561219985,1.0505897588117
661286210,3.0,19.681217661147937,1.0508098643700317
661286528,3.0,19.97339487313527,1.0500666014141153
661286640,3.0,4.9807248772012445,1.2007739886572328
661287571,3.0,19.511079531957087,1.051252930334383
661287803,3.0,19.892351366612246,1.0502705779508008
661287811,3.0,17.92086536755424,1.0558008767707447
661288080,3.0,19.934691613286226,1.0501638058616123
66128870x,3.0,19.91003041759272,1.0502259403439378
661288726,3.0,19.759048640523748,1.0506097240911236
661289614,3.0,9.140870716117321,1.1093987685699116
661289649,3.0,19.99921702127262,1.0500019575234534
66128969x,3.0,19.552470784054563,1.051144431363402
661290682,3.0,19.74780525251183,1.0506385386736992
661291394,3.0,19.970887608622657,1.050072887074295
661292290,3.0,19.629944490498573,1.050942579103269
661292397,3.0,19.576056737765374,1.0510828106699772
661292768,3.0,19.727158992253013,1.050691536495078
661292813,3.0,19.977705270313024,1.050055799025427
66129283x,3.0,19.862015850512257,1.0503473568607695
661292995,3.0,19.627233850142307,1.0509496145832464
661293015,3.0,16.897049098652815,1.0591819313633721
661293891,3.0,19.96345981942968,1.0500915176550079
661294640,3.0,19.723965318844307,1.0506997443888526
661295467,3.0,18.435294711596196,1.0542437761719632
661295985,3.0,14.555938323090334,1.068700483459296
661296398,3.0,19.47112272930048,1.0513581067667548
661297585,3.0,19.78586352983039,1.0505411350124971
661298422,3.0,19.89111629098856,1.0502736993425068
661298801,3.0,19.976354512432582,1.0500591836902793
661298895,3.0,18.655674968406117,1.0536029922097983
661298983,3.0,4.78170056241617,1.2091306193156321
661352011,3.0,10.279979079693458,1.0972764625538343
66353998x,3.0,19.17572408873164,1.0521492693247312
664501203,3.0,18.250177686184635,1.0547939870611232
664502724,3.0,15.867384799226008,1.0630223576634241
664503612,3.0,18.888941485981544,1.0529410290535417
664504607,3.0,19.880001542433735,1.0503018069624144
664506397,3.0,18.90248758353736,1.0529030899018246
664507197,3.0,19.815421838244806,1.0504657437102827
66450739x,3.0,14.81812978226242,1.0674848995584463
664507859,3.0,19.300148214080078,1.0518130736048166
664508050,3.0,10.890740499136939,1.0918211208943274
664509205,3.0,4.991730803420542,1.2003313158062847
66450931x,3.0,18.372455141780737,1.0544293069316524
664509993,3.0,19.92009764089955,1.050200557147211
664510281,3.0,19.878106780745064,1.0503066016814362
664510417,3.0,19.12998025011683,1.0522739692840974
664510839,3.0,18.34577848121521,1.0545084527769661
664511399,3.0,10.987578446367062,1.0910118644322981
664512500,3.0,19.782606238465572,1.05054945682817
664512893,3.0,19.947545292552626,1.050131481610088
664513597,3.0,18.293215199042603,1.0546650760470109
664513642,3.0,11.669927921561195,1.0856903321701254
664513677,3.0,19.455727759788292,1.0513987455183678
664513722,3.0,5.9204376533326375,1.168906432016406
664513781,3.0,19.806990654103075,1.0504872253167266
66451408x,3.0,7.797356946561764,1.1282485856237412
664514573,3.0,16.087251366684285,1.0621610228625469
664514602,3.0,19.898688228290837,1.0502545689709464
664514872,3.0,19.941773050529513,1.0501459924083052
664515103,3.0,19.689076408264278,1.0507895839939074
664517045,3.0,19.73708223499655,1.0506660502344598
66451803x,3.0,19.879917318266056,1.0503020200733522
664518187,3.0,18.688621802886537,1.0535084935929062
664518427,3.0,19.746353195209835,1.0506422624022842
664518689,3.0,19.455515153782834,1.0513993071936503
664518865,3.0,19.8836673096618,1.0502925332850486
664518937,3.0,19.77779434183179,1.0505617554069167
664519606,3.0,19.966769630943435,1.0500832141845446
664519809,3.0,19.588945324940013,1.0510492006288277
66452080x,3.0,19.969751996727187,1.0500757345491265
664523293,3.0,6.616997663775371,1.1511259412217236
664523621,3.0,15.38689177906279,1.0649903836563481
664524923,3.0,19.9953159928143,1.050011712761097
664525491,3.0,19.860255321270838,1.0503518199450828
664526152,3.0,18.717222426156496,1.0534267305923846
664526515,3.0,19.45630092475335,1.0513972313579785
664527286,3.0,19.207807232694478,1.05206216346746
664527446,3.0,8.682774443162506,1.1151705605789954
664527833,3.0,19.968661996898387,1.0500784679592114
664528246,3.0,17.696184503926645,1.0565093565665586
664528529,3.0,19.69558052251762,1.05077281163948
664529388,3.0,9.839200430611609,1.1016342747616779
664529433,3.0,16.982335185354597,1.058884716918224
66453067x,3.0,19.281290986443892,1.0518637471268428
664530768,3.0,18.700540854721385,1.0534743892044987
664532202,3.0,19.285777223054396,1.0518516826381563
664533846,3.0,15.824465143129071,1.0631932890593903
664533854,3.0,19.35738974596135,1.051659857714475
664534259,3.0,19.921477385352894,1.050197080299639
664535219,3.0,16.479184090128896,1.0606826159918321
66453665x,3.0,19.785525429374836,1.0505419986731985
664536721,3.0,19.56672477132473,1.051107173616788
664537206,3.0,19.91224887375313,1.0502203445899136
664537951,3.0,19.152353241857433,1.0522129049820625
66453796x,3.0,19.81019332420637,1.050479063158767
664538030,3.0,19.284959864457363,1.051853880279161
664538129,3.0,19.023981175301778,1.052565232838764
664538858,3.0,15.92649685292984,1.0627884467773614
664542283,3.0,19.983041308302997,1.0500424327094042
664542478,3.0,19.84415629727554,1.0503926690064063
664546428,3.0,19.942077470077443,1.0501452269203384
664546604,3.0,17.875762744937045,1.0559416688545629
664547105,3.0,19.996338772688645,1.0500091547441583
664547623,3.0,17.804532765435546,1.0561654727576637
664547834,3.0,19.845426314141257,1.0503894441051855
664547850,3.0,19.973800549365258,1.0500655845405336
664548044,3.0,11.915486355623367,1.0839243963825331
664548108,3.0,17.620144553864478,1.0567532233883221
667850441,3.0,19.24317706143996,1.0519664708591092
667851719,3.0,19.919997751984408,1.0502008088781225
667851962,3.0,18.81061204717879,1.0531614812687597
667852746,3.0,13.116189324220631,1.0762416564202362
667852922,3.0,19.334257442673103,1.0517216656996031
667853503,3.0,19.210846688848484,1.0520539264196243
667854469,3.0,19.641170972448325,1.0509134613920297
667856579,3.0,17.570777453247278,1.0569126780337879
667857694,3.0,19.69236440514251,1.0507811037530292
667857985,3.0,18.221287160349263,1.0548808649575572
66785846x,3.0,13.501504027453697,1.0740658224421975
667859366,3.0,17.01959500899783,1.0587558046752186
667859948,3.0,15.72357138812453,1.0635987827011912
667860252,3.0,19.20616736795272,1.0520666086492922
667860519,3.0,19.673939827746494,1.0508286600831056
667860535,3.0,19.998827071871712,1.0500029324923008
667861888,3.0,19.971291537743394,1.0500718743257098
667862071,3.0,19.684968637591446,1.0508001825357418
667863672,3.0,10.662835385723193,1.0937836854669005
667863760,3.0,19.950275562140988,1.0501246209299318
667864077,3.0,19.969931203107905,1.050075285178968
66786494x,3.0,19.947282520121167,1.0501321420093832
667866355,3.0,18.498556948619264,1.0540582707493105
667867534,3.0,19.923776106554786,1.0501912887723632
667870821,3.0,19.91232718852186,1.0502201470743426
667871592,3.0,19.795325017396607,1.05051697808049
667871728,3.0,19.906575853148855,1.0502346564962763
667871891,3.0,19.922740421323777,1.0501938979704657
667872077,3.0,18.39684771158967,1.0543571385531456
66787251x,3.0,14.086805406965151,1.070988415833838
667872747,3.0,15.230744080432776,1.065656674074428
667873459,3.0,18.0065943089323,1.0555352102037387
667873707,3.0,19.8980008698378,1.0502563049696032
66787390x,3.0,19.906697223923683,1.0502343502164795
667874152,3.0,19.651069866350117,1.0508878145974316
667874304,3.0,10.456735216399984,1.0956321432364122
667874320,3.0,19.33042205503918,1.0517319278985588
667874531,3.0,19.72831049613105,1.0506885777267199
667875446,3.0,19.894487629964964,1.0502651799131437
66787681x,3.0,19.358452056981463,1.0516570228371829
667877580,3.0,19.57069401120254,1.0510968082903747
667877847,3.0,19.090055452293125,1.052383294668737
667878380,3.0,19.376550263435032,1.0516087738221944
667878719,3.0,17.787319681036816,1.0562198250175998
667878866,3.0,16.771108237858677,1.0596263518079638
667879367,3.0,19.907264893951577,1.0502329177477228
667879711,3.0,19.554371802427244,1.0511394592525787
667879818,3.0,19.877064261067385,1.0503092401808385
667879973,3.0,19.846876672238032,1.0503857617757462
667880464,3.0,19.624167891732647,1.05095757463537
667880886,3.0,19.911002015423975,1.050223489467047
66788123x,3.0,14.08137498105691,1.071015792232311
667881416,3.0,19.482876767668344,1.0513271223713476
667881715,3.0,19.99181660195383,1.0500204668695425
66788211x,3.0,19.918201198576934,1.050205336818841
667882961,3.0,19.89238294929495,1.0502704981373507
667883526,3.0,19.158120485593038,1.0521971871276206
667884254,3.0,19.95749883597821,1.0501064791845187
667884270,3.0,17.08355724200126,1.0585358181457327
667884879,3.0,19.959206071979523,1.0501021932632826
66788502x,3.0,15.116984547333864,1.0661507588943304
667885193,3.0,4.432825009564224,1.2255897757846088
66788561x,3.0,19.545573584575216,1.0511624790990617
667886276,3.0,19.578267582465855,1.0510770422249
66788676x,3.0,18.73481305592309,1.0533765667698427
66788756x,3.0,19.238336777999773,1.051979545401428
667888714,3.0,19.280939716608202,1.0518646920066153
667888730,3.0,19.65455636568287,1.0508787876660506
667889127,3.0,19.604950214875117,1.0510075256014297
667889274,3.0,18.859043808285872,1.0530249576895645
667889346,3.0,18.930406462187026,1.0528250675439788
66788940x,3.0,19.986956376188374,1.0500326303404233
667889493,3.0,19.972051064254167,1.0500699701188825
667889653,3.0,19.822167338071978,1.0504485701762452
66789169x,3.0,17.665759010218448,1.0566066818539508
667891710,3.0,19.20305858853905,1.0520750377024226
667892860,3.0,17.956651412593924,1.0556896704749
667894057,3.0,12.968282191890758,1.0771112152868878
667894794,3.0,19.04115839365923,1.0525178132194417
667896052,3.0,19.661613558056086,1.0508605256149113
667896108,3.0,19.88013086868228,1.0503014797339854
671751147,3.0,19.862695073561106,1.0503456351867921
671752385,3.0,19.966874413564707,1.0500829513567052
671752692,3.0,14.627357208228812,1.0683650495277053
671754022,3.0,12.742575713136253,1.0784770695118653
671755252,3.0,19.986244815289094,1.0500344116286926
671755543,3.0,19.965314986613578,1.0500868631759872
67175564x,3.0,19.566747964243167,1.0511071130382743
671755826,3.0,19.929711263744313,1.0501763415819865
671755850,3.0,8.096098947057945,1.1235162769797165
671757581,3.0,19.95482310992381,1.0501131979216938
671762751,3.0,12.423324278927797,1.0804937533262478
671763551,3.0,19.932193401846867,1.0501700931673352
671764570,3.0,19.80885565125505,1.050482471961304
671764693,3.0,19.36103852373381,1.0516501219071563
671765039,3.0,19.914597394053843,1.050214422125279
671766365,3.0,19.872469937532895,1.0503208711923278
671767325,3.0,19.375179120005516,1.0516124260739075
671769590,3.0,19.863496127325433,1.0503436048513302
671771180,3.0,19.855242976156212,1.050364530980602
671771295,3.0,19.887930713704293,1.0502817520030339
671771949,3.0,18.98632051292334,1.0526694995651913
671773493,3.0,19.708579604956665,1.0507393236876645
671773530,3.0,19.682348740221926,1.0508069444962351
671776694,3.0,19.891151221184007,1.0502736110585196
671776803,3.0,19.82566305808855,1.0504396749339495
671777486,3.0,19.238692570015314,1.0519785841143157
671779334,3.0,17.14660213851161,1.0583205927286305
671779561,3.0,13.474107978373011,1.0742164157809242
671779676,3.0,19.633807266743673,1.0509325566057597
671779967,3.0,19.979907284666186,1.0500502823037352
67178001x,3.0,17.749991097715263,1.0563380564246434
671780028,3.0,7.127531242089402,1.1403010335605144
671780642,3.0,19.709720193402752,1.0507363874366273
671781071,3.0,19.68109154444372,1.0508101899603386
671781776,3.0,19.80441131978727,1.0504938007927993
67178263x,3.0,17.714218355589395,1.056451827561698
671783130,3.0,19.821293703280887,1.0504507937256626
671783261,3.0,16.351441028900272,1.0611566893849023
671783579,3.0,18.558968309532553,1.053882305488197
671783587,3.0,18.015070386694145,1.0555090809269663
67178378x,3.0,17.057937287173452,1.05862373528316
671784192,3.0,4.94215593775384,1.2023408432665703
671784395,3.0,18.455383131481124,1.054184732599466
671786614,3.0,19.953480034531644,1.05011657105775
671786657,3.0,19.97741762503614,1.0500565197549245
671786788,3.0,6.545484057718159,1.1527770889336812
671786868,3.0,18.911665227683507,1.0528774165553738
671788871,3.0,19.71755482349826,1.0507162276941284
671789268,3.0,16.03074640372539,1.0623801272140148
671790971,3.0,14.955100986772651,1.0668668169398836
671792387,3.0,19.437787078836266,1.0514461855119708
671792678,3.0,15.733602576127847,1.0635582343688579
671792694,3.0,19.814340447875928,1.05046849793616
67179493x,3.0,19.970886525264927,1.0500728897905915
67179530x,3.0,18.367281344642112,1.054444638879107
671795537,3.0,19.28264892469486,1.0518600947362229
671795633,3.0,19.086926373990945,1.0523918822971237
671795705,3.0,18.664147581964606,1.053578659063236
671795713,3.0,19.669310097155957,1.0508406240514045
671796505,3.0,15.889743937447982,1.062933676208794
67179709x,3.0,19.84465515292404,1.0503914022336969
671797196,3.0,19.592353305935475,1.051040320904026
671797700,3.0,19.82844566344061,1.0504325965319503
671798789,3.0,18.023949249142394,1.0554817363374223
671799191,3.0,19.844655154934483,1.0503914022285918
671799562,3.0,19.673156766435348,1.050830683243785
675250390,3.0,19.880009455691482,1.0503017869397295
675250956,3.0,19.85647511952685,1.0503614057369428
675252046,3.0,19.765235620906015,1.0505938820654526
675252118,3.0,19.865507693677277,1.050338507095808
675252556,3.0,10.943763991565715,1.0913762395434234
675253399,3.0,19.61034896068754,1.050993483186081
675253575,3.0,19.97507573787339,1.050062388404564
675254826,3.0,17.488534571819034,1.057180319820015
675255407,3.0,19.784513944723457,1.0505445826363957
675257277,3.0,18.827268675362344,1.0531144489008444
675257285,3.0,19.200642401850075,1.0520815907650904
675257496,3.0,19.979961738895607,1.0500501458945875
675257728,3.0,14.333049840936415,1.06976882178585
675257912,3.0,19.85850216109992,1.0503562651345812
675258923,3.0,13.826246638501924,1.0723262087062226
675259651,3.0,19.8264236230959,1.0504377400084952
675260249,3.0,19.688948486613153,1.0507899139804198
675262535,3.0,19.914472583809157,1.0502147368348091
675262949,3.0,19.867339912800585,1.0503338647443032
675263159,3.0,19.97904370633395,1.0500524456875266
675263175,3.0,19.11792063410394,1.052306943790536
675263319,3.0,19.333405527847233,1.0517239447835318
675263335,3.0,19.98064458448884,1.0500484354131552
675264151,3.0,19.88937274672757,1.050278106440764
675264573,3.0,19.92490769986312,1.050188438263474
675265592,3.0,9.75372190776252,1.1025249652857283
675266552,3.0,19.863504873326644,1.0503435826847876
675267029,3.0,17.618095803379788,1.056759823034233
675267299,3.0,19.877480029862337,1.0503081878838605
675268099,3.0,19.827923361608377,1.0504339250138641
675269104,3.0,19.020814941791123,1.0525739829266134
675269251,3.0,19.791648061028692,1.0505263632880113
675270084,3.0,19.855799321806906,1.0503631198015653
675270869,3.0,5.03984355109065,1.1984188576217996
675271976,3.0,19.989704047143242,1.0500257531397976
675272055,3.0,19.76774847799296,1.050587450620048
675272602,3.0,19.693806337318684,1.050777385685217
675272856,3.0,19.981834257646447,1.0500454556426586
675273680,3.0,17.927859060048142,1.055779108740791
675273971,3.0,19.987440047762522,1.050031419612035
67527443x,3.0,19.79329434212642,1.0505221608245214
675275555,3.0,19.94295467643099,1.0501430212435783
675275934,3.0,19.91215446190638,1.0502205827055573
675276398,3.0,19.88325356312958,1.0502935798120256
67527670x,3.0,19.92746353841708,1.0501820012402558
675277585,3.0,18.87339829840132,1.0529846286391733
67527996x,3.0,19.53106658888768,1.0512004808057414
675281744,3.0,19.12354460607406,1.0522915610363561
675282122,3.0,19.70413625861392,1.0507507655689723
675283651,3.0,19.477698934546673,1.0513407668616517
675284101,3.0,19.49711832457455,1.0512896307727475
675285251,3.0,19.66723390173119,1.0508459911036079
675285534,3.0,19.89683041891895,1.0502592613469304
675285542,3.0,12.144250658350613,1.082343491429204
675286721,3.0,16.091299070976085,1.0621453864967125
675289404,3.0,19.709410733720578,1.0507371840543722
67528956x,3.0,19.15151350339454,1.0522151943668971
675289631,3.0,19.940392110922485,1.0501494651879109
675290544,3.0,18.36671747818192,1.0544463103539277
675291416,3.0,19.09516614784607,1.0523692746246567
675291491,3.0,15.775895158236903,1.0633878451884793
675293972,3.0,19.939724535924288,1.0501511441744522
67529457x,3.0,19.70039760142286,1.0507603968321824
675295935,3.0,19.84669947548575,1.0503862116335858
675296735,3.0,10.26544829572278,1.0974141577837047
675296751,3.0,18.66103565288704,1.053587593882834
675297527,3.0,17.529521186428514,1.0570466237705458
675299725,3.0,19.878789093906942,1.0503048749738237
678204218,3.0,19.76693987683182,1.0505895199879707
679050249,3.0,19.818331917652085,1.0504583334336683
679050986,3.0,18.65770144733989,1.053597170199257
679051276,3.0,19.93348088289691,1.0501668527375974
67905395x,3.0,19.992287280636297,1.0500192892370328
679054717,3.0,19.95508438555759,1.0501125417802666
679055517,3.0,19.675437893554193,1.0508247900458474
679056018,3.0,19.995739575714826,1.0500106533300984
679057184,3.0,19.57589907282986,1.0510832220926158
679057408,3.0,18.227673234279276,1.0548616374205888
67905846x,3.0,19.95543444990746,1.0501116626906932
679058558,3.0,19.82906868803523,1.0504310119518319
679059171,3.0,19.953025829388412,1.0501177118974667
679060076,3.0,19.593148778069867,1.0510382486922814
679060527,3.0,19.956439248913757,1.0501091395878366
679061538,3.0,19.261378042694425,1.0519173652987557
67906208x,3.0,19.360931072006675,1.0516504085614904
679062899,3.0,18.137238268590842,1.0551351856986821
67906347x,3.0,4.968393863220147,1.201272287892223
679065395,3.0,15.720955885852916,1.063609363658344
679065643,3.0,16.936733807071704,1.059043261315382
679066857,3.0,19.945280023559697,1.0501371752524298
679067155,3.0,13.691036199228078,1.0730404905405466
679068270,3.0,18.735859125585954,1.0533735866232248
67906830x,3.0,6.436499549275477,1.1553639509090876
679069177,3.0,18.80461155648828,1.0531784449253865
679069820,3.0,19.9910392506572,1.0500224119147346
679069871,3.0,18.871657412084158,1.05298951640356
679069919,3.0,19.983195191187065,1.0500420473519179
67907008x,3.0,19.832651893838097,1.0504219004777013
679071189,3.0,18.41396414060938,1.0543066116760074
679071314,3.0,19.882694822247828,1.050294993155608
67907227x,3.0,17.23540643175256,1.0580200997266715
679072288,3.0,19.986820836100954,1.050032969635359
679072472,3.0,19.287970973399588,1.0518457851984078
679073774,3.0,18.497558260037387,1.0540611893711629
679074400,3.0,19.489263580348503,1.0513103019966503
679077193,3.0,7.9863545539641665,1.1252135743840264
679078030,3.0,19.896372880394065,1.0502604171127796
679079770,3.0,19.225253505238257,1.0520149188008123
679082072,3.0,19.81765503850086,1.0504600568562348
67908211x,3.0,19.912866630771624,1.0502187866037673
679082187,3.0,19.99418214104369,1.0500145488795571
679082515,3.0,19.179154716744765,1.0521399412418802
679082902,3.0,19.23812479442416,1.0519801181604682
679084879,3.0,16.274973669786657,1.061444031817786
679085193,3.0,19.990304967068436,1.0500242493372351
67908537x,3.0,10.764422209246884,1.092898622941506
679086962,3.0,19.149061846370184,1.0522218794854201
679087690,3.0,19.85151935501227,1.0503739780374801
679087949,3.0,19.92875550231273,1.0501787479847375
679088060,3.0,19.9720540318136,1.0500699626792063
679088327,3.0,19.903110482426854,1.0502434029536707
679089020,3.0,18.37656967178533,1.0544171201622772
679089338,3.0,19.988288277786484,1.0500292964611346
679089362,3.0,19.96490966440519,1.0500878800259672
679090558,3.0,19.901038054202907,1.050248635135332
679092043,3.0,19.982634386300685,1.0500434517625745
679092297,3.0,19.19805131281513,1.052088620022204
679092617,3.0,15.454499215625935,1.0647060759489966
679092780,3.0,19.936182669799415,1.0501600540365665
679093177,3.0,19.78050213634823,1.0505548339019373
67909388x,3.0,19.314914057625707,1.0517734636051974
67909484x,3.0,15.99045510214299,1.0625373070129807
679095025,3.0,19.026123266965485,1.0525593146837364
679095156,3.0,19.95232226477636,1.0501194791628536
67909599x,3.0,19.988979379626375,1.0500275667410635
679097522,3.0,19.985760715275276,1.0500356235745227
679098082,3.0,19.465881052306138,1.0513719362258986
679098154,3.0,10.652068254020023,1.0938784822020462
682552266,3.0,15.003913513342757,1.0666492778108
68255363x,3.0,19.168795682156105,1.05216811825747
682555272,3.0,11.687943089440978,1.0855582536933648
682556611,3.0,16.259019418262884,1.061504324109285
682557075,3.0,19.84681444216968,1.0503859197612713
68255718x,3.0,14.022361012095962,1.0713146665627409
682557374,3.0,19.97205106425417,1.0500699701188825
682557921,3.0,19.42899971263563,1.051469453640974
682558449,3.0,19.763797781190657,1.0505975628303437
682560282,3.0,19.611538299267302,1.0509903906945106
682561840,3.0,19.70875584468519,1.0507388699662474
682564670,3.0,19.8283361625776,1.0504328750431071
682564865,3.0,18.832540522772454,1.053099580419901
682565171,3.0,19.964282083719567,1.0500894545472024
682565200,3.0,19.941881490719922,1.0501457197238564
682567409,3.0,14.68542282530684,1.0680947366579556
682569527,3.0,19.903834724427032,1.050241574744024
682570245,3.0,17.292587924281808,1.0578282443540927
682570982,3.0,19.751209443412172,1.0506298109422125
682572224,3.0,18.092540804613165,1.0552713966932177
682572670,3.0,19.594240908484824,1.05103540395724
682573243,3.0,19.94537238118061,1.0501369430907967
682575214,3.0,16.867457039614056,1.0592857594153908
682577762,3.0,19.463172973182473,1.0513790840464636
682579792,3.0,19.07225612374214,1.0524321817781772
682580734,3.0,19.84798773359034,1.0503829412544234
682581614,3.0,19.41507906774588,1.0515063573272432
682583601,3.0,19.32885256158901,1.0517361285060054
682584452,3.0,19.091401646612077,1.052379600959129
682585033,3.0,19.462195607919078,1.0513816642348979
682585615,3.0,19.972325138645086,1.0500692830232905
682586087,3.0,19.964262659210025,1.0500895032824402
682586271,3.0,15.569809778984693,1.0642268604559155
682587901,3.0,19.574869229563852,1.05108590960545
682588162,3.0,19.899446709374065,1.0502526534835226
682593850,3.0,19.24823345461095,1.0519528195851369
686751377,3.0,18.106749321674176,1.0552280247677024
686751932,3.0,19.865950540421643,1.0503373849625408
686754498,3.0,5.020145740682143,1.1991974041502864
686756186,3.0,19.794670079463593,1.0505186495145211
686756231,3.0,18.691618371121354,1.0534999153173918
686756346,3.0,19.253471951549706,1.051938684228821
686756397,3.0,19.88997915383336,1.050276573558262
686757656,3.0,19.985590008392947,1.0500360509537146
686758376,3.0,19.831737254327624,1.0504242259352132
686758456,3.0,19.889887513068533,1.0502768052027924
686759221,3.0,19.8321650621029,1.0504231382135323
68675958x,3.0,18.99623744199145,1.0526420036101194
686761233,3.0,18.77824717133388,1.0532531066864728
686767272,3.0,19.984034309710392,1.0500399461140884
686767766,3.0,18.54365058046395,1.0539268142300695
68676862x,3.0,17.75587922811436,1.0563193738340266
686768910,3.0,19.704209781612537,1.0507505762008875
686769681,3.0,19.685802150922928,1.0507980316135157
686770412,3.0,19.99523240339871,1.0500119218334278
68677160x,3.0,19.54926747801121,1.051152811793321
686773955,3.0,19.952500587963588,1.050119031225753
686777999,3.0,13.415054452008404,1.0745431189696206
686778430,3.0,19.59248784892614,1.051039970406556
686781656,3.0,17.319010808432793,1.0577400182412895
686782624,3.0,19.956131533294112,1.0501099122508606
686785243,3.0,19.92954539114071,1.0501767591971531
686786852,3.0,13.83654747073555,1.0722723643390817
686787054,3.0,19.876386496280997,1.0503109556753238
686787329,3.0,19.52814349480954,1.0512081448124238
686788065,3.0,19.9146017057626,1.0502144112533587
686790851,3.0,4.905696769427815,1.2038446416484558
686792646,3.0,19.990131466099367,1.0500246835142564
686793083,3.0,19.90792955423852,1.0502312406358247
686794836,3.0,16.972334818795748,1.0589194127193724
686795919,3.0,10.911542727440779,1.0916460692111998
686796006,3.0,18.49020775690042,1.0540826805813908
686796743,3.0,19.957322786509568,1.0501069211886458
686797981,3.0,18.92542472328197,1.0528389726847083
686799565,3.0,5.007291818859434,1.1997087519911673
689643910,3.0,19.305224341258022,1.0517994498444059
690300894,3.0,19.874628234024517,1.0503154065688656
690302478,3.0,19.816019583109224,1.0504642214247901
690305521,3.0,19.39978512715985,1.0515469626825913
690309258,3.0,19.219178481798455,1.052031360286656
690309418,3.0,19.942137532656236,1.050145075890809
690311892,3.0,8.408704021270632,1.1189243904257307
690315519,3.0,19.96672044899417,1.0500833375493257
690316052,3.0,19.90640586582364,1.0502350854664755
690316482,3.0,19.585747079825296,1.0510575366834014
690317565,3.0,18.001084052505057,1.0555522099159822
690319499,3.0,16.61804796258693,1.060175539404589
69031951x,3.0,19.80428151844515,1.050494131739575
69032241x,3.0,19.722396951534627,1.0507037761412763
690322743,3.0,19.92066242469745,1.0501991338782093
690323287,3.0,19.638642405018498,1.050920016739266
69032372x,3.0,15.219550895654246,1.0657049611290133
690327464,3.0,19.56889695969517,1.0511015006139404
690328512,3.0,19.6439608200961,1.05090623063028
690331623,3.0,18.463686378513625,1.0541603653517269
690331762,3.0,19.86544844700431,1.0503386572252689
690332116,3.0,15.036211972302874,1.0665061121672152
690335122,3.0,19.969994263760565,1.050075127052725
690336328,3.0,19.878725380446095,1.0503050362063786
69033682x,3.0,18.753477542362774,1.0533234434915375
690336870,3.0,4.936022464626504,1.2025922708347454
690337822,3.0,19.98236416726528,1.0500441284939737
690338585,3.0,19.753616512417405,1.0506236414669377
690339086,3.0,19.960834773195508,1.0500981051825975
690339705,3.0,19.8639581536369,1.0503424338827914
690341143,3.0,17.607141503782657,1.0567951362113586
690342576,3.0,19.84096127820778,1.0504007838117373
690344221,3.0,19.91074127932966,1.0502241471560956
690345160,3.0,19.50332311526289,1.0512733134804817
690347772,3.0,9.982836266019573,1.1001719324400707
690347780,3.0,17.364591937111562,1.057588453769697
69375033x,3.0,19.80519733357221,1.0504917968327878
693751180,3.0,15.386728783804893,1.0649910721148563
693751447,3.0,15.92951820367526,1.0627765376964935
693751842,3.0,19.92897748959858,1.0501781890476782
693754402,3.0,13.092277396999359,1.0763809052983548
693756336,3.0,16.655914113933218,1.0600387341793187
693758470,3.0,19.662602966664586,1.0508579663483706
693760095,3.0,19.980406299661738,1.0500490322870426
693760351,3.0,19.95272382473413,1.0501184704797228
693760917,3.0,17.91969200425538,1.0558045305556887
693761389,3.0,19.810193324206374,1.050479063158767
693763982,3.0,19.970205780646364,1.0500745966758702
693766761,3.0,19.831538179644998,1.0504247321080922
693768716,3.0,19.57960822771632,1.0510735449029276
693769014,3.0,19.956399245975593,1.0501092400324503
693774331,3.0,19.144448466271587,1.052234463780024
693775043,3.0,19.922838848506277,1.050193649991551
69377629x,3.0,19.824049204516843,1.0504437811712126
693776644,3.0,9.621459393451577,1.1039343366849945
693777604,3.0,19.294965356311277,1.0518269912142084
693778244,3.0,5.482526889498979,1.182397646223197
693779378,3.0,19.944684398003304,1.0501386725427508
693788661,3.0,19.98021690640918,1.0500495067037647
693788936,3.0,19.966772306165215,1.0500832074742108
693791182,3.0,18.472809004465443,1.0541336187559927
693791596,3.0,19.117041528400456,1.0523093491487368
693794092,3.0,16.675046342145837,1.0599698483279485
693794260,3.0,19.90915552585325,1.0502281474822697
693794316,3.0,19.54200042898226,1.0511718338986895
693795618,3.0,19.872326941076153,1.0503212332891423
693796207,3.0,19.283966675604216,1.05185655092762
693796864,3.0,19.71795797208548,1.0507151907624355
695453937,3.0,19.921490991880525,1.050197046014657
697150833,3.0,19.821646262274747,1.0504498963793556
69715210x,3.0,19.989165895532036,1.0500270999413497
697153495,3.0,19.263951741311455,1.0519104290453294
69715456x,3.0,19.974155852470215,1.0500646939668457
697154930,3.0,19.911526022058165,1.0502221677480768
697155431,3.0,15.977596481119502,1.0625876364559392
697156055,3.0,17.796381458050185,1.056191198326312
697156696,3.0,16.10394260748325,1.0620965948757985
69715747x,3.0,18.44982845297808,1.0542010459635782
697158907,3.0,19.954221204789828,1.0501147095512782
697160855,3.0,12.439771061120904,1.0803873314940164
697162789,3.0,19.993565993608243,1.0500160901921993
697162893,3.0,19.869135020179783,1.0503293172543426
697167213,3.0,19.644321486399328,1.0509052960007983
697172434,3.0,7.797486730731472,1.1282464510082202
697175969,3.0,17.694334064381184,1.0565152662067687
69717750x,3.0,19.986318800002767,1.050034226412913
697177710,3.0,19.948544882547424,1.0501289696009297
69717777x,3.0,12.932584180324012,1.0773240665636978
697177841,3.0,19.385784946953528,1.0515841892776774
697179361,3.0,18.237912614394954,1.0548308362444239
697182368,3.0,19.98014251862561,1.050049693042369
697183651,3.0,19.97667874959516,1.0500583711904696
697185382,3.0,19.749802012699945,1.0506334189758944
697186086,3.0,19.96157021334948,1.0500962594280905
697186625,3.0,19.98856524091006,1.0500286032512893
69718761x,3.0,19.81450340294146,1.0504680828817314
697190878,3.0,6.3355572247987215,1.1578393130261355
697191758,3.0,19.661065788197913,1.0508619426216597
697193833,3.0,19.96331573845355,1.0500918791798595
697194094,3.0,19.86653028586298,1.0503359160160746
697197068,3.0,19.980030140881347,1.0500499745470298
704943461,3.0,18.63823521534321,1.0536531484041358
706400014,3.0,19.14075678832695,1.0522445382415524
706400030,3.0,19.931748232732012,1.0501712137000505
706400110,3.0,19.592349827113974,1.0510403299667554
706400225,3.0,13.479294676201276,1.0741878580461317
70640113x,3.0,19.855135084662162,1.0503648046581404
706401332,3.0,18.91692627682301,1.0528627106415909
706402458,3.0,7.180232651856664,1.139271253242946
706403354,3.0,19.658575174731403,1.050868386498599
706403418,3.0,14.8873296872897,1.0671712134415727
706405763,3.0,19.847966769227526,1.050382994471273
706406088,3.0,4.843694630403434,1.2064539729080133
706406395,3.0,19.743345443603335,1.0506499773737177
706407152,3.0,19.564781230502483,1.051112250539298
706407793,3.0,19.541332696966393,1.0511735824525028
706408681,3.0,19.701941500055156,1.0507564191070815
70640869x,3.0,19.554468665310928,1.0511392059337297
706409713,3.0,12.830125855764841,1.0779415581142315
706409967,3.0,11.307202037888676,1.0884392086255428
706409991,3.0,19.806602097142367,1.0504882157522757
706411194,3.0,15.525888106091168,1.0644085538403227
706411725,3.0,19.977272778317246,1.0500568826934862
706412373,3.0,15.033298226382179,1.0665190023467428
706413202,3.0,17.71561187463982,1.0564473870321982
70641351x,3.0,14.556023054900558,1.068700083548118
706413552,3.0,19.165961865126615,1.0521758316664267
706413966,3.0,19.133339328946917,1.0522647919846952
706414395,3.0,10.256421667271058,1.097499891525625
706414635,3.0,19.221194320532568,1.052025903454489
706414774,3.0,18.48803734291719,1.054089029649386
706417270,3.0,19.06576489207776,1.0524500331175028
706418863,3.0,19.842565007076633,1.0503967102863647
706419946,3.0,9.42778771212679,1.1060694227038776
706421691,3.0,13.191302250880693,1.0758075268825893
706421747,3.0,19.990765031129204,1.050023098087683
706422053,3.0,15.311992989706866,1.0653082848635202
70642346x,3.0,19.83008479919174,1.0504284278219909
70642442x,3.0,16.35770590589489,1.061133266837841
706424745,3.0,19.148633227839706,1.0522230484077644
706424825,3.0,19.20482152177342,1.052070257402093
706426142,3.0,18.040202247041744,1.055431751058333
706426409,3.0,12.549578403338357,1.0796839517520356
706426601,3.0,14.282955339179711,1.0700135214493662
706427006,3.0,18.767408463792044,1.0532838618570752
70642821x,3.0,19.610896178915592,1.0509920602748963
706429095,3.0,17.764085748660992,1.0562933558275227
706429829,3.0,14.619471601241855,1.068401924999468
706430117,3.0,14.355178377219378,1.0696612730070236
706431005,3.0,16.012597047407105,1.0624508314946906
706433123,3.0,19.923656532281274,1.0501915900015517
70643349x,3.0,18.92680431360111,1.05283512120857
706439103,3.0,19.826564827412184,1.0504373807921281
706439373,3.0,19.516837161627794,1.0512378102926487
70643998x,3.0,10.27216398574647,1.0973504707856678
706440403,3.0,14.002064810522095,1.0714180382345133
706441377,3.0,17.664457406431225,1.0566108529116736
706441641,3.0,19.657609841025486,1.0508708845117578
706442345,3.0,13.343276068303629,1.0749441137904248
706443401,3.0,18.637376678022676,1.053655619955313
706445116,3.0,19.829901258261238,1.0504288945757305
706445394,3.0,19.973394571942677,1.0500666021691043
706445861,3.0,19.750867047507352,1.050630688647474
706446573,3.0,19.13595549236273,1.0522576466275282
706446645,3.0,18.489485652397544,1.05408479277358
706447023,3.0,15.457691477890716,1.0646927131021027
706447218,3.0,9.891153691294681,1.1011004409809253
70644798x,3.0,18.838031324973386,1.053084103256284
706448878,3.0,19.77261104896032,1.0505750099227578
706449272,3.0,18.09015981177812,1.055278671410571
70645002x,3.0,19.92117899391323,1.0501978321817973
70645029x,3.0,6.137897795742331,1.1629222305874283
706450994,3.0,19.3530895872185,1.0516713362738959
706451743,3.0,18.41100237015238,1.054315347958522
706453669,3.0,19.818870451259233,1.0504569623409825
706455613,3.0,7.599090873213422,1.131594688981148
706455648,3.0,19.140309836160853,1.0522457582223015
70645619x,3.0,10.095622328096054,1.0990528337432954
706456843,3.0,19.888586489094454,1.0502800940905646
706458726,3.0,18.79697502161727,1.053200049414864
706459446,3.0,14.622584333734252,1.0683873641742658
706460105,3.0,17.751756273315372,1.0563324543556971
706460498,3.0,19.638381743241876,1.0509206926046302
706460738,3.0,8.824558816349075,1.1133201127457297
706460973,3.0,19.717318498980905,1.0507168355601542
706461757,3.0,19.948104998059545,1.0501300750170142
706462207,3.0,19.873399945121037,1.050318516346545
706462741,3.0,19.98305134611337,1.0500424075722798
706463760,3.0,19.916925940980285,1.0502085514081487
706463904,3.0,18.784660544134496,1.0532349252545983
706464122,3.0,19.16755582578102,1.0521714927604366
706464253,3.0,16.07565731031117,1.0622058545225759
706465280,3.0,15.675695538760042,1.0637930226143637
706465758,3.0,16.564941005916154,1.0603684612968347
706465811,3.0,16.986696907757743,1.0588695969222424
70646590x,3.0,19.878762862814643,1.0503049413538006
706466013,3.0,19.5550933601403,1.0511375722725174
706466080,3.0,18.839851815141913,1.0530789737526642
70646611x,3.0,4.981695455827845,1.2007348720665267
706466179,3.0,17.378147313517086,1.0575435333789684
706466304,3.0,18.490803811012245,1.0540809372172586
706466515,3.0,17.86543471576815,1.055974008800211
70646697x,3.0,19.560442360859287,1.0511235881863803
706467702,3.0,17.68336749371287,1.0565503148851902
706467745,3.0,12.040049168289116,1.0830561392252271
706468588,3.0,19.831564009223538,1.0504246664325065
70646902x,3.0,19.85903958219577,1.0503549024040684
706469337,3.0,13.103130498875622,1.0763176402834276
70646937x,3.0,18.481549378659064,1.0541080176510913
706469927,3.0,19.702306309385605,1.0507554792975495
706470602,3.0,19.749650701663487,1.0506338069014949
706470733,3.0,15.953473256464083,1.0626822751337122
70647120x,3.0,13.027122160358191,1.076762924895494
706471242,3.0,19.622517887037805,1.0509618595206163
706472093,3.0,12.532762131070939,1.0797908704834365
706473678,3.0,19.682665892531443,1.0508061258297052
706474937,3.0,4.389039587836873,1.2278402780351425
706475083,3.0,10.599081450104551,1.0943477984113554
706475921,3.0,19.756625750236616,1.050615930708108
706476158,3.0,17.120049042479433,1.0584110476271844
706477986,3.0,7.729445483928254,1.1293753868992658
706478655,3.0,19.760313246991593,1.0506064852060097
706479279,3.0,19.127130287536147,1.0522817581606392
706479519,3.0,12.482399225675653,1.0801128037904004
706479789,3.0,12.245810752957967,1.081660579293082
706481029,3.0,19.553899811566623,1.0511406936537782
706481184,3.0,19.706846815826463,1.0507437851090873
706481803,3.0,19.497314526581153,1.0512891146437975
706482056,3.0,15.978689864257722,1.0625833537352065
706482443,3.0,18.940378654435438,1.0527972549147437
706483024,3.0,9.008148991255563,1.1110105972903783
706483251,3.0,16.054739342064813,1.062286903492722
706483382,3.0,18.145440894593573,1.0551102619004395
706486081,3.0,17.759120309817682,1.056309095414325
70648609x,3.0,17.848510269515717,1.0560270848883084
706486188,3.0,14.562686415654209,1.0686686488644737
706486268,3.0,19.81800185706747,1.0504591737962412
706486399,3.0,15.933813813752224,1.0627596137176472
706486487,3.0,17.873039592414273,1.0559501921779675
706486962,3.0,7.447592844886567,1.1342715721478502
706487041,3.0,19.480887593566703,1.051332363332882
70648705x,3.0,10.733551536986203,1.0931658078460005
706488431,3.0,18.52907860410187,1.0539692243400935
706488677,3.0,17.256698373263802,1.0579485124193468
706488781,3.0,18.928802871803835,1.052829542722408
706489266,3.0,19.43625183759894,1.051450249171269
706489469,3.0,19.63781941170918,1.0509221507253368
706489987,3.0,19.072539940122816,1.052431401540615
70649046x,3.0,17.908851649803225,1.0558383094323631
706490830,3.0,15.128028104773875,1.0661024684165172
706490929,3.0,19.54370584867817,1.051167368550404
706491075,3.0,4.93982418536043,1.2024363545090493
706491374,3.0,19.309525552375217,1.051787911478591
706491745,3.0,19.189395790055375,1.0521121149900006
706491913,3.0,19.48031049351761,1.051333884043212
706492297,3.0,19.49046159559692,1.0513071481193605
706492748,3.0,19.349936660246943,1.0516797557303859
706492836,3.0,18.80757918340728,1.0531700539579403
70649302x,3.0,13.51045983411388,1.0740167257279432
706493636,3.0,16.658223437786692,1.0600304110300052
706493783,3.0,16.858181140952052,1.0593183802949413
706494460,3.0,19.726400490800152,1.0506934856395302
706494487,3.0,19.400655706296035,1.0515446495798322
706494612,3.0,18.31453928235789,1.0546014281103584
706494786,3.0,16.495497788991262,1.060622602166476
706496319,3.0,15.853383568109418,1.0630780171124854
706496343,3.0,18.984067082620477,1.0526757514945508
706496538,3.0,16.048677349698462,1.0623104308355222
706496634,3.0,18.636191996933135,1.053659030780782
70649695x,3.0,19.290660200807356,1.0518385576019917
706497493,3.0,16.10018168010775,1.0621111003508446
706497522,3.0,19.079890845410624,1.0524112013062452
706498066,3.0,19.5317197341386,1.0511987686497541
706498146,3.0,19.84043001041104,1.0504021333950555
706498840,3.0,18.93604285212355,1.0528093439484298
706498867,3.0,19.862798890367856,1.050345372045474
706499368,3.0,5.870218273779018,1.170351416823252
706499587,3.0,16.852164178208888,1.0593395595619153
710920370,3.0,6.430809641303018,1.155501415183762
710936807,3.0,19.398467189571548,1.0515504647984555
713156021,3.0,19.070207518603414,1.0524378142725757
71329992x,3.0,12.985715607172615,1.0770076929335841
713700031,3.0,19.594489577810283,1.051034756278237
713703056,3.0,19.737864412760516,1.0506640424256588
713703144,3.0,19.472979500893164,1.0513532097106215
713704390,3.0,19.018739897595893,1.0525797190236776
713705350,3.0,17.722578911062488,1.056425196638611
713705377,3.0,18.425984316477138,1.0542711848020931
713705537,3.0,17.765713818728024,1.0562881970408549
713706003,3.0,19.752993487322367,1.050625238176776
713707006,3.0,18.229618414237674,1.0548557834441001
713711339,3.0,19.486009451889046,1.0513188707246088
713711806,3.0,19.096133917045506,1.0523666206125306
713712606,3.0,18.19072423384889,1.054973072382639
713713457,3.0,19.09248970690776,1.0523766159024401
713713772,3.0,19.58967562767622,1.0510472975155956
713715081,3.0,19.77737800576542,1.050562819788775
713715639,3.0,19.869659256007083,1.050327989378966
713715858,3.0,18.56179397428155,1.0538741029765528
713716607,3.0,19.144678399075325,1.0522338364298822
713716658,3.0,19.565008515591988,1.0511116567725012
713716738,3.0,19.645886409172842,1.0509012410625103
713716789,3.0,17.595899843625812,1.0568314214610772
713717669,3.0,19.64842962055983,1.0508946526165945
713718602,3.0,19.902539835793593,1.0502448435350726
71371939x,3.0,16.68906398893565,1.059919477848666
713719402,3.0,8.010286549564428,1.1248394790638765
713719891,3.0,19.13582752196992,1.052257996099301
713719904,3.0,19.55575937804659,1.0511358306608438
713721182,3.0,19.90027052915392,1.0502505731535157
713721449,3.0,18.99839156321868,1.0526360348281285
713721596,3.0,19.956543247120873,1.0501088784574086
713722169,3.0,19.995769257207513,1.0500105790948526
713724674,3.0,18.635393704796133,1.0536613293950765
71372560x,3.0,19.903455244740627,1.0502425326509197
713725802,3.0,19.694737914524783,1.0507749838733575
713726266,3.0,16.59958686195464,1.060242463159848
71372683x,3.0,19.346736493555667,1.0516883041402407
713727779,3.0,19.040251140625287,1.0525203156520528
713728210,3.0,4.473145458501627,1.2235563339661597
713728974,3.0,18.39164071163442,1.0543725280239629
713729184,3.0,12.673909068791627,1.0789022545902913
713729352,3.0,19.777445503957544,1.0505626472235707
713729491,3.0,19.54925448841268,1.0511528457820591
713729651,3.0,19.698192182586574,1.0507660799900211
713729790,3.0,16.05275199388896,1.0622946146791954
713730433,3.0,19.096045342705885,1.0523668635077874
713730484,3.0,15.60546345411647,1.0640801218714344
713731153,3.0,18.977637887385708,1.052693596849832
713731700,3.0,19.876995364878773,1.05030941455905
713732332,3.0,19.145554835067212,1.0522314452944654
713732594,3.0,19.69685363062892,1.0507695299337039
713732631,3.0,18.757286287861326,1.0533126159431252
713732869,3.0,16.73313389088531,1.0597616684669398
713733589,3.0,19.517880880733937,1.0512350703496247
713734434,3.0,19.252916246451363,1.0519401833571222
713735568,3.0,7.765838401108394,1.1287690972113549
713736034,3.0,19.820778811841137,1.0504521043039232
713736114,3.0,19.931907700155797,1.050170812299727
713739358,3.0,16.13964114890118,1.0619592462294667
713739745,3.0,19.81194351812947,1.0504746038209185
713740033,3.0,11.364619181156934,1.0879923897193182
713741482,3.0,16.65217422600613,1.0600522181925214
713742901,3.0,19.144313783293914,1.052234831256926
713743015,3.0,19.921449355782418,1.0501971509271608
71374398x,3.0,19.79651357939313,1.0505139450938945
713744018,3.0,14.761319594710578,1.0677446209049175
713745619,3.0,19.36745573322872,1.0516330081645315
713745950,3.0,19.540302159889514,1.0511762812988996
713746136,3.0,19.781715242638157,1.0505517336456531
713746822,3.0,19.967960135939624,1.0500802281851582
713746873,3.0,16.95836936073196,1.0589679336927025
713747331,3.0,16.70597338077422,1.0598588287678485
713747630,3.0,19.85587880910755,1.0503629181872987
713747657,3.0,18.06511974936223,1.055355293176803
713748262,3.0,17.719973036906442,1.056433494448171
71374830x,3.0,17.76426659747446,1.0562927827339728
713748975,3.0,19.346981421344,1.051687649779659
713749273,3.0,19.74699389831049,1.0506406192836044
713749361,3.0,19.700580287403696,1.0507599261245817
713749441,3.0,18.45325314104702,1.0541909869417887
71374945x,3.0,18.779195596925714,1.0532504171884607
713749695,3.0,19.496174693746276,1.0512921132328983
71374996x,3.0,19.60514116092266,1.0510070288090156
713751103,3.0,9.393277564714491,1.1064591132446107
713751437,3.0,19.93306634854363,1.0501678960233363
71375171x,3.0,5.361443942305679,1.186516917972279
713751752,3.0,14.669942109988696,1.068166594830603
713751824,3.0,19.36425875680464,1.0516415326070045
713751971,3.0,16.995648892051562,1.0588385890030756
713752376,3.0,19.36166200652935,1.0516484586737838
713754187,3.0,18.01275965070756,1.0555162018142354
713756094,3.0,19.151218609937114,1.052215998384621
713758436,3.0,13.758914388749506,1.072680152790084
713758655,3.0,19.780384006676368,1.0505551358185197
713760085,3.0,18.196113602902276,1.0549567903247483
713760608,3.0,19.949821742669172,1.0501257611671375
713760819,3.0,19.93025409583783,1.0501749749497091
713761328,3.0,18.788554893433275,1.0532238911226486
713761336,3.0,19.661358679267206,1.050861184942142
713761352,3.0,19.74320102692908,1.0506503478658822
713761889,3.0,18.606828488039614,1.0537437103073635
713762064,3.0,15.411361957353675,1.0648871918502207
713762267,3.0,19.80049718539815,1.0505037823362056
713763112,3.0,17.691700529949564,1.0565236789028358
713763120,3.0,16.68008435308985,1.0599517351850056
713763825,3.0,17.94713549942295,1.0557191981991862
713763892,3.0,18.900781865339372,1.0529078641891434
713764924,3.0,19.82066605373704,1.0504523913217063
713765732,3.0,19.954733262865734,1.050113423558556
713765783,3.0,17.75493068977127,1.0563223826368473
713766188,3.0,19.95441847046986,1.0501142141265545
713766217,3.0,19.92269016617027,1.0501940245849957
713766305,3.0,19.70908902081613,1.0507380122411458
71376684x,3.0,8.775577887895862,1.1139526094776389
713767009,3.0,18.37954139260854,1.054408321657153
713768036,3.0,18.970784481007755,1.0527126329963388
713768159,3.0,15.30030635728748,1.0653581684345623
713768167,3.0,17.9890101842229,1.0555894954619038
713768853,3.0,19.31878958817847,1.051763077362358
713769012,3.0,19.240742688174166,1.0519730457501844
713769637,3.0,19.67111561252919,1.0508359576394877
713769936,3.0,19.714439942805768,1.0507242408559987
713770195,3.0,6.249983748782395,1.1600004160322523
71377089x,3.0,15.12786395545496,1.0661031856807126
713770996,3.0,17.583056687839967,1.0568729327188928
713771024,3.0,4.994827736432025,1.2002071047828236
713771155,3.0,19.539236596783333,1.0511790721734044
713771892,3.0,19.52720851045457,1.0512105967150713
713772131,3.0,17.87211189693078,1.0559530964089214
713772166,3.0,19.828448456121787,1.0504325894289153
713772633,3.0,19.692359880982355,1.0507811154195763
713773046,3.0,14.795954521215831,1.0675860417498653
713773070,3.0,19.65753000003278,1.0508710911288617
713773150,3.0,11.156504831522403,1.089633806922624
713773222,3.0,18.71591579297461,1.0534304605268299
713773599,3.0,17.371946830871583,1.0575640721063517
713774014,3.0,19.855942198574557,1.0503627574052763
713774057,3.0,19.647298979334586,1.050897581446275
713774102,3.0,17.495087584766228,1.0571589021863912
713774313,3.0,19.82522566555029,1.050440787755454
71377433x,3.0,19.116960959438448,1.0523095696079392
713774516,3.0,11.191640714978764,1.089352403768789
713774532,3.0,19.98227805407531,1.0500443441580503
713774727,3.0,19.22357186167067,1.0520194689725624
713774970,3.0,19.933078565458334,1.0501678652756068
713775164,3.0,18.313080727224353,1.0546057768703763
713775375,3.0,19.651689366960632,1.0508862104080094
713775551,3.0,18.800864137863158,1.0531890445389738
713776044,3.0,12.527600817964005,1.0798237439499225
713776124,3.0,6.921707365308478,1.1444730248221688
713776482,3.0,19.96215718165793,1.0500947863950716
713776730,3.0,19.79387659887448,1.0505206746644495
713777549,3.0,12.047014640696501,1.0830081169339547
713778613,3.0,18.047832287263425,1.0554083163054275
713778752,3.0,15.260844848829652,1.065527171654372
713778808,3.0,18.980105258529132,1.0526867468003438
713779552,3.0,10.412023912731444,1.0960428066994004
713780721,3.0,18.767829830724732,1.053282665551608
713783420,3.0,19.378241638709824,1.0516042692956418
713785012,3.0,19.910286055446594,1.0502252954686426
713785151,3.0,19.73641713953838,1.0506677576243906
713785645,3.0,19.851556355300826,1.0503738841480295
713785709,3.0,19.605368657070304,1.0510064369352916
713785872,3.0,17.401170689715755,1.0574673979027749
713786234,3.0,19.099433828656363,1.0523575729506507
713786795,3.0,18.44169603383774,1.054224947540896
713788301,3.0,19.440977201376082,1.0514377435682203
713788707,3.0,19.212907950944775,1.052048341799859
713788715,3.0,18.555938083944078,1.053891104587446
713789136,3.0,10.99205587269406,1.0909747923028805
713789339,3.0,19.76914345279319,1.0505838810056645
713791340,3.0,19.994930588588296,1.0500126767417102
713791455,3.0,19.887103287177446,1.0502838440349815
713791893,3.0,19.995246655773432,1.050011886185523
713792810,3.0,13.110524907670252,1.0762745967108422
713792896,3.0,19.880634753585515,1.0503002048171348
713793098,3.0,19.96783360445893,1.0500805455318245
713795536,3.0,18.054858417126518,1.0553867539083783
713797013,3.0,19.644226906655938,1.050905541091117
715833444,3.0,19.35581221599061,1.0516640680763507
717855399,3.0,19.428711664353333,1.0514702167223338
718000229,3.0,11.16710284234773,1.0895487409865892
718001045,3.0,19.99160115841505,1.0500210059252344
71800115x,3.0,18.713693664008392,1.053436805045242
718001504,3.0,4.654740594034279,1.2148347431609066
718001520,3.0,16.323497093886562,1.061261382548628
718001563,3.0,18.137167481808095,1.055135400883463
71800166x,3.0,15.93072176613393,1.0627717949431414
718002769,3.0,18.524529021215017,1.0539824790608583
718002961,3.0,19.67258066471612,1.0508321717950078
71800318x,3.0,4.971461062033622,1.2011481106906108
718003489,3.0,14.70874781045897,1.0679867527056877
71800393x,3.0,19.68601264998421,1.050797488439123
718004107,3.0,18.983453453438063,1.0526774542078323
718004131,3.0,19.934718533087736,1.0501637381205156
718004545,3.0,19.860600512440918,1.0503509447951278
71800457x,3.0,19.987771912817852,1.0500305889201544
718004588,3.0,15.861052446787594,1.063047518653312
718004609,3.0,19.642111365726432,1.0509110238395707
718004617,3.0,19.533956292561058,1.0511929065993058
71800465x,3.0,19.747484924305308,1.0506393600923425
718006356,3.0,19.035965110028467,1.0525321408302637
718006591,3.0,19.991544620522028,1.050021147389155
718006866,3.0,18.156388238649686,1.0550770333204977
718007025,3.0,15.952886334397611,1.0626845812750387
718007033,3.0,16.772084458206173,1.0596228812519917
718007041,3.0,19.977292956359346,1.0500568321335886
718007156,3.0,18.984920768542768,1.0526733828490324
718007615,3.0,19.94881315889487,1.0501282954547155
718008714,3.0,12.871921229366992,1.0776884803892772
718008749,3.0,17.674065243076523,1.056580078564083
718009063,3.0,19.860084530248077,1.0503522529562723
718009215,3.0,17.801594116737586,1.0561747444325658
718009274,3.0,15.62206939599522,1.064012006005834
718009397,3.0,19.18739972737325,1.0521175362065018
718009936,3.0,18.372411902445293,1.0544294350306236
71801150x,3.0,19.46091976742045,1.0513850327708611
718013329,3.0,19.954379350058968,1.050114312375095
718013337,3.0,19.976340093713794,1.050059219822488
718013871,3.0,17.59471564440058,1.056835246457549
718014735,3.0,18.425289442549044,1.0542732315341938
71801505x,3.0,17.786147092886427,1.0562235314246304
718015332,3.0,19.976085938148092,1.0500598567255015
718016247,3.0,18.766335719600605,1.053286907734233
718016255,3.0,19.673722703851396,1.0508292210403187
718016490,3.0,19.2839380631243,1.0518566278696078
718016909,3.0,19.853428912847946,1.0503691329286127
71801724x,3.0,18.327978307090127,1.0545613915100038
718017741,3.0,18.65491644673538,1.053605171744149
718018808,3.0,19.68406914996492,1.0508025039122453
718018875,3.0,18.59241083902344,1.0537853863416737
718019595,3.0,19.87796852337151,1.0503069515792949
718019747,3.0,19.517679537035864,1.051235598888815
718019851,3.0,19.94988581808815,1.0501256001722736
71802057x,3.0,19.834778210830894,1.0504164951768376
718020625,3.0,17.717879086923844,1.056440163921088
718020967,3.0,19.465140301715543,1.0513738911972736
718021054,3.0,19.300408291845518,1.0518123754108613
718021177,3.0,3.8500259286110254,1.2597385104782322
718021249,3.0,17.59243598102437,1.0568426112835438
718021273,3.0,19.825375317013293,1.0504404070041409
718021337,3.0,18.61701015330683,1.0537143178074904
718021513,3.0,18.974385848695068,1.0527026280573277
718022196,3.0,19.92550817766021,1.0501869257779415
718022399,3.0,18.657176533025734,1.0535986781402784
718022479,3.0,18.928470999941773,1.0528304689799337
718022778,3.0,19.749183043533417,1.05063500590357
718023228,3.0,9.039317166528802,1.1106278252634885
718023412,3.0,19.857481567226696,1.0503588532420156
71802356x,3.0,16.34418712581991,1.0611838320438853
718023586,3.0,19.95713521530202,1.050107392128769
718023674,3.0,19.642268104533372,1.0509106175864285
718024116,3.0,19.563469228105614,1.0511156783257727
718024327,3.0,18.691627025120066,1.053499890547574
718024407,3.0,19.83292395055908,1.0504212088188747
718025186,3.0,19.79809576860803,1.0505099082097382
718025987,3.0,19.786193554112266,1.050540292010444
71802639x,3.0,19.69354110992523,1.0507780695415927
718026648,3.0,4.96084019813506,1.2015787568355725
718027456,3.0,17.387651723148252,1.0575120790272499
718027771,3.0,19.63178502027824,1.0509378031069039
718027894,3.0,14.4963277387339,1.0689829878313264
718028547,3.0,18.550109887285295,1.0539080364524107
718030022,3.0,19.662153389191072,1.0508591292218141
718030110,3.0,18.06761544098358,1.055347646913696
718030460,3.0,19.810345942846656,1.0504786742687395
718030743,3.0,19.584792425451074,1.0510600254665179
718030831,3.0,19.546717332892893,1.0511594853994852
718031885,3.0,17.915459794468205,1.0558177133867797
718031914,3.0,18.61734263059406,1.0537133585518639
718031922,3.0,17.35004624311762,1.057636733988342
71803199x,3.0,15.404648591172625,1.0649154697740417
718032300,3.0,10.078762416014905,1.0992185308794484
718032802,3.0,19.949391202989545,1.0501268429610093
718033223,3.0,9.825369838374495,1.1017773393215538
718033725,3.0,19.708215352874518,1.050740261464321
718034058,3.0,19.748272519243248,1.050637340507914
718034293,3.0,18.952172562362296,1.0527643992639626
718035384,3.0,18.945864180246964,1.0527819681639334
718035501,3.0,19.901912459340632,1.0502464274246501
718035552,3.0,19.249176845364584,1.0519502734082269
718035907,3.0,19.519784052917007,1.0512300749480148
718036264,3.0,19.60949806466998,1.0509956958970652
718036432,3.0,19.709908440838767,1.0507359028582806
718036459,3.0,18.174277574044297,1.055022819802651
718037080,3.0,19.192474474771057,1.0521037556316422
718037283,3.0,19.78295842538227,1.0505485569194222
718037494,3.0,19.50741517891,1.051262557895478
718037558,3.0,19.276223349169317,1.051877381885757
718038235,3.0,17.894795899719217,1.0558821685144613
718038913,3.0,18.382245100493655,1.0544003191412754
718039326,3.0,15.785157419106257,1.0633506510862925
718039342,3.0,18.783910759610976,1.0532370501967137
718039916,3.0,18.849504430412143,1.0530517926183025
718040263,3.0,18.721436066927318,1.0534147058177106
718040554,3.0,19.156468783986718,1.0522016876532025
718040810,3.0,18.762380251481044,1.0532981416321665
718040984,3.0,19.94308021045765,1.0501427056125274
718041493,3.0,19.932280161488826,1.0501698747909485
718042533,3.0,7.010153080255359,1.142650237241834
718043050,3.0,16.373894766297745,1.061072824411837
718043675,3.0,10.670640494299805,1.0937150867873577
718044192,3.0,13.16779068922228,1.0759428839356089
718044475,3.0,19.912834287650487,1.050218868170875
718044707,3.0,10.87604710910785,1.091945169965527
718045064,3.0,18.56048668148351,1.0538778975552203
718045099,3.0,13.81608923773679,1.0723793819504752
718045726,3.0,16.115414789499614,1.0620523897809675
718045814,3.0,19.593133973539747,1.051038287256673
718046462,3.0,19.364682683024242,1.0516404020850099
718046534,3.0,18.315597098977726,1.0545982746069367
718047262,3.0,19.92083362331014,1.050198702469452
718047510,3.0,19.69492000677675,1.0507745144258476
718047756,3.0,18.728795025889394,1.0533937179950803
718048142,3.0,19.22877161586148,1.05200540211186
718048417,3.0,19.61623143522217,1.0509781913667902
718048927,3.0,13.557134078842363,1.073761902344879
718049129,3.0,19.947290855571083,1.0501321210604753
71804941x,3.0,17.142571931174498,1.058334303861456
718049719,3.0,17.654344712589317,1.0566432805227202
71805004x,3.0,19.09836624342538,1.0523604997021276
71805012x,3.0,14.60895357002725,1.0684511724406922
718050349,3.0,19.40499050551977,1.0515331352373272
718050955,3.0,18.631117546034478,1.053673645584016
718051675,3.0,19.93389804821227,1.050165802874149
718051720,3.0,15.837558807682246,1.063141044156056
718053152,3.0,19.893324628361093,1.0502681185111884
718053267,3.0,14.212197009513275,1.0703620980859347
718053558,3.0,19.926652972168824,1.050184042518163
718053662,3.0,9.976683737793723,1.1002337075406925
718054702,3.0,14.090299607223963,1.0709708116843242
718054745,3.0,8.033008163348516,1.1244863667091252
718055131,3.0,19.928919798766685,1.0501783343049975
718055211,3.0,19.38046230184926,1.0515983563459466
718055537,3.0,17.806702872704815,1.0561586278576514
718055844,3.0,19.951802161708905,1.050120785676152
718055887,3.0,19.470553781849038,1.0513596074977707
718056011,3.0,19.070591285571577,1.0524367590404278
718056679,3.0,19.31611037622975,1.0517702570819119
718056687,3.0,19.835044064775825,1.0504158194322268
718056927,3.0,18.850891590293507,1.0530478887542332
718057436,3.0,11.42767915657718,1.0875068319908554
718058236,3.0,18.558905547534323,1.0538824877059012
718058447,3.0,19.93160307872952,1.050171579077208
718059175,3.0,16.292766986149765,1.0613769288451793
718059271,3.0,6.466974061720531,1.1546318247848286
71805936x,3.0,15.843501776325573,1.063117359666931
718059415,3.0,19.93254193584759,1.0501692159092642
718059693,3.0,19.604634564765785,1.0510083468629015
71805979x,3.0,19.957997290597554,1.05010522776607
718059917,3.0,19.550978569499478,1.0511483349258053
718060352,3.0,19.558714345209346,1.051128104963859
718060555,3.0,18.733262959334496,1.0533809834501744
718060619,3.0,19.949458193149443,1.0501266746353741
71806066x,3.0,19.751890886779073,1.0506280642057084
718061101,3.0,17.512860313072615,1.0571008951206868
718061689,3.0,19.727857891496146,1.0506897406449311
718061785,3.0,5.007601957783909,1.1996963833049032
718061865,3.0,19.95830993891715,1.0501044428641766
718062235,3.0,19.340695780407287,1.0517044480381637
718062438,3.0,19.804749087625726,1.050492939626527
718062489,3.0,17.529150779872158,1.0570478292164758
718062577,3.0,19.58869915472938,1.0510498421616
718062622,3.0,19.14892916965065,1.0522222413138858
718063350,3.0,19.744961087099973,1.0506458329083936
718063502,3.0,19.92464028657514,1.0501891118543194
718064492,3.0,17.367662165948744,1.0575782733706447
718064548,3.0,19.00630030748315,1.052614132357273
718065065,3.0,18.181579596087506,1.055000721731306
718065241,3.0,19.999423284792144,1.050001441829596
718065372,3.0,19.818465687919925,1.050457992851058
718065604,3.0,4.9660452481660755,1.2013674765386588
718065823,3.0,19.988418146916985,1.050028971409838
718066156,3.0,12.75224209138363,1.0784175827931994
718066228,3.0,14.083101236602333,1.071007087373694
718067538,3.0,19.900225150843546,1.0502506877394606
718067714,3.0,16.31823426300138,1.0612811400965922
718067765,3.0,19.786420407818586,1.0505397125598752
718067810,3.0,19.568129306726163,1.0511035053134214
718067941,3.0,19.751219295683395,1.0506297856871323
718068557,3.0,19.368048585466077,1.051631427688095
718069242,3.0,19.28407979217864,1.0518562467474122
718069904,3.0,18.5588623026254,1.05388261326011
718070737,3.0,19.759127989412043,1.0506095208521273
718070921,3.0,16.657195020292097,1.0600341173157775
718070948,3.0,16.720584902075508,1.0598065202776412
718071297,3.0,19.751161454278268,1.0506299339567897
718071473,3.0,19.920281310912156,1.050200094285426
718071641,3.0,19.92431300282849,1.0501899362782565
718071748,3.0,18.122345637093783,1.055180494844616
718072636,3.0,19.98264258248904,1.0500434312364826
718072791,3.0,18.345818300324613,1.054508334467823
718073217,3.0,16.683606133644854,1.0599390798361847
718073559,3.0,18.61178465762525,1.053729398786607
718073575,3.0,19.731055119310287,1.050681526859723
718073751,3.0,5.41813833110964,1.1845652397352504
718073778,3.0,9.497387929307864,1.105292108466383
718073807,3.0,19.713390899098993,1.0507269401351802
71807384x,3.0,19.432557317185594,1.051460030899568
71807405x,3.0,19.95390279249386,1.050115509251462
718074244,3.0,19.694605656500098,1.050775324849927
718074682,3.0,19.46015410894541,1.0513870545115735
718074746,3.0,16.683882601870717,1.0599380865871038
718076127,3.0,19.538784710132695,1.051180255826321
718076178,3.0,18.919737269266452,1.0528548565853721
718076426,3.0,18.527451224988425,1.0539739647864395
718076960,3.0,19.00467298404112,1.0526186375761233
718077488,3.0,19.61986209222702,1.050968757848516
718077672,3.0,18.251013899475534,1.054791476545242
718078181,3.0,19.86406980663714,1.0503421509154116
718079512,3.0,18.47121427230696,1.0541382924402136
718079731,3.0,19.021166257593553,1.052573011899351
718080222,3.0,19.81084009291636,1.050477415158056
718081700,3.0,19.725567060400856,1.0506956275040378
718081911,3.0,19.936199942616714,1.05016001057766
718082762,3.0,19.17881976983291,1.0521408518355722
718083378,3.0,19.216494622818633,1.0520386272120905
718084864,3.0,16.242025830356404,1.0615686744033492
718085066,3.0,19.18822881651751,1.052115284300716
718085162,3.0,19.523042246767186,1.0512215251783101
718085197,3.0,9.937640149912486,1.1006275116541433
718085445,3.0,17.822607373672202,1.0561085131391725
718085453,3.0,19.9066408937185,1.0502344923655877
71808547x,3.0,18.91630139061062,1.0528644569226606
718085808,3.0,16.360410200611764,1.0611231618118357
718085816,3.0,19.168128799327132,1.0521699332506105
718085867,3.0,19.490061405223127,1.0513082016115152
718086296,3.0,18.946714481562967,1.0527795993850595
718087336,3.0,19.22815609349627,1.0520070668834565
718087352,3.0,16.687050030006336,1.0599267095263585
718087889,3.0,19.143550425931043,1.0522369141434413
718088259,3.0,19.901958405012603,1.0502463114257206
718088814,3.0,19.683550213413383,1.050803843267997
718089761,3.0,19.7232034037469,1.0507017029399
718090279,3.0,19.716786968172087,1.050718202799181
718090623,3.0,13.320176612031815,1.075074079655725
718091159,3.0,19.622835989325402,1.0509610333870185
718091183,3.0,19.299452484082504,1.0518149414251396
718091941,3.0,19.30796901190492,1.0517920864376475
718092506,3.0,16.337273224829442,1.0612097249178765
718092688,3.0,19.958738565490304,1.0501033668394781
718093314,3.0,19.30135079533996,1.0518098453628144
718093410,3.0,19.364008807742746,1.051642199191737
718093592,3.0,18.62829731325373,1.0536817715105136
718093963,3.0,19.989140546166414,1.0500271633835594
718093971,3.0,11.108451487088875,1.090021548112469
718095109,3.0,14.313155854202241,1.0698657941118142
718095133,3.0,15.494692271517907,1.0645382291223804
718095459,3.0,19.810459552064476,1.050478384783143
718095862,3.0,16.563363324062767,1.0603742114711225
718096400,3.0,15.55171754529294,1.064301579364954
71809646x,3.0,15.443614688937235,1.0647516802343129
718096726,3.0,19.95400559402655,1.0501152510601361
718096806,3.0,19.069737354595652,1.052439107125878
718097569,3.0,18.11678409278843,1.0551974343171677
718097905,3.0,19.14394178784546,1.0522358462578958
718098000,3.0,16.029584442955343,1.0623846490567932
718098182,3.0,19.28016652267613,1.0518667719401626
718098211,3.0,14.640200557340442,1.0683050751991652
71809902x,3.0,4.457515955577389,1.224340195293921
718099142,3.0,19.95091546251941,1.050123013246116
718099206,3.0,18.481148798339742,1.0541091904465287
718099222,3.0,16.05099617607067,1.0623014290845594
720782442,3.0,18.838877538925832,1.053081718798466
723273061,3.0,9.559801211109992,1.104604685590935
72400076x,3.0,5.079188869073693,1.1968818301065407
724000778,3.0,17.37694213778635,1.0575475243038008
724001084,3.0,19.368322420898142,1.0516306977067367
724001711,3.0,15.859247231882355,1.0630546951805926
724001885,3.0,19.554751711114136,1.0511384657178562
724002044,3.0,19.45402240397353,1.0514032511752298
724002490,3.0,19.04604663669752,1.052504334315407
724002861,3.0,19.202694309455346,1.052076025576661
724002917,3.0,19.98564576887146,1.0500359113518136
724003020,3.0,19.622740228233205,1.0509612820823668
724003143,3.0,19.986936802869536,1.0500326793376578
72400324x,3.0,19.166831913306343,1.052173463226636
724003848,3.0,16.784309299597634,1.0595794549629738
724004445,3.0,18.775479188927832,1.053260957546677
724005333,3.0,19.100012463786893,1.0523559867772847
724005608,3.0,15.190889634227307,1.0658289293174017
724006088,3.0,19.789868873675424,1.0505309058075774
724006192,3.0,18.259780211116432,1.0547651717840067
724007128,3.0,18.558333996225624,1.0538841471547704
724007347,3.0,19.67467031716928,1.0508267728952663
724007531,3.0,19.17836236409822,1.0521420953997613
724007849,3.0,19.851801349102622,1.0503732624770197
724008622,3.0,4.947510784186664,1.2021218434118872
724008809,3.0,19.23647670197171,1.051984571576847
724008876,3.0,19.803867270926325,1.0504951879508948
724009115,3.0,19.934178633818885,1.0501650967601681
724009668,3.0,19.819157605512586,1.0504562312841115
724010028,3.0,19.88260084756747,1.0502952308737992
724010036,3.0,18.707297171315155,1.0534550764251156
724010204,3.0,19.607404821050356,1.0510011400859336
724010263,3.0,18.01681334765004,1.055503710934011
724010714,3.0,19.79432789728873,1.050519522824363
724011020,3.0,19.72378811334202,1.0507001998933236
724011792,3.0,19.235545641523046,1.05198708779237
724012058,3.0,19.46435466533467,1.0513759647927585
724013130,3.0,19.635544338934608,1.0509280508214451
724013552,3.0,19.696591886010367,1.0507702046012466
724014694,3.0,17.18331460513593,1.0581959897132482
724015080,3.0,19.955747528643354,1.0501108765063627
724015275,3.0,18.971151206034147,1.0527116140259285
724015953,3.0,18.851091127813568,1.0530473272459313
724016091,3.0,17.425062909633095,1.0573886019916272
724016235,3.0,18.06539832799744,1.0553544395669492
72401642x,3.0,19.046287296973574,1.0525036708943742
724016489,3.0,19.657330429814138,1.0508716075954703
724017406,3.0,19.88964674067159,1.0502774138243058
724017596,3.0,19.295885221072016,1.0518245205411956
724022491,3.0,19.85870580243979,1.0503557487556487
724023806,3.0,18.858187565291626,1.053027365251181
724023937,3.0,17.341823967082934,1.0576640612831805
724024446,3.0,19.93032016695405,1.050174808614368
724024809,3.0,16.802271047428132,1.0595157640998218
724025350,3.0,14.582879873633535,1.0685735608237465
724025684,3.0,19.93315280715286,1.0501676784237142
724026126,3.0,19.855350819291033,1.0503642574287038
724026791,3.0,16.13299671867884,1.061984764358267
724028084,3.0,18.97333815952595,1.0527055382448833
724028287,3.0,14.334679724493999,1.0697608889224972
724029335,3.0,19.389013500622326,1.0515755997574556
724029570,3.0,19.773978911311744,1.0505715114031982
724030264,3.0,18.465796713937404,1.0541541757169477
724030280,3.0,19.25021443296488,1.051947473285677
724030352,3.0,5.374414919233424,1.1860667654113006
724030475,3.0,19.063730877142234,1.0524556293017657
724030483,3.0,16.798210133320204,1.0595301518473355
724030897,3.0,19.69459902909163,1.050775341936277
72403090x,3.0,19.902033567659206,1.0502461216639187
724031160,3.0,9.31139773009741,1.1073952621277985
724031339,3.0,19.788584707800595,1.050534184974118
724031953,3.0,19.215508588854426,1.0520412975475462
724032059,3.0,18.500846044897706,1.0540515821586325
724032438,3.0,5.173759027151644,1.1932830645478552
72403349x,3.0,15.649369378318223,1.06390033846255
724033561,3.0,18.670774610345305,1.053559641786148
72403373x,3.0,19.955356114143964,1.050111859406569
724034097,3.0,19.465140301715497,1.0513738911972736
724034505,3.0,14.043799728789114,1.071205800375382
724035559,3.0,19.59493080701862,1.0510336071021906
724037028,3.0,15.262390411149493,1.065520535975117
724037052,3.0,18.346236614257446,1.0545070916191535
724037060,3.0,18.28263033019048,1.0546967248114556
724037634,3.0,12.36598718812986,1.0808669768766948
724037669,3.0,18.57067650542815,1.0538483344808522
724037677,3.0,19.708133907823935,1.0507404711515083
724037837,3.0,19.807675133257252,1.0504854806670871
724037925,3.0,16.627766258129654,1.0601403690956432
724037933,3.0,18.73272448593084,1.0533825178900724
724037992,3.0,19.876896156368225,1.0503096656607334
724038493,3.0,19.96094655543197,1.05009782463086
724038565,3.0,19.88793152783546,1.050281749944703
724038602,3.0,16.61654461535172,1.0601809836610747
724039605,3.0,19.886486417665793,1.0502854038163156
724039736,3.0,19.923611433068615,1.050191703615552
724040024,3.0,14.466899280936985,1.069123312506758
724040526,3.0,18.760651056853092,1.053303054194098
724041326,3.0,19.987220658795515,1.0500319687800086
724041457,3.0,19.90034214003888,1.0502503923280813
724043022,3.0,19.707498589570683,1.050742106891699
724043372,3.0,19.60964616695617,1.0509953107509447
72404341x,3.0,19.889038125524262,1.0502789523399156
724043495,3.0,19.910076224026632,1.0502258247908285
72404501x,3.0,17.816850302628225,1.0561266432065428
724045714,3.0,19.489989342160552,1.0513083913205026
724045802,3.0,8.737889599602891,1.1144441101711158
724046135,3.0,17.22034987421527,1.058070829414293
724046354,3.0,19.216367020892037,1.0520389727627912
724046688,3.0,19.424262333555497,1.0514820065147337
724047314,3.0,19.531925864342192,1.0511982283234864
724048229,3.0,19.69589599621418,1.0507719983996775
724049563,3.0,17.499027510948327,1.0571460327937852
724049918,3.0,14.309557497366749,1.0698833629330622
725419423,3.0,19.702366095315284,1.0507553252823667
725550069,3.0,19.895162433668116,1.050263475019823
725550616,3.0,19.88361737169628,1.050292659595405
725550843,3.0,19.768216318065466,1.0505862534034562
725551096,3.0,6.12846187678374,1.1631730799841096
725551395,3.0,19.54023998430464,1.051176444138006
725552136,3.0,19.948747827152612,1.0501284596238607
725552435,3.0,18.750208530607043,1.0533327401862034
725552785,3.0,19.978740438261134,1.0500532054605858
725553032,3.0,19.47872907128522,1.0513380516942537
725553761,3.0,19.756928821637356,1.0506151542594424
725553980,3.0,18.52046854738707,1.053994314314531
725554668,3.0,4.756389241885507,1.2102435164880627
725554908,3.0,19.49884868056474,1.0512850792568456
725555118,3.0,18.496710938123385,1.0540636658779647
725555222,3.0,19.16724208946681,1.0521723467221995
725555417,3.0,19.922888622311074,1.050193524591616
725555556,3.0,19.621365682640683,1.0509648520991948
725555732,3.0,16.382279082429566,1.0610415678409806
725556292,3.0,19.722344206638137,1.0507039117420647
725557690,3.0,19.727258936208028,1.050691279677207
725558132,3.0,19.969697037778463,1.050075872363422
725559266,3.0,19.985896217500574,1.0500352843383802
725559426,3.0,14.275698542610854,1.07004911157343
725559610,3.0,19.815066200017707,1.0504666494628772
72555991x,3.0,18.313593232052988,1.0546042487309246
725560072,3.0,19.935686665669735,1.050161302029393
72556070x,3.0,19.847472396657842,1.050384249440669
725560726,3.0,17.170610022345013,1.0582390490901983
725560822,3.0,9.791147144939707,1.1021330785041692
725560857,3.0,17.229075144618893,1.0580414207730893
725561956,3.0,19.835620311318436,1.0504143547973335
725562115,3.0,17.986593101360683,1.055596965715778
725562270,3.0,19.10809729648964,1.052333834420223
725563345,3.0,19.94208779012765,1.0501452009701338
725563759,3.0,19.686119869890042,1.050797211772011
72556433x,3.0,17.886369890563103,1.055908493792673
725564460,3.0,18.28382091960162,1.0546931631193086
725564612,3.0,19.53507176671894,1.0511899834278395
725564751,3.0,19.703024313028813,1.050753629702357
725565068,3.0,19.352937234214437,1.051671743048496
725565930,3.0,17.4769279746706,1.0572182938242525
725566001,3.0,15.292367303387596,1.065392099219228
725566503,3.0,19.911262552837293,1.050222832296363
725566618,3.0,10.71051021238921,1.0933662337433063
725566976,3.0,19.797140507475778,1.050512345438089
725567063,3.0,19.791398001205465,1.0505270016771473
725567485,3.0,19.69362446822859,1.050777854610424
725568138,3.0,19.78703414249107,1.0505381449690119
725569595,3.0,17.252781350547494,1.0579616688858267
725569616,3.0,19.371239700660663,1.051622922200787
725569827,3.0,19.680842323403922,1.0508108333763146
72557102x,3.0,7.176000902983915,1.1393533826875888
725571193,3.0,19.35757984854881,1.0516593503849072
725571556,3.0,19.418670814423102,1.0514968305275176
725571740,3.0,19.65496456503277,1.0508777310023267
725572284,3.0,15.751447090326362,1.0634862304565111
725572516,3.0,19.67133241448307,1.0508353973655464
725574116,3.0,19.83371644279899,1.0504191941477043
725574431,3.0,14.710571390696087,1.0679783248006576
725574597,3.0,19.161039138117992,1.0521892363348213
72557479x,3.0,19.530303680545778,1.0512024808398706
725574810,3.0,19.697049218753037,1.0507690258014855
725574992,3.0,15.376271302670103,1.0650352728770043
725575186,3.0,19.863077223533022,1.0503446665763971
725575688,3.0,19.998976474594087,1.050002558944472
725576357,3.0,15.265145597712937,1.0655087102575571
725576891,3.0,18.419255626151273,1.0542910104673406
725577480,3.0,19.73722034191181,1.0506656957097706
725577608,3.0,17.977546261081272,1.0556249437758285
725577616,3.0,19.67007636153105,1.050838643512117
725577878,3.0,8.73409201974641,1.1144938704262741
725578002,3.0,18.814478961176395,1.0531505550625928
725578184,3.0,19.95193296431863,1.0501204570899656
725578870,3.0,18.39580367755314,1.0543602235340344
725578926,3.0,14.057230901340429,1.0711377658244658
725579101,3.0,19.743184365227503,1.0506503906108096
72557911x,3.0,19.09765214352948,1.0523624575672677
725579419,3.0,19.78116681608709,1.0505531351763713
725579427,3.0,19.960816188952556,1.0500981518257484
725579531,3.0,18.065767724076057,1.0553533077184043
725579996,3.0,19.919550746499095,1.0502019354114074
725580524,3.0,19.95483956845208,1.050113156588889
725580532,3.0,19.58752464371796,1.0510529032222924
725580807,3.0,19.76057320122851,1.0506058194677181
725581252,3.0,19.891579188473912,1.0502725294218693
725581551,3.0,18.01211909251887,1.055518176115954
725581674,3.0,14.019173395747698,1.0713308817696285
725582108,3.0,19.004553517206038,1.05261896834854
725582327,3.0,19.801910213645233,1.050500178478282
725582677,3.0,19.327390619775468,1.0517400418749139
725582909,3.0,18.527853550753353,1.0539727927609477
725584090,3.0,18.706852599247288,1.0534563467956248
725584453,3.0,13.639631551370044,1.0733157634232102
725584787,3.0,18.343264957531446,1.0545159219100424
725584816,3.0,19.944448585406423,1.05013926535586
725585499,3.0,18.783100214003323,1.0532393475308444
725585608,3.0,12.338711006582592,1.0810457429034936
72558607x,3.0,19.63784509919682,1.0509220841160876
72558690x,3.0,18.392922059469438,1.0543687401472546
725586926,3.0,19.027192446718,1.0525563612603546
725587056,3.0,19.41921532590219,1.0514953865651901
725587136,3.0,19.382329653142435,1.0515933852068124
725587726,3.0,18.896876307350837,1.052918799050984
725588155,3.0,19.712560725755807,1.0507290764458335
725588163,3.0,19.69366044307687,1.0507777618533858
72558877x,3.0,19.45400397503112,1.0514032998699643
725588921,3.0,4.992718721012309,1.2002916759142488
72558893x,3.0,18.10731460500918,1.0552263006312024
725589086,3.0,19.479048217504584,1.0513372105676788
725589094,3.0,16.83251305955285,1.0594088355352547
725589545,3.0,19.54199213605958,1.051171855614186
725590191,3.0,13.423987263601193,1.074493515254702
72559044x,3.0,12.807453519376065,1.0780795338032751
725590482,3.0,19.976720027281164,1.050058267755385
725590677,3.0,19.755966835267415,1.0506176188864038
725590810,3.0,19.983005701712997,1.0500425218771907
725591426,3.0,13.9533184990434,1.0716675391641464
725593421,3.0,16.339943918932555,1.0611997204495502
725593771,3.0,19.787576544193975,1.0505367596565744
725594424,3.0,19.997130002056544,1.0500071760246175
725594555,3.0,15.833215306145705,1.0631583655413217
725594600,3.0,5.494239143477189,1.1820088230391663
725595312,3.0,19.804094918410385,1.0504946075102062
725596155,3.0,19.956232657024316,1.0501096583301264
725596200,3.0,19.349146010140075,1.0516818674827273
725596665,3.0,16.88129805133482,1.059237150896754
725598548,3.0,19.9069524074956,1.050233706271557
725598695,3.0,19.69794886499067,1.050766707074629
725598820,3.0,19.933186595040922,1.0501675933866381
725598855,3.0,18.291118293254428,1.0546713428871535
725599751,3.0,18.686251726823954,1.0535152803579386
727791034,3.0,19.616891982969964,1.050976474808962
727791333,3.0,19.816148571886277,1.050463892939253
727791763,3.0,19.694384979516283,1.0507758937910516
727792280,3.0,11.45858948909949,1.0872707762985396
727792600,3.0,19.738777438546308,1.0506616989382118
727793101,3.0,18.236867839457545,1.0548339774572686
727794649,3.0,10.83767038831527,1.0922707523083706
727795043,3.0,17.946808542739976,1.0557202132968946
727795297,3.0,17.19449994071838,1.0581581321613136
727795326,3.0,19.95334874883223,1.0501169008063633
727795473,3.0,19.612503667172803,1.0509878808422501
727796767,3.0,19.659338862888042,1.0508664104614298
727797874,3.0,18.12453355880498,1.0551738336744227
727797890,3.0,13.405569324416948,1.0745958620480667
727798316,3.0,19.95733769244272,1.0501068837642944
72779856x,3.0,13.778561602380892,1.0725765162473275
727798615,3.0,19.541142184235905,1.0511740813598252
727799271,3.0,18.241373662402854,1.054820432852658
727800316,3.0,19.786670650047267,1.0505390733836069
727800893,3.0,19.86552447123477,1.0503384645820955
72780187x,3.0,5.409212479640065,1.184869794589127
727802223,3.0,18.21097757765151,1.0549119340648248
727802266,3.0,19.888693821155712,1.0502798227471477
727803023,3.0,19.90684677271199,1.0502339728344514
727803410,3.0,18.504250315095888,1.0540416381626763
727804130,3.0,15.411050762666477,1.0648885021145031
727804149,3.0,19.241708932657712,1.051970435864081
727804181,3.0,19.9409990749437,1.0501479387387627
727805029,3.0,16.95612806778524,1.0589757281852505
72780515x,3.0,9.29847925711623,1.1075444674713544
727805491,3.0,19.02937902942042,1.052550322238784
727805969,3.0,19.642450656150864,1.0509101444369344
727805993,3.0,19.14858573508845,1.0522231779325388
727806478,3.0,19.555132537827404,1.0511374698210612
727806697,3.0,17.757233340326735,1.0563150790911215
727807630,3.0,19.873004547148977,1.0503195174955797
727807964,3.0,19.03566710166973,1.0525329632346998
727808406,3.0,19.57111689414993,1.0510957042159874
727808449,3.0,18.51528532030463,1.0540094296523401
727808553,3.0,14.367474906749816,1.069601652794967
727808684,3.0,15.461296852701256,1.0646776275966325
727808756,3.0,18.60725896586081,1.053742466949846
727809097,3.0,19.498092035350687,1.0512870694315612
727809548,3.0,18.70558953474871,1.0534599563484666
727809564,3.0,19.79982373338076,1.050505500122917
727809740,3.0,18.247089212148133,1.0548032614064409
727809919,3.0,19.590794107524882,1.0510443831174714
727810100,3.0,17.988122331220964,1.0555922392335724
72781016x,3.0,19.671316973213813,1.0508354372694868
727810274,3.0,10.742470291958071,1.0930884585036842
727810426,3.0,19.609088284132525,1.050996761578619
727810653,3.0,19.977406787049347,1.0500565469111969
727810717,3.0,19.921600891343505,1.050196769097735
727810805,3.0,19.96754669611848,1.050081265125795
727811074,3.0,19.1625716674604,1.0521850624933646
727811445,3.0,17.647853985522694,1.0566641134282018
727812042,3.0,19.503607728678436,1.0512725652562005
727812405,3.0,4.491587640139574,1.2226384254563771
727812472,3.0,19.862687529782217,1.0503456543078873
727812798,3.0,19.479631122071897,1.0513356743633058
72781286x,3.0,14.410266964759234,1.0693949669666447
727814152,3.0,19.829581554970144,1.0504297076177767
727814400,3.0,19.990169083403142,1.0500245893782985
727815091,3.0,18.975836632842814,1.0526985987152329
727816377,3.0,19.75630959538306,1.050616740701092
727816991,3.0,19.470570235113176,1.0513595640972344
72781753x,3.0,17.19181654871118,1.058167209798139
727817572,3.0,13.203345469746328,1.0757383802681952
727818284,3.0,18.597472251889123,1.0537707483283607
727818321,3.0,17.697621177832797,1.0565047691976
727818698,3.0,19.515866367934528,1.0512403590569286
72781980x,3.0,16.516801426243468,1.06054441015505
727820325,3.0,12.544062114262854,1.079718993009687
727821002,3.0,19.226449082141936,1.052011684306741
727822785,3.0,5.082436881261382,1.1967560096391823
727822857,3.0,19.94547494241131,1.050136685282617
727823286,3.0,4.529637507844776,1.2207682178249635
727823323,3.0,19.952934800413455,1.0501179405437278
727823913,3.0,19.887553487802197,1.0502827057442403
727824852,3.0,17.690853349807355,1.0565263857105507
727825310,3.0,16.479120436559334,1.0606828503893615
727825839,3.0,19.02735365574508,1.0525559159772102
727825927,3.0,19.965335976440677,1.050086810518992
727826524,3.0,19.964655464905785,1.0500885177687047
727826778,3.0,19.132406834422053,1.0522673393187967
727826970,3.0,18.85571300182175,1.053034324393004
727827033,3.0,19.778634737351542,1.05055960703453
727827041,3.0,18.891386012440808,1.0529341785373214
727827228,3.0,19.090729762703457,1.05238144441988
727827471,3.0,19.918531964456662,1.050204503112199
727827607,3.0,16.504747584549452,1.060588627295102
727827869,3.0,19.610908734336736,1.0509920276284341
727828263,3.0,13.901981846621497,1.0719321900310943
727828589,3.0,17.329035558024653,1.0577066159655333
727828749,3.0,19.969980686993818,1.0500751610967398
727830515,3.0,19.82139481666767,1.0504505363648327
727830531,3.0,19.530134159730267,1.0512029252754407
727832019,3.0,17.184459301649447,1.0581921131439973
727832860,3.0,19.353306976276098,1.0516707558675027
727833361,3.0,18.574080777119324,1.0538384651170387
727834321,3.0,19.550179857738215,1.0511504245626766
727835463,3.0,7.8374569440522714,1.1275924074784085
72783601x,3.0,19.60486848732291,1.051007738238419
727836183,3.0,18.916830353545013,1.0528629786973058
727836693,3.0,19.23202553544309,1.0519966031740693
727837135,3.0,18.574080777119203,1.0538384651170392
72783732x,3.0,13.592409129416707,1.0735704752909327
727837354,3.0,19.872642006483442,1.0503204354848112
727837506,3.0,19.75147690777163,1.0506291253393072
727838314,3.0,19.062816631153055,1.0524581450553203
727838533,3.0,19.60494307097472,1.0510075441882056
727839202,3.0,19.6254395636318,1.050954272731456
730368069,3.0,19.26040234209041,1.0519199953478993
730590049,3.0,19.500400726096466,1.0512809974546702
730590372,3.0,19.957534514886902,1.0501063896070966
73059041x,3.0,19.3442766140085,1.051694876988878
730590436,3.0,13.807646990261198,1.0724236360261323
73059068x,3.0,19.855380510078895,1.0503641821163983
730590823,3.0,15.838123614329309,1.0631387924700413
730590989,3.0,18.637346767346756,1.0536557060660605
730591017,3.0,19.304339963089863,1.0518018229015864
730592343,3.0,19.15641464590166,1.052201835180778
730592706,3.0,19.24492380060037,1.0519617541935293
73059367x,3.0,19.575067152297237,1.0510853930778288
730594736,3.0,19.92997163386479,1.050175686065745
730594752,3.0,19.62409850197986,1.0509577548186029
730594891,3.0,12.880088255014062,1.0776392195613032
730595077,3.0,19.847460003388925,1.0503842809019013
730595616,3.0,4.98284127036077,1.2006887126724783
730595878,3.0,18.367585709615632,1.0544437366897104
73059658x,3.0,19.423894986093917,1.0514829801497552
730596627,3.0,18.441706463961317,1.0542249168727522
73059666x,3.0,19.271822876638755,1.0518892274177238
73059690x,3.0,19.95245634472346,1.0501191423613592
730597048,3.0,19.630095243821692,1.0509421878793348
73059770x,3.0,14.990082152621868,1.0667107751524292
730597996,3.0,6.82654814426603,1.146486918258967
730598622,3.0,19.44590186775235,1.0514247169815418
730599131,3.0,18.203236281039185,1.0549352864820867
730599211,3.0,19.00000757475452,1.0526315579646772
730599801,3.0,18.879717281399337,1.0529668948477962
730600075,3.0,19.95280435094877,1.0501182682098744
730600139,3.0,19.882136586500618,1.0502964053007748
73060026x,3.0,19.871744549868016,1.0503227080788256
730600796,3.0,19.735623767412356,1.050669794468377
73060202x,3.0,16.30836326792827,1.061318231852646
730602679,3.0,17.391892654650817,1.0574980549763564
730603479,3.0,19.254831587814056,1.0519350166964263
730604412,3.0,19.304960694261275,1.0518001572672078
730604674,3.0,19.916443426770485,1.0502097678070303
730604930,3.0,16.98830661752082,1.0588640187932947
730605247,3.0,19.63094274512538,1.0509399886181376
730605263,3.0,19.738182167255264,1.0506632268121912
730605546,3.0,18.87223130354127,1.0529879050291395
730605714,3.0,13.784255403359971,1.072546537389045
73060587x,3.0,19.093020945816328,1.0523751585900356
730606274,3.0,19.03060266091101,1.0525469433531922
730606290,3.0,16.717730889220963,1.059816730310258
730606557,3.0,19.293387066297157,1.0518312309064104
730607090,3.0,19.948951573913686,1.0501279476415017
73060712x,3.0,19.988418146916985,1.050028971409838
730607832,3.0,19.38509510120734,1.0515860249732651
730608456,3.0,19.32666830844126,1.0517419755976891
730608974,3.0,19.720691959054818,1.0507081598392316
730609870,3.0,16.177882071357704,1.0618127883235384
730609950,3.0,19.608464177659815,1.0509983847250675
730609969,3.0,19.355326909362873,1.0516653634775996
730610003,3.0,16.911499821677463,1.059131360940452
73061037x,3.0,16.359135816775286,1.0611279233328794
730610812,3.0,19.964580165072736,1.050088706686127
730612498,3.0,19.96628819869444,1.0500844218038177
730613714,3.0,19.950178178703077,1.0501248656048348
730613925,3.0,19.463704051531366,1.051377682138633
730614047,3.0,17.57873855813553,1.0568869032719754
730614397,3.0,14.29736659530893,1.0699429502163083
730614530,3.0,14.164747213804572,1.0705978006459183
730615672,3.0,19.02260046306904,1.0525690481667545
730616798,3.0,18.32325806381462,1.054575447036618
730617045,3.0,18.308755512796925,1.054618676801984
730617512,3.0,12.727936308549577,1.0785673321863092
730618638,3.0,19.9433349096548,1.0501420652328257
730621263,3.0,15.263550258085472,1.0655155571994317
730621474,3.0,19.83674348227448,1.0504115002996117
730622143,3.0,19.336159283059416,1.0517165785284004
730622151,3.0,19.757428559586106,1.0506138740162525
73062224x,3.0,19.6638213039871,1.0508548152742436
730622389,3.0,18.301324901831723,1.0546408527996742
730623429,3.0,19.834052325540295,1.0504183403162803
730623509,3.0,18.034982573215498,1.0554477940824374
730624560,3.0,19.980918116129775,1.0500477502679288
730624907,3.0,18.29357191397358,1.0546640101070774
730625168,3.0,15.941214970673316,1.0627304758037375
730625467,3.0,18.018818938564323,1.0554975330741447
730625547,3.0,5.7648335105078194,1.1734655473011069
730625993,3.0,5.648669302496712,1.1770328455160226
730626048,3.0,18.93209828019743,1.0528203469684065
730626558,3.0,9.375227035091045,1.106664083574408
730626566,3.0,19.961629961389747,1.050096109482754
730626718,3.0,19.677321058418475,1.0508199259965916
730626929,3.0,19.93852895288247,1.050154151410224
730626945,3.0,4.9849227287012985,1.2006049149452966
730627331,3.0,19.438348557205494,1.0514446994844793
730627366,3.0,19.929552871863443,1.050176740362891
730627438,3.0,19.88974512080079,1.0502771651384408
730627497,3.0,19.65688258314332,1.0508727666134379
730627569,3.0,16.25039214446902,1.0615369765301548
730627729,3.0,14.59694695099033,1.0685074764851532
730627972,3.0,19.045069058991324,1.0525070293472047
730628297,3.0,18.88069028978631,1.052964165221277
730628457,3.0,19.921993142770894,1.0501957807551434
730629089,3.0,15.141248575685372,1.0660447515276814
730629273,3.0,19.132313306617096,1.0522675948262952
730629409,3.0,19.437625259665047,1.0514466138039555
730630055,3.0,19.749108713345862,1.0506351964797394
73063059x,3.0,19.58401937922565,1.0510620409751423
730630629,3.0,15.162379837897456,1.0659527073382347
730630733,3.0,18.875644996043764,1.0529783220763897
730631744,3.0,19.272987826991802,1.0518860909879006
730634152,3.0,19.984988872862587,1.0500375560057424
730634195,3.0,19.410607147239265,1.0515182236400178
730634208,3.0,19.68912617863587,1.050789455607485
730634742,3.0,19.81492029036097,1.0504670210803952
730634750,3.0,19.971042817293128,1.050072497923548
730634814,3.0,19.348674428140697,1.0516831271162226
730635809,3.0,19.435945894358607,1.051451059054978
730636166,3.0,19.886184302013863,1.0502861677641562
730636609,3.0,19.810603489355362,1.0504780180238993
73063665x,3.0,18.584204976704754,1.053809135298147
730636764,3.0,18.954547802407284,1.0527577872299858
730637003,3.0,19.998205721108928,1.0500044860996933
730637193,3.0,19.83363374287564,1.0504194043796542
730637345,3.0,19.122007314293864,1.0522957649562497
730637548,3.0,7.545904451696449,1.132522218695094
730637804,3.0,19.637017639103057,1.0509242298590549
730637900,3.0,18.651254538778282,1.053615696355485
730638196,3.0,17.48686751172005,1.057185770940952
730638540,3.0,17.83204061042063,1.056078831461141
730638903,3.0,19.444658320697314,1.0514280057539287
730639092,3.0,19.722366515956896,1.0507038543873994
730639121,3.0,19.98678654423754,1.050033055478261
730639981,3.0,19.15062831307441,1.0522176078848173
733490051,3.0,15.809016127821385,1.063255043319246
733490182,3.0,18.91756013225969,1.0528609394133615
733490350,3.0,19.340874723130295,1.0517039696660706
733490369,3.0,18.45306470536521,1.0541915403195465
733490721,3.0,19.95488925214165,1.0501130318171361
733490836,3.0,19.83942957654135,1.0504046750004559
733491089,3.0,19.778598586650926,1.0505596994457902
733492049,3.0,19.801199428172804,1.0505019912368145
733492161,3.0,19.959305666007577,1.050101943260636
733492524,3.0,19.888174737275907,1.0502811350568901
733492583,3.0,19.782819799853645,1.0505489111318396
733493519,3.0,18.199984256380908,1.0549451024744376
733495004,3.0,19.906941019726393,1.0502337350077577
733495493,3.0,16.22427844633519,1.0616360230322528
733495661,3.0,19.008684199805277,1.0526075339822967
733495709,3.0,18.161130026547696,1.0550626529592715
733495792,3.0,19.74364789051363,1.050649201482188
733495987,3.0,12.270732912704103,1.081494724652077
733496015,3.0,15.40759808892206,1.0649030429161437
733496808,3.0,19.755155795972925,1.0506196969706434
733497245,3.0,19.95867255832744,1.0501035325409338
733497480,3.0,18.967187816761403,1.0527226286606544
73349751x,3.0,17.98778841976453,1.0555932712051042
73349831x,3.0,19.864691935261565,1.050340574284211
733498491,3.0,15.576093981026654,1.06420094801804
733498563,3.0,7.067860111359432,1.1414855393632939
733498969,3.0,18.627668310123312,1.0536835841905423
733499910,3.0,18.363193021655015,1.0544567602606332
733500459,3.0,19.55857443632888,1.0511284706999178
733500555,3.0,19.046535720406645,1.0525029860904622
733501224,3.0,19.969313202445303,1.0500768348847143
733501398,3.0,19.40712366530774,1.0515274709042848
733501400,3.0,19.195724192793243,1.052094934786333
733502729,3.0,16.671355289139825,1.0599831257061283
733503043,3.0,19.964676464049724,1.0500884650848559
733503326,3.0,19.715576678338945,1.0507213162625204
733503385,3.0,19.90090032852677,1.0502489828847874
733503406,3.0,15.85817553973403,1.0630589564035544
733503588,3.0,14.878601740184363,1.067210616794667
733503705,3.0,19.729575665188683,1.050685327295935
733503967,3.0,19.786997591613467,1.0505382383239306
733504126,3.0,19.932093241081976,1.0501703452770783
733504716,3.0,18.11431612187898,1.05520495464867
733504871,3.0,17.737051955853566,1.0563791549175667
733504986,3.0,14.41313124588827,1.0693811762995828
733505081,3.0,19.46810494548327,1.0513660678735968
73350509x,3.0,19.942103725840436,1.0501451608991597
733505356,3.0,19.409142813770025,1.0515221104607742
733505946,3.0,19.527665139989672,1.0512093992206037
733505962,3.0,19.83216457708728,1.050423139446681
733506009,3.0,18.728665744476643,1.0533940865645977
733506025,3.0,17.949958146710088,1.0557104363044592
733506068,3.0,16.00243723171649,1.062490481013606
733506156,3.0,19.69370768245124,1.050777640052568
733506682,3.0,11.472168858100227,1.0871674756856393
733506762,3.0,19.784583161896485,1.0505444058041071
733506834,3.0,19.540511295587535,1.0511757335759075
733506877,3.0,19.65801481555202,1.0508698365212783
733507028,3.0,19.882654879235545,1.0502950941951092
73350736x,3.0,19.938075341939104,1.0501552924667976
733507386,3.0,19.41996252024029,1.051493405250281
733507562,3.0,6.652555284203395,1.1503181795985247
733507853,3.0,19.587170608821015,1.0510538259951467
733507861,3.0,19.93016388573997,1.0501752020571944
733507941,3.0,19.426638261261633,1.0514757101332393
733507976,3.0,15.811414528504642,1.0632454482928906
733508194,3.0,19.976271993295125,1.0500593904776447
733508506,3.0,19.71456264415907,1.050723925153687
73350920x,3.0,19.348148706813056,1.0516845314326053
733509568,3.0,19.81363439295163,1.050470296371055
733509701,3.0,5.6336025286377245,1.1775063105564554
733509883,3.0,19.670767480423933,1.050836857331326
733509947,3.0,17.798750480262488,1.0561837192509063
733510067,3.0,19.199697651375946,1.052084153519383
733510411,3.0,18.0096694790859,1.0555257275077297
733510497,3.0,18.948776967367866,1.0527738545723624
73351093x,3.0,19.970845141511106,1.0500729935520563
733511131,3.0,13.142233341211488,1.076090568021205
733511326,3.0,18.888507967510787,1.0529422441264313
73351202x,3.0,19.501476607940894,1.0512781683204853
733512070,3.0,19.887946164730387,1.0502817129389366
733512740,3.0,18.43381624123611,1.0542481267532122
733512935,3.0,12.257468517290883,1.0815829140078441
733513540,3.0,4.9607505981957285,1.2015823977048372
73351368x,3.0,4.844296561223931,1.2064283198523555
733514148,3.0,18.657750352083823,1.0535970297130872
733514156,3.0,19.371569528072804,1.0516220432500745
733515028,3.0,19.6986326965409,1.0507649447251026
733515589,3.0,19.870531185401422,1.0503257809602335
733515626,3.0,19.465446598815596,1.0513730828071957
733515634,3.0,19.863241516888884,1.0503442501642917
733515909,3.0,13.280294229965303,1.0752995364924691
733515925,3.0,19.188790400966685,1.052113759080386
733515933,3.0,19.932276135627443,1.0501698849241095
733516530,3.0,15.58027269511617,1.0641837289737208
733516717,3.0,19.736388365113285,1.0506678314948257
733516987,3.0,19.99714438831941,1.0500071400486617
733517699,3.0,19.69541539766527,1.0507732373148393
733517701,3.0,19.954866444351072,1.0501130890947699
733517867,3.0,19.035761761394475,1.0525327020023991
733518069,3.0,17.05908764252078,1.0586197820748304
733518480,3.0,17.586721024988794,1.056861082778257
733518640,3.0,19.73665641683173,1.050667143353987
733518763,3.0,18.565668677129963,1.0538628593125678
733518771,3.0,19.35239851021299,1.0516731814649363
733518982,3.0,17.62396727146187,1.0567409133594614
733519053,3.0,19.928234194488873,1.0501800606235623
733519109,3.0,19.99126610477921,1.0500218442773335
733519336,3.0,19.853789413868643,1.0503682183362668
73352045x,3.0,17.687202729740427,1.056538052697193
733520900,3.0,15.256790570170045,1.0655445845835487
733520927,3.0,19.77168032151898,1.0505773906789109
733521452,3.0,18.495161535246215,1.0540681949759834
733523028,3.0,10.119746246189937,1.0988167070272634
733523220,3.0,18.8274533359114,1.053113927951828
73352360x,3.0,19.631284282556404,1.0509391023840737
733524282,3.0,19.949481596761412,1.0501266158295732
733524936,3.0,19.877773512727675,1.0503074451150025
733525517,3.0,15.193997222805287,1.0658154654983785
733525525,3.0,19.690628542837413,1.0507855804513542
733525568,3.0,16.543439191602666,1.0604469233040488
733525904,3.0,17.909086101878543,1.0558375784398684
733526237,3.0,5.127412689935696,1.195030137122148
733526309,3.0,8.145666359123345,1.1227646647815346
733526405,3.0,19.871900711164926,1.050322312622977
733526608,3.0,17.964310103513093,1.0556659284012493
733526763,3.0,18.282615506521243,1.0546967691599327
733527491,3.0,19.034028133184027,1.0525374867055384
733527643,3.0,19.96204340224218,1.0500950719247348
733527811,3.0,16.61522963495544,1.060185746569291
733527993,3.0,18.937699842542198,1.0528047232934579
733528531,3.0,18.670774610345326,1.053559641786148
73352950x,3.0,17.38371767382754,1.0575250943879269
733529948,3.0,18.610940373623112,1.053731836217007
733530332,3.0,19.337486479243232,1.0517130290471512
733530340,3.0,19.824049204516836,1.0504437811712126
733530690,3.0,19.67343665587298,1.0508299600873992
733531298,3.0,19.75121929568339,1.0506297856871323
733531327,3.0,6.267269706772229,1.1595591137428518
733531538,3.0,15.487774601180668,1.0645670553549873
733531570,3.0,19.985000194551034,1.0500375276590017
733531589,3.0,19.817759077631067,1.0504597919513883
73353259x,3.0,17.878276863548745,1.0559338021014126
733533613,3.0,16.83881002820979,1.0593866192637553
733533699,3.0,17.219866496688244,1.0580724595160085
733534528,3.0,18.943448325400542,1.0527886994396443
733535387,3.0,19.96142988689039,1.0500966115987886
733535408,3.0,10.716463453402634,1.0933143666609981
73353558x,3.0,18.1338266031518,1.0551455587331022
733536232,3.0,19.04757805957106,1.0525001129735503
733536267,3.0,19.47326425650094,1.0513524587777399
733536304,3.0,19.552000231267545,1.0511456622428226
733536320,3.0,19.125538912954926,1.0522861083575865
733536347,3.0,19.97788712757752,1.0500553433711015
733536670,3.0,19.075808053053258,1.052422418867857
733536849,3.0,19.92853297162003,1.0501793083025273
733536910,3.0,11.555645582101254,1.0865377873434365
733537040,3.0,16.19733453357624,1.061738553212385
733537390,3.0,19.174089517010962,1.0521537149971483
733537681,3.0,18.190253979374905,1.0549744935465912
733537729,3.0,18.35762958645103,1.0544732638432828
733537753,3.0,18.378537405925847,1.0544112938866161
733538238,3.0,19.938350588847417,1.0501546000780704
733538721,3.0,19.490690144359395,1.0513065464892941
733539492,3.0,18.783044605723248,1.053239505148984
733539513,3.0,19.37243224981403,1.0516197443410649
733539898,3.0,13.224335036887005,1.0756181688690336
733539994,3.0,19.96167567303902,1.0500959947641388
735646507,3.0,19.8185719276641,1.0504577223651586
737250821,3.0,18.440538212811834,1.0542283521478368
737251808,3.0,18.78874061825305,1.053223365009814
737251947,3.0,19.69200030709815,1.0507820426774797
737252608,3.0,19.99388946555086,1.0500152810048782
737252771,3.0,12.77305039388807,1.0782898343905778
737252827,3.0,18.38758879791028,1.0543845096271485
737252835,3.0,19.037043878650707,1.0525291640012167
737253221,3.0,19.70355888928744,1.0507522527081992
737253248,3.0,12.144082551154943,1.0823446312875151
73725403x,3.0,6.776447772809525,1.1475699412917335
737254283,3.0,19.66849710156657,1.0508427255441064
737254566,3.0,18.162733784516472,1.0550577909616496
737255630,3.0,19.93460706418667,1.050164018622496
737255788,3.0,19.44165553778516,1.051435948860244
73725593x,3.0,19.79112312276428,1.0505277034454792
737256641,3.0,17.996071557685863,1.055567683024294
73725665x,3.0,19.150741907468884,1.0522172981512532
737256721,3.0,3.894254978352999,1.25678852708893
737256764,3.0,19.33718243432845,1.05171384214821
737257345,3.0,19.990832578875878,1.0500229290628291
73725737x,3.0,18.586290067704144,1.0538030987549052
737258129,3.0,13.02585760929408,1.0767703770450008
737258313,3.0,18.779603113348983,1.053249261657142
737258647,3.0,19.87608135949967,1.0503117280470406
737258671,3.0,19.440924354664602,1.0514378833926208
737259033,3.0,19.866974365676334,1.0503347908742298
737259041,3.0,18.323729070466143,1.054574044189061
737259244,3.0,19.576752449167678,1.0510809953079074
737259252,3.0,19.463152964583823,1.0513791368654222
737259818,3.0,19.97638955185928,1.0500590958843674
73726019x,3.0,19.97845603024883,1.0500539180047712
737260552,3.0,14.074692894997927,1.071049507613441
737260640,3.0,19.979183384626907,1.050052095761304
737260704,3.0,19.629070008418644,1.0509448486133635
73726158x,3.0,5.759419467991832,1.1736286105843712
737261942,3.0,19.34714317666061,1.0516872176356429
737262363,3.0,19.196671513966976,1.0520923639951034
737263227,3.0,7.877271027921642,1.1269475172880832
737263809,3.0,19.859367979544675,1.0503540697282012
737264078,3.0,16.563819990425255,1.0603725469473861
737264473,3.0,16.88560161038147,1.059222053384535
737264625,3.0,18.790503728448677,1.0532183710693188
737264940,3.0,19.439878953861612,1.0514406495211923
737265484,3.0,19.92296535620645,1.050193331269759
737266698,3.0,19.625456775444167,1.0509542280438142
737266786,3.0,19.93575060324873,1.0501611411529717
737266938,3.0,19.61917965717561,1.0509705307497021
737267658,3.0,4.980338907153919,1.2007895483906865
73726772x,3.0,19.939898967534702,1.050150705458847
737267818,3.0,4.93673833873676,1.2025628930246048
737268095,3.0,18.046675524561078,1.0554118678888544
737268167,3.0,19.665035033562837,1.0508516765057003
737268706,3.0,19.79852189897462,1.0505088210676874
737268730,3.0,19.914002744975228,1.0502159215706808
737269186,3.0,19.608678425496276,1.0509978275078318
737269258,3.0,18.03180366459485,1.0554575692260604
737269741,3.0,18.792713285380817,1.053212113908954
737269880,3.0,19.38081665098843,1.051597412947457
737270048,3.0,19.756928819105205,1.0506151542659297
737270072,3.0,19.387288403043645,1.0515801889986331
737271622,3.0,19.642896921670207,1.0509089878131364
737272393,3.0,19.896748381151486,1.0502594685746398
737272406,3.0,5.57073448713937,1.1795095426480307
737273628,3.0,19.88260436250782,1.0502952219823716
737273847,3.0,19.826807335793603,1.0504367638754772
737274102,3.0,18.324376445672133,1.0545721161625765
737274305,3.0,19.713948069918956,1.0507255064512357
737274823,3.0,19.50998521799907,1.0512558051083218
737275121,3.0,19.61477208902594,1.0509819841628176
737275586,3.0,19.954545619789112,1.0501138948014075
737276052,3.0,19.937931245708857,1.0501556549511737
737276343,3.0,16.829338453602837,1.0594200421339746
73727791x,3.0,19.79428399044936,1.050519634884621
737278808,3.0,19.923802362432674,1.0501912226295493
737279157,3.0,19.62354252026193,1.0509591985732172
73727935x,3.0,5.298185180604706,1.1887438747253953
737279501,3.0,19.735536048601197,1.050670019681116
737279616,3.0,17.604609515530907,1.0568033047888845
737279667,3.0,19.331276060322796,1.0517296425171065
737279683,3.0,11.550935455651434,1.0865730748682123
737280166,3.0,19.61698111163782,1.0509762432001706
737280318,3.0,19.985650071890063,1.0500359005788111
737280625,3.0,18.691673251896685,1.0534997582358512
737281265,3.0,19.451995971235547,1.0514086061645673
737281361,3.0,18.19644079754786,1.0549558021332808
737281409,3.0,18.585162644660798,1.053806362587162
737281599,3.0,19.782025595710472,1.0505509405577171
737281601,3.0,18.155496325972113,1.0550797390523257
737281660,3.0,16.229555523595256,1.0616159819377773
737282559,3.0,19.61565040778085,1.050979701371683
737283631,3.0,19.885403137313773,1.0502881431718907
737284474,3.0,19.769513962469304,1.0505829329895724
737285792,3.0,19.860524171749095,1.0503511383361404
737286058,3.0,16.922805522079862,1.0590918567666137
737288029,3.0,19.69144649988358,1.0507834708844732
737288715,3.0,19.2865224688595,1.0518496790499492
73728882x,3.0,19.591557668194508,1.0510423937155047
737288950,3.0,16.952214625267832,1.0589893428148005
737289232,3.0,19.1287798907071,1.0522772495534756
737289267,3.0,19.641650128582377,1.050912219363118
737290364,3.0,19.267127388878663,1.0519018730616385
737291367,3.0,19.81087822896616,1.0504773179887537
737292044,3.0,17.115759926272773,1.0584256851175504
73729332x,3.0,13.480206241909109,1.0741828412751626
73729375x,3.0,19.956329787897133,1.0501094144378424
737293944,3.0,19.329752702108202,1.0517337192777916
737294090,3.0,8.856778168386244,1.1129078747359218
737294146,3.0,19.13822814359989,1.0522514410684574
737294189,3.0,18.28467072134376,1.0546906211897322
737294437,3.0,18.411902587920345,1.0543126923046007
737295560,3.0,19.81566194287372,1.050465132221315
737295704,3.0,19.808920507358582,1.0504823066773639
737295800,3.0,19.996149436413972,1.050009628262677
73729586x,3.0,18.563916569671484,1.0538679430198332
737295915,3.0,17.293110755474572,1.0578264960041053
737296280,3.0,18.38102477221637,1.0544039308141044
737296395,3.0,12.832383886249547,1.0779278432491053
737297451,3.0,19.89564322960126,1.0502622603581961
737297734,3.0,7.776227124240535,1.128597066935293
737297910,3.0,15.673102036368029,1.0638035787478184
737297929,3.0,19.25184999506664,1.0519430600309194
737297961,3.0,19.842973544102353,1.0503956726937842
73729842x,3.0,16.34025943748705,1.0611985387273501
73729906x,3.0,19.8389032389425,1.0504060122656913
73729914x,3.0,19.609897107398233,1.0509946581832257
737299166,3.0,18.968525180670657,1.0527189114849593
737299473,3.0,19.913737101715842,1.050216591435961
73729981x,3.0,19.900532140555818,1.05024991256199
737299852,3.0,8.553684849802963,1.1169086794240537
737299860,3.0,16.39259650982299,1.0610031485494544
740213538,3.0,19.272147110951988,1.051888354434142
740350727,3.0,19.45689344167829,1.0513956661682649
740350882,3.0,15.297203597051842,1.0653714251533348
740351172,3.0,8.15064295461534,1.1226897074952529
740351543,3.0,19.037777981757998,1.052527138459026
740351770,3.0,12.485610354840935,1.0800921998668875
740351893,3.0,19.873457857805345,1.0503183697147724
740352204,3.0,19.18337218242022,1.0521284782722615
74035279x,3.0,8.891017494905705,1.1124730662798685
740352829,3.0,19.973937733334687,1.0500652406826667
740352837,3.0,16.973939772422597,1.0589138416541746
740352933,3.0,19.669215503306802,1.0508408685558344
74035295x,3.0,19.618244257153723,1.050972961030157
740352968,3.0,19.556924870115104,1.0511327832285176
740353426,3.0,19.866632673401966,1.0503356565976492
740353450,3.0,19.963320916755343,1.0500918661864866
740353506,3.0,17.312877528880776,1.0577604732853816
74035375x,3.0,15.566939564202535,1.064238702532101
74035404x,3.0,19.42072415972464,1.0514913857884782
740354170,3.0,19.998733537121797,1.0500031663576992
740354429,3.0,16.064237415876,1.0622500759987348
740354648,3.0,19.783290403685463,1.050547708677102
740354672,3.0,19.95840393994907,1.0501042068799091
740355042,3.0,19.939450402262793,1.0501518336677182
740355392,3.0,17.44362926019505,1.0573275196969427
74035607x,3.0,19.17282050013908,1.0521571669641796
740356184,3.0,18.530669039631658,1.0539645923124144
740356360,3.0,17.080778267710823,1.0585453416891653
74035690x,3.0,14.076435600412776,1.0710407114689373
740356977,3.0,18.409084087332793,1.0543210077837657
740356985,3.0,9.88617413253389,1.101151364177286
740357224,3.0,18.807283310627984,1.0531708904196122
74035762x,3.0,19.04158441171579,1.0525166382365077
740357769,3.0,16.08863816245709,1.0621556647556103
740358614,3.0,15.283480539495487,1.0654301222431504
740358622,3.0,18.087031622943666,1.055288231969003
740359545,3.0,19.28128059043059,1.0518637750905562
740359756,3.0,19.555235336181962,1.0511372010005808
740359975,3.0,19.916165819835342,1.0502104676696384
740360028,3.0,16.4819146657255,1.0606725626410092
740360677,3.0,19.148292777418042,1.0522239769165906
740360685,3.0,16.801888457914792,1.0595171193110102
740361194,3.0,18.5878157535361,1.053798682602595
740361274,3.0,19.937222468011353,1.0501574380084522
740361442,3.0,19.798963594775003,1.0505076942645575
74036175x,3.0,19.99440545084474,1.0500139902863554
740362074,3.0,19.73376139096433,1.0506745764372056
740362373,3.0,7.8192155087833175,1.1278900676003496
740362381,3.0,18.96442415355915,1.0527303118672509
740362533,3.0,19.06383707717224,1.0524553370841296
740362621,3.0,14.455451786157722,1.069178052321933
74036263x,3.0,19.31968618408777,1.051760675120263
740362699,3.0,19.85140051903629,1.0503742795900501
740363237,3.0,19.558462499063793,1.0511287633190936
740363552,3.0,18.81126775293033,1.0531596282150746
740364360,3.0,18.993712401742375,1.0526490018827634
740364686,3.0,17.562774890813714,1.056938610567915
740365080,3.0,17.57139172476992,1.0569106884453738
740365240,3.0,18.881405266879312,1.052962159641483
740365750,3.0,12.593046052613309,1.0794089051864049
740365881,3.0,4.988094235530657,1.2004773672632139
740366171,3.0,19.92398578450541,1.0501907605644694
740366227,3.0,19.962035288803385,1.0500950922855494
740366585,3.0,14.79547109479954,1.0675882500525102
740366833,3.0,6.63894459488921,1.1506263511778392
740367238,3.0,17.710885839019515,1.0564624496532444
740367537,3.0,19.809453509231385,1.050480948378207
740368011,3.0,19.83792429598134,1.0504084996534933
74036802x,3.0,18.429759459946546,1.054260067917506
740368038,3.0,19.942295672816623,1.0501446782460007
740368329,3.0,14.263944856687342,1.070106833000772
74036861x,3.0,19.96122415442364,1.0500971279248117
740369698,3.0,19.264868241589202,1.0519079594762653
740370664,3.0,8.070303718508203,1.123911073843061
740370939,3.0,15.497542620524452,1.0645263590806733
740371122,3.0,19.718196877745974,1.0507145762972172
74037207x,3.0,19.940608511703562,1.0501489209525918
740372344,3.0,19.334469250968066,1.0517210990909374
740372651,3.0,19.72865349398665,1.0506876964667053
740372723,3.0,5.685112317657882,1.1758980199729763
740373339,3.0,19.840864771308365,1.0504010289635202
740373486,3.0,19.963892017030858,1.0500904332254912
740373806,3.0,18.638168963547486,1.0536533391212302
74037442x,3.0,19.92546950467778,1.0501870231848356
74037522x,3.0,18.205751324212375,1.0549276974177972
740375238,3.0,18.434560068020975,1.0542459378639977
740375289,3.0,18.765294876768365,1.053289863365697
74037530x,3.0,19.979233497363424,1.0500519702185755
740375393,3.0,19.819675744920342,1.0504549122230868
740375908,3.0,19.908259656610877,1.0502304077427447
740375983,3.0,17.694495350869538,1.0565147510664021
74037653x,3.0,19.900302625847843,1.0502504921056393
740376927,3.0,19.77779551268653,1.0505617524136373
74037725x,3.0,19.95988166956073,1.0501004974155244
740377284,3.0,19.019385736067992,1.0525779335819252
740377591,3.0,18.91990546504983,1.0528543867117766
740377823,3.0,19.518706984665048,1.051232901891793
740377989,3.0,19.618530348995687,1.050972217704941
740378607,3.0,19.80452009261381,1.0504935234645223
740378877,3.0,19.120452792449328,1.0523000166813465
740378930,3.0,15.744482635199871,1.063514313119715
740379474,3.0,19.954343036887895,1.0501144035737677
740380125,3.0,19.907582427500756,1.0502321165134838
740380838,3.0,19.127891915314684,1.0522796764236917
740381611,3.0,5.000848168081837,1.1999660790308633
740381910,3.0,17.353691925846867,1.057624625599731
740382016,3.0,19.90144629238073,1.050247604385559
740382155,3.0,19.452883201626964,1.051406261459297
740382171,3.0,14.549421806208601,1.0687312536071554
740383115,3.0,19.045985031305403,1.0525045041438563
740383123,3.0,19.532730001045067,1.051196120560029
74038314x,3.0,19.97112803378077,1.050072284264991
740383342,3.0,19.578569015865018,1.051076255838191
74038453x,3.0,19.64676450609946,1.0508989660709551
740385145,3.0,18.111386579868753,1.0552138841269902
740385380,3.0,19.75928770320572,1.0506091117767247
740386033,3.0,17.11292892126383,1.058435350523629
740386041,3.0,19.47496578963495,1.0513479720992487
740386738,3.0,19.260562494590165,1.0519195636306509
740386762,3.0,15.233945910525456,1.0656428745299062
740386893,3.0,19.993563595290055,1.0500160961918552
740387052,3.0,19.663282377809676,1.0508562090899185
740387132,3.0,18.918848879931943,1.0528573385382207
740387159,3.0,19.003355069432644,1.0526222867670627
740387714,3.0,19.5950850533636,1.0510332053816906
740387896,3.0,19.834510295953937,1.0504171761782286
740388039,3.0,17.70894940900133,1.0564686236831027
740388557,3.0,19.360803009645316,1.0516507502039978
740389138,3.0,19.437277819117515,1.0514475334100772
740389445,3.0,19.77142822440902,1.0505780355698047
74038998x,3.0,19.983100031296463,1.0500422856530696
740390155,3.0,19.852848994733126,1.0503706042525833
740390489,3.0,19.756718620527952,1.0506156927780994
740391457,3.0,19.786724818598383,1.0505389350267842
740391887,3.0,7.399172297214408,1.135150251924323
740391908,3.0,18.165071762454364,1.0550507046202213
740392716,3.0,16.946864199591577,1.0590079667968366
740393137,3.0,19.503779246335643,1.051272114361522
740393233,3.0,19.922871699186363,1.050193567227602
740393268,3.0,19.974347879260396,1.0500642126613962
740393292,3.0,12.338951411043462,1.0810441638586072
74039341x,3.0,19.837098888758693,1.0504105971144138
740393575,3.0,19.02153772097838,1.0525719852237354
740394148,3.0,19.875253380378403,1.0503138239730436
740394287,3.0,19.701119369771796,1.0507585371790773
740394607,3.0,16.792954192533994,1.0595487838848863
740394789,3.0,17.7397730732697,1.056370506875694
740394914,3.0,19.602840742347357,1.0510130145494543
74039499x,3.0,19.935336580433205,1.0501621829140078
740395351,3.0,19.502022456545753,1.0512767330787456
740395554,3.0,17.465003693709583,1.0572573597771509
740395626,3.0,15.204398472945199,1.0657704414797735
74039587x,3.0,19.27417279666543,1.0518829010484438
740395909,3.0,14.566875277551434,1.0686489024548091
740395968,3.0,16.18631928149819,1.0617805680592902
74039624x,3.0,18.598969334918593,1.0537664201705281
740396274,3.0,19.207567301498745,1.0520628138016193
740396696,3.0,19.941773050529513,1.0501459924083052
740396741,3.0,19.787640117089868,1.0505365972942036
740396768,3.0,19.51284854155925,1.051248283810032
740396813,3.0,19.29247691105017,1.0518336761324425
740396928,3.0,19.84426227772185,1.0503923998788631
740397584,3.0,19.007912431675162,1.0526096699779393
74039763x,3.0,19.501754279179554,1.0512774382080907
740397955,3.0,19.647730606526228,1.0508964633130626
740398747,3.0,15.331518020436919,1.0652251133036532
740399037,3.0,19.842399348578862,1.050397131034036
740399205,3.0,19.751104147437623,1.0506300808570104
740399336,3.0,18.692807221869163,1.0534965127565257
74039958x,3.0,16.03973915893423,1.062345153502262
74039966x,3.0,19.765451848107595,1.0505933285858953
740399678,3.0,19.860353981485844,1.0503515698125128
742231350,3.0,19.992400271561777,1.050019006543324
742452807,3.0,18.6411631680869,1.0536447211465843
743950293,3.0,19.45580579567653,1.0513985393615628
743950496,3.0,18.93025549297488,1.0528254888250772
743950509,3.0,19.930283177284167,1.0501749017364572
743950605,3.0,19.65928446681477,1.0508665512057684
743950664,3.0,19.764033665627373,1.0505969589466522
743950808,3.0,16.576206856564525,1.0603274324851937
743951544,3.0,16.480113795099427,1.0606791926580847
743951587,3.0,14.962891787778114,1.0668320010719328
743952918,3.0,19.964594022095618,1.050088671920564
74395311x,3.0,19.740804010303197,1.0506564980574284
743953267,3.0,19.586275739884844,1.051056158571465
743953953,3.0,17.71278945141167,1.0564563815735022
743954331,3.0,19.195576406684932,1.0520953358635141
743954358,3.0,18.1188732232514,1.0551910699787186
743954649,3.0,14.173244606926247,1.0705554746096257
74395530x,3.0,19.942744780372163,1.0501435489955329
743955393,3.0,5.087048516494511,1.1965776415848106
743955449,3.0,16.110386755507776,1.062071756263587
743955457,3.0,5.2270842155719635,1.1913112471042475
743956302,3.0,18.06915522359428,1.0553429304040858
743956759,3.0,19.75736564403796,1.0506140351915674
743956919,3.0,16.529988003998405,1.060496111658285
743957006,3.0,11.742520275610664,1.0851605938528384
743957030,3.0,16.842516732989715,1.059373549443551
743957161,3.0,18.331390785396014,1.0545512346393633
74395733x,3.0,19.934720560442972,1.050163733018878
743957591,3.0,11.178373642050417,1.0894584518304375
743957735,3.0,18.90684913614489,1.0528908858794597
743958172,3.0,18.752813584846646,1.053325331448293
743958324,3.0,19.947242801680027,1.0501322418312258
743958658,3.0,6.788462305653288,1.1473087652217235
743958973,3.0,19.903740382483207,1.050241812884581
743959167,3.0,19.961917809329375,1.050095387104171
743960336,3.0,19.260605899820636,1.0519194466259918
743960731,3.0,12.065148565682684,1.0828833556881623
743961179,3.0,19.619623540557455,1.0509693775689841
743961793,3.0,18.156776434353265,1.0550758557619273
74396306x,3.0,16.96807398887455,1.0589342078927562
743963377,3.0,19.834005700422612,1.0504184588380294
743963641,3.0,19.571391778032474,1.0510949865672012
743963887,3.0,19.96711288878481,1.0500823531959738
743963895,3.0,18.63056306613628,1.0536752430106444
743964054,3.0,19.921984087911866,1.0501958035699253
743964388,3.0,17.469584820176745,1.0572423449265398
743964599,3.0,8.501832222961223,1.1176217048013795
743965137,3.0,19.20500105950912,1.0520697706238793
743965399,3.0,19.596126941731615,1.0510304920443445
743965591,3.0,19.394150311893817,1.0515619392403457
743965823,3.0,19.910330497815455,1.0502251833594485
743965858,3.0,19.524169134679468,1.0512185687955227
74396592x,3.0,19.7749440270566,1.0505690432616028
743965970,3.0,19.80611906185991,1.0504894470681878
743966332,3.0,13.546804345615119,1.0738181474012123
743966519,3.0,19.741347108677324,1.0506551044614605
743966914,3.0,18.882955070999532,1.0529578128126673
743966930,3.0,19.70142007381998,1.050757762448243
74396699x,3.0,16.415794691621297,1.0609169412011716
743967183,3.0,19.92300741188823,1.0501932253161383
743967351,3.0,19.740787068400355,1.0506565415317572
743967474,3.0,5.518490938407543,1.181208959326219
743967685,3.0,17.74681382495891,1.0563481428195078
743967781,3.0,19.910001246378688,1.0502260139326653
743968098,3.0,18.431617676677153,1.054254597591039
743968231,3.0,19.94433906591343,1.0501395406834557
743968442,3.0,18.27133402739641,1.0547305412128407
743968493,3.0,16.579547942541613,1.060315275390235
743969111,3.0,19.02212399362956,1.052570364925331
743969250,3.0,19.849073605807263,1.0503801849829117
743969568,3.0,19.73411001328195,1.0506736812213449
743969592,3.0,19.04848963774303,1.0524976005456401
743969605,3.0,19.904274007719817,1.0502404659226532
743970534,3.0,18.942876558268306,1.052790292800779
74397106x,3.0,19.627179710646768,1.0509497551223597
74397253x,3.0,19.412742687595763,1.0515125562674343
743972556,3.0,6.107152753609447,1.1637424247181274
743973161,3.0,19.736206051474415,1.0506682995400372
743973399,3.0,19.261847659512235,1.051916099518426
743973436,3.0,19.841209673769924,1.05040015283554
743973890,3.0,19.160810044171765,1.052189860329218
743974252,3.0,17.320962832832354,1.0577335111016157
743974324,3.0,18.96746265179995,1.0527218647194807
743974367,3.0,19.945139186791415,1.0501375292814323
74397480x,3.0,19.747667345348265,1.0506388923062124
743975212,3.0,10.24060005967434,1.097650527720326
743975335,3.0,19.369920527179552,1.051626437940043
743975538,3.0,14.73003405215435,1.0678885056517398
743975618,3.0,4.9896829103194635,1.2004135368866506
743975896,3.0,19.822055734596113,1.0504488542151895
743975941,3.0,15.775169851957644,1.063390759616823
743976725,3.0,11.874329318875624,1.0842152826610918
743977146,3.0,19.75572175579986,1.0506182468229195
743977496,3.0,19.60237070676429,1.0510142377653804
743978237,3.0,19.945367311189365,1.050136955835303
743978528,3.0,19.932463910216192,1.0501694122966634
743978704,3.0,19.802293360134396,1.0504992013709473
743978720,3.0,12.799820697488528,1.0781260943910107
743978990,3.0,4.917664188159781,1.203348573985123
743979264,3.0,10.763291094650826,1.0929083856606816
743979280,3.0,17.857593243135003,1.055998587625151
743979459,3.0,18.36447356501797,1.0544529630244819
743979627,3.0,18.75489458064148,1.0533194146040248
743979790,3.0,19.389269897524006,1.0515749177398217
743979942,3.0,19.745602919243506,1.0506441866622076
74398053x,3.0,19.655745246927374,1.0508757102535362
743980812,3.0,19.518420947909505,1.0512336526949997
743982201,3.0,19.90732395213503,1.0502327687239323
743982463,3.0,11.978680072383966,1.0834816518979777
743982682,3.0,6.11004634606105,1.1636648796689846
743982826,3.0,19.72868743606791,1.050687609261415
743983319,3.0,19.318674959688412,1.0517633845016112
743983386,3.0,19.637860804311554,1.0509220433918367
743983474,3.0,16.38970681665793,1.0610139041037412
74398379x,3.0,12.372682790075443,1.08082321489743
743984207,3.0,18.977126360573788,1.0526950172012115
743984215,3.0,19.902789727705652,1.0502442126797908
743985031,3.0,16.122446942095397,1.062025324294231
743985269,3.0,19.885061346712416,1.0502890075400915
743985277,3.0,19.605504173347413,1.0510060843709108
743985349,3.0,19.805189483092644,1.0504918168469777
743986034,3.0,19.20899233527573,1.052058951481988
743986464,3.0,19.89260310857615,1.050269941773929
743986480,3.0,19.356082124551545,1.0516633476529624
743986616,3.0,19.534487510527146,1.0511915144669703
743986755,3.0,18.780379911722086,1.0532470591489915
743986894,3.0,19.327612768109685,1.0517394471835646
743986966,3.0,17.613549553452383,1.0567744733658182
743987088,3.0,17.764206429721423,1.0562929733988506
743987221,3.0,13.986805327647051,1.0714959546926237
743987248,3.0,19.99226357915178,1.0500193485365417
743987766,3.0,18.786419673804577,1.0532299404231016
743988259,3.0,19.693462948449774,1.050778271074906
743988283,3.0,19.587460083827025,1.0510530714916775
74398854x,3.0,16.689963014369848,1.0599162502121193
743989163,3.0,19.62805416611155,1.0509474852441834
743989278,3.0,19.775090038435383,1.0505686698799537
743989323,3.0,16.876389422937375,1.0592543804802739
74398934x,3.0,19.691149982164756,1.050784235603596
743989526,3.0,19.69626552862004,1.0507710458384576
743990287,3.0,19.887675159265896,1.0502823981180167
743990930,3.0,19.94832377971558,1.0501295252193996
743992207,3.0,19.860807815983623,1.050350419241015
743992522,3.0,18.929735433499626,1.0528269401076953
743992637,3.0,19.237524571180067,1.0519817399738691
743993656,3.0,19.592231816424032,1.0510406374000592
743993736,3.0,10.74790131452814,1.093041419969895
743993920,3.0,19.9386245146537,1.050153911031579
74399435x,3.0,19.69303472960088,1.0507793752324464
743994608,3.0,19.934929076712333,1.0501632083140031
743994819,3.0,19.30128301635504,1.0518100272998767
743995213,3.0,19.871653507678754,1.0503229386328412
74399523x,3.0,19.874888411374375,1.0503147479020662
743995248,3.0,19.93312408966605,1.050167750699873
743995942,3.0,17.499027510948345,1.057146032793785
743996072,3.0,15.207601552662952,1.0657565886729123
743996291,3.0,10.648975623206542,1.0939057459968988
743996443,3.0,19.039283776647874,1.0525229841485173
743996945,3.0,19.774815007808154,1.0505693731954078
743996996,3.0,16.974222278276432,1.0589128611376675
743999169,3.0,19.69072313379484,1.0507853364858764
743999257,3.0,19.019165767807173,1.052578541677819
743999273,3.0,5.596349534215971,1.1786879096607565
743999505,3.0,18.644804430778933,1.053634244527081
743999628,3.0,19.487022460609023,1.0513162029766936
743999644,3.0,19.489157039915643,1.0513105824921984
746595274,3.0,19.079872237499814,1.0524112524209983
747200262,3.0,9.415909696536458,1.106203227540281
747200334,3.0,18.93329833764751,1.052816999033474
747200916,3.0,19.24833578346525,1.0519525433912589
747201329,3.0,19.760588764693903,1.050605779610509
747201935,3.0,6.084598960901866,1.1643493690259217
747201951,3.0,19.987825320116425,1.0500304552388482
747202014,3.0,19.816007304156525,1.0504642526948527
747202540,3.0,18.67967777150965,1.0535341140372991
747202882,3.0,4.9637615775790875,1.2014601193814223
747203156,3.0,19.95982340486536,1.0501006436638234
747203236,3.0,18.0031847318284,1.0555457278751392
747203340,3.0,19.491999781238434,1.0513030992829442
747203551,3.0,19.416357136476165,1.0515029669557
747204124,3.0,17.73617586390398,1.0563819398089733
747204204,3.0,19.12542547352203,1.0522864184843594
747204263,3.0,19.667854746079122,1.0508443860761862
747204546,3.0,19.852061791820873,1.0503726016212585
747204773,3.0,14.60565505443025,1.0684666313337776
74720495x,3.0,19.12868119567021,1.0522775192796014
747205143,3.0,17.91243759693346,1.0558271309858573
747205223,3.0,11.601838401551076,1.08619323639832
74720583x,3.0,12.023764837124222,1.0831686259292455
747205848,3.0,19.653362939529902,1.0508818772174937
747206285,3.0,17.989935933666928,1.0555866348655845
747206541,3.0,18.319729060745146,1.0545859601244194
747206920,3.0,13.536632830471925,1.0738736148437837
747207667,3.0,15.534356144177806,1.0643734436573218
747207763,3.0,17.90581027245426,1.0558477938045825
747207982,3.0,19.961584869429267,1.0500962226467037
74720831x,3.0,12.540210822029621,1.0797434759424682
74720954x,3.0,19.733093480736088,1.0506762916304138
747209611,3.0,12.528483180007203,1.0798181220848655
747209777,3.0,19.432660450881613,1.0514597577890903
747209910,3.0,13.720811458298796,1.0728819868299528
747210188,3.0,19.850690816413266,1.0503760805731337
747210364,3.0,18.2016050150003,1.054940209897747
747210620,3.0,19.928731845913532,1.0501788075494154
747211025,3.0,18.37636538083507,1.0544177251200562
747211092,3.0,19.134214100870427,1.052262402559534
747211500,3.0,11.997953331469759,1.0833475487337556
747211789,3.0,19.972340839260628,1.0500692436629286
747211930,3.0,19.68580599443497,1.0507980216955655
747212415,3.0,19.68939722805161,1.050788756426494
747212511,3.0,19.962152482844186,1.0500947981866895
747213119,3.0,19.975996650250586,1.0500600804810134
747213194,3.0,18.417005321383535,1.0542976440821747
747213303,3.0,19.130256102820447,1.0522732155087335
74721332x,3.0,19.736291917901582,1.0506680790981289
747213557,3.0,19.730679714998445,1.0506824911480288
74721367x,3.0,16.80382550507886,1.0595102585240341
747213709,3.0,16.310354078040625,1.061310747468465
74721375x,3.0,19.676258235864527,1.0508226710593414
747213776,3.0,19.814277820118868,1.0504686574539006
747213987,3.0,19.917055645679536,1.0502082244378788
747214285,3.0,19.43971059803581,1.0514410950182067
747214429,3.0,19.202165271801874,1.052077460319982
747214437,3.0,19.943190539190297,1.0501424282155307
747214525,3.0,17.776909496785958,1.0562527474295123
747214699,3.0,19.90204259525115,1.0502460988722138
747216045,3.0,19.979501285805373,1.0500512993640367
747216096,3.0,12.709936618334464,1.0786785984878533
747216424,3.0,15.84231970926624,1.0631220691383407
747216758,3.0,16.392534237320863,1.061003380290236
747216862,3.0,14.1996133813377,1.070424452634343
747217056,3.0,18.419651562468488,1.0542898434646604
747217232,3.0,19.973605039131854,1.0500660746039998
747217566,3.0,19.91817527494409,1.050205402161409
747218278,3.0,19.140352004710103,1.0522456431184712
747218526,3.0,19.441154090937815,1.0514372755507417
747219035,3.0,18.391817789629133,1.0543720045206126
747219190,3.0,19.255823064973903,1.05193234257636
747219369,3.0,19.632790645196792,1.0509351939860192
747220458,3.0,19.83448332196979,1.0504172447432671
74722116x,3.0,18.40111251844045,1.0543445402552625
74722124x,3.0,19.02242716215153,1.0525695270890392
747221346,3.0,19.19712798381196,1.0520911253414185
747221805,3.0,19.82016335437331,1.0504536709471344
747222859,3.0,19.842160064131157,1.0503977387929506
747223157,3.0,19.878187577771474,1.0503063972048556
747223659,3.0,15.489030849811892,1.0645618185990084
747224950,3.0,18.128844917079874,1.0551607123660627
747225259,3.0,19.816007302821134,1.0504642526982533
747225523,3.0,19.702335704928625,1.050755403571255
747225646,3.0,9.49589301093423,1.105308684380556
747225785,3.0,17.33433816037739,1.0576889634174662
747226868,3.0,14.61219207833375,1.0684360015690426
747227262,3.0,19.77677095669336,1.050564371817309
747227270,3.0,19.924585921031348,1.0501892487986138
747227414,3.0,18.85469070787059,1.053037199893317
747227529,3.0,18.753377808101806,1.0533237270764086
747227713,3.0,17.342195677265185,1.057662825319804
747228775,3.0,19.088245289566853,1.0523882622436005
747229209,3.0,18.691849983258333,1.053499252395866
747229807,3.0,19.864047415804833,1.050342207661282
74722992x,3.0,18.20772906282256,1.0549217311258134
74723004x,3.0,19.976503058530856,1.0500588114481306
747230971,3.0,19.827258096733452,1.0504356172255986
747230998,3.0,19.958344856776282,1.050104355204609
74723100x,3.0,19.43182071408744,1.051461981597794
747231165,3.0,18.14984685393899,1.0550968836292398
747231624,3.0,16.890735843268487,1.0592040518115458
747232168,3.0,19.0759573839669,1.0524220084932925
747232424,3.0,19.67554818408328,1.0508245051494403
747232520,3.0,18.457532545460218,1.0541784226866207
747232539,3.0,18.67453128034484,1.0535488674381086
747232846,3.0,19.22036736343054,1.0520281418711404
74723311x,3.0,19.86766799544358,1.0503330335613288
747233291,3.0,19.963447306962294,1.0500915490508118
74723362x,3.0,19.943917885275003,1.050140599542797
747234710,3.0,19.65978843364029,1.0508652472723907
747234761,3.0,19.71595739065871,1.0507203368411515
747235123,3.0,18.174823394712625,1.0550211673743646
747235131,3.0,19.9462487340219,1.0501347402879981
747235262,3.0,19.34446427049078,1.0516943755080084
747235780,3.0,18.19719734179474,1.0549535173585898
747235860,3.0,19.469881014515625,1.0513613821910086
747236644,3.0,9.353226629165333,1.1069149759380137
747237268,3.0,18.77338293279206,1.0532669047224978
747237882,3.0,19.972978563051733,1.0500676449856063
747238375,3.0,19.126707679817866,1.0522829133345923
747238797,3.0,6.626907366275398,1.150899951474958
747239124,3.0,18.13341168573485,1.0551468205393846
747240088,3.0,19.739073061879694,1.0506609402004399
747240520,3.0,14.483722443463035,1.0690430242572988
747240627,3.0,19.71763059799202,1.050716032792593
747241064,3.0,19.93148961699941,1.0501718646832652
747241662,3.0,19.727217994780485,1.0506913848807564
747241988,3.0,19.267518534249714,1.0519008194138966
747242067,3.0,18.480240333021328,1.0541118503861204
747243537,3.0,4.862548739844089,1.2056534656004423
747243596,3.0,19.993954969874814,1.0500151171444927
747243684,3.0,19.6921560262383,1.050781641109667
747243959,3.0,17.802312740164325,1.0561724768346459
747244695,3.0,17.86119876153719,1.0559872835721098
747245022,3.0,19.30321612256138,1.051804838823268
747245567,3.0,16.738581039506197,1.0597422205406666
747245751,3.0,17.85812407819517,1.0559969230598527
74724576x,3.0,19.920812039237212,1.0501987568594262
747246009,3.0,19.860600698360685,1.0503509443237808
747246084,3.0,19.397997924599682,1.0515517118770203
747246092,3.0,17.557999007683676,1.0569540982182755
747247298,3.0,18.782594935407253,1.0532407797452359
747247511,3.0,19.95696422763667,1.0501078214398554
74724752x,3.0,19.16027771201446,1.0521913103259954
747247714,3.0,5.95658186905395,1.1678815169477095
747248303,3.0,17.049923440240732,1.0586512897553446
747248442,3.0,14.886048081347687,1.0671769965094366
747249322,3.0,19.633698721484947,1.0509328381873209
747249488,3.0,19.65269117351519,1.0508836164559305
748965080,3.0,12.364963471075395,1.080873671995816
74989136x,3.0,19.70100574219985,1.0507588299341482
750259118,3.0,19.92073973425262,1.0501989390625166
750401356,3.0,19.552994303880226,1.0511430620015858
750401890,3.0,19.934629695349276,1.050163961672852
750401970,3.0,15.381700292687926,1.0650123185975333
750402287,3.0,15.450981772035108,1.0647208064027303
750402543,3.0,19.172630360797978,1.052157684218681
750402754,3.0,19.468260006654464,1.051365658752153
750402770,3.0,19.557084163362582,1.0511323667499144
750402930,3.0,15.676625060245922,1.0637892401047393
750403466,3.0,19.750167262284602,1.0506324825871032
750403706,3.0,19.541753907667278,1.0511724794368456
750404362,3.0,19.79448069229584,1.0505191328605659
750405453,3.0,18.552705809504953,1.0539004935596876
750405613,3.0,11.618023058089912,1.086073163652716
75040598x,3.0,19.891481050156838,1.0502727774507326
750405998,3.0,19.768988074859717,1.0505842785788162
750407096,3.0,18.480685507273304,1.0541105469061978
750407782,3.0,19.8431647529961,1.0503951870806802
750408101,3.0,18.687113092447515,1.0535128136193574
750408806,3.0,19.075262026853732,1.0524239194508689
750408929,3.0,19.964789221375003,1.0500881821947494
750409374,3.0,18.792195862836934,1.0532135790462667
750411028,3.0,19.833830630351265,1.0504189038737541
750411060,3.0,19.7989106500365,1.0505078293283856
750411087,3.0,19.44948781196846,1.0514152356950315
750411108,3.0,19.768609980110043,1.0505852460545348
750411837,3.0,18.77584227937561,1.0532599275771748
75041195x,3.0,19.473875161074258,1.0513508478270863
750412944,3.0,17.97987939444219,1.0556177256844734
750413031,3.0,17.25621201904363,1.0579501456574838
750413218,3.0,19.950296207659235,1.050124569058583
750413242,3.0,19.912960610874435,1.0502185495939715
750413883,3.0,19.76641314185018,1.0505908680964866
750414050,3.0,19.649274762216823,1.0508924635693364
750414288,3.0,17.42796161687593,1.057379056827373
750414608,3.0,15.643392563703472,1.063924752634556
750415328,3.0,19.978156315935195,1.0500546689186914
750415694,3.0,19.585191330720853,1.05105898549132
750415942,3.0,14.693527572594189,1.0680571765397686
750415977,3.0,8.46216100687456,1.118173123766803
750415985,3.0,19.358030992611013,1.0516581464500032
750416427,3.0,19.00561326923343,1.0526160343175464
750416451,3.0,7.988306549181666,1.1251829776240174
750416662,3.0,19.687401890760803,1.0507939039162548
750416806,3.0,19.805179369617253,1.0504918426305232
750417032,3.0,19.90944221210157,1.0502274242214666
750417534,3.0,19.58843997789405,1.0510505176077585
750417681,3.0,19.737724360577314,1.0506644019204832
75041793x,3.0,19.889993165313825,1.0502765381409935
750418086,3.0,19.87655886712257,1.0503105193753675
750418211,3.0,19.028350756759956,1.0525531620045812
750418297,3.0,19.953020058141547,1.0501177263936026
750418887,3.0,19.839221074154533,1.0504052047337054
750419038,3.0,18.563010746747594,1.0538705716245522
750419118,3.0,16.44314120029861,1.0608156305306093
750419193,3.0,18.735906111068697,1.0533734527741483
750419433,3.0,19.632064378385966,1.0509370782779703
750419468,3.0,15.292430253540465,1.0653918300375105
750419476,3.0,11.95695062774853,1.083633363650369
750419484,3.0,16.20141703582056,1.0617229960681247
750419564,3.0,18.994744459220012,1.0526461412601211
75041961x,3.0,18.31733180535056,1.054593103986242
750419740,3.0,19.985059674087605,1.050037378737307
750419978,3.0,19.935620282575986,1.0501614690601835
750420119,3.0,19.925019085931428,1.050188157696977
750420135,3.0,19.9428654627006,1.0501432455566786
750420354,3.0,17.037100951020808,1.0586954319795872
750420717,3.0,18.6932076976649,1.05349536666866
750420848,3.0,18.060547010524974,1.0553693085495826
750420856,3.0,19.936855985677127,1.0501583600101445
750421031,3.0,19.93145854375386,1.0501719429014582
750421074,3.0,19.005126716476884,1.052617381347583
750421904,3.0,19.892351414700933,1.0502705778292745
750422026,3.0,11.132516797426874,1.0898269473288498
750422114,3.0,19.406265434277902,1.0515297496773217
750422464,3.0,19.849774470366146,1.0503784061372035
75042331x,3.0,12.408040261376064,1.0805929041923579
750423870,3.0,19.949253333921902,1.050127189387063
75042403x,3.0,18.749915932888946,1.0533335724586326
750424443,3.0,19.930366555684035,1.0501746918304824
750424638,3.0,8.23499445793917,1.121432990041168
750424961,3.0,19.92424259437734,1.050190113639863
750425403,3.0,19.583741203800884,1.0510627662811391
750425868,3.0,19.659873865850702,1.0508650262368675
750425913,3.0,19.63226783430496,1.0509365503995736
750426123,3.0,18.915983816692304,1.0528653444457674
75042649x,3.0,19.518593158491697,1.0512332006656404
750427003,3.0,19.13910530617138,1.052249046337477
750427230,3.0,19.910406054934388,1.0502249927621226
750427396,3.0,19.97949417695599,1.050051317172653
750427409,3.0,19.10406054934419,1.0523448927214758
750427417,3.0,19.646783903290597,1.0508989158186095
750427572,3.0,17.01146805390524,1.058783874315329
750428137,3.0,19.325706881803747,1.051744549687937
750428145,3.0,17.195092235191055,1.0581561288722503
750428313,3.0,15.56421363845907,1.0642499533371224
750428727,3.0,19.4556828902586,1.0513988640563574
75042905x,3.0,19.97553332233708,1.0500612416130977
750429906,3.0,19.977097755045932,1.0500573212516524
750429957,3.0,19.545495116843234,1.051162684496964
75043043x,3.0,18.335202706915116,1.0545398933398675
750430755,3.0,17.388014101324625,1.057510880435956
750431045,3.0,6.642752055235009,1.1505400158977666
750431360,3.0,19.970497607023084,1.0500738649420698
750431678,3.0,19.344421538716215,1.0516944897007432
750431723,3.0,19.971289207243434,1.0500718801687228
750432398,3.0,19.618423206983834,1.0509724960792983
750432822,3.0,19.9357687314439,1.0501610955399348
750433163,3.0,19.47048009432243,1.051359801872148
750433446,3.0,14.693719244629438,1.068056288768788
750433585,3.0,19.40928520311237,1.0515217324870698
750433745,3.0,19.97456166146661,1.0500636768379816
750434422,3.0,4.696062469977919,1.2129443563395998
750434545,3.0,19.064357171136837,1.0524539060521791
750434588,3.0,19.443634109747247,1.0514307147704807
750436081,3.0,19.12744569721779,1.0522808960396346
750436268,3.0,13.299846051125686,1.0751888402434073
750436399,3.0,19.804370418440516,1.0504939050760667
750436401,3.0,19.726378834080958,1.0506935412936669
750436786,3.0,10.004271596143075,1.099957302277312
750437308,3.0,14.634258354574898,1.0683328102983356
75043748x,3.0,19.283028314591242,1.0518590743987712
750437615,3.0,18.044696673929405,1.05541794456677
750437674,3.0,19.96778427333878,1.0500806692575906
75043801x,3.0,19.97686269269507,1.0500579102626395
750438079,3.0,19.86557050243227,1.0503383479411057
750438247,3.0,19.784863163076523,1.0505436904848677
750438386,3.0,16.729336544473405,1.059775233604847
750438431,3.0,19.406307277595452,1.0515296385703683
750438642,3.0,12.248523869259637,1.08164249101965
750440240,3.0,18.00026834089801,1.0555547273552541
75044062x,3.0,19.928642244951345,1.0501790331578327
750441817,3.0,18.878201474129803,1.0529711477743458
750442035,3.0,16.83647490921734,1.059394855834848
750442377,3.0,13.448599519955124,1.0743571848143885
750442721,3.0,19.821658781033246,1.050449864516731
750444372,3.0,19.835240516421884,1.0504153201052484
750444604,3.0,19.726393010989412,1.0506935048613757
750444874,3.0,17.690212712140276,1.0565284327708355
750444954,3.0,16.24788770199141,1.06154646181346
750445092,3.0,19.58599776541043,1.05105688318652
750445105,3.0,16.20883675280341,1.0616947419022555
750445113,3.0,7.978308545872148,1.125339850452059
750445340,3.0,18.671974306616857,1.05355620051628
750445455,3.0,18.882545883163132,1.052958960417073
750446300,3.0,19.347474099909533,1.0516863335666478
75044724x,3.0,19.94030492303318,1.0501496844636962
75044732x,3.0,18.736644841097785,1.0533713484180773
750449093,3.0,19.604272507964435,1.0510092888983122
750449384,3.0,19.59038640438636,1.0510454454219493
750449907,3.0,19.632172827331047,1.0509367968994163
753750658,3.0,4.376401405075368,1.2284982357514755
753750885,3.0,18.458431214848925,1.054175784949457
753750906,3.0,19.565494180817325,1.051110388051452
75375128x,3.0,19.81558788715658,1.0504653208219044
753751378,3.0,19.896402439312403,1.0502603424438253
753751511,3.0,17.03261381626881,1.05871089492118
753751853,3.0,19.954544837444434,1.05011389676619
753752303,3.0,19.861013893504957,1.0503498968059746
753752370,3.0,18.681947438847537,1.0535276101848239
753752717,3.0,19.839149989219095,1.0504053853387578
753752987,3.0,12.938016835766204,1.0772915982946918
753754165,3.0,19.898997428126876,1.0502537880921838
753754253,3.0,19.81240429941429,1.0504734299223624
753754851,3.0,19.4177383802592,1.0514993033903803
753755475,3.0,19.956841206341355,1.0501081303228612
753755627,3.0,4.93831199897019,1.2024983436057777
75375574x,3.0,19.067159302528463,1.0524461973665575
753756347,3.0,19.970081660520606,1.0500749079047047
753756988,3.0,19.63644167272762,1.0509257235433274
75375742x,3.0,19.720449727644215,1.050708782700741
753757630,3.0,19.256617721958435,1.0519301995001797
753757737,3.0,9.807346595464974,1.101964378465263
753758035,3.0,18.959718251581297,1.0527433998085176
753758318,3.0,17.983541059122402,1.0556064012483646
753758473,3.0,17.599214517445795,1.0568207177092317
753758537,3.0,15.714140614995035,1.063636951233958
753758748,3.0,19.165554244976178,1.05217694136146
753758887,3.0,19.995496247050575,1.0500112619184185
753759038,3.0,16.391297448530644,1.0610079832386692
753759062,3.0,19.583520028608415,1.0510633429811984
753759767,3.0,19.8812260305707,1.0502987088654558
753759775,3.0,19.974473375152122,1.0500638981172832
753760274,3.0,12.214362387486373,1.0818708310983554
753760581,3.0,18.611693949582254,1.0537296606482425
75376083x,3.0,19.94265651469145,1.0501437709295809
753761197,3.0,17.530881530801597,1.0570421971218622
753761250,3.0,19.413529034322686,1.0515104697467432
753761402,3.0,19.565452707758105,1.0511104963905833
753761808,3.0,19.935727818502915,1.0501611984826493
753761955,3.0,19.41615671178386,1.0515034985988287
753762034,3.0,19.920132341167214,1.0502004696993597
753762499,3.0,19.94005991904898,1.050150300654046
753763256,3.0,18.010894330271032,1.0555219514179979
753763301,3.0,16.164917479147118,1.0618623634355082
75376331x,3.0,19.811510837244096,1.0504757061798677
753764187,3.0,6.460111026024899,1.1547961011771233
753764435,3.0,19.880260855249166,1.0503011508390727
753764777,3.0,19.865765795260938,1.0503378530838492
753765390,3.0,18.315775712991538,1.0545977421688284
75376577x,3.0,15.437785215106656,1.064776131165593
753765884,3.0,19.703272249503843,1.0507529910431594
753766051,3.0,19.92370978532648,1.0501914558470675
753766246,3.0,13.425218242053132,1.0744866848322512
753766254,3.0,11.369915103802605,1.0879514042867
753766852,3.0,4.328974803657366,1.2310015755127848
753766932,3.0,14.059528252435772,1.0711261417911908
753767038,3.0,19.666832363056994,1.0508470292286847
753767206,3.0,19.750815117004585,1.0506308217699352
75376745x,3.0,19.73776655290926,1.0506642936179933
753767767,3.0,19.040016347493168,1.0525209633095542
753767855,3.0,19.326271582602576,1.0517430377466181
753767978,3.0,19.865850442614907,1.050337638596879
75376833x,3.0,16.337746430591395,1.0612079520421227
753768364,3.0,17.697604913917093,1.056504821124898
753768460,3.0,18.718403466050066,1.0534233596264617
753768495,3.0,19.953020051122195,1.0501177264112336
753768516,3.0,19.414186595209866,1.051508725080799
753768727,3.0,10.947846668631506,1.091342163465375
753768794,3.0,18.554098614505214,1.053896447398324
753768882,3.0,16.703422452746175,1.0598679703413472
753769017,3.0,18.965202014928188,1.052728149123477
753770587,3.0,19.85641185572921,1.050361566191601
753771395,3.0,19.70667886170783,1.0507442175831618
753771731,3.0,18.525980339093017,1.0539782500950747
753771977,3.0,19.80967648397914,1.0504803801722224
753772443,3.0,18.557977164607095,1.0538851832357652
753773454,3.0,19.936672508027414,1.0501588216186706
753773534,3.0,19.309201239650548,1.051788781295963
753773681,3.0,19.562143362394295,1.0511191427991664
753774430,3.0,19.597607296705593,1.0510266373266957
753774764,3.0,19.65091230531264,1.0508882226159877
753775134,3.0,19.960235945206065,1.0500996081782377
753775409,3.0,18.92919549531935,1.0528284469483804
753775425,3.0,19.03700795023086,1.0525292631391623
753776057,3.0,16.892965977457138,1.0591962359561047
753776065,3.0,18.893341851172757,1.0529286987912054
753776217,3.0,17.72891653229466,1.0564050261152969
753776380,3.0,18.780386756752133,1.053247039741632
753776508,3.0,19.76070985299423,1.0506054695119404
753776655,3.0,18.429903416652373,1.0542596440899656
753777033,3.0,19.84342094529817,1.0503945364439264
753777228,3.0,19.893346182952538,1.0502680640453008
75377764x,3.0,19.9097785042833,1.05022657583985
753777746,3.0,17.800701593114653,1.056177561023033
753777762,3.0,19.971009688537908,1.0500725809859246
753777914,3.0,19.261542992953057,1.0519169206935215
753778255,3.0,19.78466542906225,1.0505441956340122
753778431,3.0,19.90987164179324,1.050226340882122
753778589,3.0,19.82305963313996,1.0504462993355583
753779768,3.0,19.835171378920382,1.0504154958329597
753779987,3.0,19.845510967723932,1.0503892291625228
753780072,3.0,19.35820280818143,1.0516576879532105
753780224,3.0,19.85877741174913,1.050355567176475
753780312,3.0,19.499720863233925,1.0512827853800444
753780371,3.0,17.977150321157872,1.055626168894136
753780435,3.0,17.972641025846645,1.0556401253751126
753780566,3.0,19.97764892360002,1.0500559402071923
753780777,3.0,19.602474096114655,1.0510139687009308
75378118x,3.0,19.94283624247013,1.0501433190265288
753781657,3.0,19.277943188133534,1.0518727537601391
753781681,3.0,15.56851368923887,1.0642322073873507
753782174,3.0,19.517733338004504,1.0512354576570027
753782385,3.0,19.25976154570336,1.0519217227911677
753782596,3.0,13.694607659503282,1.0730214420787774
753782625,3.0,19.914592098192788,1.0502144354787335
753782799,3.0,11.07610331998128,1.090284459354582
753782860,3.0,19.2239585349499,1.0520184226459894
753783054,3.0,19.88765559461326,1.0502824475837593
753783433,3.0,19.917398469849434,1.0502073602390283
753783679,3.0,19.429379830887846,1.051468446687642
75378388x,3.0,16.76843714516099,1.059635849861451
753784241,3.0,18.692840073589146,1.0534964187391131
753784452,3.0,19.806895934593815,1.050487466754114
753785121,3.0,19.96236514297476,1.0500942645241576
753785746,3.0,19.693474282119453,1.050778241851817
753785770,3.0,19.85693746747707,1.0503602331244615
753786546,3.0,16.440531336811507,1.060825284749826
753786570,3.0,18.98429192212887,1.0526751276319324
753786618,3.0,17.939290357517717,1.0557435651060152
75378759x,3.0,18.587096290699108,1.0538007650232273
753787805,3.0,19.989640742112705,1.0500259115659478
753788218,3.0,18.35667302169232,1.0544761024406921
753788699,3.0,19.99591595295205,1.0500102122029757
753788824,3.0,4.82156966997775,1.2074013378312576
753788891,3.0,19.170732308787514,1.0521628482361949
753789341,3.0,19.85809744833119,1.0503572914072912
753789448,3.0,19.25548417689634,1.0519332565628159
753789464,3.0,19.916031881572465,1.0502108053424668
753789667,3.0,19.888447956179817,1.050280444316384
753789675,3.0,18.78867985108468,1.053223537147144
753789878,3.0,19.909541544756085,1.0502271736268778
753789923,3.0,5.427126490260519,1.184259571210399
753790115,3.0,19.990852981753818,1.0500228780088936
753790860,3.0,19.670940020222126,1.0508364114257875
753791011,3.0,19.924958856117417,1.0501883094073732
753791652,3.0,17.441874268695212,1.0573332879594715
753792786,3.0,19.901963628058073,1.0502462982391438
753793017,3.0,19.65933886288806,1.0508664104614296
753793113,3.0,18.38440126598031,1.054393938944885
753793201,3.0,19.775052891335253,1.050568764872339
753793340,3.0,19.67496530561454,1.0508260108450933
753794191,3.0,19.67517544903203,1.050825467990894
753794319,3.0,19.93216523321199,1.0501701640689667
753794562,3.0,19.622384360389947,1.0509622063065187
753794888,3.0,16.583543616894524,1.0603007428991984
753794976,3.0,19.897933088911394,1.050256476164214
753795370,3.0,19.277790094558416,1.0518731657049358
753796314,3.0,19.88458146354131,1.0502902211863758
753796488,3.0,18.537156651045407,1.0539457058503956
753796605,3.0,12.648257384832064,1.0790622747129743
753796613,3.0,19.879296990514753,1.0503035897334367
75379735x,3.0,16.182022511163588,1.0617969724927847
753797798,3.0,18.977633742058735,1.0526936083598122
753798918,3.0,19.962338308926736,1.0500943318625564
753799160,3.0,18.52021006710968,1.0539950678948244
753799400,3.0,18.69461050510606,1.0534913524797358
753799523,3.0,19.969572968042094,1.0500761834817565
753799814,3.0,15.112993399200345,1.0661682284631258
753799902,3.0,4.973962952636697,1.2010469337070353
754281750,3.0,11.266999736272023,1.0887547726464113
756900340,3.0,18.735988951484412,1.0533732167855903
756900690,3.0,19.12670767981784,1.0522829133345923
756901757,3.0,19.702125662801578,1.0507559446688557
756901781,3.0,13.194956642759832,1.0757865317085908
756901810,3.0,14.058357768808701,1.071132063676648
756901888,3.0,19.451317378014018,1.0514103996436923
756902856,3.0,13.085920157217746,1.0764180117244895
756903015,3.0,17.286054707758858,1.0578501003789575
756903023,3.0,4.9942753356936835,1.20022924904702
756903170,3.0,19.914779560523765,1.0502139627988782
756903277,3.0,19.48009694100659,1.0513344467960501
756903496,3.0,18.777141789190857,1.0532562416169033
75690371x,3.0,19.632041202359662,1.0509371384102335
756903760,3.0,17.97280828615944,1.055639607571516
756903832,3.0,19.592118081301418,1.0510409336984545
756903883,3.0,17.22666015504,1.0580495575462683
756904982,3.0,19.50487149959848,1.0512692431744852
756905264,3.0,19.724410867752365,1.0506985991472582
756905352,3.0,19.908497285627522,1.0502298081895878
756905440,3.0,19.966743591419085,1.0500832795003068
756906072,3.0,19.491968483813107,1.0513031816581502
756906099,3.0,15.767145812195915,1.0634230197342691
756907008,3.0,19.716890803301798,1.0507179357017356
756907120,3.0,18.536743360583355,1.0539469086099778
756907278,3.0,18.518301492078116,1.054000632856517
75690734x,3.0,18.70222962277793,1.0534695605908975
75690750x,3.0,19.61814407095183,1.0509732213395597
756907542,3.0,18.523438402507136,1.0539856574287336
756907753,3.0,19.66544303374634,1.0508506214827695
756908086,3.0,19.92989052327366,1.0501758902705574
756908254,3.0,10.689381789603157,1.0935507796131514
756908334,3.0,19.819605571116917,1.050455090865042
756908692,3.0,19.590508554264947,1.0510451271456296
756909054,3.0,4.98710201890488,1.2005172535491044
756909177,3.0,19.918769865127675,1.050203903492591
756909206,3.0,19.226293961551594,1.0520121039447219
756909492,3.0,19.907150900936493,1.0502332053931915
756910338,3.0,4.965668465668333,1.2013827557989032
75691040x,3.0,17.76419323865867,1.0562930152000254
756910426,3.0,19.957147048848103,1.0501073624177018
756910450,3.0,19.958081047720395,1.0501050174918605
756911912,3.0,19.821746681316093,1.050449640794905
756912026,3.0,15.025214460509407,1.0665547904576196
756912034,3.0,19.48474670988803,1.0513221965309163
756912499,3.0,19.400008309191275,1.0515463696748122
756912747,3.0,15.930195990841952,1.062773866722976
756912800,3.0,17.680740326086724,1.056558717653048
756912886,3.0,18.911033989034234,1.052879181570921
756912915,3.0,19.711167649782237,1.050732661695516
756913221,3.0,19.9045909786539,1.0502396658676594
756913272,3.0,19.225103302329064,1.0520153251857354
756913440,3.0,17.042883136249294,1.058675518221037
756913459,3.0,19.95950472313871,1.0501014435914693
756913619,3.0,19.03248416051737,1.052541748705326
756914304,3.0,19.076369004598746,1.052420877356636
756914494,3.0,19.94595227427737,1.050135485448324
756914515,3.0,19.632746502067892,1.0509353085109447
756915024,3.0,19.810980287603876,1.0504770579488043
756915075,3.0,19.960405674360068,1.05009918216665
756915278,3.0,19.857199123362314,1.0503595695338264
756915606,3.0,6.143877777293008,1.1627636545270925
756916174,3.0,19.978014605478933,1.0500550239724897
756916318,3.0,19.671629551596265,1.0508346295042372
756917089,3.0,19.72403075182716,1.0506995761962785
756917708,3.0,19.57379223784021,1.0510887204609638
756917804,3.0,19.52007430730411,1.0512293131807298
756917863,3.0,19.437380024219905,1.0514472628900577
756918225,3.0,12.634287137475145,1.079149697099558
756918751,3.0,19.995478733661628,1.050011305721655
756918831,3.0,19.056685070548355,1.0524750236621938
75691884x,3.0,16.549784583674302,1.0604237472061395
756918938,3.0,19.746162174876932,1.0506427523051696
756918946,3.0,19.946479442266906,1.0501341604113348
756919172,3.0,18.96372808849036,1.0527322473373224
75691921x,3.0,19.902523838153225,1.050244883921857
756919412,3.0,17.517236300652975,1.0570866307239757
756920077,3.0,19.619038016058006,1.0509708987352748
756920376,3.0,17.829874429918764,1.056085644569767
75692051x,3.0,19.500062429543362,1.0512818871023182
756920528,3.0,19.968434515926408,1.050079038454538
756920915,3.0,18.276406598539065,1.0547153508874079
756921707,3.0,19.684281182273843,1.0508019566851403
756922064,3.0,19.412762330832248,1.0515125041433055
756922128,3.0,19.61403610326382,1.0509838971813454
756922427,3.0,19.841330801471933,1.0503998451518088
756922435,3.0,19.252019905079504,1.0519426016039053
756922945,3.0,18.86189171955102,1.05301695157986
75692350x,3.0,19.64588929358011,1.0509012335891956
756923737,3.0,4.856175281405312,1.2059233742713285
756923884,3.0,19.84093346247557,1.0504008544704444
756924430,3.0,19.772641125259145,1.0505749329927665
756924449,3.0,18.330257136656623,1.0545546084020945
756924641,3.0,18.210123980771638,1.0549145080536473
756924828,3.0,19.67076155504893,1.0508368726447872
756925214,3.0,19.975979226054882,1.050060124146289
756925724,3.0,19.83665327783649,1.050411729538939
756925791,3.0,19.047593552798606,1.052500070270193
756925804,3.0,19.69771702931637,1.0507673045821344
756926751,3.0,17.241542078312253,1.0579994524537266
756927404,3.0,19.66944618550942,1.0508402722968735
756928554,3.0,19.45680185357444,1.0513959081007083
756928685,3.0,19.832649931327964,1.0504219054671249
756928714,3.0,12.57328457794342,1.0795337124361475
756928781,3.0,18.4980995994611,1.0540596072922612
756929012,3.0,19.66878281021284,1.050841987002915
756929207,3.0,19.849204336721094,1.0503798531687236
75692924x,3.0,19.693705110521687,1.0507776466839516
756929549,3.0,16.236719212832252,1.06158879678166
756930726,3.0,17.204354016172772,1.0581248211388792
756930793,3.0,19.663135791301293,1.0508565882173477
756931171,3.0,19.894904996870153,1.0502641254209215
756931294,3.0,19.87844574002355,1.050305743873455
756931809,3.0,19.472427859277957,1.0513546645147043
756932051,3.0,19.98340875482661,1.0500415125501783
756932078,3.0,19.18774565727283,1.0521165965956487
756932326,3.0,19.24017398085785,1.0519745819863637
756932756,3.0,19.81643842527794,1.050463154808101
756932764,3.0,18.752600760210285,1.0533259366413763
756932836,3.0,19.811768461349835,1.0504750498145015
756932975,3.0,19.70039144916625,1.0507604126842018
756933417,3.0,17.90449743127607,1.0558518888250485
75693361x,3.0,8.623468213890378,1.1159626237607319
756933732,3.0,12.64669334623246,1.079072052482233
756934516,3.0,19.792882281549474,1.0505232126263986
756934647,3.0,18.908261468985568,1.0528869352499837
756934655,3.0,18.237991320862914,1.054830599620698
756934663,3.0,19.957026838225996,1.050107664238071
756934743,3.0,19.894518693197423,1.050265101429266
756935068,3.0,18.217409850627114,1.054892545548432
756935607,3.0,19.378714670171412,1.05160300964332
756935674,3.0,19.9797929341424,1.0500505687569541
756935957,3.0,19.863248043752424,1.0503442336216775
756936087,3.0,19.657244616504048,1.0508718296744606
756936693,3.0,18.422704485395993,1.054280846810126
756937266,3.0,13.296513131661078,1.0752076871656557
756937477,3.0,19.97774627989093,1.0500556962727359
756937653,3.0,19.373539496919964,1.0516167941412555
756937776,3.0,19.25045012261361,1.051946837275524
756938381,3.0,19.935282843031178,1.0501623181308195
756939069,3.0,19.8842627569232,1.0502910272422257
75693919x,3.0,17.780330657726974,1.05624192368804
756939421,3.0,19.436536226677795,1.0514494963679506
756939501,3.0,19.846816337785132,1.050385914948795
756939819,3.0,19.850035260890166,1.050377744263773
756939886,3.0,17.22709599775705,1.0580480889019368
756940078,3.0,19.637143855328205,1.0509239025475015
756940203,3.0,19.041503368731966,1.0525168617537888
756940465,3.0,19.69049364431881,1.050785928380649
75694049x,3.0,19.977946563726164,1.050055194452051
756940836,3.0,19.956326372923936,1.0501094230126826
756942364,3.0,19.952542532786236,1.050118925864049
756943551,3.0,9.661629353060935,1.1035022110099044
756943690,3.0,18.400194854588765,1.0543472505537415
756944183,3.0,19.03369860764844,1.0525383962735526
756944394,3.0,19.691203844554167,1.0507840966907953
756944730,3.0,19.415350189254777,1.0515056380777226
756945493,3.0,19.840158626794803,1.0504028228206537
75694700x,3.0,19.96753158051544,1.0500813030377683
756947122,3.0,19.580556642004428,1.051071071077458
756947659,3.0,19.400320305861776,1.0515455407041836
756948002,3.0,9.103636597166053,1.1098462124807682
76025082x,3.0,19.97761040319569,1.0500560367239935
760251224,3.0,13.985609249628512,1.0715020691734658
760251603,3.0,19.61439074737117,1.0509829753510964
760252235,3.0,19.654894493201457,1.0508779123869576
760252315,3.0,19.915668323072563,1.0502117219356122
76025234x,3.0,4.966657456193174,1.201342655260642
760253043,3.0,19.915363374526944,1.0502124907888482
760253190,3.0,19.73851267866239,1.0506623784820937
760253924,3.0,18.710863964865727,1.053444886450874
760253959,3.0,19.88373296958619,1.0502923672093958
760254142,3.0,19.19179078363041,1.0521056117833958
760254265,3.0,19.978797958522588,1.050053061354145
760254273,3.0,19.575420428300525,1.0510844711439393
76025429x,3.0,19.529089956881677,1.0512056630497326
760254337,3.0,19.488486369312163,1.0513123482783489
760254388,3.0,16.977404311027474,1.0589018192463298
760254409,3.0,19.83846159395648,1.0504071344072685
760254476,3.0,19.98661330795984,1.0500334891455443
760254564,3.0,15.73074264871555,1.0635697895726273
760254636,3.0,18.992300926381002,1.052652914666646
760254740,3.0,19.404753863253767,1.0515337636873443
760254898,3.0,19.717395200062054,1.0507166382705995
760255399,3.0,19.581833409034434,1.0510677411614906
760255583,3.0,19.814153420591143,1.050468974312109
760255591,3.0,19.455803832984813,1.0513985445466216
760255612,3.0,19.799170533149304,1.0505071663646577
760256201,3.0,19.88776567686815,1.050282169261634
760256236,3.0,18.879651314256346,1.0529670799187314
760256615,3.0,19.940947070305103,1.0501480695211884
760256842,3.0,19.621975250368774,1.0509632688473198
760256930,3.0,19.964469013814885,1.050088985552685
760257343,3.0,15.25792984897792,1.0655396905017875
760257669,3.0,15.176297722161653,1.0658922234070118
760257968,3.0,18.55770169691454,1.0538859830992036
760261182,3.0,19.832284229016594,1.0504228352343248
760261334,3.0,18.253590728302324,1.0547837417242785
760261828,3.0,19.471957722285055,1.0513559044376688
760261908,3.0,18.12650876190201,1.0551678215113207
760262193,3.0,19.60647966416309,1.051003546640135
760262564,3.0,19.717818457741917,1.0507155496001315
76026333x,3.0,18.655466779455704,1.0536035904017822
760263444,3.0,19.297090597801162,1.051821283365584
760263524,3.0,19.52566285450879,1.051214650557642
760263532,3.0,18.406043862590867,1.0543299802752528
760263575,3.0,14.324436703335262,1.0698107730663617
760264033,3.0,17.796235344608142,1.0561916596760998
760264447,3.0,18.56625829424734,1.0538611487652223
760264519,3.0,19.63849672248732,1.050920394474743
760264527,3.0,17.050184094030616,1.0586503931268465
760265263,3.0,17.289138198022524,1.0578397829056845
760265546,3.0,16.517869862142984,1.0605404939223964
760265589,3.0,18.87082141026232,1.052991863907746
760265714,3.0,16.67043116491001,1.0599864508666652
760265968,3.0,18.87385306750977,1.0529833519643872
760266346,3.0,19.54714027238435,1.0511583784668888
76026640x,3.0,9.790865420734082,1.1021360173006058
760266733,3.0,19.26290144119318,1.051913259435649
760267699,3.0,18.42090637395343,1.0542861453014043
760267744,3.0,19.87159542801786,1.050323085714097
760267840,3.0,19.89049544597354,1.0502752685430181
760267859,3.0,19.88232628163923,1.0502959254281765
760268464,3.0,19.982478972933635,1.0500438409746111
760269205,3.0,18.525477134858406,1.0539797162966644
760270476,3.0,15.800999457650544,1.063287135897965
760271444,3.0,18.170668040128362,1.055033749875986
760271698,3.0,19.850282771258595,1.0503771161108046
760271858,3.0,19.705948444061114,1.050746098460507
760272041,3.0,19.938259153164275,1.0501548300841148
760272324,3.0,19.815440168435643,1.0504656970271555
760273204,3.0,19.958156496942593,1.05010482807634
760273335,3.0,16.373637332379623,1.0610737846271001
760273562,3.0,19.992849298438635,1.050017883147756
760273837,3.0,19.97141318899165,1.0500715693244584
760274098,3.0,19.44373190676345,1.0514304560870926
760274637,3.0,17.900419210235686,1.0558646134626941
760274979,3.0,19.978180326510845,1.0500546087609897
76027547x,3.0,18.449692553397192,1.0542014452059727
760275752,3.0,19.70280647935884,1.0507541908330484
760275912,3.0,18.80186756779385,1.0531862059124872
76027598x,3.0,19.773636496435333,1.0505723871367958
760275998,3.0,19.523070202075118,1.0512214518336214
760276413,3.0,19.99732180812777,1.0500066963763897
760276640,3.0,19.9574943540525,1.0501064904371096
760276990,3.0,19.808536630773407,1.050483284991707
760277336,3.0,19.674247872770305,1.0508278642450177
760277619,3.0,19.901612644958085,1.050247184378465
760278320,3.0,19.61868592321573,1.0509718135003452
760278865,3.0,18.5546898942455,1.0538947298876786
760280455,3.0,19.85445713575166,1.0503665244112523
760281167,3.0,18.577136828336936,1.0538296083643328
760282469,3.0,16.96646863070958,1.0589397842159083
760282856,3.0,18.475943540702126,1.0541244347167993
760282899,3.0,18.605433293969856,1.0537477404691298
760282960,3.0,19.524604555508912,1.0512174265633385
760282987,3.0,18.799254617646177,1.05319359838136
760283410,3.0,19.830132490144614,1.0504283065429336
760283533,3.0,17.71059439508902,1.0564633787941804
760285491,3.0,19.478720510537517,1.051338074256932
760285977,3.0,16.07221247407832,1.0622191874088789
760286662,3.0,18.542687862417523,1.0539296140570218
760287737,3.0,19.975496691855692,1.050061333413938
760287745,3.0,9.098801457224232,1.1099045852029252
760287809,3.0,19.966690485937384,1.0500834127069933
760288211,3.0,19.96559928884702,1.050086149958875
760288393,3.0,19.928010080958238,1.0501806249564039
76028902x,3.0,19.70577295646172,1.05074655037432
76028953x,3.0,19.102886822200297,1.0523481089171223
760290127,3.0,18.522212400324516,1.0539892307887841
760290143,3.0,19.566895688340527,1.0511067271951513
760290178,3.0,19.315386234074463,1.051772197971164
760290549,3.0,5.889695967527421,1.1697880511173167
760290573,3.0,19.370685753857995,1.0516243984702933
760291015,3.0,9.547447079564787,1.104740041150936
760291111,3.0,19.191282675241506,1.052106991331543
760291664,3.0,19.89751838442211,1.0502575236107285
760291701,3.0,9.88544334833727,1.1011588418205036
760291904,3.0,16.921052847992243,1.059097977471222
760292608,3.0,19.562289905983175,1.0511187598591998
760292704,3.0,19.90790405739068,1.0502313049689807
760292712,3.0,19.631306526463455,1.0509390446658238
760293221,3.0,19.953504873790166,1.05011650866979
760294494,3.0,19.786406275726247,1.0505397486569752
760295788,3.0,19.914995597730766,1.050213418079487
760295833,3.0,19.543202361709394,1.0511686867633976
760295964,3.0,19.175915842225717,1.052148747847442
760296211,3.0,19.952575096501114,1.050118844067168
760296326,3.0,19.81185341132697,1.0504748333857685
760296510,3.0,16.55865290800142,1.0603913860358039
760296561,3.0,19.482621730208844,1.0513277942695693
760297062,3.0,19.727155139786625,1.0506915463945004
760297847,3.0,18.793851492265365,1.0532088912382622
760298022,3.0,19.15073787525217,1.052217309145684
760299359,3.0,19.959162678961444,1.0501023021899651
760299797,3.0,19.957448072529075,1.0501066066345663
763600119,3.0,19.745408187463816,1.050644686121753
763600768,3.0,19.96986854500498,1.0500754422967962
763600784,3.0,19.977018571485786,1.0500575196654895
763600848,3.0,19.97774627989093,1.0500556962727359
763602317,3.0,17.915730956298848,1.0558168685631226
763602624,3.0,17.867591976983917,1.055967250723441
76360307x,3.0,18.88077630717564,1.052963923926155
763605753,3.0,19.673613052029467,1.0508295043394098
763605761,3.0,19.939772734232672,1.0501510229493838
763606182,3.0,19.899700447238367,1.0502520127200596
763606668,3.0,16.35959137517904,1.0611262211302668
763606887,3.0,19.83306152209445,1.0504208590734203
763606895,3.0,19.695803602794115,1.050772236572167
763607644,3.0,16.535994307939536,1.0604741378944393
763607775,3.0,19.90591635032887,1.050236320820442
763607783,3.0,17.842111864214225,1.0560471769043043
763607791,3.0,19.00054181127325,1.0526300781279136
763607804,3.0,17.962000433465022,1.0556730862859183
763607812,3.0,19.019837879943292,1.052576683687431
763607820,3.0,19.94737079416526,1.0501319201572423
763607871,3.0,18.83385861635047,1.0530958642288977
763607927,3.0,19.44446683347165,1.0514285122119473
763607978,3.0,16.55759895747302,1.0603952301640127
763608233,3.0,19.49612210567334,1.051292251586227
763608532,3.0,19.567497902226478,1.0511051543225778
763609041,3.0,19.89600201194657,1.0502613539845618
763609295,3.0,19.95627749001867,1.0501095457557232
763609324,3.0,19.334250532387774,1.0517216841855261
763609412,3.0,18.67574663923979,1.0535453826461154
763609519,3.0,19.79701472180687,1.0505126663818902
763610050,3.0,19.89621986340949,1.0502608036534151
763610106,3.0,17.598307380749805,1.0568236466362593
763610165,3.0,17.68088689179665,1.0565582488095644
763610384,3.0,19.513561221777756,1.0512464121046223
76361107x,3.0,13.669370575942443,1.0731562579596723
76361123x,3.0,12.862781275098534,1.0777436837813554
763611862,3.0,18.88586489094453,1.0529496533928655
763611926,3.0,19.70748087317347,1.0507421525072358
763612646,3.0,18.191139484502518,1.0549718175077447
763613016,3.0,17.46045099156188,1.057272289271524
763614713,3.0,19.164599971102678,1.0521795394377054
763614879,3.0,19.732900081589115,1.0506767883010264
763615476,3.0,15.080990525649321,1.0663086418825891
763616188,3.0,16.789121207276878,1.0595623789747002
763616727,3.0,18.631236367013663,1.0536733032795658
763617463,3.0,19.81665373463986,1.0504626065223102
763617551,3.0,18.253794950453113,1.054783128807699
763617922,3.0,19.81285016533494,1.050472294074561
763618060,3.0,19.991385496231526,1.0500215455396278
763619872,3.0,19.755443537176102,1.0506189596866395
763620152,3.0,19.54788596082431,1.0511564269406977
763620283,3.0,19.520856051171958,1.0512272616210376
763620953,3.0,8.931114216015953,1.111968112355648
763621155,3.0,19.15665071905094,1.0522011918819147
763621227,3.0,17.213043080363615,1.0580954799991633
763621243,3.0,19.75463745264148,1.0506210251844579
763621278,3.0,19.539558872747914,1.051178228050722
763621665,3.0,19.97368204884239,1.0500658815712929
763622158,3.0,19.988027240773746,1.050029949827169
763622166,3.0,19.882203081317886,1.0502962370875106
763622326,3.0,19.787243660786384,1.0505376098431416
76362249x,3.0,19.98143938758381,1.0500464446330822
763622772,3.0,19.868800257484928,1.050330165235985
763622887,3.0,19.7766058438257,1.0505647939740985
763623003,3.0,18.988668003183466,1.0526629882534335
763624006,3.0,19.799650234564517,1.0505059426885373
763624305,3.0,19.07574502805134,1.0524225920680674
763624831,3.0,14.171909120521496,1.0705621233875935
763625535,3.0,19.850177342166464,1.0503773836758508
763626108,3.0,19.764132614078623,1.0505967056347147
763626570,3.0,18.985240060808074,1.052672496992247
763626845,3.0,18.612319646920984,1.0537278543980642
763627004,3.0,18.628795664899222,1.0536803354327526
763627354,3.0,19.405795227145656,1.0515309982556735
763627397,3.0,19.532795850946673,1.051195947965203
763627442,3.0,19.42686292426697,1.0514751148396098
763627557,3.0,19.82747731178052,1.0504350596031624
763628461,3.0,18.26738780629517,1.0547423644039235
763628592,3.0,19.708993117779766,1.0507382591299341
763628912,3.0,19.444976372958788,1.0514271645704159
763629771,3.0,19.99078027975347,1.050023059930922
763630350,3.0,19.693432699490554,1.0507783490699347
763630414,3.0,18.84611461103568,1.0530613349562479
76363102x,3.0,19.589116785658806,1.0510487538025246
763631775,3.0,19.704782112678526,1.0507491021357995
763631863,3.0,19.911362662547926,1.0502225797876175
763632313,3.0,19.638914552355082,1.0509193111123385
763632866,3.0,19.842414752776907,1.0503970919093932
763633893,3.0,19.84240127852347,1.0503971261322265
763633930,3.0,4.993801688393485,1.200248240198281
763634343,3.0,17.908820724198183,1.055838405855993
763637595,3.0,19.968854525058035,1.050077985131553
763638221,3.0,16.557562176574194,1.0603953643257225
763638328,3.0,19.539818035954685,1.0511775492565962
763638459,3.0,11.37145092097841,1.087939525655004
763638782,3.0,19.99345898856792,1.0500163578784336
763639005,3.0,17.302887466085192,1.0577938220981942
763639208,3.0,19.758737170107185,1.0506105218866362
763639769,3.0,19.064389415399404,1.05245381733507
76364017x,3.0,19.953959700183262,1.0501153663245504
763640313,3.0,12.333378782014755,1.08108078229611
763640647,3.0,19.96778427333878,1.0500806692575906
763640719,3.0,19.97015221678653,1.0500747309857468
763640807,3.0,18.18529493428846,1.0549894848345018
763640962,3.0,19.976850442621252,1.0500579409588244
763641068,3.0,16.00851862874302,1.0624667418136065
763641113,3.0,4.966306130744119,1.2013568986030603
763641201,3.0,19.493161691377516,1.051300041308452
763641930,3.0,19.90319293741249,1.0502431948052051
763641949,3.0,17.34290167044669,1.0576604779870291
763641957,3.0,17.786138040294933,1.0562235600406606
763642407,3.0,19.658762183316576,1.050867902601144
763642546,3.0,15.520188045763772,1.0644322090074771
763643450,3.0,19.876883389894285,1.050309697973497
763643899,3.0,19.207315105168192,1.0520634973979746
763644373,3.0,19.880625200939225,1.050300228986398
763645077,3.0,18.378541331732993,1.0544112822639176
763645106,3.0,19.830012634339216,1.050428611339779
76364519x,3.0,18.31504232291588,1.05459992842871
763645894,3.0,18.922569723617325,1.0528469449237594
763646838,3.0,17.898052850049027,1.0558719995062067
763647531,3.0,17.80347873116433,1.0561687979692158
763647769,3.0,19.91049790209644,1.050224761074142
763649609,3.0,19.409093510405167,1.0515222413382626
763656948,3.0,11.447586258640426,1.0873546595244232
764740391,3.0,19.74344387826672,1.0506497248487021
766702217,3.0,19.95776563373859,1.0501058093552067
766702241,3.0,18.73045562654435,1.0533889842264608
766702305,3.0,18.47930501333652,1.0541145892271544
766703068,3.0,19.378903894310152,1.0516025057688434
766703244,3.0,18.961641871706366,1.0527380490975389
766704378,3.0,19.96022303017873,1.0500996405945995
766704490,3.0,19.986856379352314,1.0500328806601653
766704618,3.0,19.144448466271587,1.052234463780024
766705186,3.0,19.547190420245272,1.0511582472212624
76670532x,3.0,19.958025846880357,1.0501051560746582
766705610,3.0,17.87986076630797,1.0559288471577115
766705936,3.0,19.941782854300666,1.050145967755553
766705960,3.0,19.08048987658706,1.0524095558587865
766705979,3.0,19.80171360022848,1.050500679900171
766706146,3.0,19.622765077574197,1.050961217547411
766706365,3.0,19.453919034289004,1.0514035243098023
76670639x,3.0,19.48762514215181,1.0513146159527154
766706808,3.0,19.89761532586259,1.0502572787554203
766706883,3.0,18.388279345071204,1.0543824672898523
766707587,3.0,10.687879113130052,1.0935639325085087
766707763,3.0,19.457995289951967,1.051392755784888
766708731,3.0,18.996416102536664,1.052641508514149
766709072,3.0,19.19135907970745,1.0521067838836584
766709478,3.0,19.771248465468837,1.0505784954221042
766710292,3.0,9.724244616642597,1.1028357511994862
766710575,3.0,19.6577292169679,1.0508705755869723
766710700,3.0,19.911080371589403,1.05022329182232
766711228,3.0,18.25549116149513,1.0547780386270418
766711244,3.0,17.957089952703175,1.0556883104463963
766711332,3.0,19.552268307040144,1.051144960998716
766712247,3.0,19.854847947714987,1.0503655330241441
766712618,3.0,17.46991141653526,1.0572412747928133
766712650,3.0,6.304160634002223,1.1586253996458122
766713565,3.0,19.163585262367807,1.0521823023358647
766713573,3.0,19.91259054855165,1.0502194828724953
766713741,3.0,4.580203042254989,1.2183309322260234
766714058,3.0,19.739621016540852,1.0506595338969298
766714154,3.0,19.859822720134478,1.0503529167451313
766714648,3.0,17.200445419812183,1.0581380293122036
766715229,3.0,4.93982911849867,1.20243615234689
766715237,3.0,15.537797066928691,1.064359187836765
766715296,3.0,19.247263476012336,1.0519554377819107
766715480,3.0,19.867696455799663,1.05033296145956
766715499,3.0,19.77460796031802,1.0505699026755277
766716141,3.0,17.209724158941327,1.0581066838006494
766716280,3.0,19.87453686215513,1.050315637890621
766716360,3.0,19.378177974172484,1.0516044388349004
766716950,3.0,19.243336027433582,1.0519660415727494
766717208,3.0,18.0889706166615,1.0552823055104592
766717216,3.0,19.829476863445507,1.0504299738659997
766717291,3.0,19.702738507770547,1.0507543659276406
766717347,3.0,19.02686980037955,1.0525572524798614
766717478,3.0,19.801403405675266,1.0505014710075242
766717574,3.0,18.968797250331193,1.0527181553370517
766718200,3.0,19.28114650345821,1.0518641357670635
766718227,3.0,19.557371654320974,1.0511316151104109
766719094,3.0,18.87070312492502,1.052992196071336
766719203,3.0,19.709868702914793,1.0507360051491421
766719350,3.0,16.66689863683569,1.0599991649190144
766720175,3.0,11.524929696534073,1.0867684251731906
766720212,3.0,18.678889083485846,1.0535363744348216
76672036x,3.0,8.747005729279383,1.1143248365154992
766721039,3.0,19.922969253772994,1.0501933214503465
766721506,3.0,19.344411075931017,1.0516945176606711
766721709,3.0,19.3575195191027,1.0516595113859069
766722082,3.0,14.411264286302467,1.0693901645361175
766723827,3.0,19.942754587192336,1.0501435243375166
766724686,3.0,19.988897894809135,1.050027770678627
76672503x,3.0,19.389272824065543,1.0515749099553038
766725478,3.0,19.990569121821814,1.0500235883183733
766725929,3.0,18.39942319834654,1.0543495298314496
766726059,3.0,19.985956433486187,1.0500351335863274
76672618x,3.0,18.982102116334605,1.0526812043192768
766726681,3.0,17.9516649691217,1.0557051394241193
76672669x,3.0,19.5517171424983,1.051146402779445
766727131,3.0,19.852270721694424,1.0503720714883868
766727772,3.0,14.164243280827874,1.0706003123621548
766727983,3.0,19.971452327863993,1.0500714711971553
766728919,3.0,19.88893156103035,1.0502792217335275
766729970,3.0,19.876985721267168,1.0503094389674015
766730015,3.0,19.738542574818226,1.0506623017484467
766730197,3.0,17.11941311827862,1.058413217386073
766730293,3.0,19.912935759802078,1.0502186122660369
766730322,3.0,19.595708369840136,1.051031582075344
766730357,3.0,19.91299040069141,1.0502184744670633
766731341,3.0,19.396853312045387,1.0515547539548078
766732176,3.0,14.841121085990526,1.0673803545032703
766732256,3.0,17.41863394372038,1.057409783294775
766732475,3.0,17.70448013963615,1.0564828784642615
766732491,3.0,19.744600897037138,1.0506467568128997
766732555,3.0,19.94380677946316,1.0501408788732216
766732870,3.0,18.488092751605883,1.0540888675449305
766733021,3.0,17.63086800920378,1.0567187049144702
766733419,3.0,18.463703587733715,1.054160314871191
766733988,3.0,19.771412967426606,1.0505780745992965
766734059,3.0,19.535740466478373,1.051188231217338
766734200,3.0,19.661824154449118,1.0508599808514572
76673506x,3.0,19.925882398400226,1.0501859832355673
766735406,3.0,19.907150900936493,1.0502332053931915
766735764,3.0,15.330894453289833,1.0652277662628753
766735844,3.0,19.659616422911586,1.050865692315064
766736257,3.0,19.97216474585726,1.050069685120509
766736628,3.0,19.951449877089654,1.0501216706635594
766736863,3.0,18.641329051946517,1.0536442437775422
766738156,3.0,19.390725522835957,1.0515710461077037
766738965,3.0,19.710267557382707,1.0507349784617936
766739650,3.0,19.785769882408946,1.0505413742271952
766739706,3.0,19.88480449105454,1.050289657132403
766740168,3.0,19.942213568462236,1.0501448846973265
766740336,3.0,19.746014517612306,1.0506431310028694
766740651,3.0,19.821541955406605,1.0504501618617634
766741849,3.0,18.95676310027504,1.0527516219256594
766741873,3.0,15.504443288479528,1.0644976398954642
76674242x,3.0,19.87877112366919,1.0503049204489971
766742622,3.0,18.00899175069629,1.0555278170951095
766742956,3.0,19.77564967417163,1.0505672388253353
766743051,3.0,16.67049029381208,1.059986238099499
766743115,3.0,19.5947296090363,1.051034131113442
766743158,3.0,19.332955093016253,1.0517251498898497
766743262,3.0,19.814159688853053,1.0504689583461153
766743377,3.0,19.767131417202656,1.0505890297835392
766743385,3.0,19.739961132256163,1.0506586610429514
766743692,3.0,18.804741861370587,1.0531780764326384
766743836,3.0,19.171469762030195,1.0521608417305874
766743975,3.0,19.827469876606465,1.0504350785159864
766743991,3.0,19.669353230285985,1.0508405125624694
766744222,3.0,19.744417581376513,1.050647227039162
766744580,3.0,17.612851121928237,1.0567767247379378
766744644,3.0,19.80767513325725,1.0504854806670871
766745268,3.0,19.783710850502352,1.0505466344285257
766745276,3.0,19.849630840472166,1.0503787706701861
766745292,3.0,19.678828285791045,1.050816033631537
766745364,3.0,19.56813411222332,1.0511034927635408
76674576x,3.0,19.390986472222774,1.0515703521031528
766745831,3.0,17.113879192287527,1.058432105822662
766745903,3.0,19.93371122127504,1.050166273048679
766745938,3.0,17.18154002497697,1.058202000434553
766746084,3.0,19.148327781275903,1.0522238814492118
766746148,3.0,19.965780871650445,1.0500856944403265
766746236,3.0,17.17496913650432,1.0582242676567355
766746359,3.0,18.99991414873633,1.0526318167635778
766746367,3.0,19.142938053534987,1.0522385851745122
766746500,3.0,19.639691606052562,1.0509172964656848
766746519,3.0,12.889823511259841,1.07758058123344
766746711,3.0,18.53982659381004,1.053937937064302
766746869,3.0,19.458074820827036,1.0513925457275786
766747300,3.0,19.77853353034483,1.0505598657486799
766747319,3.0,18.949066816545905,1.0527730473316408
766747327,3.0,18.56916821043076,1.0538527083533162
766747458,3.0,19.676542851182695,1.050821935924577
76674752x,3.0,18.92472921310147,1.0528409145906144
766747597,3.0,19.94634017704596,1.0501345104477255
766747730,3.0,18.999347011738127,1.0526333878412866
766748071,3.0,19.804948760102487,1.0504924305593015
76674824x,3.0,17.575325813898008,1.0568979494655646
766748848,3.0,18.807983068087555,1.053168912178401
766748864,3.0,19.970309550913523,1.0500743364768854
766749971,3.0,18.97333815952589,1.0527055382448836
770250241,3.0,19.89864617027726,1.050254675189597
770250946,3.0,19.894134844904254,1.0502660712715608
770250954,3.0,19.938834772463604,1.050153382151551
770251092,3.0,17.249337482685494,1.057973241059477
770251439,3.0,19.90877855378599,1.0502290985505907
770251519,3.0,19.97352127507215,1.0500662845688629
770251586,3.0,19.992629729856265,1.0500184324679727
770251594,3.0,12.349152330276777,1.080977217970522
770252044,3.0,19.932065424833414,1.0501704152924412
770252060,3.0,18.18383439199534,1.0549939016404708
77025308x,3.0,7.791813080515082,1.1283398343449345
77025316x,3.0,19.47784767867814,1.051340374793806
770253258,3.0,16.48994632008581,1.0606430112378193
770253338,3.0,19.673841327349606,1.0508289145653447
770254031,3.0,19.72056745082484,1.0507084799914403
770254162,3.0,17.72095205356328,1.056430376707606
770254170,3.0,19.348921763168143,1.0516824664567905
770254285,3.0,15.867265208901754,1.0630228326579545
770254963,3.0,16.743334262345975,1.0597252604726943
770255042,3.0,19.956362916146755,1.0501093312544891
770255368,3.0,19.857324448689948,1.050359251699993
770255413,3.0,19.239278311370057,1.0519770016221979
770255683,3.0,13.566440353670444,1.0737113033286914
770255704,3.0,19.934283918186694,1.0501648318095673
770255763,3.0,18.407388222424906,1.054326012355286
770256301,3.0,19.652261411854646,1.0508847291944112
770256459,3.0,19.261750779206082,1.0519163606394255
770256491,3.0,19.55041817959276,1.0511498010330964
770256694,3.0,19.93197907692853,1.050170632637153
77025674x,3.0,19.871914312478992,1.0503222781799149
770257590,3.0,19.31379579332918,1.051776461276731
770257726,3.0,19.952377801434263,1.050119339657257
770258120,3.0,19.140447824795185,1.0522453815685842
770258155,3.0,18.537505444095498,1.0539446908331733
77025877x,3.0,19.937378405425317,1.050157045709073
770258905,3.0,19.242892573587945,1.0519672391339212
770259131,3.0,19.44170803585216,1.0514358099687495
770259553,3.0,18.433799950441603,1.05424817469477
770261418,3.0,19.728003766833375,1.0506893658283458
770261477,3.0,13.790985458155527,1.0725111343953042
770261637,3.0,19.937603910553896,1.050156478405645
770261792,3.0,19.89041184923143,1.0502754798432512
770264598,3.0,19.827165691016432,1.050435852283874
770264707,3.0,19.976244814560353,1.050059458586086
770265136,3.0,18.10894229693764,1.0552213367077274
770265291,3.0,18.935035144101132,1.052812154421141
770265400,3.0,19.1247782196891,1.0522881880517962
770265515,3.0,19.470962727094754,1.0513585288008618
77026597x,3.0,19.9746216993846,1.050063526361093
770266200,3.0,19.219410182817832,1.052030733018748
770266796,3.0,19.147954347346406,1.0522248999480504
77026714x,3.0,16.981147278351834,1.0588888361668494
770267553,3.0,19.83261457554704,1.0504219953547107
770268150,3.0,18.156776434353315,1.055075855761927
770268337,3.0,19.970757845557358,1.0500732124305667
770271499,3.0,19.926695267443687,1.0501839360003564
77027194x,3.0,9.199930492587557,1.1086964733924574
770271958,3.0,15.903329938243395,1.062879912815948
770272651,3.0,19.810345246149584,1.0504786760439908
770274788,3.0,17.863462592865798,1.0559801883202293
770275350,3.0,19.83106650698124,1.0504259314368174
770275668,3.0,19.06165378295154,1.0524613452424776
770276409,3.0,8.795057336798092,1.1137002252180948
770277524,3.0,17.734221655977375,1.0563881527703216
770277583,3.0,18.323607480766324,1.0545744063252647
770277989,3.0,17.156419068452603,1.0582872215938588
770278703,3.0,19.969013584615404,1.0500775862444414
77027944x,3.0,19.89691003313943,1.0502590602427433
770279546,3.0,18.989280974236895,1.0526612883003164
770279669,3.0,19.996007403433662,1.0500099834844172
770279685,3.0,19.871614074682334,1.0503230384930866
770279853,3.0,19.954769716985403,1.0501133320094798
770280053,3.0,19.96301360528093,1.05009263730279
77028111x,3.0,19.984967615955195,1.05003760922793
770281531,3.0,18.2157881221914,1.0548974325619076
770281718,3.0,19.77490104858872,1.0505691531675891
770282016,3.0,18.48636541397698,1.0540939215257494
770282024,3.0,19.307510158984876,1.0517933173032485
770282753,3.0,8.714530766957377,1.1147508714745342
770282788,3.0,17.944061258565092,1.055728744211831
77028322x,3.0,19.829881340422574,1.050428945228307
770283641,3.0,18.915018228802893,1.0528680431551076
770283828,3.0,8.633543410157596,1.1158272973786723
770284484,3.0,19.976312675876596,1.0500592885296394
770284564,3.0,4.825414354655278,1.2072360892770293
770284759,3.0,19.980135602431066,1.0500497103672473
770284847,3.0,19.83265387273205,1.0504218954466251
770285196,3.0,12.919033021580827,1.0774051740814914
770285348,3.0,18.514482442708445,1.0540117717626953
770285639,3.0,18.776830862200768,1.0532571234911148
770285647,3.0,12.847075517746593,1.0778387266906486
770285815,3.0,19.96918102719979,1.0500771663413693
770285874,3.0,18.16007934436739,1.0550658387024154
770285962,3.0,19.624307709020542,1.0509572115779828
770286148,3.0,19.899129304536626,1.0502534550480065
770286818,3.0,19.72298472862031,1.0507022650861197
770287757,3.0,10.537359324326541,1.0949004365535302
77028779x,3.0,18.69605035943349,1.053487232906143
770288362,3.0,19.727269608562306,1.050691252253478
770288629,3.0,19.543378189845733,1.0511682264082458
770290323,3.0,13.282933827108822,1.0752845728975269
770291377,3.0,19.934936508781206,1.0501631896123425
770293460,3.0,19.95015177453055,1.0501249319454629
770294914,3.0,19.965373821358053,1.0500867155780598
770295394,3.0,19.444698521946957,1.0514278994282844
770295917,3.0,19.916800812669887,1.0502088668459173
770296311,3.0,19.962509115562046,1.050093903236865
770296338,3.0,17.98446306499436,1.0556035504861103
770298915,3.0,19.821482558659323,1.0504503130399363
773500111,3.0,19.810732384343588,1.0504776895977002
77350063x,3.0,19.41045433892348,1.0515186292159435
773500656,3.0,16.381764523762435,1.061043485184362
773500971,3.0,17.385532466487323,1.0575190896181994
77350098x,3.0,19.967169066042143,1.0500822122902083
773501608,3.0,11.765961486792092,1.084990929226018
773502037,3.0,19.311530098219464,1.0517825358691903
773503021,3.0,19.124575719022182,1.0522887417055404
773503240,3.0,19.736241003019146,1.0506682098099138
773503443,3.0,18.059095559337166,1.0553737587086949
773503793,3.0,19.744412089416887,1.0506472411268202
773504198,3.0,19.656400787418136,1.05087401354983
773504200,3.0,19.928508611306352,1.0501793696409703
773504243,3.0,17.79757684250684,1.0561874242122473
773504251,3.0,11.519282418714425,1.0868109630141007
773504331,3.0,19.520071584389044,1.051229320326865
773505537,3.0,18.170872325143584,1.055033131162133
773506345,3.0,18.610865002828177,1.0537320538216808
773506572,3.0,6.975988637406648,1.1433488573415673
77350688x,3.0,19.936710006639906,1.050158727275812
773507321,3.0,13.543287896383898,1.0738373139263326
773509001,3.0,19.99820572110893,1.0500044860996933
773509212,3.0,19.86116445128794,1.0503495151280091
773509730,3.0,19.982527611642407,1.0500437191648053
773510598,3.0,19.78022746000925,1.0505555359270642
773510694,3.0,19.85367608477169,1.0503685058490013
773510854,3.0,16.390116739470855,1.0610123781236889
773511558,3.0,19.933039008111766,1.050167964834316
773511697,3.0,19.848848779345143,1.0503807556355917
773512008,3.0,19.858401904589062,1.0503565193616566
773512462,3.0,19.880904272595235,1.0502995229134746
773512884,3.0,18.67176003702969,1.0535568151056358
773513609,3.0,19.26272797231904,1.051913726936134
773514054,3.0,17.84033153263678,1.056052769993126
773514142,3.0,19.532601603329816,1.0511964570981434
77351445x,3.0,19.896573833777566,1.0502599094876497
773514839,3.0,19.90731791613967,1.0502327839547516
773516316,3.0,19.607979263445745,1.0509996459382356
77351699x,3.0,16.924181821781435,1.0590870513287087
773517298,3.0,16.905543925682593,1.059152193173792
773518688,3.0,19.567793075492514,1.0511043834193259
773518741,3.0,17.15978656536754,1.0582757831043326
773519605,3.0,15.26396622375209,1.0655137718035508
773520411,3.0,17.869302695003938,1.0559618926976702
773521158,3.0,18.987324543815102,1.0526667144542878
773521529,3.0,19.765189096439904,1.0505940011563117
773522652,3.0,19.971853051337316,1.0500704665425644
773522951,3.0,16.10372980629394,1.0620974154452816
77352296x,3.0,19.964543808047715,1.050088797901653
77352392x,3.0,19.955766247035257,1.050110829502654
773523954,3.0,19.92850847620796,1.050179369981144
77352405x,3.0,18.682532670969202,1.0535259334273184
773524359,3.0,18.929668226232984,1.0528271276627124
773524391,3.0,19.97859881093539,1.0500535602853511
773524826,3.0,16.795766423138307,1.0595388132227401
773524869,3.0,19.912401370519028,1.0502199599833566
773525036,3.0,19.977873759201216,1.0500553768660907
773525474,3.0,12.003715792176788,1.0833075372087477
773525511,3.0,19.962015392058312,1.0500951422168445
773525837,3.0,7.5592964445544935,1.1322874433268684
773526012,3.0,19.551809851486205,1.0511461602580994
77352616x,3.0,14.660101400213303,1.068212352200064
773526215,3.0,19.440891724911996,1.0514379697263874
773526389,3.0,8.943297745449915,1.1118155772582625
773526485,3.0,19.83013599076425,1.0504282976408101
773527066,3.0,18.781906389288068,1.0532427315562776
773527103,3.0,19.99841521189664,1.0500039622842274
773527226,3.0,17.8660222527328,1.0559721680547576
773527410,3.0,19.683324012063345,1.0508044271072878
773527621,3.0,18.79124885856452,1.053216260799198
773527699,3.0,19.447486970726814,1.0514205255159828
77352798x,3.0,19.86726748629868,1.0503340482373655
773528157,3.0,12.467891442095201,1.0802060239812252
773528587,3.0,19.914870434346106,1.050213733666846
773528667,3.0,19.63068870024109,1.0509406478432781
773529213,3.0,19.908578221584232,1.0502296039862773
773529459,3.0,19.51294173178328,1.051248039057646
773529539,3.0,16.326076180571828,1.0612517048762768
773529731,3.0,19.11929949268893,1.0523031714829507
773529782,3.0,19.972912077008644,1.0500678116513178
773531057,3.0,19.450819464577613,1.0514117156771274
773531209,3.0,19.086800519894076,1.0523922277574864
77353133x,3.0,19.88470495118054,1.0502899088749431
77353184x,3.0,19.733568700578243,1.0506750712541264
773532260,3.0,19.869259390698556,1.050329002220794
773532850,3.0,16.303084842173106,1.0613380847662144
773533482,3.0,19.500506298494965,1.05128071982814
773536368,3.0,19.86000193881129,1.050352462355291
773536974,3.0,17.592814649427982,1.0568413878010428
773538806,3.0,19.786726364572857,1.0505389310780813
773538873,3.0,19.90009852613573,1.0502510074855484
773539905,3.0,19.942744370814438,1.050143550025315
773541386,3.0,19.89974189830054,1.0502519080453703
773542573,3.0,19.82566857530104,1.0504396608972777
773542987,3.0,19.991988871440483,1.050020035846886
773545037,3.0,19.88537070445364,1.0502882251913983
773545256,3.0,19.964115088213013,1.0500898735346607
77354822x,3.0,19.898685107921356,1.0502545768515084
773548262,3.0,19.978361138543608,1.0500541557470764
773548457,3.0,19.87898477249195,1.0503043797982972
773548764,3.0,19.481741125827273,1.051330114364074
773549054,3.0,17.778182436050923,1.0562487196650756
773549150,3.0,18.94685499339753,1.0527792079660965
773549310,3.0,16.111854373602363,1.0620661021886095
776340002,3.0,17.676261260338144,1.0565730493157957
776800072,3.0,14.717332646909068,1.067947095033557
776800101,3.0,19.832147833853213,1.0504231820162722
776800654,3.0,10.390430203589226,1.0962424057912987
776800830,3.0,19.95028055587109,1.0501246083832998
776801382,3.0,18.351262619525542,1.0544921633313673
776801892,3.0,19.90839049162737,1.050230077635887
776802043,3.0,19.850132010922668,1.050377498721406
776802086,3.0,18.65211057027705,1.0536132356835555
776802158,3.0,19.595730661393173,1.0510315240232488
776802190,3.0,15.423137787822418,1.06483764936533
776802262,3.0,15.185332324792284,1.0658530204417953
776802449,3.0,19.819149438499434,1.0504562520759575
776804225,3.0,18.89794514934123,1.0529158060359203
776805113,3.0,18.04305809901696,1.055422977330793
776805164,3.0,15.449336865905318,1.0647276972908055
776805172,3.0,19.020011380730562,1.0525762040822495
776806001,3.0,19.27376504100411,1.0518839986827972
776806511,3.0,17.717433210087634,1.0564415842939732
776806538,3.0,19.770422300593903,1.050580608992351
776806810,3.0,13.230322085485136,1.0755839497737618
776807004,3.0,18.414970022816576,1.0543036452821253
776807469,3.0,9.08064460475282,1.1101243406747356
776808162,3.0,19.90143717046173,1.0502476274167891
776809157,3.0,17.595945180148586,1.0568312750330786
776809296,3.0,19.877305483965277,1.0503086296483537
776809544,3.0,19.740089792349732,1.0506583308647133
77680986x,3.0,19.934824894249623,1.0501634704746496
776809923,3.0,5.335388145885893,1.1874277883177249
77681006x,3.0,19.4607115621151,1.0513855825265268
776810932,3.0,9.230398636002244,1.1083376828493192
776811011,3.0,19.488291834746992,1.0513128604846236
776811046,3.0,9.926057874453152,1.1007449294219527
776811097,3.0,19.460046399827096,1.0513873389330093
77681137x,3.0,17.683694288920854,1.0565492698336523
776811484,3.0,4.940894741395777,1.2023924921172284
776811871,3.0,19.00685961680997,1.0526125840965113
776812292,3.0,19.877741413466225,1.0503075263531976
776812479,3.0,19.95597590477415,1.0501103030376362
776812620,3.0,19.225629474424405,1.0520139016166044
776812989,3.0,19.975513369773708,1.0500612916168235
776814335,3.0,19.848078266525867,1.0503827114429771
776814693,3.0,19.750437149522977,1.0506317907006
776814845,3.0,18.64429677870069,1.0536357048951508
776814888,3.0,12.22244803840541,1.081816670184058
776815119,3.0,12.845815577785615,1.0778463612485072
776815151,3.0,19.69390584568126,1.0507771291198333
776815290,3.0,19.775628634063928,1.0505672926259082
776815944,3.0,19.410560911122914,1.0515183463568518
776816023,3.0,19.285803902585396,1.0518516109077487
776817405,3.0,18.883812602357136,1.0529554079495143
776817464,3.0,18.848897181869702,1.0530535017699538
776817894,3.0,18.10197731427004,1.0552425838701989
776818213,3.0,17.699668811066495,1.0564982322931806
776818483,3.0,19.976709220211806,1.05005829483608
776818539,3.0,19.874798300586196,1.0503149760252162
77681903x,3.0,18.455775015200565,1.054183582059078
776819195,3.0,19.351611635407167,1.0516752825987024
776819275,3.0,19.828420342897886,1.0504326609334858
776819662,3.0,19.78568663928597,1.0505415868668628
776820460,3.0,10.51364003089963,1.0951145366458235
776820807,3.0,19.080655235166216,1.0524091016621364
776820962,3.0,18.39219495262256,1.0543708895309098
776821551,3.0,19.71215005696215,1.0507301332990213
776822204,3.0,18.855482426811147,1.0530349729253319
776822300,3.0,5.080646932667148,1.196825328201863
776822896,3.0,16.452251842278823,1.0607819531080973
776823792,3.0,19.704138668290522,1.050750759362513
776823813,3.0,19.978161537743354,1.0500546558356119
776823856,3.0,19.81278775883102,1.0504724530526643
776824509,3.0,12.782055645755088,1.0782346774035598
776824795,3.0,19.090891103252016,1.0523810017348878
776824920,3.0,14.002905227691224,1.0714137519136004
776825026,3.0,14.219056426967516,1.0703281546941064
776825034,3.0,19.9644817610213,1.0500889535711566
77682527x,3.0,13.353614433349959,1.0748860920757568
776825886,3.0,19.770468424887813,1.050580490988325
776826133,3.0,19.545934355291415,1.0511615347633296
776826563,3.0,19.018692506034288,1.052579850043988
77682658x,3.0,19.837020485581803,1.0504107963555733
776826651,3.0,19.91206868367249,1.0502207990483672
776826707,3.0,19.420972828744823,1.0514907264851279
776826766,3.0,19.95523295630012,1.0501121686822648
776826782,3.0,18.734345972283702,1.0533778975513444
776827734,3.0,19.669625822752813,1.0508398079867514
776827961,3.0,18.167053809427188,1.0550446985234934
776829940,3.0,19.65478468681331,1.050878196629186
776830351,3.0,19.891130043243837,1.0502736645844641
776830394,3.0,19.982793248392426,1.0500430539199241
776830757,3.0,19.084556075981798,1.0523983893583206
776830861,3.0,14.907374220100488,1.067080894679067
77683087x,3.0,16.132952474714248,1.0619849343489567
776831020,3.0,19.755707959009616,1.0506182821731755
776831303,3.0,19.194420795004515,1.0520984722946294
776832699,3.0,19.975855374606926,1.0500604345219273
776833077,3.0,19.772104785151683,1.0505763048934968
776833819,3.0,18.707717538433858,1.0534538752761025
776834029,3.0,18.983464070008644,1.0526774247477766
776834336,3.0,19.486056749133553,1.0513187461616351
776834627,3.0,19.457607591018995,1.0513937798016633
776835064,3.0,19.42156232890003,1.0514891635938042
776835726,3.0,9.29418788773506,1.1075941235618483
776835953,3.0,17.172587820878217,1.0582323415917672
77683597x,3.0,18.366063557154632,1.0544482489069054
776836016,3.0,13.415409388245552,1.0745411467559232
776836235,3.0,19.476187416724994,1.0513447513419008
776836489,3.0,19.91551148039246,1.050212117373161
776837131,3.0,18.10472250389443,1.0552342075270633
776837764,3.0,19.923336045622364,1.0501923973831544
776837916,3.0,17.73506303200424,1.0563854776380228
776837932,3.0,19.372875809965425,1.051618562458631
776838126,3.0,19.91423962515371,1.050215324251542
776839030,3.0,19.926273983964954,1.0501849969946573
776839073,3.0,8.464353678479933,1.1181425112873573
776840349,3.0,18.191659218780003,1.0549702469672286
776840373,3.0,7.4669247064018185,1.1339239431653358
776840883,3.0,17.518270102544392,1.0570832618829618
776841800,3.0,19.87247041231158,1.0503208699900979
776842133,3.0,18.70463231618428,1.053462692187472
776842168,3.0,17.163757791477906,1.0582622996752213
77684223x,3.0,19.79316714337355,1.0505224854999915
776842264,3.0,15.886171236971656,1.0629478295986583
776842520,3.0,19.738412434025204,1.0506626357789643
776842600,3.0,19.591005362777842,1.0510438326917086
776843312,3.0,19.85630950603322,1.0503618257811784
776843427,3.0,19.978996412215785,1.05005256417127
776844155,3.0,19.805712152739293,1.0504904843758265
776844825,3.0,11.109513242472731,1.0900129445975097
776845940,3.0,19.690206983856466,1.0507866677490936
776846599,3.0,18.807921628739468,1.0531690858639027
776846855,3.0,19.967440678605122,1.050081531033243
776847305,3.0,12.399241269328144,1.0806500961049679
776847700,3.0,19.959271051751703,1.050102030149655
77684792x,3.0,18.899335930136974,1.0529119120214905
776847946,3.0,15.227948578532212,1.0656687271330665
776848009,3.0,19.65783330625321,1.0508703062245368
776848033,3.0,19.966237314872913,1.05008454944363
776848869,3.0,19.97618568353024,1.0500596067658938
776849028,3.0,19.29244793034386,1.051833753995892
776849124,3.0,19.755268046041742,1.0506194093478962
776849319,3.0,19.95335491321923,1.0501168853232543
780350705,3.0,16.095940339237032,1.062127466859597
780350967,3.0,4.881694341280597,1.2048469097181684
780351062,3.0,19.97871565755414,1.0500532675443475
780351580,3.0,19.859564359725383,1.0503535718048262
780352153,3.0,17.32328058399914,1.0577257867036838
780352209,3.0,19.94084463181219,1.050148327137792
780352233,3.0,18.94549809716254,1.0527829880677442
780352989,3.0,4.864669840960212,1.2055637962478076
780353199,3.0,18.87985910338023,1.0529664969703594
780353981,3.0,5.669165141203068,1.1763928153604266
78035399x,3.0,18.048616707769547,1.0554059081751967
78035401x,3.0,19.392610910248305,1.0515660322701332
780354028,3.0,19.591453394398638,1.0510426653841776
780354394,3.0,19.752937049086466,1.050625382823576
780354837,3.0,16.426285307510053,1.0608780367124637
78035532x,3.0,19.56151193457421,1.0511207928786188
780355995,3.0,9.938866504783565,1.1006150952443823
780356314,3.0,19.884517122649484,1.0502903839118602
780356824,3.0,17.615278896393644,1.056768899651355
780356904,3.0,19.988244061956234,1.0500294071305296
780357480,3.0,16.260464452409234,1.0614988583460687
780358096,3.0,19.911110163091834,1.050223216676971
780359558,3.0,18.84072030203886,1.053076527010052
780359697,3.0,10.674161354917546,1.093684174966992
780360321,3.0,19.605897068167245,1.0510050622281206
780360399,3.0,18.76266171973326,1.0532973420795766
780361367,3.0,5.295080572182607,1.188854538919283
78036180x,3.0,19.91372421425057,1.050216623934381
780361850,3.0,19.857489215184465,1.0503588338466945
780362124,3.0,18.61236458936213,1.0537277246638264
780362394,3.0,19.90737886258708,1.050232630167066
78036252x,3.0,19.347824250642123,1.0516853981639207
780363637,3.0,12.053128027608546,1.0829660149389793
780364066,3.0,17.88930855558177,1.0558993097409561
780364074,3.0,19.750941110421923,1.0506304987903758
780365501,3.0,10.923077393535092,1.0915492918316094
780367478,3.0,15.823411813891235,1.0631974956957202
780368323,3.0,11.516544475386787,1.08683160145278
780368702,3.0,19.957977541521924,1.050105277346842
780368825,3.0,19.83715511975835,1.0504104542190111
780368833,3.0,19.79940765148847,1.0505065614892182
780369019,3.0,16.343559171212828,1.0611861828579774
780369174,3.0,19.90255820768316,1.0502447971544664
780369879,3.0,19.52398965491024,1.0512190396366299
780370044,3.0,19.638125534682878,1.050921356940809
780370132,3.0,10.867773463547888,1.0920151679048287
780370255,3.0,19.14536306522255,1.052231968471598
780370415,3.0,19.79622035684342,1.0505146933088318
78037044x,3.0,19.947572882874674,1.0501314122711398
780370597,3.0,12.820494909001786,1.0780001089737854
780371047,3.0,18.05996132834882,1.0553711041689937
780371143,3.0,19.717423119200806,1.0507165664577234
780371194,3.0,19.878290858777383,1.0503061358295018
780372373,3.0,15.482700110225217,1.064588217357486
780372381,3.0,19.89869200903275,1.0502545594226025
780373093,3.0,6.231597729849236,1.1604724892959664
780373202,3.0,19.523024139377853,1.0512215726857093
780374176,3.0,19.912713028753615,1.0502191739797595
780374635,3.0,19.13074614694518,1.0522718765028243
780374731,3.0,18.784923205565306,1.0532341808937358
780375013,3.0,18.85123616328805,1.053046919116501
78037546x,3.0,19.96704795800219,1.050082516058626
780375734,3.0,19.98957915495033,1.050026065693952
780376542,3.0,19.779080187505926,1.0505584683675877
780376729,3.0,19.64565787581534,1.0509018331847795
780377211,3.0,19.88208692836036,1.0502965309226957
780377668,3.0,14.41735795387902,1.0693608359589177
780377852,3.0,19.766825272123015,1.050589813297449
780377959,3.0,19.804700480767046,1.0504930635518135
780378361,3.0,5.025507293645533,1.1989848868122115
78037837x,3.0,17.103686156667248,1.058466928756769
780379452,3.0,18.599205695334177,1.0537657369019184
78037976x,3.0,19.967020868548556,1.0500825840060681
780381456,3.0,19.952940694457098,1.0501179257390265
780381616,3.0,19.673827160642823,1.0508289511661708
780381990,3.0,19.56356617711921,1.0511154250174266
780382213,3.0,19.785985965499727,1.0505408222639838
780382555,3.0,18.464227763159627,1.054158777330251
780382707,3.0,19.865288115974653,1.0503390635042364
78038274x,3.0,18.88293849162301,1.052957859310066
780382803,3.0,19.856849810101885,1.050360455437965
780383523,3.0,19.872303474641146,1.0503212927115415
780383582,3.0,19.993401427846145,1.0500165018748253
780384665,3.0,18.901306295861023,1.0529063962218832
780384702,3.0,18.656074524701875,1.053601844196963
780386126,3.0,19.964838281002255,1.0500880591129838
780386281,3.0,19.90123584373101,1.0502481357365052
780387196,3.0,19.70937448324016,1.0507372773727726
780387209,3.0,19.90628809975164,1.0502353826584312
780387356,3.0,19.532079016111503,1.0511978268762443
780387882,3.0,19.823726673966323,1.05044460188776
780387962,3.0,19.941063335669664,1.050147777135397
780388084,3.0,16.621552278963858,1.060162852615492
780388578,3.0,14.298724746516076,1.0699363067495689
780388666,3.0,19.612052112305737,1.0509890548053633
780389060,3.0,19.432744697110785,1.0514595346970559
780389175,3.0,16.619484112594744,1.0601703394175859
780389247,3.0,19.548677898623545,1.0511543545392608
780389757,3.0,19.702378286471983,1.0507552938767102
780391005,3.0,19.667182412659553,1.050846124219416
780391486,3.0,18.970856065111924,1.0527124340919456
780391697,3.0,18.35106534995138,1.0544927491091218
780391953,3.0,12.000343018564838,1.0833309513280558
780392577,3.0,15.091536864864796,1.0662623037636505
780392809,3.0,19.02940244717647,1.0525502575698784
780393123,3.0,18.070723183030864,1.0553381284119852
780393609,3.0,18.62081118934637,1.053703353190764
780393641,3.0,19.91829143990447,1.0502051093597613
780394476,3.0,15.631106800334129,1.0639749963181508
780395161,3.0,19.44646347283595,1.0514232318589374
780395727,3.0,19.698165824057057,1.0507661479211794
780395735,3.0,19.70275578039545,1.0507543214333
780395997,3.0,19.915046956113358,1.0502132885854445
780396754,3.0,19.928893558375286,1.0501784003748538
780396973,3.0,19.918966977837673,1.0502034066883401
780397212,3.0,18.720186585757627,1.0534182709888589
780397220,3.0,19.012273259223495,1.0525976029465527
780397247,3.0,19.551131083452578,1.051147935929209
78039728x,3.0,19.728008669698884,1.0506893532308683
780397300,3.0,19.686840512930846,1.0507953523239635
780399509,3.0,19.817398949008986,1.0504607089241653
783700299,3.0,19.400343440424116,1.0515454792370489
783700547,3.0,19.410635357117336,1.0515181487675171
783700563,3.0,19.337347153375767,1.0517134016402776
783700678,3.0,10.53831422963915,1.0948918373668803
78370074x,3.0,14.246822487193354,1.0701910900412295
783701304,3.0,19.26255529545997,1.0519141923104922
783701857,3.0,16.276071574833168,1.0614398871006594
783702331,3.0,18.421396972284967,1.0542846995537039
783702729,3.0,19.587460083827025,1.0510530714916775
783702753,3.0,19.49880162090751,1.0512852030315418
783703019,3.0,19.514842449599765,1.0512430475717476
783703078,3.0,19.905165611865623,1.0502382155214973
783703115,3.0,18.46933049368236,1.0541438142731845
783703721,3.0,19.74152782509789,1.050654640758284
783703836,3.0,19.86327749083624,1.0503441589869216
783704361,3.0,19.907169405986135,1.0502331586980567
783704425,3.0,4.960308199189165,1.2016003763966652
78370445x,3.0,19.895451589244633,1.0502627445028991
783704951,3.0,19.785849586762858,1.0505411706287822
783705049,3.0,19.860656879423075,1.050350801892966
783705380,3.0,18.154646851704115,1.0550823162889633
783705452,3.0,19.923332586185847,1.0501924060984338
78370584x,3.0,18.996010527715097,1.0526426324380587
783706164,3.0,19.835022214265113,1.0504158749709296
783706404,3.0,19.08801128890085,1.0523889044733263
783706826,3.0,19.976011077247254,1.0500600443268178
783707191,3.0,19.994478123428856,1.0500138085038706
783707845,3.0,19.975330595351927,1.0500617496780098
783708688,3.0,19.855111669358752,1.0503648640537864
783709162,3.0,18.707495195036483,1.053454510589174
783709410,3.0,17.623180908582622,1.0567434451922917
783709541,3.0,19.992860052512302,1.0500178562433513
783710796,3.0,18.44493168910255,1.0542154352672832
783711895,3.0,16.99874861715464,1.0588278597749736
783711975,3.0,19.894987185336305,1.050263917774074
783712089,3.0,19.442072538156918,1.051434845644023
783712361,3.0,17.304657746427566,1.0577879097439211
783712513,3.0,17.171934493503866,1.058234557112846
783712724,3.0,19.97772084481591,1.0500557600022473
783713727,3.0,19.790313406361722,1.0505297707755625
783714877,3.0,19.619001048094596,1.0509709947794268
783714906,3.0,18.942655256784203,1.0527909095342827
783715343,3.0,16.877514119366335,1.0592504318424796
783715933,3.0,19.918696419223966,1.050204088608674
783716303,3.0,19.760570438958723,1.050605826541751
783716661,3.0,12.66694492406316,1.0789456341678978
783716688,3.0,19.758397104444064,1.0506113929542937
783717832,3.0,4.926740586985482,1.2029739504940868
783717859,3.0,19.403869858778926,1.0515361114704431
783717867,3.0,19.859500879473675,1.0503537327583885
783717955,3.0,19.858084142547952,1.0503573251488747
783719563,3.0,19.98565020049507,1.0500359002568367
783720089,3.0,19.96073580509263,1.0500983535759674
783720812,3.0,19.407202675858468,1.0515272611257853
783721516,3.0,18.850128275894438,1.0530500368678553
783722068,3.0,17.298174895062118,1.0578095669668282
783722594,3.0,19.658953965338622,1.0508674063616577
783722607,3.0,19.85712776616471,1.050359750502484
78372280x,3.0,19.863123486601772,1.0503445493189694
783722850,3.0,4.969984249281554,1.2012078811204596
78372299x,3.0,19.640604546168316,1.0509149297135607
783723079,3.0,16.86153809400726,1.0593065706357718
783723212,3.0,19.841049339243007,1.0504005601166533
783723837,3.0,17.376871803108514,1.0575477572333307
78372432x,3.0,16.454581460126764,1.0607733476796861
783725525,3.0,19.985903524789425,1.0500352660443724
783725541,3.0,18.9502445335315,1.052769767600125
783725576,3.0,17.124673356801836,1.0583952744186391
783725912,3.0,19.99600819952156,1.0500099814934025
783725998,3.0,18.645293280516373,1.0536328383230615
783726229,3.0,4.971441605715391,1.20114889790727
783726405,3.0,18.327059436398827,1.0545641270750685
783726958,3.0,12.230581241381449,1.081762262991767
783727002,3.0,19.704369174148262,1.0507501656694487
783727037,3.0,19.65240247901356,1.0508843639380927
783727811,3.0,19.93750027698168,1.0501567391151099
783728187,3.0,19.830039504049672,1.050428543008993
783728590,3.0,19.324272966931037,1.0517483892776336
783728742,3.0,16.52273397271045,1.0605226714689975
783729147,3.0,19.751891856587587,1.0506280617198946
783729243,3.0,12.82103365241973,1.0779968313874029
783730180,3.0,16.863905156331263,1.0592982462086824
783731255,3.0,19.77394910019043,1.050571587644593
783732362,3.0,19.81230072601044,1.050473693783941
783732573,3.0,7.023998888934239,1.1423690430212656
783732581,3.0,19.962691392994312,1.0500934458342095
783732805,3.0,6.103349860623965,1.1638444498244391
783732944,3.0,19.153924940764174,1.0522086205878232
783734130,3.0,6.040112526988587,1.1655598294786353
783734843,3.0,19.908552487608027,1.0502296689135207
783735037,3.0,19.65058212924054,1.0508890776580087
783735408,3.0,19.9736778271671,1.0500658921533146
783735571,3.0,19.883947481165915,1.0502918246463486
78373558x,3.0,19.76915705345363,1.0505838462052839
783735635,3.0,19.52670547513018,1.0512119159718791
783736531,3.0,19.763707206088682,1.0505977947139353
783737462,3.0,18.70753434750199,1.053454398715752
783738297,3.0,19.970986013549304,1.0500726403454266
783738422,3.0,19.12427917682595,1.0522895524978406
783738975,3.0,7.325679470781063,1.1365061089539288
783740717,3.0,19.86798176757764,1.0503322386590817
783741525,3.0,10.743312909387082,1.0930811574078085
78374155x,3.0,11.130208110447699,1.0898455797121458
78374163x,3.0,18.560758623928265,1.0538771081646854
783743221,3.0,18.481067047293,1.0541094297986693
783743352,3.0,15.425728454727835,1.0648267602359816
783744056,3.0,19.91233833375145,1.0502201189653853
783744216,3.0,19.94111684113682,1.0501476425802332
783744267,3.0,18.107342692164746,1.055226214967076
783744961,3.0,19.041195982854404,1.052517709544109
783745323,3.0,16.936843182771593,1.0590428800224834
783745753,3.0,19.69102656184062,1.0507845539113694
78374585x,3.0,19.3225935260338,1.0517528870362396
783746326,3.0,19.195194912341815,1.0520963712307518
783746369,3.0,19.945169073116354,1.0501374541541428
783748313,3.0,19.968302374197922,1.0500793698563053
787550486,3.0,19.95636291614675,1.0501093312544891
787550515,3.0,19.858728649663018,1.0503556908219787
787550881,3.0,17.222153657243496,1.058064747295958
787551948,3.0,19.51402420701617,1.051245196244066
787552633,3.0,18.92771587158366,1.0528325766714044
787552828,3.0,19.895570853202415,1.0502624432029826
787553660,3.0,19.71132302442388,1.0507322617949553
787553708,3.0,19.84425056514478,1.0503924296217282
787554129,3.0,15.396493220507683,1.0649498548583796
78755425x,3.0,19.78690157890902,1.0505384835524683
787554671,3.0,19.73644485922871,1.0506676864619011
787554823,3.0,19.80098325092144,1.0505025425923464
787554831,3.0,19.833681983616618,1.0504192817463767
78755484x,3.0,19.968378644097495,1.0500791785764536
787556458,3.0,19.532655034264103,1.0511963170519216
787558015,3.0,15.320063145003253,1.0652738823942876
787558410,3.0,19.725177505430533,1.0506966286982558
787558736,3.0,19.25405807500357,1.0519371031345461
787558912,3.0,16.487896358455508,1.060650551062396
787559210,3.0,19.544406125038567,1.0511655352228324
787559958,3.0,19.948908323003035,1.0501280563231072
787560481,3.0,19.267669856766396,1.051900411800383
787561273,3.0,19.965447994941414,1.0500865295010344
787561388,3.0,19.879899932073894,1.050302064065555
787561580,3.0,19.347265657996513,1.0516868904204395
787561716,3.0,19.166021042409636,1.0521756705675762
787561732,3.0,19.50828523951673,1.051260271608822
787562671,3.0,19.913305522832857,1.0502176797746303
787562778,3.0,17.744475222812326,1.056355569124659
787563455,3.0,15.809050346238458,1.0632549064047947
787563623,3.0,17.864305437595718,1.0559775471536377
787564597,3.0,4.966029475230129,1.2013681161152712
78756460x,3.0,19.747605881491456,1.050639049918312
787564773,3.0,9.84291922128857,1.1015958759305033
78756479x,3.0,19.570515477080264,1.0510972744264777
787565290,3.0,18.98149348627714,1.0526828935100898
787565602,3.0,18.1489999668979,1.0550994546158967
787565610,3.0,19.41194392915496,1.05151467589488
787565725,3.0,17.8410928779906,1.056050378014322
78756639x,3.0,17.493384921121987,1.0571644655685002
787566840,3.0,14.674920540644951,1.0681434694811678
787567595,3.0,19.655097870537876,1.0508773859375666
787567624,3.0,19.9229362123832,1.050193404693955
787567907,3.0,19.056474337051732,1.0524756039502905
787568539,3.0,18.922130407708124,1.052848171873535
787568926,3.0,18.13245364378025,1.0551497342635159
787569013,3.0,19.88800782535352,1.0502815570459092
787569101,3.0,19.86306733638048,1.0503446916362427
787569638,3.0,19.32077576837382,1.051757756106093
787570399,3.0,19.612310071686796,1.050988384149792
787570663,3.0,19.97556293713561,1.0500611673947344
787570989,3.0,19.9871606040671,1.0500321191093303
787571199,3.0,19.760055198262304,1.0506071460816537
787571244,3.0,19.640494135272665,1.0509152159366544
787572159,3.0,19.94947115733827,1.0501266420604918
787572183,3.0,18.042935207182037,1.0554233548210021
787572538,3.0,19.0773847704783,1.0524180862330497
787573581,3.0,18.447631546691547,1.0542075007010503
787574250,3.0,18.242589993903742,1.0548167776798238
787575165,3.0,19.89623797350204,1.0502607579046757
787575173,3.0,19.96619079045149,1.0500846661486494
787575376,3.0,19.59785162126495,1.0510260011824426
787575675,3.0,19.694636412032782,1.050775245558178
787575886,3.0,19.773920859729007,1.050571659869266
787575915,3.0,19.756182944222395,1.0506170651903406
787576803,3.0,19.97196276323076,1.0500701914906954
787577726,3.0,19.728537722685356,1.0506879939130067
787578833,3.0,16.654602686575938,1.060043461787655
787578913,3.0,19.96812983272022,1.050079802584285
787579449,3.0,19.474752740263433,1.0513485338344004
787579553,3.0,18.433061452234032,1.0542503480819678
787580271,3.0,11.457814269835824,1.0872766809139707
787580335,3.0,19.62407710118059,1.0509578103899642
787580343,3.0,18.84765402023687,1.0530570010955365
787580431,3.0,7.8916775819715435,1.1267157698237051
787580503,3.0,5.748440180165599,1.1739602341954252
787580749,3.0,19.7319668967363,1.050679184960796
787581418,3.0,19.925882398400226,1.0501859832355673
787581434,3.0,19.93297800018527,1.050168118381042
787581688,3.0,19.710659713474247,1.0507339690571798
78758204x,3.0,19.63817645237625,1.0509212249123567
787582234,3.0,19.334041286059673,1.051722243953261
787582437,3.0,19.921716443650293,1.0501964779404704
787582453,3.0,18.66673060135224,1.0535712450860333
787583018,3.0,8.88903364936681,1.112498167905038
787583886,3.0,19.655279271400868,1.0508769163842426
787584985,3.0,19.793400771236875,1.0505218891668766
787586075,3.0,19.308764732030436,1.0517899520698568
787586315,3.0,19.383518311935305,1.0515902213368693
787587430,3.0,19.199054595773116,1.0520858980327168
787587502,3.0,19.4938518554881,1.0512982250718435
787592205,3.0,18.73074836392362,1.0533881498256659
787592264,3.0,19.81013001991972,1.0504792244672028
787592774,3.0,17.7133065465294,1.0564547334724432
787593101,3.0,18.487312189679688,1.0540911512576845
787594040,3.0,4.79751553802128,1.2084412217271205
787594403,3.0,19.944634417903142,1.050138798187364
787596206,3.0,19.955076428574166,1.0501125617623832
787596644,3.0,19.896410520504276,1.0502603220299183
787597313,3.0,19.968177000034213,1.0500796842895717
787597479,3.0,19.11929949268887,1.0523031714829507
787597970,3.0,19.878903003908967,1.0503045867170517
78759805x,3.0,10.888514274810744,1.0918398942924086
787598156,3.0,5.679939441912137,1.17605821509663
78759864x,3.0,4.99207844210365,1.20031736512109
787598770,3.0,19.921253305186454,1.0501976449312882
78759952x,3.0,19.928380852151648,1.0501796913366412
787599554,3.0,19.908757670200085,1.0502291512391466
787599650,3.0,10.303630817343665,1.097053166764937
787599685,3.0,19.921477385352894,1.050197080299639
787599749,3.0,18.76367577134812,1.0532944617134659
790800642,3.0,19.903421498427697,1.0502426178372897
790800650,3.0,18.643430798998075,1.0536381962516117
790800757,3.0,15.527852469753755,1.064400405783599
790801514,3.0,19.92811013812557,1.050180373004204
79080183x,3.0,18.143762904227135,1.0551153586650441
790802402,3.0,19.886134093500786,1.050286294726677
790803106,3.0,19.621693303269822,1.0509640011462904
790803501,3.0,19.902814234304994,1.0502441508134248
790804280,3.0,16.541592671026887,1.060453670930462
790804299,3.0,18.04499973728419,1.0554170138298102
790804408,3.0,19.16074914960269,1.052190026193247
790804424,3.0,19.925320532717752,1.0501873984088728
790805099,3.0,19.95195841173647,1.050120393164601
790805128,3.0,15.42082990276022,1.0648473529833182
790805224,3.0,17.043405881586057,1.0586737185599984
790805275,3.0,19.80972179877956,1.0504802646981952
790806235,3.0,10.019324500553644,1.09980712771053
790806737,3.0,16.922758163844072,1.0590920221348152
790806761,3.0,19.9920010500465,1.0500200053759838
790806833,3.0,19.247982865565206,1.0519534959576988
790807094,3.0,17.157959903508157,1.0582819872306344
790807828,3.0,13.650675256218914,1.0732564493133352
79080888x,3.0,10.393363854261155,1.096215240226581
790809356,3.0,19.202794242444725,1.0520757545685544
790809364,3.0,18.531451557152067,1.0539623135789413
790810373,3.0,9.271412761785621,1.1078584273716885
790810744,3.0,19.910476112123106,1.05022481603999
790810998,3.0,4.951098973689126,1.2019753604834298
790811093,3.0,19.970365433545403,1.0500741963549771
790811106,3.0,19.420406068449257,1.0514922291776698
790812408,3.0,11.764619221579041,1.0850006261287035
790812619,3.0,19.329644729160474,1.0517340082557964
790812897,3.0,19.52924367404084,1.0512052600034505
790813400,3.0,18.43188358208244,1.0542538148934544
790813996,3.0,19.904076200639203,1.0502409652133409
790814008,3.0,4.897954345569211,1.2041668683385383
790814649,3.0,19.85035939435309,1.0503769216533416
790814884,3.0,19.87564113388592,1.050312842401602
79081522x,3.0,11.455681221281736,1.0872929318373712
790815326,3.0,19.81745069441632,1.0504605771660507
79081573x,3.0,19.849465228007517,1.050379191001529
790816521,3.0,19.672632599527844,1.050832037600499
790817620,3.0,19.88201621760712,1.050296709803225
790818068,3.0,19.37654491288371,1.0516087880732075
790818658,3.0,19.875472641384512,1.0503132689241217
790818869,3.0,19.452493946407085,1.0514072901271716
790819204,3.0,19.923231390344316,1.0501926610401486
790819685,3.0,16.87433838272725,1.0592615827251401
790820483,3.0,18.757971438646045,1.0533106686547007
790820774,3.0,19.714248852381285,1.0507247325266065
790821582,3.0,19.99418502857165,1.0500145416565367
790822809,3.0,19.84043274324798,1.0504021264526258
790822825,3.0,19.77899819324581,1.0505586779587999
790824943,3.0,17.059113752807896,1.0586196923527402
790825073,3.0,16.451826630255944,1.0607835240714814
790825225,3.0,19.964875219868418,1.0500879664404228
790825305,3.0,19.47986335170793,1.0513350623638908
790825399,3.0,18.394457667595496,1.0543642013301455
790825778,3.0,19.95471732413983,1.0501134635863907
79082592x,3.0,19.04283870665247,1.052513179122326
790826404,3.0,19.967803445791194,1.0500806211717184
79082656x,3.0,19.911972107533355,1.0502210426269967
790826703,3.0,19.96337482317802,1.0500917309251225
79082672x,3.0,19.985845683065925,1.050035410853157
790826834,3.0,7.8749891805851115,1.126984301447091
790827351,3.0,19.521769886249434,1.0512248636177384
790828602,3.0,14.873907758553655,1.0672318274546864
79082883x,3.0,19.75664760540317,1.0506158747158356
790829648,3.0,16.864641800847618,1.0592956560719682
790829664,3.0,12.427673771853634,1.0804655817619557
790830497,3.0,19.031068078484502,1.0525456582823403
790830745,3.0,18.730003493648717,1.053390273009778
79083093x,3.0,19.712689734660348,1.0507287444514344
790831430,3.0,19.93389647102235,1.0501658068433177
79083229x,3.0,16.16059173647892,1.0618789222762632
790833962,3.0,18.808135452462757,1.0531684814014384
790835300,3.0,17.201849723379727,1.0581332831108774
790835351,3.0,18.96085622290989,1.0527402343145098
790835669,3.0,19.155799445094605,1.0522035116762551
790835933,3.0,19.517134623592778,1.0512370293737265
790835941,3.0,12.020470074036018,1.0831914221191716
790836135,3.0,19.936520434633668,1.0501592042241636
79083616x,3.0,19.95271939412958,1.0501184816087885
790836565,3.0,19.949195259497067,1.0501273353131344
790836821,3.0,19.84463831534883,1.050391444989277
790837082,3.0,19.337617194539437,1.0517126794857838
790837402,3.0,19.299905173239743,1.0518137260791596
790838317,3.0,19.627166164780476,1.050949790285794
79083915x,3.0,14.231158597298839,1.07026834766565
790839168,3.0,19.93599229301942,1.0501605330350248
790839715,3.0,18.423322903730316,1.0542790247571203
790840038,3.0,18.399968812537963,1.054347918205089
790840564,3.0,19.732708167485512,1.0506772811675058
790841495,3.0,19.95232226477636,1.0501194791628536
790842084,3.0,19.293922066550103,1.0518297936806587
790842228,3.0,17.48152987625852,1.0572032314722117
790842535,3.0,19.55945949145437,1.0511261571638473
790842877,3.0,19.790382981911574,1.0505295931318763
790843060,3.0,19.294906695930326,1.0518271487786421
790843087,3.0,19.542758303941195,1.0511698494371866
790844514,3.0,18.761247563281717,1.053301359444621
790844960,3.0,16.59226389752937,1.0602690510575175
790845920,3.0,14.172793654673729,1.0705577195551867
79084635x,3.0,19.748107892459256,1.0506377626375967
790846712,3.0,19.95443634747305,1.050114169229673
790846739,3.0,19.92733818267492,1.0501823169172395
790847352,3.0,19.75622866073428,1.0506169480609178
790847678,3.0,17.853392710811978,1.0560117629292052
790848101,3.0,19.512791061908867,1.0512484347742599
790848224,3.0,19.506443260876132,1.0512651120773868
790849032,3.0,19.586061074264286,1.0510567181531962
790849411,3.0,19.58232881707872,1.0510664492125088
790849892,3.0,12.327593794489324,1.081118831190481
794000853,3.0,19.978716767416834,1.0500532647637757
794001653,3.0,19.73495568123393,1.0506715097896524
794002357,3.0,18.99946160268035,1.0526330703949487
79400300x,3.0,18.31430649107577,1.0546021221435429
794003229,3.0,19.41479517552588,1.051507110477302
794003245,3.0,19.171645910712375,1.052160362477863
794003472,3.0,19.66221907369872,1.0508589593194828
794004053,3.0,14.623395379499746,1.0683835712601932
794006868,3.0,19.92469641293646,1.050188970475391
794008783,3.0,19.80767549053628,1.05048547975646
794008847,3.0,17.00350812032575,1.0588113930915595
794009751,3.0,19.891723273962356,1.050272165273331
794010242,3.0,18.887515578688507,1.0529450258205657
794010779,3.0,19.913947786311805,1.0502160601569603
794010795,3.0,18.0521070901579,1.0553951954198857
794011210,3.0,19.814940068302544,1.0504669707076064
794011237,3.0,7.66504321047472,1.1304624086963324
794011579,3.0,19.43455305357113,1.0514547464633486
794014307,3.0,17.42997822360598,1.0573724182079394
794014462,3.0,19.934668365263175,1.050163864363178
794014518,3.0,19.988976069188595,1.0500275750262875
794014542,3.0,19.91165226792251,1.0502218493244275
794015131,3.0,19.892318754277582,1.0502706603665781
794015203,3.0,19.85290467636124,1.0503704629776767
794015705,3.0,18.6927145381856,1.0534967780071318
794016003,3.0,4.761314605157915,1.210026029138403
794016118,3.0,17.97281941127325,1.0556395731307888
794016169,3.0,19.88600858383084,1.050286612106418
794016185,3.0,19.52543431991391,1.051215249997287
794016230,3.0,19.68601593063703,1.0507974799737776
794016871,3.0,18.92329584684915,1.052844917084912
794017014,3.0,19.253364674293973,1.0519389736244462
794017022,3.0,17.227660099853498,1.0580461881766814
794017030,3.0,19.315215450282192,1.0517726557373395
794017161,3.0,19.883472551669666,1.05029302589884
794017807,3.0,19.492626653839032,1.0513014494023079
794018383,3.0,19.967751959734017,1.0500807503026155
794018666,3.0,19.97659284225215,1.0500585864614969
794018965,3.0,19.394195229636367,1.0515618198208037
794019415,3.0,19.71046998059438,1.0507344574220976
794019888,3.0,7.259850686324102,1.137743879758267
794021347,3.0,19.09476911009938,1.0523703635395671
794022577,3.0,19.639895859483687,1.0509167669296535
79402365x,3.0,18.78717146443336,1.0532278103648085
794023940,3.0,7.336789862472839,1.136299392342546
794023983,3.0,18.58536904090333,1.0538057650509476
794024097,3.0,19.227248094682942,1.0520095228956108
794024126,3.0,14.00347195233743,1.0714108617779665
794024353,3.0,19.777182062507855,1.0505633207420246
794025014,3.0,17.059031241941536,1.0586199758835888
794025786,3.0,19.208875082998834,1.0520592692533604
794025938,3.0,19.64373437295111,1.0509068174622118
79402664x,3.0,19.99068368808472,1.0500233016340528
794026746,3.0,19.10820926229802,1.0523335277666797
794027378,3.0,19.312996519660906,1.0517786040598094
794028709,3.0,19.787219888731276,1.050537670558232
794028960,3.0,19.646785382667577,1.0508989119859884
794029074,3.0,18.521201683015597,1.053992177025804
79402955x,3.0,17.041622128680956,1.0586798599598688
794029592,3.0,18.928339026911743,1.052830837326943
794029605,3.0,11.996155814307178,1.0833600376219983
794029808,3.0,19.137368050699315,1.0522537894108934
794029816,3.0,19.886331444726185,1.0502857956873286
794030243,3.0,7.533030971852516,1.132748690897003
794030403,3.0,19.500519503046,1.0512806851039942
794030606,3.0,19.379145143684347,1.0516018633735194
794031246,3.0,19.789170037304007,1.0505326902601235
794031844,3.0,19.63025313446989,1.050941778139582
794032097,3.0,17.86785177862658,1.0559664369499748
794034586,3.0,17.541046796287777,1.057009140424369
794034850,3.0,18.69293694783939,1.0534961414993476
794037445,3.0,16.524938572108738,1.0605145971125016
794038026,3.0,16.89389700634243,1.0591929736297416
79403907x,3.0,19.43658587070702,1.0514493649580252
794039475,3.0,19.44054735951041,1.0514388808867974
794039504,3.0,19.285713750905217,1.0518518532897474
794040150,3.0,19.16533300880262,1.0521775436691188
794040177,3.0,4.984431292561798,1.2006246934313825
794040580,3.0,17.58064424025691,1.0568807369248823
794041460,3.0,19.861645866116092,1.0503482947355334
794042156,3.0,19.592801958216608,1.0510391521402906
794042869,3.0,19.75885728608038,1.0506102142204587
794043220,3.0,15.610597605271675,1.064059046635236
794043247,3.0,4.98243885986492,1.2007049214502776
794043482,3.0,16.338181689287552,1.0612063214265557
794043538,3.0,19.827572537801913,1.0504348173783487
794043597,3.0,19.71217549122966,1.0507300678428375
794043642,3.0,19.148646920850684,1.052223011063571
794044258,3.0,10.456945569196044,1.0956302194921803
79404475x,3.0,19.534388292980378,1.0511917744749317
794044856,3.0,16.45769430781322,1.0607618528632685
794045007,3.0,19.215820289459916,1.0520404533835337
794045568,3.0,19.429859812080824,1.0514671752483893
794045576,3.0,19.553058196065237,1.0511428948849155
79404627x,3.0,16.512345172288796,1.0605607495220128
79404651x,3.0,19.29431396481487,1.0518287409349512
794047141,3.0,19.994602368644287,1.0500134977211755
794047897,3.0,19.805786183750154,1.0504902956500894
794048742,3.0,19.637183234223713,1.0509238004286277
794048750,3.0,18.51769313277367,1.054002406932111
794049577,3.0,19.30353914670959,1.0518039719245191
79750052x,3.0,19.73898222165769,1.050661173345746
79750079x,3.0,19.645915495449874,1.0509011657019296
797501207,3.0,19.988521876332065,1.050028711787042
797502197,3.0,18.89094967239305,1.0529354012022691
797502277,3.0,16.52062802277922,1.0605303865338027
797502699,3.0,19.814502417907622,1.0504680853906398
797503851,3.0,19.542311144455816,1.0511710202855766
797504168,3.0,19.485106525854768,1.0513212488047268
797504854,3.0,19.534710221805554,1.0511909308428724
797505603,3.0,19.63792976603403,1.0509218645709595
797505654,3.0,19.201016384852405,1.0520805763589107
797505689,3.0,8.679825250703967,1.115209692720357
797505697,3.0,19.131533610643146,1.052269724965681
797506534,3.0,17.841382959561592,1.0560494666958582
797506817,3.0,13.205816742746673,1.0757242069521564
79750730x,3.0,19.229363220531894,1.0520038021296652
797507393,3.0,19.47179604989529,1.0513563308406457
797507940,3.0,19.880347539125932,1.0503009315119833
797507991,3.0,19.986592894583207,1.0500335402474237
797509022,3.0,19.335707126635043,1.0517177878962851
797509065,3.0,19.935481369063883,1.0501618185930444
797509380,3.0,12.318255401935982,1.0811803268702187
797509436,3.0,19.980376965703755,1.0500491057659471
797509890,3.0,19.999233516606495,1.0500019162819236
797510269,3.0,18.99892506031856,1.05263455678809
797511114,3.0,18.847295396482796,1.0530580106568828
797513523,3.0,19.9313130550345,1.0501723091318065
797515086,3.0,19.919528659935196,1.0502019910747855
797515262,3.0,19.918718850118953,1.050204032072777
797515385,3.0,19.88368554421579,1.0502924871637243
797515537,3.0,18.824013530111994,1.053123633724569
797515991,3.0,19.59580168577616,1.051031339061053
797516951,3.0,19.99460842789198,1.050013482564881
797517196,3.0,19.897123668834,1.050258520610512
797517225,3.0,19.702422067686424,1.0507551810921807
797518068,3.0,19.322939677211938,1.0517519599349228
79751813x,3.0,18.35850885217969,1.0544706548909755
797518340,3.0,19.75712466211296,1.0506146525419076
797518447,3.0,19.70080682793245,1.0507593424337407
797518527,3.0,19.364551957031285,1.051640750698438
797518586,3.0,19.605714039122777,1.0510055383856218
797519220,3.0,19.862554543795536,1.0503459913877176
797519298,3.0,19.924152081684255,1.050190341646673
797519781,3.0,18.124826948414103,1.0551729405663373
797519845,3.0,19.7573418360545,1.05061409618247
797520117,3.0,19.69332211855766,1.0507786341979177
797520643,3.0,19.82823300545047,1.0504331374220344
797521654,3.0,19.940377483846806,1.0501495019745777
797521670,3.0,19.66978435036213,1.0508393982459492
797522139,3.0,19.779354821506622,1.0505577663692383
797522614,3.0,19.869926451081813,1.0503273126079213
797522905,3.0,19.442012682581602,1.0514350039950295
797523289,3.0,14.798948199667539,1.06757236977304
797523772,3.0,18.350514205185497,1.0544943857604503
797524169,3.0,19.60821541714222,1.0509990317183973
797524476,3.0,19.755718109343,1.0506182561658983
797524783,3.0,19.48734802411706,1.0513153456674773
797524871,3.0,16.35848205287257,1.0611303662997509
797524900,3.0,18.349072832254745,1.0544986664526264
797525604,3.0,19.68310516231704,1.0508049919844193
797525620,3.0,17.248862174594624,1.0579748385648806
797525962,3.0,17.68845029395536,1.056534065075318
797526279,3.0,12.374032989743068,1.0808143958262362
797527394,3.0,19.298357818223767,1.0518178805377774
797527941,3.0,19.614428733162246,1.050982876616197
79752808x,3.0,19.028815570180637,1.052551878298041
797528127,3.0,16.049901726941858,1.0623056774435802
79752859x,3.0,19.792348481084453,1.050524575239553
797528610,3.0,19.6432703457278,1.050908020019054
797528856,3.0,19.440408437137652,1.0514392484722526
797529058,3.0,19.81030025609624,1.0504787906832593
797529146,3.0,19.62407571275332,1.0509578139952915
797529381,3.0,17.10718489825991,1.0584549711683842
797529488,3.0,19.785796581987096,1.0505413060250703
797529998,3.0,17.99268770301131,1.0555781335454757
797530331,3.0,9.807700067261617,1.1019607036452947
797530411,3.0,19.496306101905233,1.0512917675160156
797530956,3.0,18.449782706763216,1.054201180355009
797531174,3.0,19.56154457259067,1.0511207075846754
797531211,3.0,17.347273038564833,1.0576459480275022
797531385,3.0,19.903465528921508,1.050242506690451
797531844,3.0,19.628107075536434,1.0509473479104032
797531959,3.0,16.730322258760616,1.059771711777779
797532329,3.0,19.119646610551204,1.0523022219170175
797532409,3.0,19.677648657286984,1.0508190799325854
797532417,3.0,18.701120616522342,1.0534727314210521
797532628,3.0,15.708329175942268,1.0636604943020629
797532951,3.0,19.980723947553745,1.050048236621698
797534770,3.0,19.51511862685814,1.0512423223819776
797534826,3.0,18.445017913273215,1.0542151818286059
797535212,3.0,15.200029454191654,1.0657893461992098
797535490,3.0,19.970675580529537,1.0500734186967091
797535706,3.0,19.642194705440932,1.0509108078295852
797536354,3.0,18.898080514559982,1.0529154270048513
797536645,3.0,19.612416129143888,1.0509881084214814
797536813,3.0,16.929016284823128,1.0590701776863727
797537509,3.0,19.980991242858707,1.050047567102428
797537592,3.0,18.869751674825967,1.0529948680423864
797537939,3.0,19.93963748516811,1.0501513631200086
797538165,3.0,19.349308520013278,1.0516814334199946
797539192,3.0,17.5223447989739,1.0570699875771512
797540054,3.0,19.80378075235044,1.0504954085538092
797540329,3.0,19.84627694498294,1.050387284364325
797540951,3.0,19.932502334516478,1.0501693155840415
797541700,3.0,19.72899522527869,1.0506868184913292
797541727,3.0,19.823966241220763,1.05044399227843
797541874,3.0,19.907152602689834,1.05023320109903
797542324,3.0,17.444507180826236,1.057324634604704
797542367,3.0,19.907260585047013,1.0502329286205825
797542658,3.0,19.928697331061485,1.050178894454951
79754344x,3.0,13.734261789770104,1.0728106115426492
797543976,3.0,19.975832833866388,1.0500604910101485
797544864,3.0,19.78964713820335,1.0505314719871648
79754512x,3.0,16.21538511206234,1.0616698273330627
797545269,3.0,19.701416910401992,1.0507577705983175
797545744,3.0,19.78794643432928,1.0505358149881152
797546421,3.0,19.609202644459884,1.0509964641669163
797546624,3.0,19.40732209492279,1.0515269440631179
797547109,3.0,5.513917536699983,1.181359259246102
797547619,3.0,19.697039831537,1.0507690499969897
797547686,3.0,19.826940311951056,1.0504364256040672
797547803,3.0,19.577010893212535,1.0510803209670128
797548806,3.0,19.352418540440627,1.0516731279819267
798884908,3.0,19.93194781428022,1.0501707113282501
863576806,3.0,13.197477317015226,1.0757720567332
863577083,3.0,11.39258243559305,1.0877764111564179
86359318x,3.0,14.10107698429969,1.0709165690757814
86383588x,3.0,19.88241142290082,1.0502957100489425
863862845,3.0,19.760585454927085,1.050605788086641
863948737,3.0,6.885678632295143,1.1452289677461578
86394981x,3.0,18.922509107460293,1.05284711421308
863980227,3.0,17.174997311179105,1.0582241721429038
964950828,3.0,19.125809153614888,1.052285369574076
965401564,3.0,12.362295161514659,1.080891127977038
965450542,3.0,19.373616547387712,1.0516165888570164
f6792352x,3.0,19.647267631273216,1.0508976626555575
f67923992,3.0,19.958350048620137,1.0501043421707665
l01609355,3.0,19.987250516089787,1.050031894041404
l10139199,3.0,18.863060430950924,1.0530136667727141
l20234480,3.0,19.994982174266916,1.0500125477124445
x14212127,3.0,15.982763009404964,1.0625674046103015
x14214202,3.0,19.91520247658656,1.0502128964631747
x14217286,3.0,18.91630139061062,1.0528644569226606
x14222691,3.0,19.61477208902594,1.0509819841628176
x14256154,3.0,19.92469641293478,1.0501889704753955
x1426543x,3.0,19.643858866340263,1.0509064948391327
x14279313,3.0,19.55171714661663,1.0511464027686717
x14291670,3.0,19.833097320367315,1.050420768064959
x14297642,3.0,16.492103509144993,1.0606350790513468
x14301592,3.0,10.455577511129672,1.0956427322102034
x14303168,3.0,19.846341601102026,1.050387120210834
x18918303,3.0,19.781951331217172,1.050551130333737
