id,z_j,a_j,epsilon_j,l_j_target,l_j_model
163560221,0.7457404477291806,-0.29475519835092473,4.998025789325142,4.555821468043162e-5,4.555821327062131e-5
163560395,0.6522282158085058,0.4214576862313898,4.9363932948368605,0.00010574005382618697,0.00010574005079781192
163560635,0.22784979510691397,-0.668931912906259,4.9997110539006755,4.499576758561148e-6,4.499576620018749e-6
163560758,0.5779392395423703,0.7337447898661077,4.9764365192926965,0.00023735267401410055,0.00023735266660806736
163560993,0.3287159521953996,1.2351277735613844,4.988165051794832,0.0001799830703424459,0.0001799830648258184
163561136,0.24677883125263342,1.2335542627850429,4.991181307604987,0.00012711304342935241,0.00012711303950294019
163561937,0.37922148362408775,1.0411174190514496,4.986197777116625,0.00023510288563481998,0.00023510287836404456
163562163,0.8223912190447535,-0.010895973942807944,4.993291274318644,0.00013498730275683443,0.00013498729855726115
163562198,0.3143287344747563,-0.7777592096794288,4.999538383704647,6.749365137841721e-6,6.749364931024467e-6
163562358,1.7063615296574868,-0.6993760031788554,4.654872860348098,0.00035659145811597095,0.00035659144684895504
163562569,1.6783554280749426,0.9090723559283853,4.975613469248209,0.0008492951131784166,0.0008492950908344985
16356285x,3.5489084543877825,-0.5836604039726225,4.990624589927098,0.0003768395535294961,0.00037683954188927663
163563019,0.7562469175013808,-1.1017868066858743,4.999196861477611,1.5186071560143873e-5,1.5186071089408589e-5
163563166,0.19732885769917266,1.517967544284128,4.998947212126395,7.030588685251794e-5,7.03058848345892e-5
16356365x,0.6816401858715245,-0.3518171642209943,4.996591159277705,5.680715657683449e-5,5.6807154813851897e-5
16356445x,1.5594192267707923,0.8610964987260473,4.940162488027811,0.0004409585223389925,0.0004409585117726265
163565030,1.2890471357253641,0.07708059816017249,4.997768306923751,0.00012598814923971214,0.00012598814604260474
163565778,7.829955339620385,0.3724526467621311,4.546293418179402,0.005443362983669348,0.005443362819529712
163566711,0.9123103192857079,1.0117794110158678,4.994647895809655,0.00027841131193597103,0.0002784113062582147
163566834,0.06626057790011139,-0.31619432287755544,4.9998717547037295,1.124894189640287e-6,1.1248941549428116e-6
163567247,0.8045034773715762,-0.3298383165960113,4.997393911185592,6.636875718877693e-5,6.636875513707205e-5
163567343,8.48794366072678,0.2208703565596759,4.942675712267347,0.003144641707139422,0.0031446416406236883
163567490,0.5209385302976658,2.0779965497014414,4.969185885695555,0.0009359119657807187,0.0009359119383627133
163567685,0.28107406205574453,0.08293455510186346,4.996429730999341,2.4747672172086314e-5,2.4747671420175858e-5
16356787x,1.0469718732956634,0.2925123966643465,4.86488596856221,0.00042858468625294935,0.00042858467243664594
163567984,3.656058540046415,-0.9385224564939293,4.940763585320475,0.00042914713334776946,0.0004291471189931967
16356867x,0.5652344705696868,-0.09266082633991515,4.966264590990177,6.636875718877693e-5,6.636875516922884e-5
163568709,2.6123296676522396,0.20921838238335036,4.997120053948632,0.0004060868024601436,0.00040608679343398046
163568848,0.8310138734371907,0.09044127981996641,4.9981977813420695,5.7369603671654635e-5,5.736960218559755e-5
163569146,0.9079945451926493,1.236962323857762,4.956916675986551,0.0009966562520212943,0.0009966562212255423
163569381,0.7122996446786946,-0.13024357477457513,4.998269111644904,5.624470948201435e-5,5.624470776414256e-5
163569824,3.4029579593948633,0.6952901095226822,4.7857998811143005,0.0014449265865929485,0.0014449265433763763
163569832,3.4759616142496097,0.5973029440845968,4.6432980355576134,0.0013684337816974091,0.001368433782055024
163570278,0.5039232194884087,0.91821431278391,4.9927359364059205,0.00012261346667079127,0.0001226134635565633
163570649,0.6127503886817514,-0.7696768299886203,4.994125985252163,2.1372989603165453e-5,2.1372988926906586e-5
163570868,1.0037429684442638,1.73647629093837,2.210751134640271,0.0025383237389233074,0.0025383236427306754
163571449,1.1373867627076004,0.37114812629033445,4.992132131784086,0.00027222439389294945,0.0002722243856467025
16357173x,1.5222211849513854,0.9250438017244604,4.8425426636378335,0.0006040681798368341,0.0006040681799945889
163571887,0.6239600418983725,-0.6829242096868878,4.998686688494151,1.7998307034244593e-5,1.7998306477011388e-5
163571908,2.3022794306693433,-0.2399870502802585,4.979026417172774,0.0004966407847261867,0.0004966407693183756
163572492,1.5933295700072794,0.3221519134711824,4.422065458451971,0.0011811388991223013,0.001181138861375531
163572572,1.875230744561196,-0.9329038418112363,4.966129766319213,0.00012092612538633085,0.00012092612170166544
163572652,0.155620825316178,0.3582724526454517,4.9989800601862004,1.2373836086043157e-5,1.2373835709746675e-5
163572767,3.1042058816164007,-1.8387533879788187,4.283181976250216,0.0011597659095191359,0.001159765859032452
163573196,0.424862743295023,-0.37097043565463333,4.9982456878062,1.631096574978416e-5,1.6310965254579135e-5
163573292,2.3352928199337346,-0.49988018251107025,4.972939625847812,0.00032903155046978393,0.00032903154037259755
163573794,1.29426176313945,-0.3896730304070669,4.993592751686311,9.786579449870497e-5,9.786579146605524e-5
163573903,0.49164297714061556,-0.06280168351762076,4.997339047684853,4.049619082705033e-5,4.0496189586052735e-5
163574148,1.9048444317133328,-0.3002053901945675,4.989426522258836,0.00026210034618618684,0.00026210033816679104
163574965,4.281022510688876,0.3903579968235086,4.991115844722055,0.0012373836086043157,0.001237383580717038
163575108,1.2631908929401043,-0.7588153509485489,4.999691327650424,2.6997460551366886e-5,2.699745985056547e-5
163575984,1.4388079999200785,0.7809391822017842,4.994666117615253,0.0005028277027692082,0.0005028276890348522
163576098,0.7591484574754924,0.7053148466103047,4.991944464008302,0.000145111350463597,0.00014511134575404222
16357624x,4.140466290295813,1.019311982695878,4.963632412532028,0.00340955428879971,0.0034095542134031684
16357640x,1.7201453928759478,0.21031625017222594,4.978459895637803,0.00033971804527136665,0.0003397180351510348
163576776,2.013103843099637,-1.5948788262552462,4.856736951647064,8.774174679194238e-5,8.774174411195254e-5
163576880,1.419739174214627,0.6618036564854879,4.9888536384693705,0.00033409357432316524,0.00033409356556312724
163576944,6.3274202870333225,-0.09015665632255937,4.979822644140559,0.0015135451321610061,0.0015135450891997815
16357720x,1.0646501309734506,-0.5346150068877575,4.938051463036095,0.0001074273951106474,0.00010742739184014634
163577402,4.546458459188955,0.5112396199853613,4.963397420968952,0.0023420297028310774,0.0023420296361039727
163577867,2.285320977311636,-0.42834280697136046,4.986549606569086,0.0002564758752379854,0.0002564758673644497
163578050,0.7208616453589529,0.464066095213056,4.9988210825015145,9.674090030906468e-5,9.674089760473003e-5
163579002,0.6061851858485549,-0.020051626409530256,4.996407516667214,3.374682568920861e-5,3.3746824546583875e-5
163580118,0.5434575906105001,-0.53941859427809,4.997609956396648,2.4747672172086314e-5,2.474767141686194e-5
163580986,1.5352575115974234,0.07051562018827504,4.99788583344629,0.0001631096574978416,0.00016310965338075744
163581057,0.3588834408440032,-0.19506225281290548,4.998473539836793,1.6873412844604303e-5,1.6873412320821833e-5
163582121,0.29686891327563447,-0.6744510057745693,4.999468314306198,7.874259327482009e-6,7.874259081581871e-6
163582594,1.1100157041740086,-0.8926156373316341,4.996341450340197,4.499576758561148e-5,4.4995766207971214e-5
163584856,1.2653097474114403,-0.5466929610460487,4.997735569149106,7.311812232661866e-5,7.311812009332313e-5
163585330,1.5590686224149557,-0.6250301140323357,4.989306780806307,0.00010461515963654668,0.00010461515647415671
163587264,0.2018962751062302,-0.5196120919664523,4.999109138777251,4.499576758561148e-6,4.49957661690116e-6
163587483,1.8117476067748495,-0.1969360561116679,4.970940709075502,0.00039540030765856086,0.0003954002953370993
16358790x,2.2058784283459905,0.37519519736615503,4.99258095974465,0.0003700901883916544,0.0003700901785380354
163588160,0.05827083094342779,0.34266713578902425,4.998502036094771,3.3746825689208607e-6,3.3746824819342417e-6
163588187,3.9687438904089047,-0.0345990098493086,4.945120200597122,0.00047020577126963997,0.000470205757853678
163589614,0.7203984201220955,-0.31010550635695766,4.993728873770472,6.749365137841721e-5,6.749364927052424e-5
163591415,1.6668652136329625,-0.9745289713618599,4.998344814020522,5.399492110273377e-5,5.3994919465713404e-5
163592047,0.46751512693235536,-2.0405857942429844,4.999747906365614,2.249788379280574e-6,2.2497883093282866e-6
163592661,1.1551874984955628,0.5147803745567304,4.998759469121243,0.00016873412844604306,0.0001687341249030236
163593461,0.3653484596688371,-0.5638818374614262,4.999538509053898,8.999153517122296e-6,8.999153244777566e-6
163594309,0.6445075633701933,-0.25844814587673487,4.997236349248352,4.837045015453234e-5,4.837044865906096e-5
163595344,1.047122541756299,-0.20486275981017213,4.994709585577,0.00011586410153294956,0.00011586409785325703
163598908,0.0662604124329196,-0.2683972084365422,4.999946665316697,1.124894189640287e-6,1.1248941546086455e-6
163604239,2.217667024369249,-0.4352282377066888,4.9982123816246276,0.00011023963058474813,0.00011023962840883147
163604423,0.8940459529352537,-0.30369929002697005,4.994920174225735,8.774174679194238e-5,8.774174407189604e-5
163607085,1.265760416753826,-0.34432290914253294,4.997793569621583,8.324217003338124e-5,8.324216752109311e-5
163608096,0.6885875071230475,0.5337946743621321,4.986066017533063,0.0002210417082643164,0.00022104170139283026
163608723,0.8508609474920816,-1.1997358303209644,4.999144753725893,1.6873412844604303e-5,1.6873412325151564e-5
163611420,0.36345749610168043,-0.8301405133054542,4.998557166163018,8.999153517122296e-6,8.999153233750072e-6
163615667,10.113428321142806,-0.41728355348658874,4.000534411024995,0.004421959059475968,0.004421958917874307
163617398,0.06626038695646592,-0.03283591675739529,4.999958205473067,1.124894189640287e-6,1.124894155139313e-6
163618710,0.1656094535421945,0.28245625158492604,4.9987893210692125,1.3498730275683443e-5,1.349872985816671e-5
163619107,0.8621978774650717,-0.21267688700578535,4.991009091012952,7.705525199035966e-5,7.705524962370136e-5
163621493,5.446150846969405,0.5261950483801281,4.975914888693172,0.0018341399762084878,0.0018341399314783244
163621733,2.6134108854068128,0.2035973296062484,4.994365127365295,0.00036277837615899253,0.0003627783672942979
163631368,0.5276494018141947,0.03582227161784323,4.99933832602097,3.1497037309928035e-5,3.149703638317459e-5
163633865,1.004215027157173,-0.18304230357766954,4.998777386143991,6.693120428359708e-5,6.693120228105811e-5
163637831,0.40752285773426467,-1.9604662093836385,4.886408649068941,0.0001124894189640287,0.00011248941567577982
16363880x,0.4770004236214418,-0.12447142208834927,4.997655611938289,3.487171987884889e-5,3.48717187637317e-5
163639909,0.3815388241273875,0.486560894820158,4.986820532386156,3.1497037309928035e-5,3.1497036461611264e-5
163642438,3.479177860723318,-0.530896640155283,4.9935258579472945,0.00033971804527136665,0.00033971803492802947
16364250x,1.5128556426872586,-0.02590239017054771,4.994850361918142,0.0002317282030658991,0.00023172819587172013
163643617,0.8526369685789588,0.4101676722258212,4.997367486912312,0.00013498730275683443,0.00013498729877798346
163644265,0.5262679384158988,-0.7368523052797238,4.991566178834719,5.2870026913093485e-5,5.287002513043275e-5
163644898,0.627182052175953,-0.7126713909246896,4.999795123933433,1.2373836086043157e-5,1.2373835718136306e-5
163657189,1.3890580042440344,0.5956464124796041,4.985913150449806,0.00029697206606503577,0.00029697205768238963
163660476,0.5197156805043597,-0.025559936921193776,4.988472618202913,5.399492110273377e-5,5.399491948773853e-5
163660628,0.6472212878001435,0.1666473849620968,4.9822385289109095,6.074428624057549e-5,6.0744284547837915e-5
163661487,0.5990006572165554,-0.7859860668367554,4.998894941098491,1.6873412844604303e-5,1.687341232743283e-5
163662076,0.3915554324220988,-1.2642006498411158,4.98785917840235,1.2373836086043157e-5,1.2373835695036547e-5
163665605,0.44745385804684,-0.16913008842666466,4.997513023542246,3.487171987884889e-5,3.4871718805042735e-5
163666456,0.4176820846329289,-0.3950789017773402,4.99704804308965,1.912320122388488e-5,1.912320064355698e-5
163668099,0.7197014332239492,-0.3922369015408923,4.9952254369428,5.455736819755392e-5,5.455736652840535e-5
16367419x,0.22208031577556236,-0.22187148189164585,4.999863722082851,4.499576758561148e-6,4.4995766279264526e-6
163700175,0.17939777545557972,-0.6455601346834758,4.992876884949208,7.874259327482009e-6,7.874259089413223e-6
163700239,0.5686900063919021,-0.7507720519663221,4.99895365779046,1.631096574978416e-5,1.6310965253269727e-5
16371813x,0.33384347750968363,-0.04962343077968714,4.994704008717342,2.3622777982446025e-5,2.3622779936886646e-5
163719212,0.4053486793034547,-0.08561200466641214,4.998137238540546,2.8122354741007175e-5,2.812235387404533e-5
163741137,0.4160466378102001,-0.11565406781774965,4.996635542014384,3.430927278402875e-5,3.430927172536068e-5
163742818,0.3795765284246074,-0.5876336746053425,4.955559479268011,2.924724893064746e-5,2.924724787748244e-5
163743423,0.545038222897184,-0.45684244577334165,4.997397666252685,3.5996614068489185e-5,3.599661294480013e-5
163744872,0.19133881701059557,0.6658269825492634,4.998602212466974,3.3184378594388464e-5,3.318437756478361e-5
163747299,0.3707608443694339,0.06814308742919914,4.998811285019203,2.8122354741007175e-5,2.812235387147233e-5
163747424,0.4466960555560001,-0.53118175300342,4.959885079365839,2.8684801835827318e-5,2.8684800927439624e-5
163749569,0.10968208127700299,-0.19005480035556738,4.999648989751917,3.3746825689208607e-6,3.3746824638234783e-6
163751714,0.466149217044353,-0.7368462651637679,4.963143145756064,2.6997460551366886e-5,2.6997459585850353e-5
163751757,0.6501178507543283,-1.0191761298037654,4.994889943543254,1.7435859939424446e-5,1.7435859361059816e-5
163781083,0.4036306407311976,-0.07867147214304887,4.986973384641082,2.9809696025467603e-5,2.9809695110502417e-5
163784946,0.33583184205467076,1.6346953582188164,4.98515994383968,0.0003127205847199998,0.00031272057512939257
163788170,0.25593672662649936,0.20705979687513615,4.9902540956884085,2.249788379280574e-5,2.2497883102078394e-5
163789202,0.16936890381809164,0.14771630263646812,4.996941615664371,8.999153517122296e-6,8.999153241922733e-6
163789376,0.662434712656211,0.05232702150846082,4.984362435281759,0.00011586410153294956,0.00011586409794289769
163791468,0.22894306110489807,0.20502736594644752,4.999014208790743,1.462362446532373e-5,1.4623624012825877e-5
163792030,0.1171559140591576,0.9896656388103946,4.995604457604556,2.249788379280574e-5,2.249788308724747e-5
163793201,2.862951028222986,0.19893119226450356,4.99291219956704,0.00043533405139079104,0.00043533404292954577
163793981,0.2962689220674028,-0.35840462879416474,4.999119334243248,1.124894189640287e-5,1.1248941545704323e-5
163794933,0.44065892199579804,-0.4919539268218128,4.999027690539687,1.7998307034244593e-5,1.7998306473562392e-5
163795039,0.6754258599861518,-0.17016373810603241,4.996189411930402,6.524386299913664e-5,6.524386096502326e-5
163820679,0.4911971255773507,0.35571701712032266,4.999396680124082,4.499576758561148e-5,4.499576631107402e-5
163820812,0.5276861958010628,0.0038479709216273994,4.927776758326281,5.118268562863306e-5,5.118268403194133e-5
163820927,0.433402691091607,-0.28383490171544673,4.9983022156479615,1.912320122388488e-5,1.9123200632216017e-5
163822340,0.35993258167065684,1.3114301340000871,4.98585426231815,0.00013498730275683443,0.00013498729884959735
163822404,0.3512744962455457,0.5303562806664399,4.999597033318406,3.374682568920861e-5,3.374682474495259e-5
16382328x,0.6992119058141086,-0.5460225869135996,4.99221797556861,3.1497037309928035e-5,3.149703633507677e-5
163825592,0.5348856309124971,0.03290078028844622,4.996126772406166,3.1497037309928035e-5,3.149703639781042e-5
163826034,0.33853799927694117,0.41995983989567415,4.998156115285876,3.487171987884889e-5,3.4871718829923244e-5
163827272,0.31342326508398605,1.0019597547378676,4.99750881976984,7.76176990851798e-5,7.76176967632425e-5
163829075,0.44075836541041546,0.0971492377868112,4.999179811607874,2.4747672172086314e-5,2.4747671460228905e-5
163837251,0.6556704585953256,-0.06621245206222634,4.998641614631905,4.499576758561148e-5,4.4995766242595936e-5
163837809,0.4633770830501932,0.4882701423563489,4.999311105063287,5.118268562863306e-5,5.118268417127345e-5
163858001,3.0534747232196717,-0.04979706057625684,4.988924853750318,0.00044602054619237376,0.000446020534983832
163858538,1.3037818130430845,0.4424533153078773,4.992080255846154,0.0002829108886945322,0.0002829108805225194
163859629,0.26342707551959715,0.7523555068531798,4.998140895404463,2.4747672172086314e-5,2.4747671532480765e-5
163860478,1.096011658746922,0.7037787984474232,4.878855298257975,0.00032903155046978393,0.0003290315404742709
163861606,1.1066122583562472,2.0065789868076043,4.972879106647978,0.0017492104648906461,0.0017492104220940335
16386230x,1.4676053920791583,-0.42601150830625506,4.9347865639899275,0.00012992527890345315,0.00012992527483268837
163863767,1.958463410062065,0.10571040028091397,4.874763319683409,0.00030990834924589903,0.0003099083398275452
163871812,3.1201265399853075,0.7652596481208593,4.965229719212305,0.0014061177370503586,0.0014061176997082177
163899452,1.3844963135855108,0.6652109582670416,4.968519838363155,0.0003661530587279134,0.0003661530479247025
163901671,1.6126578457024534,1.0457250345131524,4.891043419342798,0.0012373836086043157,0.0012373835742082212
163904143,0.7061996548992503,0.16558745311858386,4.970965158707883,8.436706422302153e-5,8.436706188833253e-5
163906077,1.1214311045920424,0.46059498223154555,4.998556491046488,0.00016873412844604306,0.0001687341244124925
163906085,1.7342007567641737,-0.5849445048810921,4.999378192522338,5.961939205093521e-5,5.961939065527242e-5
163907133,1.4144970728207682,-2.959623632700511,4.829612973614414,0.00016873412844604306,0.00016873412351366937
163912215,2.186366152815968,-2.4862441503609327,4.507919494659066,0.0007750520966621577,0.0007750520697193416
16391224x,1.742424247860643,0.14988953901041785,4.979303030551475,0.00025310119266906456,0.0002531011853218923
163912266,1.9701213920577325,0.6058720634652512,4.984576344236513,0.0006794360905427333,0.0006794360723384416
163916726,1.2515946036213998,0.09908240223103465,4.99279901715661,0.00010180292416244596,0.00010180292125462738
163918035,2.0106099079897275,-0.14446666607492328,4.992227975951393,0.00025422608685870483,0.00025422607926017706
163918190,2.0737947410897863,0.3235403568895735,4.993794272398313,0.0004724555596489205,0.00047245554622536067
163922288,2.9453000956256647,0.4854789245722042,4.99472825936802,0.0007401803767833088,0.0007401803613465291
16392454x,0.9703316522171938,0.6325780181511858,4.998471944099741,0.00018785732966992793,0.00018785732512236944
163925577,3.767666119862979,0.1559306496088501,4.992533208988977,0.0007930504036964023,0.0007930503847453765
163929332,1.345712559207537,0.6367901025412247,4.993771213266172,0.00034534251621956807,0.000345342507440037
163931176,0.3894695088306012,-0.20984690159027614,4.999706510998477,1.124894189640287e-5,1.1248941606965921e-5
163932822,1.1795191523282806,0.09004071032118702,4.985601546595715,0.00017379615229942433,0.0001737961470544462
163934342,0.4637761150036774,0.642520580618384,4.992340726032686,4.499576758561148e-5,4.499576646591739e-5
163941227,0.46845616865769185,0.5727991722184604,4.999418646965904,4.049619082705033e-5,4.0496190245456073e-5
163941462,1.4163543041719882,-0.20595510891125288,4.998617594207196,7.874259327482009e-5,7.874259159830652e-5
163942465,1.1804108569653002,0.12471011623789266,4.992004507238527,0.00013498730275683443,0.0001349872993282327
163943855,0.5404588062631588,0.40592200980586207,4.999557252535399,4.499576758561148e-5,4.499576650340003e-5
163945076,0.4927342979707873,0.29239793311961915,4.997530657630253,4.162108501669062e-5,4.1621083959824194e-5
163947426,1.1400976016038593,0.9857422403497018,4.989947290498448,0.00040046233151194217,0.0004004623231322465
163948074,0.5766906380881618,0.2996235576063305,4.999424008148158,3.9933743732230185e-5,3.9933742827365135e-5
163948664,1.917301711048697,0.5038866858151027,4.849192797360862,0.0005264504807516543,0.0005264504685260288
163951206,1.0838363739704442,0.6280330541424619,4.997756724007793,0.00021260500184201424,0.00021260499666346627
16395137x,1.3801930814021564,-2.1828297535817365,4.681238523238831,0.0003048463253925178,0.00030484631612918235
163952196,1.4892082575697039,0.4757301202108839,4.995319752682325,0.000266599922944748,0.000266599917268476
16395241x,0.28332169510100735,0.8082761635841716,4.9997571064219715,2.924724893064746e-5,2.9247248320182636e-5
163952612,1.617592961777799,0.6274905587408222,4.979895332885082,0.00044827033457165436,0.0004482703241245887
163956031,1.2969078619931003,0.09031301508765381,4.999035928155174,0.0001124894189640287,0.00011248941649444153
163956373,0.5238182385185024,0.35144292610235617,4.998278367652331,4.499576758561148e-5,4.499576650438169e-5
163957202,1.0937989054713473,-0.050944554080910684,4.990072867877495,0.00010067802997280568,0.00010067802738844462
16395778x,0.6101809222508566,0.6246585462012535,4.99389496472455,0.0001034902654469064,0.0001034902628174896
163959750,0.48402522622791777,0.6222836910442784,4.9948830498864085,4.499576758561148e-5,4.499576655182632e-5
163960022,0.6622052305798947,-0.21092197800043966,4.984541252981926,3.88088495425899e-5,3.880884842059902e-5
163963047,0.6124211827749673,0.3366208914965195,4.997937079122247,5.399492110273377e-5,5.3994919958066755e-5
163963063,0.12809433896115738,1.4108180681072713,4.995486250680816,2.8122354741007175e-5,2.812235399355531e-5
163963717,0.8250439766981982,0.3971635613411576,4.9978205017589,8.774174679194238e-5,8.774174495214115e-5
163964517,0.630706857175552,0.14239591736426752,4.99078483593529,4.049619082705033e-5,4.049618980512642e-5
163966141,0.2905480716578887,0.30679152941832244,4.998429538197885,1.912320122388488e-5,1.91232007474238e-5
163966344,1.086822749512312,0.2731269321257832,4.992637152334576,0.00013217506728273372,0.00013217506387170662
163969078,0.5875407076321213,0.7128742098480794,4.986316143121726,8.211727584374094e-5,8.2117273851392e-5
163972146,0.6130515080804776,0.0994063867168051,4.994036541101177,5.2870026913093485e-5,5.287002553589371e-5
163973253,0.4458328146792106,0.112579099587512,4.999264619798276,2.249788379280574e-5,2.2497883228234085e-5
163977262,0.33187380416989354,0.21532215578645658,4.999544288154966,1.5748518654964018e-5,1.5748518299637664e-5
16397802x,1.038209225032606,0.4735145676775458,4.997452352192868,0.000145111350463597,0.00014511134758131192
163978206,0.3435285946900488,0.6885602321840864,4.999352142423077,3.374682568920861e-5,3.3746824871106585e-5
163978361,0.547653682243202,0.3316824421234069,4.998700710712552,4.274597920633091e-5,4.274597812473467e-5
163978863,0.38719815502415944,0.2032466272840177,4.998935398904225,2.0248095413525164e-5,2.0248094918279193e-5
163979276,0.23978732005595318,0.6384059615065765,4.9992076396961265,1.7998307034244593e-5,1.799830660870135e-5
16398581x,1.2424050675777192,0.489684089252539,4.969969652443186,0.00025816321652244586,0.00025816320779674325
16398725x,0.6733793590105196,0.4985352461353038,4.9018324540246505,0.00011811388991223013,0.00011811388641893611
163990088,2.062189007119749,0.5443504461227289,4.668582085819516,0.0007463672948263304,0.0007463672740597634
163997300,2.714500142355295,1.426387891316995,4.5480606671123605,0.004336467101063306,0.004336466954788388
163999306,0.44839862137000985,0.01692882382008248,4.979106405110168,3.5996614068489185e-5,3.599661274799742e-5
163999824,1.171838520838588,-0.0013872707489065506,4.9942306120021795,9.617845321424453e-5,9.617845003499371e-5
164000541,1.7004639683772358,-0.13463089754433036,4.865709218879266,0.0003599661406848918,0.00035996612728369934
164000787,1.9058782261454024,0.31043109827551196,4.953055010408048,0.0004387087339597119,0.00043870871868959037
164033052,0.496880734308769,1.112677902148993,4.928156587708817,0.00023847756820374083,0.00023847756314407194
164035752,0.7323686728355036,0.6739815172380935,4.953225385051492,0.00024410203915194227,0.00024410203446463834
164036659,0.8041944301785428,-0.08810738804136653,4.998633841893138,3.712150825812947e-5,3.71215074866906e-5
164039702,0.13777798785292528,1.3601476137345763,4.997045200736274,3.374682568920861e-5,3.374682512349996e-5
164041001,0.8055072036285666,-2.969295238671692,4.868022902310658,0.00012598814923971214,0.00012598814658246123
164055147,0.6216041675566775,0.3485843726311355,4.987428399126036,9.336621774014381e-5,9.33662159150204e-5
164055438,4.784303427453845,1.2786081244376903,4.187730962588525,0.009902443551403446,0.00990244339404496
164057417,0.6447555198998411,0.14758500420115211,4.986508741777867,4.724555596489205e-5,4.7245555065806366e-5
164064780,0.42936217877877253,-0.2222655377003831,4.998364271749948,2.4747672172086314e-5,2.4747671413713305e-5
164065556,0.3902185247009122,0.07196916422120661,4.997369458953862,1.6873412844604303e-5,1.6873413010217754e-5
164070259,0.606851515106473,0.47235023191810177,4.977229780110072,7.874259327482009e-5,7.874259309368437e-5
164070582,0.2778437557909552,0.1434412562585169,4.996910466434447,2.249788379280574e-5,2.2497885253436346e-5
164071008,0.3852342905948722,-0.7861924848555037,4.9699132712340734,5.5119815292374064e-5,5.51198170663408e-5
164071411,0.4364717084603393,0.2645794787738462,4.997984983113015,3.487171987884889e-5,3.487172279080167e-5
164075332,0.13778459578114943,1.2182278159008177,4.995609386745502,3.374682568920861e-5,3.374682803938701e-5
164076271,0.8340952422871162,-0.08597677353178285,4.970191150997279,0.0001422991149894963,0.00014229912640858022
164076466,0.5026376566356626,0.7076884788144913,4.99321420784,9.674090030906468e-5,9.674091786259909e-5
164076511,0.6356165761380044,0.3668332708560964,4.947786327939179,0.0001940442477129495,0.00019404426411730158
164077231,0.8538519157687552,-2.3918345122246207,4.931352917893724,0.0001462362446532373,0.0001462365779706501
164079237,0.409511213077337,1.285744733586476,4.987458279493703,0.00012598814923971214,0.0001259881502163945
164080967,0.4398420003221398,0.15087387372949407,4.996967596163501,3.543416697366904e-5,3.543416990081161e-5
16408823x,2.2461122123966573,-2.3441774466335636,4.634058246913422,0.0007795516734207189,0.000779553450258926
164091121,0.7137647389104814,0.3216542278479322,4.989979816342729,5.624470948201435e-5,5.6244709647458695e-5
164091543,1.0210587021172128,-3.120804372152823,4.954907552155608,0.00012261346667079127,0.00012261346416021576
164092546,0.7236820595848226,0.09234413842852032,4.9756643871581225,0.00010855228930028769,0.00010855229828122538
164092909,0.27702106332132015,0.23811773925333313,4.998834504106454,1.631096574978416e-5,1.6310966909209527e-5
164093186,0.722185360970119,0.22809379395507268,4.967846754122519,0.00013161262018791358,0.0001316128352450382
164094349,0.7194837178737624,0.7149996733948301,4.972507020029447,0.00013779953823093516,0.00013779953778699083
164097160,0.5820541834850914,0.542736852309606,4.995630663660312,8.099238165410066e-5,8.099238682549221e-5
164097195,0.46718730113088824,-2.8866022729278735,4.967998611136428,4.555821468043162e-5,4.555821381534241e-5
164097259,1.3571198606866008,0.08322943707108617,4.955525395217906,0.00016873412844604306,0.00016873412932979758
164097355,0.40354833533390483,-2.9408873282008026,4.981821793873408,4.6120661775251764e-5,4.612066581985541e-5
16409746x,1.0122339955176147,-0.812816836289681,4.91929980586119,0.00010630250092100712,0.00010630249958482681
164097523,0.46676656485894913,-0.1528412885970361,4.991755480764403,3.374682568920861e-5,3.374688083239293e-5
164097611,0.5335120196648914,0.19789251203347602,4.99685520705735,4.837045015453234e-5,4.837045984694879e-5
164097697,0.8786836846249174,0.5644858200129484,4.987134594905373,0.0001462362446532373,0.00014623624324470747
164098040,1.002831418861298,-0.5532573789877043,4.961415320757187,0.0001462362446532373,0.00014623625372234817
164098091,0.22747376004622458,0.05791356796223911,4.976151751242371,3.374682568920861e-5,3.3746825686140566e-5
169650199,0.6671991397325956,0.0931239885179022,4.946265772269411,9.561600611942439e-5,9.561600375022169e-5
16965355x,0.8503834837896989,0.4240096088495678,4.999096243424911,8.211727584374094e-5,8.211727444912368e-5
169655539,0.8645092323496631,0.4253755636381298,4.9981906657611646,9.336621774014381e-5,9.33662158020182e-5
16965646x,0.25179644549770835,0.5970688612973982,4.999845198773022,1.912320122388488e-5,1.912320076523567e-5
169656937,0.41805229411595135,0.9704014790232007,4.997737115210933,6.018183914575535e-5,6.0181838053526313e-5
169657833,0.33453290473708647,-0.05190452020908085,4.9745443045525475,2.8122354741007175e-5,2.812235401123973e-5
169658641,0.5896708465080026,0.3835367639918658,4.998727829625984,4.837045015453234e-5,4.8370449276037407e-5
169661656,0.3893417122066394,0.5378170627697837,4.999068586129178,2.924724893064746e-5,2.9247248343643626e-5
169662739,0.22421849106120836,1.1949530826098889,4.99971138776042,2.924724893064746e-5,2.924724848801584e-5
169663459,0.27602039567928816,0.21693486271623322,4.9982860188994245,1.3498730275683443e-5,1.3498729970282048e-5
169671870,1.1254861591231557,0.15231318208720857,4.961021311948845,0.0001631096574978416,0.00016310965365176183
16967318x,0.6199144473988875,0.08367408754001454,4.99871200673854,3.374682568920861e-5,3.37468249511429e-5
169674668,0.5722827230612284,0.3192588011455316,4.9988634979684745,4.387087339597119e-5,4.3870872441421236e-5
169674676,0.6193430575021045,-3.2509453421921486,4.982501272694416,2.58725663617266e-5,2.5872565777988992e-5
169675601,0.5571092451841863,0.032633678078873116,4.998411866224953,2.8122354741007175e-5,2.81223543495988e-5
169675791,2.3794440185202275,1.1728542423569581,4.960713166359371,0.0017998307034244592,0.0017998306723654505
169676284,0.3323457785936449,1.3759106497909976,4.996349678095697,9.561600611942439e-5,9.561600415042223e-5
169677359,0.7029716032734445,0.3921040495218425,4.998060367375972,6.411896880949636e-5,6.4118967440787e-5
169677906,1.6888329276280205,0.9025582264157886,4.993275649459562,0.000580445401854388,0.0005804453921505514
169677981,1.1483554831500955,0.5015471106063615,4.997839494804483,0.00015748518654964017,0.00015748518417728482
194290738,0.5123921187594612,0.40433389669839065,4.976095922049005,0.00011811388991223013,0.00011811389727156145
264570613,1.5638802977312107,-0.17377762811503922,4.99556286886565,0.00012655059633453228,0.00012655059302909983
264574251,0.5194060036207614,1.733867216024363,4.956359890906909,0.0009280377064532368,0.0009280376768680366
264575289,0.30842008289999007,-0.26383303928853963,4.995082573255646,1.7435859939424446e-5,1.743585938641376e-5
26458103x,2.1454747853054448,0.24215508414971426,4.99626570701071,0.0003909007308999997,0.0003909007205038738
264582788,3.9405368563273675,-0.628151922408791,4.970632576709289,0.00046289395903697806,0.0004628939448153376
264583369,1.1299173659007362,-0.028424869116184463,4.958919135967168,0.00020079361285079122,0.00020079360651824104
264583457,2.121559412179831,-0.17183246075835762,4.929574198234036,0.0006276909578192801,0.0006276909383012184
264583676,1.7413773308872298,0.5619108621866978,4.9119407534722175,0.001023091265477841,0.0010230912336277856
264584097,2.5684910167908823,0.5559553208960148,4.987361144323512,0.0006288158520089205,0.0006288158352522001
264585719,0.3463495239738225,-0.5009111375629538,4.9992558278107415,7.874259327482009e-6,7.874259091790612e-6
264586826,1.0192982260419479,0.6805504934420348,4.962886019510399,0.0004752677951230212,0.00047526778030737517
264586893,1.990172202699896,0.7941247372481823,4.9860744240168025,0.0007728023082828771,0.0007728022920604711
264588928,0.8420962403982134,-0.09428027690884322,4.9967789103345925,7.874259327482009e-5,7.874259084775695e-5
264589111,0.12575596479954548,0.9563819823903014,4.998560636936273,1.2373836086043157e-5,1.2373835667817766e-5
264589314,1.4033178430492672,-2.644061920412395,4.936349911017612,0.0001721088110149639,0.00017210880528821962
264590489,0.6591636291035016,-0.48183941266125563,4.868329171204937,8.717929969712224e-5,8.717929655847537e-5
264590884,0.17125495472712174,0.5614808181768366,4.999912650527734,8.999153517122296e-6,8.999153280462278e-6
264592433,2.316090315281461,0.3490407533349674,4.980507123628338,0.00046008172356287735,0.000460081710223537
264592783,0.41811575305332777,0.633204190842073,4.959080519984497,0.00013273751437755386,0.00013273751022777248
264594113,1.926642329130842,-0.6823699987219192,4.9970714698304795,0.00011473920734330927,0.00011473920379769885
264594121,1.3946534253068301,-0.38531581198997217,4.990021486614477,0.00016254721040302148,0.00016254720534846905
264594295,0.33309216885808524,-0.6564848280265302,4.986778521737621,1.631096574978416e-5,1.631096524417899e-5
264595044,1.020399676619139,0.05689606122503591,4.999389451451567,7.818014617999995e-5,7.818014435612104e-5
264595669,0.669097106065347,1.3704651439750868,4.996243658497148,0.0002924724893064746,0.00029247248229312265
264597859,0.3498533619278228,1.663403440888955,4.991601372155628,0.00020923031927309337,0.0002092303131966527
264598237,3.2841955722976732,-0.8561993390561522,4.973001422511687,0.0002935973834961149,0.00029359737441498165
264598405,0.48048129719250127,-0.1967179678510062,4.994126582530847,3.5996614068489185e-5,3.5996612951865316e-5
264598616,0.09223829623826582,1.2458113658040693,4.995467935844057,1.2373836086043157e-5,1.2373835712625692e-5
264598835,0.8776054659055545,0.2518246688921479,4.998117826419861,8.999153517122296e-5,8.999153288778343e-5
264604502,0.7433055704164253,0.07031906609937146,4.994287637433035,6.524386299913664e-5,6.524386190540905e-5
264606188,0.39179875428107075,-0.09581253274327062,4.998988556526806,2.58725663617266e-5,2.58725655691821e-5
264607543,0.4728443558750884,-0.185790772703117,4.993525631446687,3.487171987884889e-5,3.48717188040513e-5
264608204,0.19454682345958166,0.6239092712585237,4.989538195538475,4.049619082705033e-5,4.049618954433521e-5
264608853,3.548569554563325,0.2350737098102719,4.991626285903802,0.0007930504036964023,0.0007930503830194308
26461118x,0.7184534336132653,-0.2883503239342456,4.99705338073004,5.961939205093521e-5,5.961939021570693e-5
264617290,1.0625107112350611,-0.31428861839213884,4.975729952423549,0.00014736113884287758,0.00014736113419851709
264618939,2.8657983911985694,-0.7260698908892408,4.995828338304249,0.00020923031927309337,0.0002092303127934459
264619384,1.0218020202008924,-0.4103678560677979,4.989088208850432,9.617845321424453e-5,9.617845020870629e-5
264627202,2.1445229228780778,1.1058650557372132,4.926664151021931,0.0015180447089195672,0.0015180446600817285
264627210,1.4633065772948317,1.0670512523958355,4.859263712668802,0.0009319748361169778,0.0009319748038809613
264627317,2.7867283476975815,0.2184331240311678,4.970857163846195,0.0009741583682284885,0.0009741583380030233
264627595,2.5070474833057985,-0.15809886049341695,4.9714703695861555,0.0004876416312090644,0.00048764161605319677
264628176,0.5731781203478216,-0.18086523360307233,4.999746011802251,2.0248095413525164e-5,2.0248094873524255e-5
264628221,4.1804640160923165,0.8627899628593587,4.9326647604951726,0.0029427232000989907,0.0029427231344938596
264628467,1.0292220518672894,0.4113550452689504,4.979589196241387,0.00021879191988503582,0.00021879191377251515
264628678,1.191893983775086,0.16148392666497874,4.992868797490619,0.00019854382447151065,0.0001985438183913869
26462882x,13.825167983267372,0.514423114501895,4.73935464949191,0.010457578833990927,0.01045757854798995
26462890x,0.5179994414565404,0.18149518551248917,4.997450199646364,5.793205076647478e-5,5.7932048980152406e-5
264629398,2.762263328905704,-0.20309883637281004,4.987902380612765,0.0004027121198912227,0.0004027121077388519
264629734,2.466269001314569,-0.31210308027785816,4.998490449509244,0.0001771708348683452,0.00017717083042563162
264630065,1.035760633113199,0.010723281332351134,4.990696614602884,0.00018785732966992793,0.00018785732388735835
264630348,6.409333521157451,0.08594866836593366,4.967243521510743,0.0015613531352207182,0.0015613531030399964
264630372,0.40037959517218025,1.624084906292671,4.8778406499538445,0.0004808922660712227,0.0004808922507340731
264630866,0.8016243110319812,0.6849334264665281,4.978406546696765,0.0003042838782976976,0.0003042838688610096
264631295,0.6112989413898519,0.6529548140846723,4.981017522209559,0.00011361431315366898,0.0001136143109572479
264631631,0.7046702627955543,-0.7803225035032669,4.997494776889654,2.1935436697985596e-5,2.193543602246106e-5
264706517,0.2736234140660744,-0.43590495658044615,4.999634725995711,6.749365137841721e-6,6.74936493074752e-6
264709865,0.6795792019841962,-1.220804981962107,4.9984498729443425,1.29362831808633e-5,1.2936282782405181e-5
264713506,0.3601311898754583,0.20464877332463197,4.997760258200375,2.1372989603165453e-5,2.1372988984519572e-5
264715544,0.20600188577874762,1.4216447084298747,4.99605716154192,9.224132355050353e-5,9.224132072303605e-5
264715771,0.08743124922245922,-0.006694332593150915,4.999908631335135,2.249788379280574e-6,2.2497883090881637e-6
264715923,0.540435095963457,-0.520896253936473,4.996922104078938,2.6997460551366886e-5,2.699745972116981e-5
26471850x,1.1881026437550144,-0.25502422351079745,4.997046031604202,9.336621774014381e-5,9.336621490484414e-5
264718649,0.29130072476546087,-0.6935693945472898,4.999804976189059,4.499576758561148e-6,4.499576622074865e-6
264723229,0.21311934312338268,-0.18617688783927827,4.999621778308305,8.999153517122296e-6,8.999153239649172e-6
264724520,0.3852592757324971,0.2854561404806254,4.997820589050679,3.9933743732230185e-5,3.993374249718183e-5
264726024,0.13776878754223962,1.2153309827439756,4.999046956278546,3.374682568920861e-5,3.374682465449252e-5
26472853x,0.19666097096274993,1.064232890637363,4.993066546397013,8.211727584374094e-5,8.211727328275028e-5
264734905,0.326964904812152,-0.36932761893871247,4.998613766278273,1.2373836086043157e-5,1.2373835707290562e-5
264740707,0.3814667694973147,0.6783560268390689,4.995850228160843,7.424301651625894e-5,7.424301422348632e-5
264742921,0.87438466746487,0.1523781750145497,4.994846775716476,0.00012205101957597113,0.00012205101585114097
26474760x,1.0757841930104246,0.053041428805036595,4.999330458378845,8.042993455928052e-5,8.042993255322365e-5
264755124,0.243330712954131,0.668033125008804,4.9984310921940915,3.937129663741004e-5,3.937129539555004e-5
264760695,0.659997446313883,0.20330795336656,4.999549903366439,4.499576758561148e-5,4.499576650033433e-5
264762412,0.688520052142836,0.27473710325157163,4.998764021967101,5.680715657683449e-5,5.680715519805275e-5
264763001,0.9143899670702221,-0.3698814803126451,4.986807352403198,4.330842630115105e-5,4.330842522865179e-5
264763386,0.8404747333651194,0.5231685938447569,4.963493771881117,0.00013498730275683443,0.00013498729914569542
264763407,0.8934118009746025,0.04634846936899876,4.999242075179001,5.961939205093521e-5,5.9619390659280003e-5
26476360x,0.31971102544257424,0.6836498851270979,4.9821681019292,4.949534434417263e-5,4.949534292673602e-5
264765250,0.26963205145459185,0.24454396338732737,4.99978469666745,1.124894189640287e-5,1.1248941633714949e-5
264766288,0.950050241262407,1.093149962428734,4.9930955999439774,0.0003610910348745321,0.0003610910261119498
264766616,0.6523082039119156,0.39064373059367136,4.99199079977102,7.25556752317985e-5,7.255567358040184e-5
264767109,2.442632379347886,0.6570819685999696,4.989624667625003,0.0008999153517122296,0.0008999153304201819
264767600,0.6010878819797902,0.10174043225903295,4.998504961245684,3.487171987884889e-5,3.487171903643103e-5
264767678,1.0874840542391695,0.9555437176867265,4.990727504870132,0.000395962754753381,0.0003959627449661916
264767889,2.73340016410412,0.20930998525754535,4.945333008028542,0.0006051930740264744,0.000605193057668357
264771116,0.5010088361171611,0.5104581228315878,4.989601482289051,6.411896880949636e-5,6.411896679032927e-5
264771191,0.4749201848451843,-0.42230514800401836,4.995317933992533,3.3184378594388464e-5,3.31843774838229e-5
264773795,0.4921777306216217,-0.7963787455853394,4.985629238929707,2.249788379280574e-5,2.2497883084082444e-5
26477419x,0.10713751156652111,1.269423691853709,4.999652809632453,1.7998307034244593e-5,1.799830650291277e-5
264777972,0.8101695101126921,-0.03681948914384348,4.994976604898277,8.886664098158267e-5,8.886663823985295e-5
264781242,0.6425497201624593,-2.943467834805381,4.947896509881212,4.555821468043162e-5,4.555821326746365e-5
264781429,1.4887033904863678,0.16081759422762593,4.9984455710676015,0.00016085986911856104,0.0001608598649660863
264782683,0.5555808467541257,-0.04371665201092726,4.999752342212768,2.5310119266906457e-5,2.531011860188244e-5
264784267,0.2238748374597957,-0.5080433130357948,4.999483591298324,6.749365137841721e-6,6.749364927944785e-6
264786203,0.4832933234908864,-0.37802375699791135,4.998264752291142,2.4747672172086314e-5,2.4747671397228106e-5
264786422,0.3858046032525262,-1.0600610629859997,4.999376772780685,7.311812232661865e-6,7.3118120046643076e-6
264797068,0.95643342842077,0.30722632129200717,4.998629242363972,0.00011923878410187041,0.00011923878093682722
264798845,1.9236745159374,0.5402933550611332,4.993689979002256,0.000575945825095827,0.00057594580907186
264799725,0.930478960540853,0.7554022378928529,4.745542217648565,0.0003571539052107911,0.0003571538952232076
264799784,0.3413587358521905,-1.3550005969059602,4.932608899645836,8.324217003338124e-5,8.324216659948116e-5
264801493,0.33144025597221516,0.6457753284881977,4.993321739678753,2.8122354741007175e-5,2.8122354012601805e-5
264801522,0.4524008812438698,0.18192697258304188,4.97788336995074,4.499576758561148e-5,4.49957660615877e-5
264808839,1.6686112296937057,0.6011679026788684,4.953794381463254,0.0009825950746507907,0.0009825950433263396
264809196,0.30831577389212084,-0.993272585800155,4.994385632735761,8.999153517122296e-6,8.999153204794459e-6
264809233,1.2719866699134987,0.20549741798352544,4.989941865445169,0.000290222700927194,0.0002902226917981782
264809305,2.147517786024179,-0.30284055327511283,4.816081260478668,0.00023060330887625884,0.00023060330228625
264810226,1.7087900635715318,0.63810814738239,4.954138385898072,0.0004983281260106472,0.0004983281102323121
264810373,4.9167389443819935,0.8332146809850517,4.298029204890359,0.0038437634460008604,0.00384376332789271
264812715,0.17919525864546054,0.8481927825989335,4.9997288984893675,1.2373836086043157e-5,1.2373835788504047e-5
264813734,0.3100635820444529,0.6863880879129722,4.999061517673076,2.6997460551366886e-5,2.699745975056395e-5
264813929,1.0779475284298743,-2.7847748365730802,4.737811273672029,0.00026997460551366886,0.0002699745974344762
264813996,1.179346746555224,0.6368748154330387,4.985134925098116,0.000250851404289784,0.0002508513962064125
264821136,0.16940302034689741,-2.6016504800721894,4.990912691926099,8.999153517122296e-6,8.99915325406238e-6
264821611,0.17188231231611134,-1.510239785129253,4.962861848632714,5.849449786129492e-5,5.849449582787464e-5
264821953,4.809166274540617,0.28446388364149083,4.912875020858347,0.0017306497107615814,0.001730649658607271
264824265,0.4196951107995008,0.6540329507149847,4.993367694582116,3.88088495425899e-5,3.880884857731565e-5
264826025,0.16644175129563418,0.24773420105534322,4.9993842923822,1.124894189640287e-5,1.124894153388556e-5
26482701x,0.8079005573401742,-0.4368421146417508,4.999335435749557,3.487171987884889e-5,3.4871718817115563e-5
264833620,0.2807397535312099,0.5530702106184455,4.999805036603684,2.0248095413525164e-5,2.0248094880376762e-5
264834762,1.573741871884431,0.743605792613789,4.9952804175447865,0.000517451327234532,0.0005174513137807818
264835298,1.197267333330707,0.5638017884188169,4.996782388200249,0.00025928811071208613,0.00025928810398459973
264835335,0.35460362706858667,-0.38954192421667305,4.999631346121031,1.0124047706762582e-5,1.012404740245901e-5
264835482,1.8416855643044632,0.21459410262376527,4.992554620038737,0.000266599922944748,0.00026659991597910703
264836493,2.624853207636881,-0.1958562462244526,4.997843078900651,0.00022047926116949625,0.00022047925623521972
26483755x,1.7387146373426416,-0.147359727157053,4.998823541431585,0.0001203636782915107,0.00012036367559676642
264843140,0.3071719150476318,1.0242222341555738,4.991155843788832,8.549195841266181e-5,8.549195599452117e-5
264850148,0.9889857881429747,-1.9587760188398253,4.9044830232675505,0.0003239695266164026,0.0003239695157621875
264850826,0.979385565002567,0.87265915889162,4.996453453481372,0.00024635182753122287,0.0002463518214249958
264854843,0.20293355908053784,1.7040451162511778,4.9989985741174605,8.886664098158267e-5,8.886663853148642e-5
266970514,1.5240971103359677,0.4989283898918605,4.968350069734609,0.00039821254313266157,0.00039821253306327196
26697067x,0.4934491006224595,0.7358765595432393,4.999099361421956,6.130673333539564e-5,6.130673240292134e-5
294295907,0.18997007099228827,0.9953052029335325,4.9997420437581725,2.249788379280574e-5,2.249788325896284e-5
427401006,2.6370182423000696,-0.8669104500062428,4.990185500988556,0.00016985902263568333,0.0001698590174393311
42800001x,0.23723221516516982,0.03877489133846743,4.999495540805106,1.29362831808633e-5,1.2936282777595667e-5
428000079,3.778653454591759,0.012160268393528463,4.946326855596381,0.001187325817165323,0.0011873257804209643
490713611,0.1238763439072126,1.4822853930845548,4.999398524834817,2.58725663617266e-5,2.587256573987639e-5
550801048,0.3415913109053595,0.6279336575087902,4.996497989592644,2.6997460551366886e-5,2.6997460130618024e-5
550806906,0.39827189430417087,1.6475523818010225,4.996519394065737,0.0002137298960316545,0.00021372989102535047
550806973,0.5629626443638518,0.00041829922228745175,4.904897859340188,0.00010124047706762583,0.00010124047398996682
550809592,0.03534184196163685,0.6078896892703212,4.999955433360291,1.124894189640287e-6,1.1248941552573732e-6
550811027,0.28835537235546765,0.9318759259853324,4.998108921799205,4.387087339597119e-5,4.3870872361611386e-5
550813161,1.493423459530442,1.0118386794401313,4.994159189500517,0.0006681871486463305,0.0006681871341422107
550815300,0.2067427588659774,0.22340830612490245,4.99929587907801,1.5748518654964018e-5,1.574851816557416e-5
550818763,1.5289659802016582,-1.0578135090640317,4.991000540873179,4.780800305971219e-5,4.780800211469383e-5
550818907,0.5739175928795429,0.49497865727305346,4.996626775722521,5.230757981827334e-5,5.230757851698277e-5
550819272,0.1325229058058496,-1.422175737472844,4.9994756267786125,1.124894189640287e-6,1.1248941536767316e-6
550822076,0.49889361923273967,0.5025973396084701,4.998511742662794,5.849449786129492e-5,5.849449620888446e-5
550827344,0.18329936072218272,1.418079458944899,4.998406640414781,4.499576758561148e-5,4.499576653816327e-5
550828742,0.15996357255421204,1.3494779288188183,4.999443855956981,2.3622777982446025e-5,2.3622777562429156e-5
550829219,0.3145068481917421,0.2317025239939579,4.999003422858854,1.6873412844604303e-5,1.687341260339391e-5
550833867,1.0861253900882488,0.39697817394660256,4.998884189104272,0.00014061177370503587,0.00014061177054904936
550834173,0.8243363046568699,-0.48224374900883527,4.999783264464724,2.3622777982446025e-5,2.3622777387612262e-5
550834966,0.7602915646881713,0.3623658103709717,4.989293988574365,9.111642936086324e-5,9.111642661753381e-5
550836013,0.2598423683069349,-0.13199687659615456,4.999905241087533,5.624470948201435e-6,5.6244708146630696e-6
550837040,0.5355732729966939,1.145975928395719,4.989847175253788,0.00018785732966992793,0.00018785732493007635
553950639,0.0922264351370723,1.3130131705999681,4.999322308325465,1.2373836086043157e-5,1.237383576504142e-5
55395068x,0.12748972362013275,0.8462399716081588,4.999930572612,8.999153517122296e-6,8.999153307792423e-6
553953821,0.375888056244984,-0.5236841901500162,4.999937275218018,5.624470948201435e-6,5.624470802496775e-6
553957144,0.23942744130654564,0.9054202651932967,4.999017267802206,2.5310119266906457e-5,2.5310118771010896e-5
553958278,1.1499639041223806,0.3100193651990376,4.998204220331229,0.00016873412844604306,0.00016873412385889626
553967692,0.2307862768347562,1.0111378207129562,4.999618381289676,2.924724893064746e-5,2.9247248322328442e-5
553972459,0.9040062224178883,1.7381486107450865,4.954674370254111,0.0009179136587464742,0.0009179136423977196
553974358,0.5497933573505499,-0.11235324834002566,4.999186655583916,2.0248095413525164e-5,2.024809498450574e-5
553975043,0.244674473312712,0.2595147401499949,4.999880752868676,1.0124047706762582e-5,1.0124047472828408e-5
553975959,0.16815345484513136,0.8129702350022793,4.973945222166444,2.249788379280574e-5,2.249788325411529e-5
553979079,0.36219435900770286,1.4760527005401443,4.998869861375702,0.0001462362446532373,0.0001462362412596885
553980440,0.08878886427487742,1.3581784933920729,4.9951712887372945,1.124894189640287e-5,1.1248941604512338e-5
553981101,0.2448068956139466,-0.5892556969039173,4.999982534802941,2.249788379280574e-6,2.249788329148186e-6
553982841,0.11713942140835225,1.497685249749771,4.999824562779825,2.249788379280574e-5,2.249788325660915e-5
553991270,0.43245599944830565,-0.477123303638508,4.983467960172677,2.8122354741007175e-5,2.8122354159706346e-5
553991799,0.9912564757385067,0.35784476296942463,4.9914427886248625,0.000246914274626043,0.00024691426685930244
553993460,0.48428719403775417,0.4334461359174366,4.999633551087855,3.937129663741004e-5,3.93712957098923e-5
553993786,0.477897881844671,-0.6922877957379809,4.996978488550854,1.2373836086043157e-5,1.2373835692408349e-5
557702464,0.19863233857390786,1.1461093537497213,4.9985789615591605,3.430927278402875e-5,3.4309271974824463e-5
557715994,0.08879245755161096,0.8059516622356684,4.99395958477019,1.124894189640287e-5,1.124894155800827e-5
557718618,0.08412536734632392,0.46435103136935113,4.998969192644599,2.8122354741007174e-6,2.81223539705745e-6
557719063,0.3825835076682669,-0.7620884785277449,4.990978572294862,8.999153517122296e-6,8.999153330553769e-6
557721307,0.88617737223931,-0.35788893983929154,4.982018766790383,8.774174679194238e-5,8.77417522123502e-5
557722625,0.3848512714942344,0.49526479408980056,4.999668238254552,3.374682568920861e-5,3.374682480290451e-5
557729368,0.09549205123401443,1.4687772825176362,4.999572569583172,1.3498730275683443e-5,1.3498729898069292e-5
557737392,0.08122140343763837,0.1897503027734943,4.989936202042074,8.999153517122296e-6,8.999153326672564e-6
557739363,0.1751887257699555,1.5403767347558905,4.999416644251872,4.049619082705033e-5,4.049619030019539e-5
561153648,0.1412748246883676,0.2295954812260872,4.999629624620776,5.624470948201435e-6,5.624471914531772e-6
561162624,0.3896842836471759,1.0557677427002985,4.973539557653982,0.00015186071560143873,0.0001518607126743354
610154744,0.3140617182706063,0.5766181946656009,4.999060965449519,2.249788379280574e-5,2.24978833479584e-5
613750939,2.752052787883374,0.7482084961517975,4.950791132022621,0.0011901380526394235,0.0011901380160330645
613791351,0.8858674409511965,0.10434862097528337,4.993695270316767,8.66168526023021e-5,8.661685007310492e-5
614070070,1.2426940910478534,1.0971617462344938,4.954970381205226,0.0006265660636296398,0.0006265660453591506
614071321,0.08140882283932983,0.5949656018504426,4.999560589280491,6.749365137841721e-6,6.749364931362853e-6
614071508,0.637545137571164,0.1363032576344583,4.998454999159569,5.849449786129492e-5,5.8494496101013764e-5
614071778,0.3651936185061544,2.0022230507304957,4.9919301807751575,0.0003858387070466184,0.0003858386972563717
61407192x,1.6911004418253595,0.2658063386801719,4.9923108946034995,0.00028628557126345305,0.0002862855639402555
614076384,0.3751927376602429,1.187325327145569,4.993674178526202,0.00016254721040302148,0.0001625472054054653
614211697,0.6271800729154948,-0.42106636479925424,4.999889893437174,1.2373836086043157e-5,1.2373835822137269e-5
614211822,0.617563150626074,1.029974751331625,4.993749516847727,0.000137237091136115,0.0001372370873578656
614213713,0.10054589926536843,0.05288063920896986,4.999919774613443,2.249788379280574e-6,2.2497883095218865e-6
614214134,0.5247172681035998,0.5513528511535077,4.998365225356329,5.624470948201435e-5,5.6244708067673456e-5
614217642,0.18092803760605602,0.09109065946138264,4.994638608595763,1.5748518654964018e-5,1.574851816874177e-5
614219162,0.3489664647885478,0.32898529095908324,4.999534674240662,2.1935436697985596e-5,2.193543615174203e-5
614232666,0.6084446251095129,0.5207783546236109,4.998883287665698,5.849449786129492e-5,5.849449664064935e-5
614238240,0.4626307832496235,0.03389037676345233,4.999266721051761,3.093459021510789e-5,3.093458927557872e-5
614245109,1.2823790447200891,0.3746852071112896,4.93084572933276,0.0002148547902212948,0.00021485478382124389
614248019,1.3793158487349226,0.775595088516635,4.995534045351505,0.0004167732972617263,0.0004167732873915986
614249396,1.1488827161341997,0.4969338727498365,4.975253421446773,0.00015748518654964017,0.00015748518265983283
614256107,0.699316306981306,0.16378608469043066,4.994256873303991,6.299407461985607e-5,6.299407275766388e-5
614257783,1.131641508688087,0.21053565167597094,4.9911916242503835,0.0001124894189640287,0.00011248941682364433
614258591,0.8149832315608422,0.2545251471193561,4.998286412986632,6.86185455680575e-5,6.861854412839047e-5
614258954,0.7597046321633883,0.6212422586476996,4.998112499412417,0.00010405271254172655,0.00010405271092045183
614260368,0.41070144925080826,0.26686621773719355,4.997839169079261,2.4747672172086314e-5,2.474767163193765e-5
614260982,0.5384917136674063,0.7354404923204763,4.999420502062515,5.849449786129492e-5,5.849449697935773e-5
614261838,1.477481241588529,0.5702187868646431,4.995622330238059,0.0002795362061256113,0.00027953620174262883
614261918,0.3871927418170628,0.3227818270300234,4.999354736773052,2.0248095413525164e-5,2.024809500722785e-5
614262275,0.6300696271963614,0.7557620450673315,4.986624415368747,0.00011923878410187041,0.00011923878128210291
614262785,0.1840125052174235,-2.006704882619384,4.986399169897925,2.3060330887625882e-5,2.306033028281297e-5
614273783,0.4937309970801363,0.484061633020694,4.99811998099613,3.937129663741004e-5,3.937129597642511e-5
614278947,0.9867166028204851,-0.7773239947306081,4.981687367766368,5.343247400791363e-5,5.343247295114641e-5
614279237,0.5809693244072298,0.9426056140783702,4.9948517502494525,0.00011473920734330927,0.00011473920979478323
61427927x,1.4826076535682189,-1.155823880863085,4.9284552947359845,0.00010124047706762583,0.0001012404770584208
61428022x,2.333205153348745,-0.49975653749118926,4.668846525805045,0.0003942754134689206,0.00039427541389171775
614281206,0.6285590620747021,-0.7313354634524691,4.996417049812729,2.1372989603165453e-5,2.1372990929248546e-5
614281230,0.2745287577730654,0.6421073838497484,4.999139331005582,2.249788379280574e-5,2.249788432718021e-5
614281265,0.11532875542621261,0.7491440874099815,4.999667876682148,6.749365137841721e-6,6.749365259137641e-6
614281476,0.810549390515881,0.6522378542888814,4.987651044626055,0.00013498730275683443,0.0001349873062682727
614287157,0.925762199815758,-0.5545823263653815,4.70448919625723,0.00024466448624676243,0.00024466447768496945
614300075,1.1586565784125713,0.2801036089117736,4.986550122925724,0.0003025965370132372,0.00030259652766886815
614300091,1.1510223627385747,-0.556549420899012,4.896134205611548,0.00016648434006676248,0.00016648433428869736
614300198,0.5788443655605763,-0.14901956825015963,4.99951769302009,2.3060330887625882e-5,2.3060330302494502e-5
614300219,1.7375444530780544,-0.4221575435080968,4.969229674336952,0.00014286156208431644,0.00014286155693502825
614300251,0.49888074751095723,0.5081176553457646,4.999285468229449,5.849449786129492e-5,5.849449626799038e-5
614300366,3.1768580175364356,-0.2542470247729551,4.988161472588514,0.000270537052608489,0.0002705370450398119
614300577,2.576477521951222,-0.9241904021630424,4.9916962372046285,0.0001602974220237409,0.00016029741701139937
614300614,0.17808970700991847,0.5976252133389214,4.999883529355118,1.124894189640287e-5,1.1248941589619525e-5
614300649,2.2490220505177803,-0.06580416849333223,4.997273359350068,0.000254788533953525,0.00025478852699269676
614300665,1.4367340716146988,0.02479571189510116,4.994585737303712,0.00011473920734330927,0.00011473920410282365
614300673,0.2831690755327292,-0.3069966144232891,4.9972762854490025,1.29362831808633e-5,1.293628277929911e-5
61430069x,0.45565552907383855,0.7282038797627124,4.997487489624305,5.624470948201435e-5,5.624470822245367e-5
614300788,2.024122658604726,-0.3355989367329014,4.998690273760608,8.774174679194238e-5,8.774174459018329e-5
61430085x,0.9817728654431661,0.1250394171053535,4.9973064610585025,0.0001344248556620143,0.0001344248515427691
614300948,1.6326304759906878,-0.7477127140436386,4.9802829268722695,0.00010011558287798554,0.00010011557973781912
614301027,1.6466879267694745,0.6144597036928394,4.940661849451128,0.0006918099266287765,0.0006918099836115484
614301078,2.0195795784727295,0.12444711740147874,4.993282981582906,0.00025928811071208613,0.0002592881050704507
614301270,0.6912958728443578,-0.939616320499824,4.974623842901712,4.049619082705033e-5,4.0496189421045946e-5
614301350,1.7905809126811854,0.3279792971576184,4.99465253349302,0.00029697206606503577,0.00029697206004206057
614301764,1.0857121967491574,0.6831417918799628,4.871242861720962,0.000427459792063309,0.00042745978299380785
61430181x,1.033161416011866,1.2320418246796756,4.964244309677,0.0005793205076647478,0.0005793204976177864
614301860,0.835270439969426,0.3041392043316341,4.998682046038753,7.818014617999995e-5,7.818014446653457e-5
614301959,0.7256356947331131,0.1780095907168529,4.994930124086776,6.86185455680575e-5,6.861854439447216e-5
614302169,0.19194223190369017,-0.6842450661134403,4.999867487009437,3.3746825689208607e-6,3.3746824645968825e-6
614302185,0.3189720248758898,-3.2758170478793573,4.987094034115711,1.968564831870502e-5,1.9685648172424095e-5
614302214,1.307665227927415,0.15839179226686734,4.998694775884731,0.00013048772599827328,0.0001304877228509259
614302257,0.5723167436908113,0.5685510223938961,4.997205495188535,6.130673333539564e-5,6.13067324878567e-5
614302660,0.9436993583170971,-0.024400515963002467,4.999333104314277,6.411896880949636e-5,6.411896706332056e-5
614302679,0.6105099805098921,-1.1623314889185048,4.999583631415524,5.624470948201435e-6,5.624470784186797e-6
614302783,0.9779950618080809,-0.32919827949806335,4.999578562989228,3.937129663741004e-5,3.937129557735832e-5
614302943,0.9615236298382982,0.5232504935402575,4.996345306174498,0.00012655059633453228,0.0001265505929403713
614303102,2.061981754936727,0.4654094925252911,4.964424247413171,0.0006029432856471938,0.0006029432703284007
614303110,1.904639894514628,0.5907809817729723,4.95834747214448,0.0005900070024663306,0.0005900069875512253
614303209,1.855151103852792,0.0927896418491017,4.9888686971823075,0.00025253874557424445,0.0002525387396332737
614303380,2.0105182141422455,-3.420583073324014,4.968174954993937,8.605440550748195e-5,8.605440264410999e-5
614303428,0.890269867766758,-4.531611282423748,4.990232454718393,1.124894189640287e-5,1.1248941639664966e-5
614303575,0.21924790408961986,0.27465607907772216,4.998097424242719,1.6873412844604303e-5,1.6873413932158246e-5
614303831,1.198065807712735,-1.6109374019371958,4.98533044647624,2.3622777982446025e-5,2.362277725295304e-5
614304025,0.6370430565781373,2.0608890766476935,4.971268197017343,0.0015039835315490636,0.0015039834857654372
614304359,0.445611983743615,-0.05616919576470365,4.974149547287085,5.7369603671654635e-5,5.7369601905619834e-5
614304578,1.922500298330833,0.9551023410522923,4.966765220620711,0.0011473920734330926,0.0011473920432878584
614304893,0.3256379482075825,-0.6407859082509638,4.999315873595221,6.749365137841721e-6,6.749364932576042e-6
614304906,0.8674751381166874,0.005520806776160774,4.959949236287821,0.00016367210459266175,0.0001636721012809563
614304981,0.3191461841956634,-0.21378982254544635,4.9993580763600685,1.0124047706762582e-5,1.0124047405163293e-5
614305175,1.2212570886302552,0.2506962729683323,4.991547088982062,0.00015298560979107903,0.00015298560598611249
614305183,0.6288009750575929,-0.02129512877653862,4.998044041115795,3.543416697366904e-5,3.543416609493697e-5
614305511,1.5459669943112027,0.5595365882461605,4.997271438052716,0.0003262193149956832,0.0003262193077610174
614305554,1.3377644143990939,-0.43681778246540814,4.967668529441633,0.00013386240856719416,0.00013386240435113276
61430560x,0.14398364717300735,1.6978364057441062,4.999536534494779,3.7683955352949614e-5,3.7683954673251854e-5
614305685,2.9254691879250045,-0.35247384421370587,3.731397189412047,0.0009584098495735245,0.0009584098153652308
614305706,0.8343012447525436,0.3830052549561021,4.996163618304961,8.436706422302153e-5,8.436706305492397e-5
614305976,1.6430688271127085,-0.13337792842505644,4.997196847364085,0.00013498730275683443,0.00013498729932882034
614306127,0.5474325935814511,0.04091654964908516,4.998064967056013,3.262193149956832e-5,3.262193067119085e-5
614306258,0.32801797066337957,-1.7208116981676707,4.950069888117802,9.730334740388482e-5,9.73033446311436e-5
614306434,2.054760541987517,-0.41546848165459976,4.989866728136124,0.0002379151211089207,0.00023791511366674935
614306522,2.219233498507867,0.6290748508660279,4.979817840216896,0.0008200478642477692,0.0008200478425174588
614307007,2.218029886544796,0.11030062034470009,4.997190649415851,0.00031159569053035947,0.00031159568252481153
614307154,0.31887502141129265,0.29709835087145897,4.99962631098506,1.7998307034244593e-5,1.799830657716256e-5
614307170,1.6559936844491598,0.027988299233803502,4.998725477588303,0.00014961092722215816,0.00014961092348577326
614307330,2.2798346362606874,-0.2843976452339162,4.998526920474792,0.0001602974220237409,0.00016029741825372278
614307541,1.4063037612397913,-0.11431169037187353,4.997367262828492,0.00013779953823093516,0.00013779953409031164
614308114,1.212750829487925,0.28954841091438654,4.991268113174096,0.00014736113884287758,0.00014736113409435068
614308317,0.616946472580616,-2.3970923848175687,4.996998900400576,4.499576758561148e-6,4.499576619751456e-6
614308341,1.5653150958864146,-0.8266576031509265,4.992535253267523,4.6120661775251764e-5,4.612066032043728e-5
614308499,5.36120921431085,-2.108703921244551,3.0153072453998737,0.004227914811763019,0.0042279244484822245
614308624,0.3865726949123267,0.7572958557663332,4.9997074760207445,3.374682568920861e-5,3.374682503343494e-5
614308739,1.0223091180646469,0.056191521028367816,4.997331171406842,0.00012880038471381285,0.0001288003807452801
61430878x,1.2692535682400512,0.6370628467988129,4.997202699018382,0.00030372143120287746,0.0003037214233006959
614308878,2.003936597097665,0.6095446069772528,4.335580898743047,0.0012356962673198552,0.0012356962250736558
614308886,0.05484516511807495,1.2223841233976032,4.9999096198250355,3.3746825689208607e-6,3.3746825178973743e-6
614309213,1.452054606501486,-0.5589280258742154,4.999215381842281,3.824640244776976e-5,3.8246401771743864e-5
61430923x,2.8047879553397244,0.2321531058978758,4.9838611936873765,0.0008447955364198555,0.0008447955107029516
614309424,1.542721499429814,1.0269282240589415,4.991931120818822,0.000560759753535683,0.0005607597405168672
614309600,0.14380422924541525,-0.19984736764018346,4.998242032546059,5.624470948201435e-6,5.624470776727494e-6
614309643,0.45565269431996136,0.17902358446112526,4.999678999744653,1.968564831870502e-5,1.9685647936337432e-5
614309854,0.5872392597476529,-0.16793652072608886,4.9997265020696435,1.6873412844604303e-5,1.6873412516108013e-5
614310011,1.0241617985759808,-0.435506396144919,4.998907731718821,4.4433320490791335e-5,4.443331918790693e-5
614310222,0.5689891967554558,2.17860971354832,4.690915608516447,0.0011383929199159704,0.0011383928903460343
614310281,0.04663395687926976,0.5736905851881577,4.99988027805184,2.249788379280574e-6,2.249788310504883e-6
614310345,0.15719185128981608,0.7839714277828399,4.9991517773065635,1.2373836086043157e-5,1.2373835710963854e-5
614310396,0.6045490516454848,-0.41195808838673525,4.998189869126834,3.543416697366904e-5,3.543416588282648e-5
614310564,0.29684625782137725,-0.5367451649165966,4.99947440164557,8.999153517122296e-6,8.999153236554937e-6
614310716,1.3757700779490847,-0.9337810400004452,4.999112408726136,3.5996614068489185e-5,3.599661298455529e-5
614310812,1.1262432160912335,0.12343920080521173,4.998882354486305,0.00010911473639510784,0.00010911473343285746
61431088x,0.05484624031222754,0.9107073343191194,4.999321411748334,3.3746825689208607e-6,3.374682469650612e-6
614311081,0.5414973819619463,0.014046148895274708,4.983362818914957,6.918099266287765e-5,6.91809912704146e-5
614311268,2.416986000357763,-0.6779930493550547,4.995609934777827,0.00013667464404129486,0.00013667463995969625
614311452,1.8603948222501654,-0.8131365240288548,4.9960783336090335,0.00010405271254172655,0.00010405270929975924
614311559,4.060859519040304,-0.024232613050695597,4.988333251672428,0.0006456892648535247,0.0006456892517767065
614311567,0.2874926830995338,0.0929721555022021,4.999313416470252,1.7998307034244593e-5,1.799830647979592e-5
614311970,1.8581802553969113,0.27689849912728054,4.994058202689259,0.00029415983059093506,0.0002941598244703245
614312543,0.1398901264881221,-0.4924300927352805,4.999881247290735,2.249788379280574e-6,2.249788310511951e-6
614312674,1.0354763287758817,0.3233045297331897,4.997220206969384,0.00013386240856719416,0.00013386240516774663
614312690,1.2986325902557008,0.20229425287311797,4.9748261199217545,0.0003205948440474818,0.00032059483405270125
614312914,3.4303484802394237,-0.5930145729586611,4.992908209181141,0.00032790665628014366,0.0003279066461637261
614313124,2.3099848273335915,-0.6720950513875412,4.996050785244016,0.00012205101957597113,0.00012205101597331366
614313255,0.3951347865281509,0.651270034650796,4.997161342720257,4.330842630115105e-5,4.330842570440462e-5
614313343,0.2409133427186961,0.7669354401996504,4.989371884098756,7.536791070589923e-5,7.536790818371264e-5
61431352x,1.6121857593086104,0.41382033170348737,4.977701028982649,0.00030990834924589903,0.00030990834020927304
614313626,1.8860850001660912,0.767211591373916,4.983276636756278,0.000564696883199424,0.0005646968677961536
614313802,0.9270218632142253,0.11284888763323328,4.997826506238685,8.605440550748195e-5,8.605440307737345e-5
614313925,0.7964292830939685,0.5413857100087435,4.972666995939416,0.00011473920734330927,0.00011473920467504143
614314100,0.7085364796112607,1.656168707952895,4.947379965311923,0.0012047616771047474,0.0012047616386368987
614314223,0.8646144770629854,-0.8854773090896761,4.9970960684610395,1.2373836086043157e-5,1.2373835763098834e-5
614314282,0.42695357766597436,-0.2168407660776452,4.997370004592695,2.1372989603165453e-5,2.137298895464793e-5
614314338,3.8295356151900126,-0.4158266987283762,4.93578073017742,0.0004297095804425896,0.0004297095737176583
614314362,0.04663400251212321,0.6266002692972705,4.999850918671602,2.249788379280574e-6,2.24978830959383e-6
614314450,0.8855826576852364,-0.0987394406616402,4.983743777144699,0.00013386240856719416,0.00013386240439387573
614314565,0.9747679919502237,-0.33873364057144534,4.98331474620295,0.00011980123119669056,0.000119801227190676
614314645,1.4842024397365157,-0.6961831448621193,4.994606273749605,0.00010630250092100712,0.00010630249763871847
614314696,0.8624885799325015,-0.5791816143339877,4.988725184720976,3.88088495425899e-5,3.880884883218826e-5
614314709,1.2819173003590427,1.1408451042256313,4.993711775640554,0.0005506357058289204,0.0005506356964268429
614314741,0.46978973303403676,0.1252569748465025,4.999833492938705,1.6873412844604303e-5,1.6873412589239903e-5
614314872,1.5334757733027367,0.22992078940590313,4.992063714306262,0.00030878345505625876,0.00030878344575894275
61431504x,1.3547964024125583,-2.9877842063038655,4.9660948865952275,9.167887645568339e-5,9.167887340516307e-5
614315066,3.031903630298614,-0.13195932455236256,4.9919834575856425,0.00029697206606503577,0.0002969720605041447
614315146,1.1659920982367658,0.9649913395234477,4.952368939370839,0.0004128361675979853,0.0004128361772270502
614315293,0.9646219228935891,1.3892041910642519,4.993349862397916,0.0006496263945172657,0.0006496263789143948
614315496,0.25694070316751166,2.0198552639306873,4.998727478053447,0.0001602974220237409,0.00016029741832526177
614315621,1.2620378651413378,-0.09561572362623519,4.985409193810689,0.0001282379376189927,0.00012823793427216794
61431563x,0.7131668747334645,-0.35664292174749923,4.987579844298311,3.374682568920861e-5,3.374682457073916e-5
614315699,0.5642043838134144,0.09448764125904,4.999489790272317,2.6435013456546743e-5,2.643501290718856e-5
614315824,0.8816926788450727,-0.06770867347198102,4.999357777241855,4.499576758561148e-5,4.499576649196528e-5
614315955,1.610515360540403,-0.1552811378684998,4.988428641235643,0.00010911473639510784,0.00010911473414727788
614315963,4.642899739237008,-0.4540084096300978,4.955382716193857,0.0009280377064532368,0.0009280376768404093
614316077,1.7103258073511827,0.5837134466799867,4.983406761756176,0.00040046233151194217,0.0004004623206899525
614316114,0.7061434753591084,-0.0509946939242199,4.996901983269558,8.267972293856109e-5,8.26797203788245e-5
614316130,0.3638679971794052,2.197443736389905,4.995599429167751,0.00038246402447769754,0.0003824640170476026
614316261,0.9024838800317372,0.17618486472417066,4.92779241923967,0.00014004932661021573,0.00014004932307820687
614316309,2.137176394419978,0.7149526824640358,4.920517548005839,0.0010000309345902152,0.0010000309093029628
614316325,1.2730889049128389,-0.8886479854400322,4.982567424224113,7.593035780071936e-5,7.59303554791092e-5
614316421,4.928386421509299,0.06690914655672736,4.959975768671789,0.0010124047706762582,0.0010124047516295797
614316579,1.242199057710129,-0.44641602977342326,4.989466650980608,0.00012373836086043157,0.00012373835704088232
614316616,0.607659936604963,1.8372449878548316,4.360393353831432,0.0012981278948448912,0.0012981278561497189
614316667,0.6372187960311978,-0.1721426097326581,4.988659169507398,6.805609847323736e-5,6.805609639907994e-5
614316704,1.6143045669724096,-0.3993564109764667,4.997769430425439,0.0001124894189640287,0.00011248941561120946
614316798,2.932581143836256,-0.27510743343577077,4.994236257954683,0.00022160415535913653,0.00022160414939402715
614316886,2.048482702573148,0.26368395342152773,4.992289321936285,0.0003020340899184171,0.0003020340819448236
614316915,0.035341868155689106,0.7606688130571848,4.999933261017034,1.124894189640287e-6,1.124894161076329e-6
614316931,3.38028729094528,-0.17948940344265235,4.993716763227194,0.0003160952672889206,0.0003160952591521805
614316966,0.9795465796873567,0.5146775412264903,4.996524874242968,0.00012880038471381285,0.00012880038119370083
614317061,1.7088017622314384,-1.3782789098331647,4.980480186504188,5.7369603671654635e-5,5.73696019003981e-5
614317117,1.8270483716714816,-0.08540244316035403,4.998821684157238,0.0001462362446532373,0.0001462362410785082
614317133,1.7210675439815992,-0.6016096104643548,4.998856575423458,5.849449786129492e-5,5.849449651886425e-5
614317168,3.8451449209007333,-3.290779524410238,4.4706566935728675,0.00041564840307208603,0.00041564844139211146
614317213,1.94704336649994,-1.3686466502084977,4.950716412731371,7.930504036964023e-5,7.930503792061123e-5
614317221,0.8365526941891539,-0.13556360919368288,4.9994717948836085,4.724555596489205e-5,4.7245554692354324e-5
614317459,1.0197530306073932,-0.3865108419967644,4.990267740126206,0.00010630250092100712,0.00010630249760016631
614317635,1.193546536371996,0.06847813572725286,4.998518883015653,8.999153517122296e-5,8.999153345354918e-5
614317811,0.95032143614128,-0.6784021616775645,4.997332336003742,3.655906116330933e-5,3.655906003142936e-5
614317897,1.41277942511141,0.4693415575656766,4.993625010983346,0.00021597968441093508,0.0002159796798879004
614318216,2.4935049302161043,0.23938953280612058,4.966385615848638,0.0005675091186735248,0.0005675091042591114
614318451,0.7301341250883763,0.7668455236317179,4.997457663575967,0.00012317591376561143,0.00012317591145463884
614318638,1.4572839371963155,-0.3681334593113294,4.99769250673171,7.986748746446037e-5,7.986748536537484e-5
614318777,1.7588107960426411,-2.818934210124289,4.930733726496126,0.0001872948825751078,0.00018729487634306277
614318849,0.7614750225349326,0.6357055120160751,4.990974797247708,0.00012373836086043157,0.0001237383572718273
614318953,0.7655330605759026,0.2364433437411609,4.9991036460858576,7.424301651625894e-5,7.42430145023215e-5
614319411,1.017228785188557,-0.9274248110294137,4.9988909892366085,2.081054250834531e-5,2.0810541883798896e-5
614319614,1.235071631206369,-0.4521130108181207,4.914772510193381,0.0002924724893064746,0.0002924724795176737
614319710,1.5093594661569019,0.8728627093609113,4.987346775505221,0.0004724555596489205,0.0004724555525056324
61431985x,1.4175902023491649,-0.986203500727254,4.992364383817264,3.5996614068489185e-5,3.599661298445553e-5
614319892,1.088275588623374,-2.6808817388753257,4.895956416207102,0.0002829108886945322,0.0002829108829017832
614319999,0.6909413478874642,0.35672674903013685,4.99692302969274,7.368056942143879e-5,7.36805676821317e-5
614320009,1.0338023152928133,1.2181843086282396,4.9572447178723476,0.0005736960367165463,0.0005736960181354847
614320033,1.3369604318759492,-0.7683819788040221,4.9959396324555545,4.555821468043162e-5,4.5558213410170246e-5
61432013x,0.2185784702799555,-0.5465314650227809,4.999861142950203,2.249788379280574e-6,2.2497883402632486e-6
614320172,1.1467909123339688,-1.6894629604371456,4.644355309241703,0.0007576162367227332,0.0007576179635633281
614320199,0.675661278271717,0.06311454775320173,4.999537826173441,4.162108501669062e-5,4.1621083879548496e-5
614320244,0.47146861605809953,0.6306442419844137,4.999413700732769,5.624470948201435e-5,5.6244708122347054e-5
614320359,0.9779938511784297,-0.3464785605787191,4.99961570081554,3.937129663741004e-5,3.937129560105818e-5
614320412,1.0216227652129397,0.4132758332439678,4.998117901503448,0.00016760923425640276,0.00016760922967616693
61432048x,1.4485712799914623,0.5244569141512275,4.988366408062834,0.0002767239706515106,0.00027672396297945647
614320607,1.8181894443514979,0.2761635720239467,4.964909829876144,0.0003132830318148199,0.0003132830244037004
61432064x,3.0482534754095525,-2.6020138825586003,4.753927919277019,0.0006653749131722297,0.0006653748910325622
614320797,1.6036800771677944,-2.897006230967971,4.915511283544159,0.0001799830703424459,0.00017998348057926195
614320914,1.346903182565514,0.3333312982558117,4.797999570021711,0.0004105863792187047,0.00041058636697961445
614321060,1.4237090769621954,0.14477735789594498,4.976311430864962,0.00019910627156633078,0.00019910626808749779
614321140,0.26259335155663993,-0.05723890865312296,4.998174645952232,1.3498730275683443e-5,1.3498729887881036e-5
614321167,0.9251838157904312,0.7543063499548716,4.995002979110443,0.00016873412844604306,0.00016873412384347223
614321327,0.7488593713216349,-2.6825409999943184,4.978991309252389,5.680715657683449e-5,5.680715468663459e-5
614321335,2.407799008659981,0.4130576224384834,4.995548959097389,0.0005658217773890644,0.0005658217644293947
614321343,1.2626071656286462,0.8100664657147604,4.995515789659604,0.0004190230856410069,0.0004190230741932871
614321431,0.9253476130428349,0.6097094721359235,4.995731992792797,0.0002210417082643164,0.0002210417017125181
614321458,0.6216835302490237,0.8573020573696247,4.9131170153630945,0.00031497037309928034,0.0003149703939948788
614321503,1.3521774999232519,-2.571757481519127,4.941960172770041,0.0001968564831870502,0.00019685647659160695
614321538,0.48080056968394097,0.6476935570930442,4.999649938276417,4.049619082705033e-5,4.049619003822444e-5
614321618,0.965182047765678,0.3236570952402006,4.992761105050199,0.00013386240856719416,0.00013386240463216065
614321693,1.0455642896580104,-0.5026672694649106,4.997654742647966,3.937129663741004e-5,3.9371295493339134e-5
614321722,1.3080593607346687,0.6317667524335291,4.9904205187003905,0.0002682872642292084,0.00026828725663133324
614321810,1.1743533245118236,-0.8726860731323287,4.9995328887313235,2.249788379280574e-5,2.249788322145316e-5
614321829,2.0327512617957315,0.4407506717834601,4.994139814483541,0.0005348871871739564,0.0005348871722923232
614322039,1.2157490342098987,-0.34177346096744526,4.999442365990169,5.680715657683449e-5,5.680715508611159e-5
614322071,4.0158260596676,-0.04958163353525959,4.982087276308557,0.0009522229315305029,0.0009522229025412225
614322194,1.707772378519784,-0.7738543824633922,4.998487985396378,5.7369603671654635e-5,5.736960196304637e-5
614322354,1.8221641183573059,0.6616033513213349,4.960509006676576,0.0006473766061379851,0.0006473765886970567
614322426,1.0466976563624313,-1.152049941038519,4.999673391580254,1.6873412844604303e-5,1.6873412328357397e-5
614322557,1.2429237585975317,0.4464783625636741,4.996572900412533,0.0001771708348683452,0.0001771708311892748
614322565,1.1951316281573474,-0.038438610190862185,4.999488678001875,6.749365137841721e-5,6.749364990494565e-5
614322653,0.8446184772887937,-2.9896965302733287,4.984607494776918,4.162108501669062e-5,4.16210836317917e-5
614322725,0.4248346865445813,-2.9265407596574677,4.985520773627759,3.937129663741004e-5,3.937129583126205e-5
614322768,0.6523325908453818,-1.146359608839149,4.9968669614603884,2.1372989603165453e-5,2.137298888565035e-5
614322848,1.5586881149299212,-2.6301352093384316,4.874587061536609,0.00026716237003956815,0.000267162978984841
614322856,1.5530362983715138,-3.020937179087042,4.934785271986043,0.00013892443242057543,0.00013892474907211744
614322880,0.8344443006722382,0.593708985565019,4.996127451417376,0.00015298560979107903,0.00015298560585243337
614322899,0.9683926887132512,-2.3222820151673176,4.941342074859369,0.00015861008073928047,0.00015861007546169288
614322901,2.5994643276235223,0.4638562601044245,4.883732172642195,0.001152454097286474,0.0011524540615361566
614322952,0.5398049488555422,-0.10909440793888119,4.999226626915345,2.8122354741007175e-5,2.812235390989361e-5
614322987,1.294503443085742,0.821613453215501,4.990468987273884,0.0003852762599517983,0.0003852762496427866
614323023,2.106284222991532,-2.2410019665277,4.480701459689101,0.0007739272024725175,0.0007739271821953422
61432312x,0.11983711369136349,1.1554708531541737,4.999620721267564,1.124894189640287e-5,1.124894166084103e-5
614323154,0.34608477683823213,-0.09791230081547042,4.988431929303868,2.9809696025467603e-5,2.9809695082636737e-5
614323170,1.7614514426771153,0.2630044730165018,4.988954584223889,0.0002767239706515106,0.0002767239642559265
614323218,1.4576588502324666,-0.044230456917471475,4.971393062667655,0.0002069805308938128,0.00020698077377302712
614323322,1.24501750272985,-3.3723808662281245,4.882789456620716,0.00013498730275683443,0.0001349872996759794
614323437,2.8205336577568665,0.11688252156907611,4.988321855791681,0.0005680715657683449,0.0005680715495443763
614323509,0.746970370686902,0.21915991463078277,4.998660472977384,8.099238165410066e-5,8.09923793048167e-5
614323517,0.03534262222608104,0.1864913610985854,4.999293158923516,1.124894189640287e-6,1.1248941511505555e-6
61432355x,1.8822826346655739,-0.5428974525950145,4.995838223326911,9.111642936086324e-5,9.111642668853523e-5
614323576,0.6036377935166864,2.368557234263494,4.944250634908746,0.0013498730275683444,0.0013498729892820612
614323621,0.09052471341288192,1.584482619831059,4.999799602196518,1.1811388991223012e-5,1.1811388797130068e-5
614323760,0.8937708620776399,-1.49370033971005,4.997031858225632,2.0248095413525164e-5,2.0248094733774075e-5
614324034,0.09276468007047718,-0.6875373826259269,4.9999134694185114,1.124894189640287e-6,1.1248941550609147e-6
614324368,1.2597165497448297,-0.053504791799189585,4.998742815120886,0.00010067802997280568,0.00010067802736531493
614324624,3.492529608392202,-0.2820911779391563,4.99722863221628,0.0003430927278402875,0.0003430927195113748
614324683,0.7643255555355467,-1.1182601810568582,4.999190368217787,1.4061177370503587e-5,1.4061176932389975e-5
614324915,0.7367692264821272,-0.6745404059084998,4.999826140805497,1.5186071560143873e-5,1.5186071146506562e-5
614324990,0.8959424931672445,0.4838184862968049,4.990509397800974,0.00013498730275683443,0.00013498730076717656
614325010,0.6176941687336516,-0.5543256747548255,4.9965683208788745,2.0248095413525164e-5,2.02480947793062e-5
614325053,1.5702667710886182,-2.3345558018295725,4.783310762703151,0.0004060868024601436,0.000406086792663459
614325061,0.12601068546919955,0.9262529379748148,4.997628765384569,2.6997460551366886e-5,2.699745971777384e-5
614325133,2.0007378618593457,0.6276728371143172,4.983315494729882,0.0006147546746384169,0.0006147546606449582
614325221,0.15741521552535978,0.043792147861505745,4.9568962628508455,1.2373836086043157e-5,1.2373835700228511e-5
614325299,0.8171027074418415,-0.7363562764306075,4.9979402621871545,3.374682568920861e-5,3.3746824631877864e-5
614325328,1.434556848700197,-2.3118848107677494,4.752427439724319,0.0003689652942020141,0.000368965284534988
614325344,1.1442452794095905,0.1310610612475282,4.932577977699849,0.00014736113884287758,0.00014736113340672175
614325432,0.8915685342688121,0.5297870024365855,4.997660157038023,0.00013048772599827328,0.00013048772298386086
614325520,0.8305643853893552,0.02873342387604558,4.991824970414912,5.7369603671654635e-5,5.736960195654498e-5
614325539,1.5264459049135422,0.6827764322037263,4.98450724814529,0.0004088990379342443,0.00040889902762878446
61432558x,4.953232309632595,0.8949367461320158,4.894183873743294,0.0035327302025653213,0.0035327301060767845
614334814,0.16909385573818134,1.3161039030589194,4.982696639574008,5.624470948201435e-5,5.624470813513302e-5
614334865,1.3955951983746668,-0.18844405825503813,4.8249535927183835,0.00010911473639510784,0.00010911473312980786
614334873,0.2704677497517993,1.9623340083451972,4.998553545300994,0.00018223285872172648,0.0001822328547190733
614335163,0.0480872542390688,1.0076387241033111,4.999866717713597,2.249788379280574e-6,2.2497883067836086e-6
614335198,2.3716739832307328,-0.3955137944640848,4.85513268820479,0.0004578319351835968,0.00045783192066091026
614335243,2.828416338759019,-0.5967214877548771,4.996250595473308,0.00020248095413525166,0.0002024809480266879
61433534x,1.3336262575453353,-0.1736006735404289,4.98767182073978,8.774174679194238e-5,8.774174496691772e-5
614335358,3.1473921819170627,-0.614322069969318,4.990091787671802,0.00026435013456546744,0.00026435012647505255
61433585x,0.6649507131602957,-0.1258155004071668,4.995504130936137,6.411896880949636e-5,6.411896680190916e-5
614335972,0.7469561668789708,0.3896269406994229,4.999230745296802,8.099238165410066e-5,8.0992379512387e-5
614336799,1.1886883878014924,0.32341125445288377,4.948734860146992,0.0002564758752379854,0.0002564758661284783
614337329,0.15239893726657647,-1.1139447170309698,4.999948900084334,1.124894189640287e-6,1.1248941550445005e-6
614338129,1.605649949773577,0.3628557022735232,4.955545790021003,0.00043758383977007164,0.0004375838262000457
614338321,0.5214709223985996,0.7714230525128465,4.998287700518456,6.749365137841721e-5,6.749365002806299e-5
614338786,0.3976773892991134,0.72679203733166,4.994683805141144,3.712150825812947e-5,3.712150736035007e-5
614339228,0.3620305891979672,1.2995145498702028,4.998126077643365,0.00010461515963654668,0.00010461515751089949
614339287,0.5854465966653497,0.17884116113131743,4.995847818321269,4.724555596489205e-5,4.724555456154409e-5
614339527,5.282655750584724,-1.0905509190382685,4.851076398808864,0.0009533478257201432,0.0009533477936160955
614339543,0.44919230660910664,-0.19238080687039893,4.9992255916658,2.0248095413525164e-5,2.0248094805003556e-5
614340069,0.46233415197435956,0.24529701915655117,4.993256053719222,2.8684801835827318e-5,2.8684801087319105e-5
614340093,1.3320586132288457,0.30117250720262595,4.9976442334685025,0.00015017337431697832,0.0001501733719643364
614340472,2.636982265740481,-0.632594479391267,4.9905933562582545,0.00016985902263568333,0.0001698590175344021
614340683,0.11596054192866088,1.2219316675948995,4.999457358937887,2.1935436697985596e-5,2.1935436042209016e-5
614340704,0.9245737720723807,-0.8408454483293404,4.999690891129424,1.2373836086043157e-5,1.2373835747401268e-5
614341096,1.6674405720692074,-1.2300215492418842,4.9880172479334215,5.399492110273377e-5,5.399491940065626e-5
614341205,1.0467590688749868,-1.5371941716765265,4.99791403434552,1.6873412844604303e-5,1.6873412316811125e-5
614341723,0.6555486074869861,0.07414305027745265,4.999648947255855,3.430927278402875e-5,3.430927207737015e-5
614341942,1.0621078411545088,-0.5682807038805445,4.9970760181119145,6.411896880949636e-5,6.411896680796729e-5
614342144,1.0542279799927199,-0.7884818653041743,4.9144573761527734,0.0001355497498516546,0.00013554974514231534
614342371,0.795131798159688,-0.8726528224694279,4.999258680035019,2.081054250834531e-5,2.081054185277757e-5
614344238,1.3451867062108398,-0.6735781913421441,4.9897755596388205,9.44911119297841e-5,9.44911090077457e-5
614344799,3.3752802341178594,0.06619718154059646,4.966382339873223,0.00048201716026086296,0.0004820171499522524
614345660,2.912084705389203,-0.1811686365024508,4.988134377242884,0.00028909780673755375,0.0002890977975581932
614346532,1.5957231844998194,0.18680513053592557,4.995825371087515,0.0002199168140746761,0.00021991680851941398
614370014,7.453569785806778,0.8490874796854664,1.0434063468191137,0.005732460790406902,0.005732459646420568
614370022,0.611551914238242,0.5712790953053298,4.996005778141398,7.199322813697837e-5,7.199322607444008e-5
614370049,2.410011388508452,0.2194596693506301,4.736449458506331,0.0010804608691494955,0.0010804608335370186
614370102,1.527449155999828,-0.2550357849344987,4.995733088168122,8.042993455928052e-5,8.042993228480342e-5
614370137,2.211489526727213,-0.28134722582859173,4.900240234152101,0.0004105863792187047,0.00041058636568774777
614370209,0.6537968907993332,-0.38989827811665867,4.999551287569258,1.6873412844604303e-5,1.687341247916369e-5
614370233,0.6991155349822842,0.684131139901803,4.999272828138305,9.955313578316539e-5,9.955313362070237e-5
61437025x,1.9957790441738246,0.2054308486399429,4.99693167466894,0.0002907851480220142,0.0002907851409392809
614370268,0.29922727663337206,1.7607668632300666,4.995153631419378,0.00023454043853999982,0.00023454043152663768
614370321,0.10491742845495251,-0.07086708147647144,4.999928833518115,2.249788379280574e-6,2.249788311348665e-6
614370348,2.3940755209897198,0.8698034187964536,4.935036681461261,0.001129393766398848,0.0011293937432089115
614370372,1.8673577875373613,0.3536952337071537,4.994689413677324,0.00038696360123625874,0.0003869635912030628
614370620,2.964526109704996,-0.03962275124609554,4.947070995355652,0.000830734359049352,0.000830734333382881
614370639,0.9828787605174408,0.3782837781453603,4.996451824791919,0.00014004932661021573,0.00014004932276281016
614370655,0.624618162957089,0.18060585443704186,4.998376297240576,4.6120661775251764e-5,4.612066064673489e-5
614370735,2.1205667272963127,0.6571621019874705,4.803780367024102,0.001117019930312805,0.001117019894232642
614370778,0.2951623552146993,-0.6487776786335827,4.999740813003367,5.624470948201435e-6,5.624470774669653e-6
614370815,2.3718513580364324,0.6905582260902625,4.562553229760009,0.0012649435162505028,0.0012649434828153805
614370831,5.710310099368354,1.1136557208941735,4.612859360077998,0.007789892263258987,0.007789892031829853
614370911,2.90136312201374,0.6135269803465924,4.9752075758337035,0.0014657371291012938,0.0014657370862585456
614370970,2.9771848154253053,-0.41604277968132897,4.490498769764436,0.0006130673333539564,0.0006130673863463708
61437105x,1.2064587077621685,-0.22917277236487835,4.982972485386854,0.00010574005382618697,0.00010574005051765797
614371105,0.1672864851909693,-0.5301151171643819,4.998929858941796,4.499576758561148e-6,4.499576619813732e-6
614371199,1.0169283047224174,-0.6251819590176089,4.969572197662569,0.00019066956514402863,0.00019066955871494
614371367,3.4847902386323804,-0.006151842835498107,4.987737383047414,0.0006985592917666182,0.0006985592711616437
614371674,1.6247129032290222,0.3158923259287197,4.996650410330807,0.00020585563670417253,0.00020585563270217796
614371690,0.5284519277454525,-0.9987432076760552,4.999242437805695,9.56160061194244e-6,9.56160032112119e-6
614371770,1.4198951400855468,0.5606534147501564,4.98488427611203,0.00024747672172086314,0.00024747671656045333
614371789,0.7857745632971481,2.0843230423572954,4.9142425948404425,0.0014764236239028766,0.0014764235989218298
614372028,1.2582222158840963,0.6148468289146151,4.993718245676289,0.00030034674863395664,0.00030034674101297716
614372108,1.7255709219662934,-0.9708088539230468,4.993805360532566,7.424301651625894e-5,7.424301418154603e-5
614372191,1.1860327530861616,-0.9020972072742367,4.998956283597078,2.3060330887625882e-5,2.306033100063117e-5
614372204,1.5807382600891842,0.06899044812972095,4.942144164787547,0.00024466448624676243,0.00024466447890594063
614372212,2.4265384537731878,0.8527518158772146,4.96271310700069,0.001379682723593812,0.0013796826884244703
61437228x,0.971177061402865,0.05856727290885148,4.997758576548306,0.00010517760673136683,0.0001051776036131992
614372298,2.220490915820314,0.2706630488299593,4.907880604129174,0.0006085677565953952,0.0006085677378589181
614372319,2.2453906357080005,0.06411602365899263,4.888224473628214,0.0006693120428359707,0.00066931202211128
614372538,0.909231030065696,-0.3233198938856563,4.999230802373602,3.655906116330933e-5,3.6559060236829705e-5
614372597,0.5517376751411252,-0.6568832300326679,4.9994623447613264,1.2373836086043157e-5,1.2373835713745771e-5
614372829,2.7439872591041174,0.5882981213668799,4.984655468651229,0.0009066647168500713,0.0009066646946197252
614372933,3.0760184376243154,0.4294669254168978,4.933260676496357,0.0011203946128817259,0.0011203945803247351
614372992,0.6498697402253556,0.5774762612927257,4.98882589513584,0.00010630250092100712,0.00010630249784460576
614373012,0.8982071509342365,-0.16179117739086385,4.998373262893301,7.593035780071936e-5,7.593035546022721e-5
614373290,0.8298891829967214,2.254242767150788,4.20305081213821,0.0027807384367907893,0.0027807383720070745
614373338,2.070629388770947,-0.1526912145105478,4.998000501642992,0.0001940442477129495,0.00019404424239832693
614373418,2.2225477927818007,-0.4635281714244309,4.933981826469942,0.00022722862630733797,0.00022722862214797282
614373514,2.5889790644687607,0.7936318109314842,4.9878840948606,0.0012885662942329487,0.0012885662607885497
614373776,0.6382479009245076,0.29745302727638984,4.999168634759189,4.049619082705033e-5,4.0496190111506907e-5
614373805,1.112294505854496,0.6736932783950511,4.865533766352813,0.0006501888416120859,0.0006501888217628168
614373928,4.2647931492021565,0.6214970620630245,4.982071425439173,0.001951691419025898,0.0019516913728154061
614373952,3.5467109336732277,1.4094958917979317,4.20866716240088,0.004399461175683162,0.004399461079200024
614374226,0.08877556487924933,1.3315414236175258,4.999660949019052,1.124894189640287e-5,1.1248941584395363e-5
614374269,0.6323527112695834,0.07808545799656305,4.997155099680951,3.487171987884889e-5,3.487171896872063e-5
614374330,0.8942507443233311,0.42681205714874226,4.873034427454949,0.0001771708348683452,0.00017717082998606413
61437439x,2.566212340739939,0.16951681427926585,4.968796588942623,0.0005416365523117981,0.0005416365365486062
614374541,0.9696120454951836,0.4843239478578359,4.975781168827499,0.0002137298960316545,0.00021372989043517138
614374648,0.26236893567249703,-0.6653966061283776,4.999466081375191,5.624470948201435e-6,5.624470775227047e-6
614374656,0.6411151292999606,-0.929227652562221,4.983060893367287,2.924724893064746e-5,2.9247248027910977e-5
614374664,0.2169215788840463,0.27227508920174287,4.9995922136014075,1.2373836086043157e-5,1.2373835706388812e-5
614374760,0.7184868970648701,-0.3364066069429376,4.995657962385426,5.961939205093521e-5,5.961939018840857e-5
614374971,1.2923770978480662,0.3596411755592136,4.998018127671373,0.00018335775291136678,0.00018335774842532227
614374998,0.08072979483714747,0.40389622323217605,4.999136404511114,5.624470948201435e-6,5.624470776720682e-6
614375018,0.3118649141591355,1.8995686356057475,4.9073177303483515,0.00025816321652244586,0.00025816320880030967
614375149,1.9948850503025441,0.5837248736527799,4.8487657700306075,0.0009550351670046036,0.0009550351490778934
614375237,0.26171961342261896,0.44667090403414555,4.9996196356565,1.29362831808633e-5,1.2936282823934477e-5
61437535x,0.18771637502983637,1.7890413354742762,4.996667104353297,7.311812232661866e-5,7.311812131579263e-5
614375659,0.8394217748044496,0.647970222631088,4.987303894895125,0.00010630250092100712,0.00010630249872204767
614375704,1.2497150591899757,-0.17887737186120514,4.998225756984298,6.749365137841721e-5,6.74936499197732e-5
614375894,0.27729871379648846,-0.34414837410921617,4.998211993440796,1.462362446532373e-5,1.4623624008827954e-5
614375923,0.45305706052376604,0.2415290718209968,4.99908401603637,2.7559907646187032e-5,2.755990695396557e-5
614376037,1.3339060096251472,0.3396194872386046,4.998425510141137,0.00017435859939424447,0.00017435859497276756
614376272,1.027112096016465,-2.6056826759256313,4.966974921072844,5.343247400791363e-5,5.343247168190263e-5
614376678,1.2502595162681907,0.2900818352239784,4.9986285545232105,0.00015467295107553946,0.00015467294712255653
614376707,0.44735108080979175,0.3172276314857405,4.993696741899646,3.5996614068489185e-5,3.599661312496707e-5
614376790,0.5015590286381304,0.48674339743209194,4.999087387391084,4.2183532111510764e-5,4.218353132565145e-5
61437682x,0.19444670334516428,2.0482330161570026,4.999398582179709,7.986748746446037e-5,7.986748608304897e-5
614376838,0.8856153606280862,-1.8843721130885576,4.957983651717899,0.00011361431315366898,0.00011361430937327796
614377013,2.8969851012602748,0.49685612228739984,4.989348732100448,0.0009887819926938123,0.0009887819656804703
61437703x,1.3865187113379907,-0.14686571012804772,4.992472924265412,0.00017829572905798548,0.00017829572337575207
614377048,0.32583198558240084,1.8362644993622372,4.996044940453859,0.000290222700927194,0.00029022269263059565
614377056,0.7695292854743325,0.46430624510576973,4.990765748676313,0.00021935436697985596,0.0002193543601875475
614377363,0.9954431033848679,-0.4819808428227133,4.999146292243005,4.499576758561148e-5,4.499576621924235e-5
614377857,0.47468375285242187,-0.15198292233306968,4.999834666765516,1.5748518654964018e-5,1.5748518232008317e-5
614377881,1.5743841854970424,0.5764820687624097,4.998312233818645,0.00022441639083323726,0.0002244163869478588
614377937,1.7449757081887294,0.30252560927790023,4.99358270088726,0.00030822100796143865,0.0003082210002591792
614378139,2.8545659795524525,0.23494941595776667,4.98356539217945,0.0006243162752503593,0.000624316258227788
614378163,0.6205352428071255,0.19387501617557512,4.999679753678929,4.2183532111510764e-5,4.2183531135113646e-5
614378534,1.0027896280805662,0.5370232166771836,4.994475227322359,0.0001462362446532373,0.0001462362417752872
614378665,2.249425642123731,0.31914068184249,4.9961719647846365,0.0004240851094943882,0.00042408509934259463
614378876,1.51707013712174,0.1922553874229651,4.979623377275607,0.00023960246239338113,0.00023960245634019344
614378948,0.5243186138630552,0.1456650263332002,4.998053406400053,3.5996614068489185e-5,3.5996613010328926e-5
614379334,0.6717231894337228,-0.1307875080672214,4.9994500754385935,2.924724893064746e-5,2.924724820637319e-5
614379342,1.2303743778363356,0.12802939861338913,4.989822611619509,0.00011867633700705028,0.00011867633449901871
614379764,1.2343380391014158,0.2675312410630791,4.972327455363501,0.00020360584832489193,0.00020360584122302192
614379844,7.138780191436851,0.025333358842770118,4.9786073305580425,0.002046182530955682,0.0020461824749981403
614379967,0.5474729620886334,0.6528678221210537,4.988757957768477,9.44911119297841e-5,9.449111027881291e-5
614380386,2.7492714069442585,-0.6859542897124185,4.878804235488353,0.00018673243548028763,0.00018673243002081317
614380423,3.2003083879455954,-1.0296334536077183,4.965660466097798,0.00027503662936705016,0.0002750366202024723
614380597,0.6515559073760242,0.27301395274931595,4.999458359974255,3.655906116330933e-5,3.655906024620105e-5
614380677,0.7513872297734275,-0.023899666040346386,4.997046038228961,5.0620238533812914e-5,5.062023706219427e-5
614380730,0.34019202639514246,0.11352140333498002,4.999195041260092,2.3622777982446025e-5,2.36227772584137e-5
614380765,1.683890744111558,-0.515577060982778,4.998760447041051,8.66168526023021e-5,8.66168501208879e-5
614380829,0.7006914308285324,-1.2758270818368591,4.999881841126749,6.1869180430215785e-6,6.186917861503358e-6
614380853,0.5383584736295891,0.3610432961231828,4.995838868428154,9.224132355050353e-5,9.224132067278111e-5
614380917,3.1122938094901746,-0.41632482540381444,4.994425788252012,0.00027728641774633076,0.00027728640985269173
614381055,1.4083624434249995,-0.6172131556045763,4.999295967535869,3.543416697366904e-5,3.54341660614875e-5
614381063,1.7725070085631847,0.26180126060852943,4.859046901664792,0.0004471454403820141,0.0004471454270599856
614381100,1.0266686019277014,0.5763833765291401,4.998865567692775,0.00013273751437755386,0.00013273751205611405
614381119,1.1042582096296851,0.43967023826438967,4.998429552978599,0.00015748518654964017,0.0001574851827463421
614381135,2.1431304128845405,0.7489200543703596,4.950327302642198,0.0010000309345902152,0.0010000309060761911
614381493,1.4029810230885875,0.224920600887936,4.993166570150397,0.00017829572905798548,0.00017829572528215787
614381581,0.9931486591440223,0.32121947671709894,4.998755751956458,0.00011811388991223013,0.00011811388674975896
614381602,3.62757404752202,1.364429683702949,4.927074204387253,0.004492264946328486,0.004492264858927869
614381821,1.012080830226076,-2.5022950248836735,4.95319846309157,0.00012655059633453228,0.00012655059212369148
614381856,1.0022887598140708,0.45220994578439455,4.996785076124826,0.00010461515963654668,0.00010461515812974308
614382162,3.514416298537338,0.048514678778001225,4.55917859102378,0.001916257252052229,0.0019162571934645877
614382197,2.5755213179731045,-0.4353639387547819,4.955487024950958,0.0002418522507726617,0.00024185224230559714
614382330,1.4606067188774972,-0.6426778745186639,4.998229879087826,3.88088495425899e-5,3.8808849006324525e-5
61438239x,1.6570383533059927,-0.1275350597248541,4.998561041764682,0.0001243008079552517,0.00012430080490882442
614382488,0.14819587754092342,1.5157674637048657,4.998164470566333,4.049619082705033e-5,4.0496191026574096e-5
614382517,0.9057807261085796,0.4016578664218489,4.996048315816349,0.0001799830703424459,0.00017998306485871645
614382568,3.189934343308393,-3.450443486804324,4.820980972353468,0.00026941215841884875,0.0002694121521559705
614382832,0.8352007632902861,0.3599190879235512,4.974327918494402,0.00013948687951539557,0.00013948687463206935
614382840,0.38669898748330034,-0.7040125823362338,4.998606163847427,1.2373836086043157e-5,1.2373835699135148e-5
614382867,0.6753564400961782,0.9023587788051527,4.996846144856708,0.00014848603303251788,0.00014848602938318076
614382998,2.6718935385245697,0.20948359205024225,4.270452259680161,0.0012655059633453229,0.0012655059345605803
614383026,1.7574210398888808,-0.36910805517910816,4.951013865379454,0.00012711304342935241,0.00012711303958218908
614383114,0.614298017375335,0.5891741176528992,4.998492169033871,6.243162752503592e-5,6.243162594035143e-5
614383229,5.641035754621138,1.3356848026314625,4.598300681203686,0.010530696956317547,0.010530696725973367
614383368,1.9156550609800105,-2.2687869047454505,4.680791068151043,0.0006799985376375534,0.0006800000875635233
614383501,0.22084710985048478,1.7712953629197017,4.986127491308428,0.00010967718348992798,0.0001096771809947733
614383894,1.5295164085707422,-0.22142860299218206,4.9800764223000495,0.00011305186605884883,0.00011305186354288432
61438394x,0.45106845880619467,-0.1347448133702782,4.999581960645298,2.081054250834531e-5,2.0810541888926613e-5
614383966,1.656847992624783,0.3769475202100544,4.997818718621032,0.0002688497113240286,0.0002688497047514558
614384133,0.5874925522904897,0.5790058410509801,4.997965071295865,7.143078104215822e-5,7.143077924272285e-5
614384416,1.048852983891615,0.2702063813250085,4.997833009257192,8.94290880764028e-5,8.942908580740041e-5
614384854,1.9822838964244227,0.2070063848493461,4.996356248344543,0.0003374682568920861,0.00033746824757496243
614384977,0.18665116021984055,0.9466060578051867,4.999390330949804,3.1497037309928035e-5,3.149703634626714e-5
614385101,0.5944699039356238,0.33579873313039793,4.998467311309136,7.311812232661866e-5,7.311812012462859e-5
614385355,1.3002662131852583,0.40502517908487967,4.807157242521891,0.0003864011541414386,0.0003864011420623004
614385398,4.10548661874284,-1.6441006039817307,2.8384759041577032,0.002669936359111221,0.002669936248971195
614385478,2.0489823848020308,0.49125160143061,4.9516199135233325,0.0007694276257139563,0.0007694280304840652
614385531,0.39795266445787586,-0.2435431244750384,4.998383882781884,1.29362831808633e-5,1.2936282881533633e-5
614385566,1.8871539432770392,0.15869528181485051,4.996386303711488,0.0002249788379280574,0.0002249788330359648
614385582,0.5180869485965642,-0.07009539960935042,4.922827907634167,3.205948440474818e-5,3.205948342417998e-5
614385590,0.13497053721867214,1.5429356721456589,4.9991369555911245,3.205948440474818e-5,3.2059483670406703e-5
614385910,3.3856403631282785,0.8182765235647842,4.925981264091501,0.0019359429003709338,0.0019359428580515991
61438597x,1.6746431156723283,0.4041781320189082,4.995317285556588,0.00027784886484115087,0.00027784885950854395
614386163,1.674316414196482,-0.0089695904966919,4.996423870197736,0.00017098391682532363,0.0001709839124867887
614386374,0.774714395640209,-0.11949227690959452,4.999176405533048,3.937129663741004e-5,3.9371295638435045e-5
614386411,0.8939419620366944,0.2878919723720223,4.999191374579257,8.380461712820138e-5,8.380461497962354e-5
614386550,2.319914961289411,0.6482119543553642,4.530937109698798,0.0010872102342873373,0.001087210207453742
614386921,0.7647376298460974,-0.46750090576905057,4.9938307060277225,5.343247400791363e-5,5.3432472373400635e-5
614387078,2.3311446168345724,-0.4232576605586571,4.995858241751376,0.00012486325505007184,0.00012486325248034117
614387107,0.45624528197644465,0.33320411421547014,4.998935289870837,2.8122354741007175e-5,2.8122354364963015e-5
614387123,0.3784111694460254,-0.38706754541539257,4.999908426350995,5.624470948201435e-6,5.624470838883017e-6
614387529,1.1555353579822611,0.12121528354973873,4.998325211722002,9.84282415935251e-5,9.842823918378747e-5
614387713,0.9006177005665142,-0.4495862740549743,4.998052315744202,3.374682568920861e-5,3.374682470717546e-5
614387908,0.4801896067578872,1.0097830192806163,4.986494506707884,0.0001164265486277697,0.00011642654508375239
614387959,5.763109168768381,1.2841528801092585,4.724463720344948,0.008882726968494526,0.008882726798935913
614388046,2.085210765174655,0.23046352324604058,4.967444402929368,0.00038358891866733787,0.0003835889057196226
614388214,0.4338472358339436,-0.5988235969597919,4.999819226224992,8.999153517122296e-6,8.999153249265559e-6
614388505,1.2688216243156658,-0.5177604525935374,4.945239369736027,0.00014004932661021573,0.00014004932137679928
614388863,0.5392435031952473,0.24604561282342635,4.991284297413656,3.712150825812947e-5,3.712150728936616e-5
61438896x,2.9356020930979905,0.9376977306947719,4.518712594641707,0.0025113262783719404,0.002511326206966268
614389073,0.7719227961005447,0.10784094115716795,4.987195448347273,8.436706422302153e-5,8.436706122562163e-5
614389225,1.716065337609595,-0.1585652263238199,4.999261424144718,0.00010574005382618697,0.00010574005153690548
614389233,1.0847808372073313,-0.012894121877239732,4.997682538591635,0.0001203636782915107,0.00012036367461048538
614389399,0.708312742727264,-0.4672916590326791,4.99939583462119,2.924724893064746e-5,2.924724802934524e-5
614389428,0.9073020933718283,-0.055208059764532726,4.9994752681692765,5.118268562863306e-5,5.118268443295182e-5
614389436,1.1012272439044608,-0.46285136004395994,4.993818442593472,5.455736819755392e-5,5.4557366768962037e-5
614390082,4.040816103044639,0.40000405553068774,4.946089200381348,0.0012677557517246033,0.0012677557147321437
614390285,1.9415777228856697,0.6903661577978741,4.972396637484709,0.0006226289339658988,0.0006226289157033472
614390656,1.0823625746939134,0.09506294465077382,4.990110754787889,0.0002238539437384171,0.0002238539368372971
614390875,0.4619445435585693,-0.08794374756020654,4.9980470461870015,1.7435859939424446e-5,1.7435859526956386e-5
614390904,1.7146512055665137,0.13839998320215424,4.972607842860605,0.0002817859945048919,0.00028178598618928925
614391106,0.18831188357789339,0.9629076117004631,4.999648219912957,1.7998307034244593e-5,1.7998306720879977e-5
614391130,4.349814124240672,0.06365017359564859,4.893191763561569,0.0012401958440784165,0.0012401958066847317
614391149,3.945400031509538,0.12718105521359907,4.903232212355704,0.001183951134596402,0.0011839510988556168
614393013,1.7754160989924397,-0.14317204252801244,4.957563678627392,0.0003768395535294961,0.00037683954174592786
614393179,1.5912957224413626,0.18626163359307704,4.983356988772451,0.0002654750287551077,0.00026547502473999335
614393208,1.4173193782762736,-0.32820131457858964,4.994623827567514,0.00012598814923971214,0.00012598814534168378
614395393,1.1387674557879726,-0.08520737283369108,4.9989208661478095,5.624470948201435e-5,5.624470819667391e-5
661251413,0.5920182305212404,-0.47631533520888925,4.972662751766485,3.374682568920861e-5,3.374682468027831e-5
661251974,0.7681724730710273,0.13331767879445286,4.99965744871677,4.668310887007191e-5,4.6683107851524444e-5
661252387,0.334115764680625,0.2593433092570864,4.995970853822813,1.6873412844604303e-5,1.6873412452311728e-5
661252483,0.3806183240686001,-0.9126712553412201,4.982333731358413,1.2373836086043157e-5,1.2373835603653562e-5
661253734,0.4908095626739141,-0.07195076512513228,4.979318863279063,3.487171987884889e-5,3.487171911933221e-5
661253961,0.3476692471777899,-0.1303797181145644,4.995461648438427,1.3498730275683443e-5,1.3498729952757702e-5
661254243,0.4742749357868872,-0.736701148792538,4.999932245125424,5.624470948201435e-6,5.624470815982989e-6
661254374,0.4998256125078822,0.4612790735742044,4.9993650643507985,4.274597920633091e-5,4.2745978265292644e-5
661255262,0.35494251891600004,0.3057552552269566,4.999825314776161,1.8560754129064736e-5,1.8560753686345713e-5
661255756,1.2960864099849734,-0.3329913932036721,4.999561329733175,5.5682262387194207e-5,5.568226114313307e-5
661256759,0.9180571353585428,0.1359479910583102,4.999477818016559,6.636875718877693e-5,6.636875573520445e-5
66125709x,0.27128193738999057,0.032739071466951146,4.998509133448894,1.0124047706762582e-5,1.0124047514060134e-5
661258164,0.23519646543819078,0.34542032873971,4.9900117312273915,2.0248095413525164e-5,2.0248094917105215e-5
661258199,1.1598991988724465,0.3097899773084243,4.9887340110627045,0.00014286156208431644,0.00014286155765280462
661258789,2.799777644073177,-0.3614437830374704,4.99774399078858,0.00019741893028187035,0.00019741892515400512
661259116,0.2739921152167728,-0.18374353892256334,4.999689577207172,6.1869180430215785e-6,6.186917840143307e-6
661264185,0.20044291527531108,0.3933632403177286,4.999833969235084,7.311812232661865e-6,7.311812132219133e-6
661264441,0.4771154973831135,0.3427891961139896,4.997399713876028,3.5996614068489185e-5,3.5996613614872556e-5
661264492,0.9108845943778243,-0.21608700769681705,4.998824386447409,3.655906116330933e-5,3.6559060494893613e-5
661264652,0.6109882335796291,0.12179152369152338,4.999627151764776,3.824640244776976e-5,3.8246401512965236e-5
661265516,0.46923210549389843,-1.043098673648425,4.999764722154907,5.624470948201435e-6,5.624470777170198e-6
661266287,0.41385711663560837,-0.5569580363130906,4.995162379524964,1.462362446532373e-5,1.4623624181151563e-5
66126779x,2.2650568241010434,-0.27459627196810155,4.906832358952671,0.00038133913028805727,0.00038133975342162166
661268442,0.5704515858020093,0.18493352148969527,4.9596996194961624,5.624470948201435e-5,5.6244707932072093e-5
661268848,0.9236795461568267,0.24575013407060192,4.98825481651199,0.0001203636782915107,0.00012036367522326363
661269058,1.0206952453224176,0.03951427628338544,4.99915789295449,5.961939205093521e-5,5.961939119677962e-5
661269269,0.3710610464060262,-0.9031360062966876,4.992026311928845,1.2373836086043157e-5,1.2373835696085336e-5
661269656,0.2234618769301339,0.7146416759339853,4.999857318515664,1.7998307034244593e-5,1.7998306603396263e-5
661270550,0.18165135355859874,0.539264181439836,4.99989996088256,9.56160061194244e-6,9.561600356893362e-6
661271166,0.3991341375003969,0.865812596590513,4.995789731011778,7.030588685251794e-5,7.030588918204303e-5
661271406,0.5449742330559506,-0.7930815725903015,4.997460083570111,1.5186071560143873e-5,1.518607250280709e-5
661271588,0.928250687258694,-0.18402116668689303,4.987887740426062,8.94290880764028e-5,8.942908520840769e-5
661272214,0.776706237725302,0.30866401460839904,4.999472727576232,6.86185455680575e-5,6.861854404330665e-5
661272281,1.2456144547940837,-0.165042140999407,4.999263716203111,7.086833394733808e-5,7.086833223280744e-5
661272476,0.5595971012357996,-0.34981532905194784,4.999467428269219,1.2373836086043157e-5,1.2373835751735838e-5
661273145,1.561641994169071,0.2785734543395305,4.985743730581595,0.00026322524037582717,0.00026322523373675317
661273516,0.19721814732642584,0.6963284850394057,4.9998378333886455,1.5748518654964018e-5,1.5748518224826904e-5
661273903,0.6399044451755885,0.45816451870654723,4.997991640942724,6.243162752503592e-5,6.243162638376175e-5
661273997,0.3080898606439489,0.08706496293917945,4.999752857901706,1.2373836086043157e-5,1.2373835748689533e-5
661274201,0.1320389704037812,1.0683754779471042,4.999647911164061,1.2373836086043157e-5,1.2373835814485245e-5
661274711,0.332880569102539,0.15620229145526016,4.999648783770056,1.124894189640287e-5,1.1248941689836848e-5
661275650,0.06990073570529022,0.6864092069552898,4.996676943184513,6.1869180430215785e-6,6.186917856907584e-6
661275749,0.12383610334933985,0.9125518330428776,4.998302519120845,1.3498730275683443e-5,1.3498729801607744e-5
661275773,0.8856725191244939,0.06878984082241986,4.991847589285512,6.693120428359708e-5,6.693120279648372e-5
661276637,0.9915225348779186,0.033087271991373436,4.998847018507095,6.636875718877693e-5,6.63687557245082e-5
661277445,1.164869364516817,-0.17550575220660874,4.999567555195138,5.849449786129492e-5,5.8494496512579734e-5
661277656,0.28451111174505456,0.21756708628960322,4.999800253905749,1.2373836086043157e-5,1.2373835755621428e-5
66127771x,0.2577946504747009,-0.4920799594772066,4.999555374029689,6.749365137841721e-6,6.749364930976947e-6
66127907x,1.2337999017226726,-0.09616423586705121,4.985262714048805,0.00010124047706762583,0.00010124047396664951
661279459,0.4528251049939024,0.16223009106555092,4.999833248217859,1.6873412844604303e-5,1.68734125895444e-5
661279803,0.5227038984504266,0.30965031927945,4.996714417675844,4.4433320490791335e-5,4.4433318993861226e-5
661279897,0.5766247714381012,0.3766258060459258,4.999444749530432,4.8932897249352485e-5,4.893289627566753e-5
66127990x,0.15379277876609174,1.6462868601742602,4.999408118697239,4.4433320490791335e-5,4.4433319405986516e-5
661280337,0.5466976811271262,-0.23673043241362288,4.992874732737221,2.081054250834531e-5,2.0810542035630138e-5
661280716,1.470148105079647,-3.1478165036538535,4.975665731316833,3.937129663741004e-5,3.937129492350711e-5
661281161,2.41905755576185,-0.44501703254262565,4.970070100551879,0.00013667464404129486,0.00013667464011399107
661281284,0.1690508062729143,0.16795205700047133,4.99938872056393,7.874259327482009e-6,7.874259089538512e-6
661281778,0.27688000139481356,-0.2788072723595317,4.9997937645121,4.499576758561148e-6,4.499576666933378e-6
661281954,1.0466969211815331,-1.0913547728398583,4.999694465313622,1.6873412844604303e-5,1.6873412335006087e-5
661282201,0.8818546014006508,0.8209525657804255,4.998661126040883,0.0001563602923599999,0.00015636028947680077
661282543,1.4428294622083535,-0.06734556219192965,4.999215200784587,0.00010461515963654668,0.00010461515724515409
661282666,0.1530367025995847,0.9052168188422334,4.994395177933641,4.387087339597119e-5,4.387087202732983e-5
661282869,0.7105606733561618,0.22310172242504117,4.994807868787645,5.399492110273377e-5,5.3994919990775644e-5
661283108,1.1433394682116347,0.4920943230707427,4.997729727193937,0.00018560754129064736,0.00018560753674270506
661284274,0.49887945591096755,0.5552074462442607,4.999363121152609,5.849449786129492e-5,5.849449627872228e-5
661284733,0.7471416046772316,0.1246471151400986,4.9917961257386105,8.099238165410066e-5,8.099237914222194e-5
661286181,0.7932468432272912,-1.0496601663796035,4.999735690008651,8.436706422302152e-6,8.436706210367248e-6
661286210,0.581235080056514,0.13777050584153624,4.986902326187022,3.7683955352949614e-5,3.7683954636666475e-5
661286528,0.3864774532458154,-0.7928958115078684,4.9998621281287035,4.499576758561148e-6,4.499576629735642e-6
661286640,1.1097830193764264,-0.49161599601470163,4.986449145547307,7.199322813697837e-5,7.199322671385632e-5
661287571,0.8672876318786902,-0.0388816994440908,4.997179791459582,7.199322813697837e-5,7.199322598982347e-5
661287803,0.37999933266364283,0.33839732782425047,4.9952451893718735,2.6997460551366886e-5,2.6997459935559598e-5
661287811,0.30507044624830276,1.331262434940715,4.995634597804996,6.749365137841721e-5,6.749365011007397e-5
661288080,0.5113768046893796,0.32543071195092504,4.999760559015125,3.262193149956832e-5,3.2621930788223906e-5
66128870x,0.5699497651782034,-0.19258443724621607,4.994150900798835,3.5996614068489185e-5,3.5996612917984025e-5
661288726,0.5141304606902252,-1.1537958609121457,4.999898824349331,3.3746825689208607e-6,3.3746824964025195e-6
661289614,0.5669326728829126,0.03969316226854562,4.9844895986544016,2.924724893064746e-5,2.9247248218784783e-5
661289649,0.07951239017521466,0.022607687916262477,4.999986255496221,1.124894189640287e-6,1.1248941612366095e-6
66128969x,0.17972045249657137,0.6638172653892138,4.969476571405807,4.780800305971219e-5,4.780800155365707e-5
661290682,0.7053607851779237,0.6790072912800061,4.9964533820383465,0.0001074273951106474,0.00010742739229103581
661291394,0.5731773820193549,-0.2530196247277293,4.9997846479220005,2.0248095413525164e-5,2.024809486591699e-5
661292290,0.2498348551422762,0.5364272254417717,4.999779029359987,1.968564831870502e-5,1.968564778071479e-5
661292397,2.1062722373366696,-0.32230532037368453,4.9992069220607815,0.00011305186605884883,0.00011305186359188945
661292768,0.5882469686381947,0.25208805180997435,4.99938013014038,3.88088495425899e-5,3.880884870463879e-5
661292813,0.6668285642057249,-0.22216274488505086,4.999759800604523,2.4747672172086314e-5,2.4747671508291008e-5
66129283x,0.6857902137054618,-0.17375868664540495,4.9989134024900945,3.093459021510789e-5,3.0934589358428934e-5
661292995,0.5450006413394836,0.4715335325156942,4.998123028878565,5.624470948201435e-5,5.624470820322483e-5
661293015,0.6875038868118856,0.11537775488523201,4.99545647907001,4.6120661775251764e-5,4.61206607610208e-5
661293891,0.3628386800091118,-0.2213827533216972,4.999559324624378,7.874259327482009e-6,7.874259141717541e-6
661294640,0.2545629533882967,-1.0641080056705976,4.999965699801053,1.6873412844604303e-6,1.6873412338387838e-6
661295467,1.5552101321357583,-0.3402090288272587,4.9463812837211965,0.00014004932661021573,0.0001400493231708598
661295985,2.4475516367575874,-0.06291054811054883,4.987914693329389,0.000282348441599712,0.00028234843422578887
661296398,0.700563754505429,-0.11005475143688906,4.995718273960938,2.8684801835827318e-5,2.86848011841095e-5
661297585,0.9282681851984116,0.06360799256631935,4.998494566364392,9.224132355050353e-5,9.224132084992082e-5
661298422,0.09516791077829417,-2.140429296665114,4.991643410951732,8.999153517122296e-6,8.999153282727472e-6
661298801,0.5415718954481706,-0.26133171684037854,4.99966314490647,1.3498730275683443e-5,1.3498730006107506e-5
661298895,0.9701540522918013,0.1331783565242167,4.994142976990113,7.76176990851798e-5,7.76176974739062e-5
661298983,2.4605601410792186,-0.7775389090406012,4.990864161475898,0.00014286156208431644,0.00014286155751335667
661352011,1.1184641289243022,0.30674615212789297,4.996899645090066,0.0001124894189640287,0.00011248941758722103
66353998x,0.5303039920946359,0.18453661116407413,4.894244288010334,0.00016873412844604306,0.00016873412258767441
664501203,0.49892415842658216,0.2980014568966629,4.9992605669564645,3.487171987884889e-5,3.487171914162538e-5
664502724,1.0013200207294846,0.15523786365960163,4.981582667738027,0.00010517760673136683,0.00010517760397451302
664503612,1.218374405304309,0.5919120547837341,4.99593259787357,0.00021935436697985596,0.00021935436385796185
664504607,0.17673529047224718,0.38011245188731096,4.999719556157228,7.311812232661865e-6,7.31181207784911e-6
664506397,0.1431234184105068,1.6956769868585506,4.998854512643651,3.712150825812947e-5,3.7121507791649874e-5
664507197,0.7631970615578134,-0.20309609358034889,4.999080990741227,2.7559907646187032e-5,2.7559907082273306e-5
66450739x,1.7591286626405083,0.3616322626385803,4.931665986572827,0.000368402847107194,0.0003684028386153221
664507859,0.4818569115208879,-0.6166642677909449,4.996477855582546,1.912320122388488e-5,1.9123200622061623e-5
664508050,0.7156365709285694,0.610543089977713,4.995074912819943,8.999153517122296e-5,8.999153325585157e-5
664509205,0.21000798867944032,0.7814668487636836,4.995759623255208,3.1497037309928035e-5,3.149703669419799e-5
66450931x,1.3867851649885183,-2.946003564664525,4.926364180334626,0.00014567379755841715,0.00014567379379623962
664509993,0.46980917534288114,-0.5589447184173489,4.998592127393765,1.6873412844604303e-5,1.6873412313987754e-5
664510281,0.4699372248442602,-0.405668276453013,4.990433064824749,1.6873412844604303e-5,1.6873412411964387e-5
664510417,1.0572954095963238,0.4753188368624996,4.961915457315803,0.0001788581761528056,0.00017885817142474525
664510839,2.0032017901026458,-0.39852744477557983,4.998671137464911,8.549195841266181e-5,8.549195632174209e-5
664511399,2.4599793460655754,-0.276810474780222,4.997931805462191,0.00014286156208431644,0.00014286155867287916
664512500,0.30273174244677536,-0.7623498595545248,4.999630157868589,5.624470948201435e-6,5.624470775806819e-6
664512893,1.2941965123077943,-0.7582521555945406,4.999714582817761,2.8684801835827318e-5,2.868480115477956e-5
664513597,0.441434559767253,0.14365917911496612,4.999661314469423,2.249788379280574e-5,2.2497883226885422e-5
664513642,0.40738949469140945,0.5976887789028966,4.998128353954947,3.712150825812947e-5,3.712150750602065e-5
664513677,0.6405817218302657,0.155847233023736,4.998549182154233,3.374682568920861e-5,3.374682504850784e-5
664513722,0.4224334419807998,-0.11607470943669033,4.998995042280759,1.29362831808633e-5,1.2936282806257776e-5
664513781,0.5479644267657461,1.1479686332833228,4.99797448530674,0.0001552353981703596,0.0001552353949415897
66451408x,0.3404272792470672,0.43728208170678384,4.998115259428568,2.249788379280574e-5,2.249788320789891e-5
664514573,0.7744924124499872,-2.3481083443243556,4.966668555419283,0.00011305186605884883,0.00011305186227118001
664514602,0.9246041033427738,0.22111341302817317,4.99564809594902,9.786579449870497e-5,9.786579219965211e-5
664514872,0.6686762292597859,0.053974767750275134,4.993648378530118,5.624470948201435e-5,5.624470800878891e-5
664515103,1.0668901587515163,0.5892104527288617,4.997506834714403,0.00017548349358388477,0.000175483490089498
664517045,0.760167210003117,0.4199739282413124,4.999094151922344,9.280377064532368e-5,9.280376820249436e-5
66451803x,1.965735962403003,-0.5278805798907695,4.99931210396703,8.15548287489208e-5,8.155482676486734e-5
664518187,0.858237678420893,0.22073354634503492,4.99843405025934,6.186918043021579e-5,6.186917919135959e-5
664518427,0.42847942993070925,-0.3371828773015596,4.997039522292701,1.5748518654964018e-5,1.5748518335350863e-5
664518689,1.9419266181692925,-0.16206837540754487,4.989818439539625,0.0001631096574978416,0.000163109652660388
664518865,0.6306823829296397,0.12214301335552377,4.999596007154199,4.105863792187047e-5,4.105863684643072e-5
664518937,0.937812875323743,0.5132349565064281,4.997596737617215,0.00012373836086043157,0.00012373835829379383
664519606,0.5240987433071692,-0.48849615520217926,4.999773858076196,1.4061177370503587e-5,1.4061176959393917e-5
664519809,1.052895450857904,-0.508231194489956,4.993169163886283,4.049619082705033e-5,4.049618989295285e-5
66452080x,0.43705029056409367,-0.40529529189988817,4.999930894884319,7.874259327482009e-6,7.874259153380123e-6
664523293,0.6420946393267492,-2.748717439953004,4.924441836505764,6.243162752503592e-5,6.243162534011175e-5
664523621,1.3023193256012595,0.39163964374060234,4.857002691019847,0.0004443332049079133,0.0004443331963539657
664524923,0.08743107916229798,0.3611475050191479,4.999967046041459,2.249788379280574e-6,2.2497883210479166e-6
664525491,0.8750550381373449,0.34231989909581106,4.986914688542363,0.00013498730275683443,0.00013498729932063597
664526152,0.9626912628779019,0.15467836326057277,4.996552908716262,7.311812232661866e-5,7.311812026160044e-5
664526515,0.2734582386999936,1.4892971484776747,4.988018924203034,0.00010574005382618697,0.00010574005039541739
664527286,0.49928495630701397,0.6143207695561756,4.994656669198715,6.074428624057549e-5,6.074428432852812e-5
664527446,0.6169156241298844,0.6626122137802943,4.997699291063295,6.749365137841721e-5,6.749365018123903e-5
664527833,0.30273280751566606,-0.6092390022766071,4.999524634308364,5.624470948201435e-6,5.624470778483129e-6
664528246,1.7387387154946317,-0.24071401034624626,4.9519042755069265,0.00013386240856719416,0.00013386240492202487
664528529,0.6281911932397812,0.16422991439375936,4.9981974344336155,4.6120661775251764e-5,4.612066273869874e-5
664529388,0.695222172292987,0.46573575102746956,4.998730819724793,6.805609847323736e-5,6.805609698811094e-5
664529433,0.7566422206194362,-0.6601659384603724,4.998166854549955,1.912320122388488e-5,1.9123200660020463e-5
66453067x,0.08877741973200699,1.030523928779474,4.999034260850559,1.124894189640287e-5,1.1248941553712443e-5
664530768,0.16794960548315982,1.646084373030287,4.997271623628119,4.2183532111510764e-5,4.218353131879622e-5
664532202,0.4736877144765035,-0.8916514481320561,4.943181437394295,1.631096574978416e-5,1.631096524121033e-5
664533846,0.9318123146498575,0.42378160802313597,4.998504889885761,0.00014061177370503587,0.00014061176990195516
664533854,1.1185209071202815,-2.799839550870253,4.9663028926133395,9.111642936086324e-5,9.111642632905753e-5
664534259,0.3088067467391788,-2.5669637099444484,4.994175808522388,1.5748518654964018e-5,1.574851813094827e-5
664535219,1.1478225302699074,-0.07830525143195934,4.982382218066011,8.886664098158267e-5,8.8866638940869e-5
66453665x,0.4962510837894499,-0.0318506753149145,4.99890316958726,2.5310119266906457e-5,2.531011857548778e-5
664536721,0.4009364245106628,0.7268382081962725,4.99960024752093,3.824640244776976e-5,3.824640184047501e-5
664537206,0.5764088803935672,-0.3350370973587268,4.999194303180618,2.1372989603165453e-5,2.1372988970665548e-5
664537951,0.6978968642499351,0.6381792427241935,4.9990072396553025,0.00010124047706762583,0.00010124047463140617
66453796x,0.5986595937406638,0.4462470982263037,4.998333624134402,5.5682262387194207e-5,5.56822611582442e-5
664538030,1.0918869327053538,0.2847583718763659,4.9899894908989655,0.0001602974220237409,0.00016029741740481316
664538129,1.6520892854492752,0.39366353820228767,4.995264743460366,0.00029528472478057533,0.0002952847178819029
664538858,1.7133290428342443,-0.11833060419220534,4.867716913654206,0.00028684801835827316,0.00028684801893251954
664542283,0.25733684963911574,-3.0923550155333266,4.99709570037233,6.1869180430215785e-6,6.186932144912123e-6
664542478,0.8744022032948062,-0.66695263336665,4.999483268500671,1.5186071560143873e-5,1.518607113855128e-5
664546428,0.4358737979923575,-0.053923388754477976,4.998916114978145,1.6873412844604303e-5,1.6873412287335087e-5
664546604,2.5174679054258737,-0.022415781610949075,4.9952313797025925,0.00026322524037582717,0.0002632252361786362
664547105,0.17659174427703098,0.24001269705070527,4.999931276958516,5.624470948201435e-6,5.624470816097814e-6
664547623,3.6955658757746637,-0.06229249133194692,4.990336612835,0.0006805609847323736,0.0006805609652466007
664547834,0.5102320054794548,-0.1229963253414117,4.999699929881275,1.8560754129064736e-5,1.8560753633554097e-5
664547850,0.48885634546789025,-0.07023272229689918,4.9997857381916395,1.2373836086043157e-5,1.2373835960918427e-5
664548044,0.8837645093521348,0.3654247167715326,4.997875226871068,9.84282415935251e-5,9.842823944010954e-5
664548108,0.6652346283660988,0.44307253387384254,4.955346674994583,0.00011811388991223013,0.00011811388579003934
667850441,1.9891178513708214,-3.9362176464785863,4.867109240261443,0.00012373836086043157,0.00012373835804610546
667851719,0.42491232253700806,0.080862835181751,4.999433261340148,1.912320122388488e-5,1.912320078447972e-5
667851962,0.3594164659484266,0.3897369086935939,4.98367704890857,2.8122354741007175e-5,2.812235396169238e-5
667852746,2.322692745774264,-0.5023729426258852,4.996226226105348,0.00012373836086043157,0.0001237383577779311
667852922,1.0030865392333723,-0.5376229898925378,4.997403091014366,2.6997460551366886e-5,2.6997459995438623e-5
667853503,0.8193212449736267,0.601085279977703,4.997508231162136,0.000129362831808633,0.0001293628287181228
667854469,0.8469866103493989,0.23298332943809458,4.982195079965385,8.999153517122296e-5,8.999153310390435e-5
667856579,1.1653411821033008,0.19354376030240783,4.9946658419773335,0.00012598814923971214,0.0001259881459435045
667857694,0.3532078306100102,0.7281291495308788,4.999634906975402,3.937129663741004e-5,3.937129578623435e-5
667857985,0.6305370081718621,-0.19910298477418986,4.999141903982151,3.3184378594388464e-5,3.3184377599111985e-5
66785846x,0.47533682314624454,-0.27555843603086083,4.983704309541227,3.0372143120287746e-5,3.0372142206633757e-5
667859366,1.5360302199043447,0.17567777034130733,4.997022162000076,0.00014061177370503587,0.00014061177125457904
667859948,0.9715879191021731,0.9912626264511054,4.995884211311473,0.0003385931510817264,0.0003385931431018825
667860252,0.2547976282623441,-0.06484095158755726,4.999818426953069,5.624470948201435e-6,5.624470845521272e-6
667860519,0.1743028200295595,0.947072989503672,4.998046575767086,2.0248095413525164e-5,2.024809504667668e-5
667860535,0.07951238155011656,0.10699078678629796,4.999989530031083,1.124894189640287e-6,1.1248941631397803e-6
667861888,0.48208715940434854,-0.20709691208821335,4.999104502250272,1.7998307034244593e-5,1.7998306554341705e-5
667862071,0.4080446732039874,0.042359813043170054,4.999315433840132,1.5748518654964018e-5,1.5748518154172213e-5
667863672,4.920668402936482,-0.5446179371486027,4.71102425863365,0.0008993529046174094,0.0008993528873980732
667863760,0.5973534524211207,0.2944364776512933,4.9987185947707475,4.049619082705033e-5,4.049618969412535e-5
667864077,0.6269475749726175,-0.33605073758256376,4.999889340945689,1.5186071560143873e-5,1.5186071229465456e-5
66786494x,0.49942307899649674,-0.9750586594987654,4.993515193044377,1.124894189640287e-5,1.1248941640537884e-5
667866355,1.879738649304564,-0.5140755262389829,4.995043731109304,0.00010405271254172655,0.00010405272589811676
667867534,0.6156057369800434,0.47409961817570156,4.999200068472588,6.130673333539564e-5,6.130673206026542e-5
667870821,0.3813161082374105,0.31186767152097,4.999635014548527,2.8122354741007175e-5,2.8122353942228502e-5
667871592,0.10009863761494539,1.5274868856275172,4.999577052267465,1.5186071560143873e-5,1.5186071146750573e-5
667871728,1.511791963462419,-0.6905860775072931,4.995685711939428,4.837045015453234e-5,4.837044886171099e-5
667871891,0.2713597146485625,-0.028089463454839158,4.999895420046557,6.749365137841721e-6,6.749364982505125e-6
667872077,1.6948738756096842,-1.099188538986699,4.988325905891955,5.624470948201435e-5,5.624470837264544e-5
66787251x,0.5825724257424215,-0.6449482116919005,4.998030832881357,1.124894189640287e-5,1.1248941601542135e-5
667872747,0.7353007131197251,-0.3729743819595316,4.996900162337256,4.724555596489205e-5,4.724555451687314e-5
667873459,2.0721212972144323,1.0410626723358414,4.983961767119578,0.001124894189640287,0.0011248941672781488
667873707,0.6441256798009564,-0.6417442627708845,4.999566511798676,1.124894189640287e-5,1.1248941654375314e-5
66787390x,0.8420773969631259,-0.0030047389007737168,4.999362655992496,3.7683955352949614e-5,3.768395439925995e-5
667874152,0.48074499081693517,0.923640091132347,4.9823656481752785,9.955313578316539e-5,9.955313262927292e-5
667874304,0.618100637591124,0.36413113538042435,4.978326850356592,0.00012767549052417258,0.00012767550088442836
667874320,2.5562673640295,0.1681658455731283,4.988968598726103,0.000372339976770935,0.00037233996921062274
667874531,0.24966329186657357,0.08570885058727273,4.999306512071867,1.124894189640287e-5,1.1248943501989608e-5
667875446,0.5905015389262667,0.020888528068537693,4.996821849185206,4.499576758561148e-5,4.499577185365661e-5
66787681x,0.7716744539725607,-1.133243150247242,4.998971759880449,7.874259327482009e-6,7.874259063769902e-6
667877580,1.271821827126096,0.4340006830471891,4.998053273253954,0.00020473074251453223,0.00020473073802009992
667877847,1.103019400225692,0.5894416189448232,4.995822769524127,0.00021822947279021568,0.00021822946756575788
667878380,1.1569640049698082,-2.8390479451426196,4.943768356637299,0.00013386240856719416,0.00013386240354060702
667878719,2.4415474191681437,0.939678692274241,4.982197561502735,0.0012486325505007185,0.001248632525678744
667878866,1.4637794119084335,0.014557028439443091,4.995210379479623,0.00012598814923971214,0.00012598814648198176
667879367,0.5126575811566371,0.5642394198371814,4.999482455007394,5.624470948201435e-5,5.624470813797968e-5
667879711,0.8536055001705055,-0.40888896738071273,4.999380117319234,2.7559907646187032e-5,2.7559906967237917e-5
667879818,0.09549137876308392,1.5810208571255673,4.999783840596337,1.3498730275683443e-5,1.3498729932044206e-5
667879973,1.452034864287896,-0.7551041250710966,4.999623076947376,3.824640244776976e-5,3.824640144515029e-5
667880464,0.7252510632364987,-3.5036196714619137,4.967657331556804,4.499576758561148e-5,4.499576757149766e-5
667880886,0.0922415342557065,1.0725007313148471,4.99441675342287,1.2373836086043157e-5,1.2373835706837365e-5
66788123x,2.3782968987210515,-0.2537415856595449,4.994060563615296,0.0001631096574978416,0.00016310965431178426
667881416,1.6692468744131466,-1.1944819923552734,4.9786393155404,5.849449786129492e-5,5.8494496006029854e-5
667881715,0.035341831465622975,0.9718160067260874,4.999964373896393,1.124894189640287e-6,1.1248941581728966e-6
66788211x,0.6680464499035804,0.3493690771907841,4.9994426677493555,4.837045015453234e-5,4.8370449215336864e-5
667882961,0.10294398026903696,1.445647451833673,4.999499371394808,1.3498730275683443e-5,1.3498730025119698e-5
667883526,2.0182435615651184,-0.5801333485382087,4.978736077330907,0.0001692965755408632,0.00016929657023741874
667884254,0.14862451725183914,0.6540657975809745,4.999761645538162,9.56160061194244e-6,9.561600348920859e-6
667884270,1.4885839722608194,-0.45404240547791047,4.99722396170126,6.411896880949636e-5,6.411896713647034e-5
667884879,0.5959477977124124,0.46704802971483206,4.999425589984076,4.949534434417263e-5,4.949534351757968e-5
66788502x,0.7045270213169639,0.2527518820825777,4.998740014970773,7.649280489553951e-5,7.649280265949158e-5
667885193,2.910337255664506,1.0846766511420043,4.855939905075229,0.002249788379280574,0.002249788337474298
66788561x,0.5241118944886439,0.4043607956580672,4.999715770010352,3.88088495425899e-5,3.88088486947837e-5
667886276,1.2243844692749977,-2.5652517999944537,4.950251576025888,0.00016873412844604306,0.00016873412279280603
66788676x,0.9563918448497644,0.5062737465816879,4.997593108068463,0.00012767549052417258,0.00012767548842182837
66788756x,0.8557991837411697,0.9522112486808514,4.993961000082701,0.00034196783365064725,0.00034196782367485124
667888714,2.2139163907790285,-0.631670611233238,4.98763900183436,0.00010967718348992798,0.00010967717974803829
667888730,2.5207745621278637,-0.42817131076582304,4.998585707379229,0.00015186071560143873,0.00015186071200577796
667889127,0.6810212400456984,0.060327818270461284,4.9997540909904234,3.374682568920861e-5,3.374682495436772e-5
667889274,0.4395148662371167,0.7278295763581086,4.991891420710179,5.9056944956115064e-5,5.905694524391144e-5
667889346,1.8714745114180196,-0.0637282197024673,4.997486136636128,0.00014004932661021573,0.0001400493231230006
66788940x,0.5820193018810353,-0.31562706714633226,4.999729419980377,1.6873412844604303e-5,1.687341239299558e-5
667889493,0.550264606681973,-0.10442265961228099,4.997710008476075,2.6997460551366886e-5,2.6997459869177283e-5
667889653,0.8343716297663749,0.96278041934339,4.996286866232512,0.0002564758752379854,0.0002564758691060827
66789169x,0.40804355328165914,0.04475770947516573,4.999397871991446,1.5748518654964018e-5,1.5748518310704458e-5
667891710,0.44955817644062757,-0.10644646187980737,4.999853923270267,1.2373836086043157e-5,1.2373835804163531e-5
667892860,0.7852259478708045,0.16512385742130314,4.994650654462728,5.5119815292374064e-5,5.511981433361693e-5
667894057,0.32524609999012666,0.25802316106684187,4.999239988803148,1.3498730275683443e-5,1.3498729884894637e-5
667894794,1.8701685124713732,-0.47516085428126187,4.998016252351497,7.199322813697837e-5,7.19932272556408e-5
667896052,0.7555828964727229,-0.2392857718536022,4.99920667839381,3.1497037309928035e-5,3.149703650414497e-5
667896108,0.6745171801706948,-1.3264423188056438,4.99827402941922,5.624470948201435e-6,5.624470790366895e-6
671751147,0.3074068064668095,-0.06078195136915356,4.9929866468571955,1.3498730275683443e-5,1.349872989361482e-5
671752385,0.27855296093696585,0.3121404791949905,4.99988048476278,1.29362831808633e-5,1.2936282886260567e-5
671752692,1.3565751278347205,-0.08240624466387791,4.968914855350226,0.00013948687951539557,0.00013948687502202066
671754022,2.752833241727361,0.732310427959683,4.3816230329269255,0.0015456046165657543,0.0015456045745083332
671755252,0.19544208415586148,0.7112837315767616,4.999850784536904,1.3498730275683443e-5,1.3498729986748477e-5
671755543,0.11830221198596125,1.4656215785838138,4.999807680239674,2.3060330887625882e-5,2.306033032409079e-5
67175564x,0.46011790973980865,0.24741845096653908,4.998637279351633,2.249788379280574e-5,2.2497883322650456e-5
671755826,0.4361004247640319,0.01785012201532781,4.997148383503385,2.8122354741007175e-5,2.8122353868870028e-5
671755850,1.4651774773337911,0.19859517055880813,4.997510483403791,0.00020866787217827323,0.0002086678663374854
671757581,0.23002982469900024,1.6901795190188889,4.999134956540159,9.336621774014381e-5,9.336621561756796e-5
671762751,0.4610015942368597,-0.12490688445051705,4.99493241117595,3.487171987884889e-5,3.487171879289419e-5
671763551,0.5099604923694125,-0.38045621157121545,4.999836711214092,8.999153517122296e-6,8.999153409400476e-6
671764570,0.6581140448530852,0.04238200199001539,4.990949567016837,5.5682262387194207e-5,5.568226041509335e-5
671764693,0.5281825158726728,-2.8519440360822084,4.971212375404346,4.724555596489205e-5,4.72455547935983e-5
671765039,0.5848240113688246,-2.279907744086646,4.998759792035037,3.9371296637410044e-6,3.937129542241736e-6
671766365,0.9307417969710408,-0.2828126725611176,4.9995571487104815,4.162108501669062e-5,4.1621083876987834e-5
671767325,0.603450797534351,0.38996076279595987,4.973360474654687,7.480546361107908e-5,7.480546412895764e-5
671769590,1.6243157733591653,-0.5943020063983122,4.999624579834624,5.0620238533812914e-5,5.062023736770766e-5
671771180,0.2579835511742421,0.3446240451791455,4.999519587827294,1.124894189640287e-5,1.1248941574122546e-5
671771295,1.1246197040180426,0.22320011483749744,4.999205067407577,0.00010405271254172655,0.00010405271048217274
671771949,1.7606405400412266,-0.6251131905816757,4.989960785243419,6.186918043021579e-5,6.186917910089514e-5
671773493,0.7335983104466135,0.45191205157335557,4.9937770575685265,8.549195841266181e-5,8.549195643030073e-5
671773530,0.7330657755696965,0.37091398533562886,4.988323964910751,8.774174679194238e-5,8.774174563676574e-5
671776694,0.9482576064775159,0.5835132681557778,4.995541932966566,0.00013892443242057543,0.0001389244296389134
671776803,0.20120268933497046,0.6856844768123097,4.999582350145788,1.2373836086043157e-5,1.2373835742774935e-5
671777486,0.5509578998543706,0.5116614003980643,4.99029197128182,4.949534434417263e-5,4.94953430980103e-5
671779334,0.6303158482455754,0.2793149551347177,4.998507980033851,4.499576758561148e-5,4.499576651133536e-5
671779561,0.4803389698071656,0.3648156009009636,4.999413730320275,2.924724893064746e-5,2.924724855968226e-5
671779676,0.9321479640522727,0.30111808040793264,4.98799044854872,0.0001074273951106474,0.00010742739256902125
671779967,0.20983469052034162,-0.6964112685468548,4.999952624078981,2.249788379280574e-6,2.2497883118030394e-6
67178001x,2.0092797709650285,-0.6854035968110008,4.986506780796025,8.605440550748195e-5,8.605440254913858e-5
671780028,1.8944288919244385,-0.21551517667139902,4.993000012918804,0.00012486325505007184,0.00012486325210538262
671780642,0.5822167981471891,-2.730386159967555,4.989571028104626,1.6873412844604303e-5,1.6873412110074537e-5
671781071,0.4013278422703981,-0.03172008823908328,4.999833789163229,1.3498730275683443e-5,1.3498729945688863e-5
671781776,0.24019873868251782,0.04965560342221759,4.989361963499372,1.6873412844604303e-5,1.687341222078865e-5
67178263x,1.48361660457376,0.07695258903975356,4.996963831876056,0.00011136452477438841,0.00011136452240531384
671783130,0.6886357523159538,-0.0984898138700466,4.998499106491471,2.4747672172086314e-5,2.4747671655139586e-5
671783261,0.3101295170682796,0.7289066835446271,4.982099392823459,3.374682568920861e-5,3.374682486786403e-5
671783579,0.5737223076996858,0.08366196995130852,4.962312051896623,4.837045015453234e-5,4.837044919857848e-5
671783587,1.2263326011884466,0.20624732876221233,4.998382949644226,0.0001034902654469064,0.00010349026293987731
67178378x,1.856281995866499,0.4377853644398413,4.977982781457679,0.0004415209694338126,0.00044152095887206203
671784192,1.8371022054105224,-0.5229864397346317,4.982099157850625,9.111642936086324e-5,9.111642650171928e-5
671784395,0.7269727804167144,0.6589988034835147,4.994171482438319,9.561600611942439e-5,9.561600412435261e-5
671786614,0.26246129380232247,-0.9767836620666618,4.999550675761808,4.499576758561148e-6,4.499576617796855e-6
671786657,0.6466447366883167,-1.1588043818623581,4.999950192662847,5.062023853381291e-6,5.062023720792842e-6
671786788,2.9266414968671093,0.43825435051792727,4.9348530731841125,0.0011794515578378408,0.0011794518152954286
671786868,0.30488463612250455,0.6194127615099077,4.991424016376591,3.5996614068489185e-5,3.599661290938949e-5
671788871,0.42937552826590974,0.30590828088241684,4.9637873545360565,6.749365137841721e-5,6.749364934807507e-5
671789268,0.166287833588462,1.5827008817927524,4.994793565185672,5.399492110273377e-5,5.3994920124312454e-5
671790971,0.6717149464873644,-0.31909768161214114,4.985883547673166,6.749365137841721e-5,6.749365679319535e-5
671792387,0.4794010691109435,0.18763155452055236,4.999397046357989,2.924724893064746e-5,2.9247248289670755e-5
671792678,0.6620887170384688,-0.01813744342287311,4.986527364643551,4.837045015453234e-5,4.8370449163373595e-5
671792694,1.1089415534010205,-2.712669153423646,4.984607876330742,4.162108501669062e-5,4.162108363179499e-5
67179493x,0.5734479180683272,-0.10736960777443542,4.997907348014479,2.8122354741007175e-5,2.812235404936351e-5
67179530x,0.3159107346970094,1.9570915834346365,4.980692703069415,0.0002682872642292084,0.00026828725640627466
671795537,0.4968409334219943,0.6380108009116029,4.998266544724957,4.6120661775251764e-5,4.612066093807612e-5
671795633,0.7323929034934885,-0.4693454545167888,4.997365378604808,3.9933743732230185e-5,3.99337425084398e-5
671795705,0.8882911468889261,-0.8472287988226685,4.901431517535224,0.00014061177370503587,0.0001406117710370277
671795713,0.09222546601521316,1.4913644658000234,4.999637492143758,1.2373836086043157e-5,1.2373835765216723e-5
671796505,0.6068830321834213,-0.720574438254493,4.981172846648249,2.1935436697985596e-5,2.1935436127739465e-5
67179709x,0.6712567329208501,-0.5000504677943151,4.980060880671903,3.712150825812947e-5,3.7121507141446844e-5
671797196,0.2956370144319348,1.2136117727514422,4.996068317710466,6.805609847323736e-5,6.805609700652716e-5
671797700,0.6217720148816249,0.2830225451815579,4.996846824721188,5.0620238533812914e-5,5.062023766924655e-5
671798789,0.6492953790516584,-1.6894582724502065,4.974529251137854,7.311812232661865e-6,7.311812004680597e-6
671799191,0.5439916230412902,0.21452217460850317,4.998544280348873,3.712150825812947e-5,3.712150738347996e-5
671799562,0.782288829405656,-0.6445680805928542,4.9774158401989625,4.499576758561148e-5,4.4995769193204064e-5
675250390,0.5833442318196994,-0.2715255009955957,4.999754852432742,1.3498730275683443e-5,1.3498730114237572e-5
675250956,0.27961928145624454,0.31135938569484767,4.9996900394299235,1.124894189640287e-5,1.124894175869386e-5
675252046,0.3935381720229714,-1.782455267173861,4.9723067102239815,9.392866483496396e-5,9.392866168799537e-5
675252118,0.6119786223586545,0.20113018808151054,4.999054514241051,5.793205076647478e-5,5.7932049070377156e-5
675252556,0.753284542150466,-0.46494051715352025,4.988716834697105,3.262193149956832e-5,3.262193052289144e-5
675253399,1.1054452336803555,0.6881747065829377,4.9968870149020335,0.0002199168140746761,0.0002199168096861786
675253575,0.4404281755254864,0.1522416012444865,4.99977414059696,2.3622777982446025e-5,2.3622777393685763e-5
675254826,0.12808263345377144,1.276680975166417,4.998231301643918,2.8122354741007175e-5,2.8122369537103052e-5
675255407,0.4273001298297108,0.17584996124011745,4.991953229332593,2.6997460551366886e-5,2.6997459911956588e-5
675257277,0.48886425600333216,0.6430349323678499,4.988078848493907,9.617845321424453e-5,9.617845067781978e-5
675257285,0.10639990502842782,0.4693166883968587,4.994331651423381,1.0124047706762582e-5,1.0124047400311793e-5
675257496,0.3322011873135217,0.6548814908144037,4.999732778566677,2.8684801835827318e-5,2.8684801124232838e-5
675257728,0.8594987401238464,-0.41595160644555174,4.998472553201534,2.5310119266906457e-5,2.5310118928564513e-5
675257912,0.619443176733163,0.37616239314729316,4.999353746860496,5.793205076647478e-5,5.7932049265841325e-5
675258923,0.8033642842761967,0.2873895637654744,4.994448402460987,0.00010686494801582726,0.00010686494480804647
675259651,0.5546151125640532,0.28674440464459067,4.9996035446921425,4.387087339597119e-5,4.3870872299611434e-5
675260249,1.3631429830721815,0.18595553741208742,4.998119402694758,0.00012486325505007184,0.00012486325230861932
675262535,0.6451042098733685,0.33310011736005374,4.999239395919683,6.86185455680575e-5,6.861854370140382e-5
675262949,0.2546960954083968,-0.035939682373366484,4.993823639823557,1.2373836086043157e-5,1.237383569922872e-5
675263159,0.21344031764283813,-3.186378946028449,4.998109860727572,4.499576758561148e-6,4.499576589600236e-6
675263175,0.12482977439254503,1.0129584689347506,4.999754249961516,1.124894189640287e-5,1.1248941660983896e-5
675263319,0.906381564653013,0.6040169595179501,4.998104093818587,0.00013161262018791358,0.00013161261847563483
675263335,0.6610534692151215,-0.1607324692793107,4.999673663625965,2.249788379280574e-5,2.249788338007403e-5
675264151,0.3510375693107065,0.09827983737237445,4.999811260248373,1.6873412844604303e-5,1.687341238157854e-5
675264573,0.37120851551997364,-0.37619729463365853,4.995877820104404,1.124894189640287e-5,1.1248941526856969e-5
675265592,0.7349918405517256,0.7426723258504646,4.945063744999249,0.00015186071560143873,0.0001518607113770655
675266552,0.19789927631292675,0.3837715082180349,4.999206236893323,8.999153517122296e-6,8.999153428864272e-6
675267029,1.522568750134269,-0.21280057655971282,4.997419714620265,0.00013105017309309342,0.0001310501692585828
675267299,0.969111943404502,-0.4844261354484905,4.999705760629599,2.924724893064746e-5,2.9247248197830123e-5
675268099,1.3982114754247736,0.7286996473675866,4.996943398769753,0.0003661530587279134,0.0003661530505948152
675269104,1.1327322736970515,0.4645080819905679,4.97642867114979,0.00019516914190258978,0.00019516913755931054
675269251,0.1137940752557126,-1.7228197325018442,4.990187672915904,1.462362446532373e-5,1.4623624082179408e-5
675270084,0.4697902868039373,-0.17496920102633018,4.999797978329809,1.6873412844604303e-5,1.687341237242509e-5
675270869,1.2418840098487955,-1.0231680880051872,4.999317525956695,2.58725663617266e-5,2.5872565584251243e-5
675271976,0.0938792068884505,1.3838553516600949,4.999879858911059,1.29362831808633e-5,1.2936282874217981e-5
675272055,0.8283445283469522,-0.250374761168847,4.969755086933238,8.15548287489208e-5,8.155482676913727e-5
675272602,0.3188485066798069,-0.6274649152399524,4.9998161114488395,6.749365137841721e-6,6.749364930115145e-6
675272856,0.9040129060972607,-0.3026814011541889,4.999673944799102,3.374682568920861e-5,3.3746824904407225e-5
675273680,0.3065578120216791,0.3870787403897176,4.991637679765912,2.0248095413525164e-5,2.0248094813932076e-5
675273971,0.33604867936822974,-2.222801267172555,4.998616426416363,7.874259327482009e-6,7.874259097245904e-6
67527443x,1.4091327210362605,0.23304380719096937,4.98908148420407,0.00019966871866115095,0.00019966871390567835
675275555,0.7838187073127325,-0.2998394929225812,4.999551222549959,2.3622777982446025e-5,2.362277756559643e-5
675275934,0.6641156471821388,-0.45955153233962276,4.999539500645641,1.7998307034244593e-5,1.799830654050739e-5
675276398,0.22384733733750864,0.14326270207898953,4.9919948263633085,1.3498730275683443e-5,1.3498729981672686e-5
67527670x,0.5927665815253867,-3.3336468695068646,4.992468343443397,2.8122354741007175e-5,2.8122354164693323e-5
675277585,0.18418483165165347,1.9086937615957076,4.999402678971833,6.974343975769779e-5,6.974343853974209e-5
67527996x,0.6767091282813128,-3.0988033771032284,4.992371908421203,2.58725663617266e-5,2.5872565494896914e-5
675281744,1.8075815283752135,-0.7449755278947224,4.992435767396223,8.15548287489208e-5,8.155482647040525e-5
675282122,0.42566214749744113,0.17721511433856,4.998308950860964,2.6435013456546743e-5,2.6435012795087577e-5
675283651,0.3646120929960321,0.27341916006064737,4.996024001571728,2.249788379280574e-5,2.249788429209405e-5
675284101,1.404145088766247,0.29132195934136496,4.997207548558341,0.0001631096574978416,0.00016310965470890288
675285251,0.41160550411175995,0.0771334867668841,4.9987398280742426,1.912320122388488e-5,1.912320059261584e-5
675285534,0.7255095475244241,-1.1181794211228056,4.99981960393334,6.749365137841721e-6,6.749364953673208e-6
675285542,1.1816039717695173,-1.2123403634512275,4.971971549515331,3.7683955352949614e-5,3.7683954052989935e-5
675286721,0.6156912655233797,0.032453173488046494,4.99473252387088,3.374682568920861e-5,3.374682484459015e-5
675289404,0.046635647676523284,0.4839855196695895,4.998792864715897,2.249788379280574e-6,2.249788311602583e-6
67528956x,0.4928349950880063,-3.544936439926063,4.989213564031287,1.124894189640287e-5,1.1248941553748425e-5
675289631,0.5764027747621687,0.24634721133693122,4.999470743651561,3.262193149956832e-5,3.262193086473391e-5
675290544,0.8010901621252429,-0.45487879739390713,4.999652038740688,1.8560754129064736e-5,1.8560753724603234e-5
675291416,0.639981040448077,-3.648289850627563,4.96573228984419,3.0372143120287746e-5,3.0372142476615622e-5
675291491,0.6540282928118398,0.28955491420226326,4.998325715768535,7.311812232661866e-5,7.311812017465655e-5
675293972,0.4568808278220302,-0.47136393470777316,4.999890244965894,9.56160061194244e-6,9.561600357552462e-6
67529457x,0.5635074567809735,-0.52460083209047,4.994385661579766,1.4061177370503587e-5,1.4061176987856504e-5
675295935,1.0951549609881588,0.386423324310866,4.998751721161062,0.00015411050398071933,0.00015411050026563447
675296735,1.049878731726442,-0.11944515936081426,4.996456899359665,7.086833394733808e-5,7.086833295997207e-5
675296751,0.3091284664072922,1.4387384123888136,4.996951812324997,7.986748746446037e-5,7.986748600967968e-5
675297527,1.4603548362759768,0.4776407286175578,4.991657906982761,0.000258725663617266,0.00025872565611155415
675299725,0.5950622248689135,-0.5007557503271292,4.99547775977342,1.5186071560143873e-5,1.518607120043036e-5
678204218,1.1968636201505884,-0.6419327711331672,4.984725810241706,6.86185455680575e-5,6.861854308705502e-5
679050249,1.0832099923724985,0.2550792557209436,4.9801170524656095,0.00017548349358388477,0.00017548348898882617
679050986,1.121903429158041,0.3095306861418011,4.949868999909389,0.0001681716813512229,0.00016817167736831815
679051276,0.3392008698691478,-0.296929717003657,4.999786910866912,6.749365137841721e-6,6.749364963051776e-6
67905395x,0.38433777559225685,0.07240896979741539,4.999877609710409,1.4061177370503587e-5,1.4061177049900483e-5
679054717,0.332683164483428,0.23778369821327844,4.999752995984991,1.7998307034244593e-5,1.7998306567584326e-5
679055517,0.7012371125618493,0.07910686084210193,4.999699575300483,3.824640244776976e-5,3.8246401676588244e-5
679056018,0.8139867180869508,-0.9467261277450746,4.999910030363297,8.999153517122296e-6,8.999153322069875e-6
679057184,0.4609254888694879,2.0139705392182132,4.993399619304909,0.00046626864160589893,0.0004662686323015207
679057408,0.5687921010044095,0.44525328063718456,4.999406920328321,6.074428624057549e-5,6.074428460699504e-5
67905846x,0.28223089746432023,1.1637725630767395,4.998879003115703,6.130673333539564e-5,6.130673178056751e-5
679058558,0.1937176827659847,1.3636351472193764,4.99957627759339,3.374682568920861e-5,3.374682521431991e-5
679059171,0.5523782490276206,-0.18719008774282947,4.9998260609817,1.7998307034244593e-5,1.799830661572402e-5
679060076,0.323002471344771,1.4193702762137845,4.997598158285809,0.00012373836086043157,0.00012373835762130635
679060527,0.5713368345088966,-0.3579220213214144,4.999835835647919,1.631096574978416e-5,1.6310965325316384e-5
679061538,1.6674231853621648,-1.2577083927873005,4.988330065738813,5.399492110273377e-5,5.399492552736252e-5
67906208x,0.3915903738545399,-2.54560624635949,4.970869665587733,4.780800305971219e-5,4.780800187447457e-5
679062899,0.29864777663394326,1.67294015654414,4.910058847219505,0.0002317282030658991,0.00023172819650450681
67906347x,0.40909443503961823,-0.024797753609257442,4.978315625985352,2.1372989603165453e-5,2.137298910363235e-5
679065395,0.6635882830735175,0.5248400666849625,4.9987844391056795,9.899068868834526e-5,9.899068588140924e-5
679065643,0.4572517012137305,0.5691530362417903,4.973035131614853,4.6120661775251764e-5,4.6120660644019144e-5
679066857,0.678747047326604,0.1846291044720286,4.997679836552903,5.2870026913093485e-5,5.287002563626221e-5
679067155,0.6738761419830831,-0.9441052779115667,4.999917704787395,6.749365137841721e-6,6.749364997755967e-6
679068270,0.5085186254955083,0.13962512035966224,4.999541617025762,2.5310119266906457e-5,2.5310118730530426e-5
67906830x,1.7216167574361632,-0.3806763837112254,4.998851533753131,8.436706422302153e-5,8.436706218482729e-5
679069177,0.47109172169664815,0.3417947883420519,4.997588487975261,3.487171987884889e-5,3.4871719124760315e-5
679069820,0.09222465046358573,1.3844232895814257,4.999902786180478,1.2373836086043157e-5,1.2373835790613146e-5
679069871,1.99721467531504,-0.20615219269188953,4.997047920293903,0.00016367210459266175,0.00016367210043167856
679069919,1.0740637322197515,-0.8476891755492172,4.999859213283624,1.7998307034244593e-5,1.7998306602460983e-5
67907008x,0.33332818563315975,-0.09344694788187788,4.999563294008514,1.0124047706762582e-5,1.0124047438604516e-5
679071189,0.367301466588251,0.3247614020164725,4.99978256226242,2.0248095413525164e-5,2.0248094969895775e-5
679071314,1.1233980347868255,-0.06443602428166037,4.999349060878207,6.974343975769779e-5,6.974343811652936e-5
67907227x,0.7725667927907116,-0.2817420912601195,4.991328564786596,4.6120661775251764e-5,4.612066083928075e-5
679072288,0.3322121162876875,0.5701458555529983,4.999799530159658,2.58725663617266e-5,2.587256578415525e-5
679072472,0.46812153140284907,-2.618610896774837,4.910324055885081,9.224132355050353e-5,9.224132284495745e-5
679073774,0.570358768653393,0.500251672523023,4.997634937862914,5.624470948201435e-5,5.624470792268052e-5
679074400,0.4252303797266295,0.10167800804620095,4.99903862650723,2.6997460551366886e-5,2.699745971424107e-5
679077193,2.2996251151207145,0.44955652295887416,4.981001486640911,0.0005894445553715103,0.0005894445407119091
679078030,0.3542590600571677,0.2727369807996106,4.999532645527841,1.631096574978416e-5,1.6310965264431778e-5
679079770,1.5879758946343305,0.5052195437727279,4.997608715285817,0.0002418522507726617,0.00024185224711827547
679082072,0.17290859416781434,0.8106143308853788,4.999575722969801,1.2373836086043157e-5,1.2373835737628789e-5
67908211x,0.22320858449774825,0.5679185970824647,4.999668870116732,1.2373836086043157e-5,1.2373835741734186e-5
679082187,0.4117712403593827,-0.08768684059921845,4.999840292346049,1.3498730275683443e-5,1.3498729964294116e-5
679082515,0.6438585419784597,-0.2534976745429221,4.991927484576439,5.343247400791363e-5,5.3432478025202456e-5
679082902,0.7716691117168586,-1.5139132202904229,4.999179405421043,7.874259327482009e-6,7.874259081507466e-6
679084879,0.9679789844655087,-2.4862192603941224,4.96349859862968,5.9056944956115064e-5,5.905694238526077e-5
679085193,0.09222557251298207,1.4627590020789403,4.9996029252035,1.2373836086043157e-5,1.2373835838283797e-5
67908537x,0.5412390667839395,-0.09023214340091132,4.9994693792042195,2.58725663617266e-5,2.587256561959665e-5
679086962,0.8009406265360931,-0.4137958720569731,4.998314482173597,4.6120661775251764e-5,4.61206603633173e-5
679087690,0.6471579648489735,-0.5024488438670097,4.998207184160941,2.4747672172086314e-5,2.474767137693746e-5
679087949,0.25965016363525045,0.042789392833407255,4.9992686528040355,1.124894189640287e-5,1.1248944150453198e-5
679088060,0.32089829002135656,0.4614964019212298,4.998398264408812,2.6997460551366886e-5,2.699745986583192e-5
679088327,0.9072913195784812,-0.3462739695867264,4.991374186080233,4.499576758561148e-5,4.499576629376542e-5
679089020,0.26219255070745584,1.8616916270548387,4.974856324260536,0.00016760923425640276,0.0001676092352738714
679089338,0.066260387463795,0.24182031418631844,4.999958011776636,1.124894189640287e-6,1.1248941585138553e-6
679089362,0.4980299061481057,0.4367676970719917,4.999730676654136,3.1497037309928035e-5,3.149703675927667e-5
679090558,1.1064000324337402,-0.2832383946779153,4.999490823378281,5.0620238533812914e-5,5.062023727265911e-5
679092043,0.4260643755461413,0.23404440036597568,4.999437834447458,2.249788379280574e-5,2.2497883320865066e-5
679092297,1.1663795095135086,-0.32140216365436236,4.999399318007511,4.555821468043162e-5,4.55582137897645e-5
679092617,1.3880238823647797,-0.2280340499326854,4.987911779709374,0.000129362831808633,0.0001293628415118756
679092780,0.3090655002736408,-1.5737344405433995,4.998146850021177,5.062023853381291e-6,5.062023749956854e-6
679093177,0.19981433629282336,1.746573982920759,4.999124830376176,8.549195841266181e-5,8.549195635929702e-5
67909388x,0.39806166662268516,-0.4313972816791861,4.990647397523764,1.7435859939424446e-5,1.743585941491081e-5
67909484x,0.6121490641574826,0.4270672426400005,4.991671331200986,6.130673333539564e-5,6.13067339610547e-5
679095025,1.6224056635411965,0.2297744064011889,4.995663369180394,0.000239040015298561,0.00023904000922926846
679095156,0.49887933596887707,0.5572252497962473,4.999370332204801,5.849449786129492e-5,5.849449627889936e-5
67909599x,0.18084661460575677,0.5502865293793344,4.999836571377431,1.0124047706762582e-5,1.0124047436417551e-5
679097522,0.2928943536181331,-0.6821446446337849,4.999942592228905,2.249788379280574e-6,2.2497883147964716e-6
679098082,0.6498428592982795,0.03751148491664312,4.992199476616178,5.005779143899277e-5,5.005779124983219e-5
679098154,1.0200205824836288,0.2803502452541074,4.984067569397107,0.0002418522507726617,0.00024185224336000747
682552266,0.6846945968422861,0.07403746692149431,4.996705510210134,4.499576758561148e-5,4.49957669287254e-5
68255363x,0.7017644282420408,-0.30483749687087924,4.9971477929833155,3.937129663741004e-5,3.937129537240047e-5
682555272,1.3920078591003695,0.48149362477793484,4.962235279190938,0.0002710994997033092,0.00027109950070707537
682556611,0.23838235248389483,1.9571708639724927,4.983968739883925,0.00013273751437755386,0.00013273751237246245
682557075,0.41419295156184727,0.683874149590905,4.999626904594399,4.2183532111510764e-5,4.218353120531533e-5
68255718x,1.2341813559309025,-0.4118120560111052,4.997083872200391,9.280377064532368e-5,9.280376776564369e-5
682557374,0.5128606912711406,-0.047683864202039815,4.997579306126325,2.6997460551366886e-5,2.6997459871343723e-5
682557921,0.3713215139690067,0.32135818966316776,4.995354238747946,2.4747672172086314e-5,2.4747671622793186e-5
682558449,0.6995490136144165,-0.04896806580907324,4.9811205780692855,6.524386299913664e-5,6.524386179348606e-5
682560282,0.25769571886738835,-0.3133920337025654,4.99981773316607,7.874259327482009e-6,7.874259082925106e-6
682561840,0.7186460064261236,-0.5154207992601982,4.96369103355347,5.961939205093521e-5,5.961938998646899e-5
682564670,0.627803920754249,0.13287502507083265,4.997290853987724,3.655906116330933e-5,3.655906029306016e-5
682564865,1.254218234413485,0.37280556055068825,4.951460106432125,0.00037852689481395656,0.00037852691860270444
682565171,0.7099955236470689,0.22804188726704644,4.999159789777966,4.499576758561148e-5,4.499576666730517e-5
682565200,0.22768345885304964,1.239877838445108,4.999722633338759,3.093459021510789e-5,3.093458974817884e-5
682567409,0.9059853542065196,0.6193366585823389,4.937328379648701,0.0001771708348683452,0.0001771708311307556
682569527,0.6744804725265802,-0.9178105832430044,4.99990631596059,5.624470948201435e-6,5.624470869194866e-6
682570245,0.36452160720012067,-0.24006707323782087,4.998217952760362,1.124894189640287e-5,1.1248941563912665e-5
682570982,0.4406534985566905,0.11601109086052212,4.99918224327662,1.912320122388488e-5,1.9123200672398227e-5
682572224,0.6390868713108914,0.7775655020052098,4.997988803630491,8.999153517122296e-5,8.999153358813251e-5
682572670,0.09550664071769681,0.8298015454761698,4.994994063647451,1.3498730275683443e-5,1.349872994799391e-5
682573243,0.3944735847226862,-0.8118683186685887,4.995756403391712,7.311812232661865e-6,7.311811964438891e-6
682575214,2.3293572160618754,0.008353698960852559,4.97754772299835,0.0003048463253925178,0.000304846316061395
682577762,0.9502783602099145,0.5987869929871995,4.994941834835227,0.00015748518654964017,0.00015748518306447584
682579792,0.813998066609423,-0.9482654606370889,4.999491799509452,8.999153517122296e-6,8.999153305121203e-6
682580734,0.8655071096118059,-1.425561254948972,4.999037684102601,1.124894189640287e-5,1.1248941543883402e-5
682581614,0.4943659909205836,0.10328208342088503,4.971981365567544,4.724555596489205e-5,4.724555493585893e-5
682583601,1.294815264118795,-0.6314768974913507,4.967907213758169,0.00010686494801582726,0.00010686495700831096
682584452,0.18385037824673273,1.5795347356807719,4.986552469611309,5.624470948201435e-5,5.624470817474889e-5
682585033,1.097165764456378,0.746060925974746,4.978758344946202,0.00023622777982446026,0.0002362277739979167
682585615,1.3241362848309994,-0.6277490520845758,4.999505502295375,3.0372143120287746e-5,3.0372142529968327e-5
682586087,0.08877509357591233,1.5443164496204667,4.999820229504004,1.124894189640287e-5,1.1248941609974974e-5
682586271,0.5380365259698694,0.6065992041650756,4.9980953558310794,5.0620238533812914e-5,5.0620237800551115e-5
682587901,0.6261694798407454,-1.0414951575747737,4.991994166090192,1.4061177370503587e-5,1.4061176886832126e-5
682588162,0.7932829597745076,-1.1570502872440673,4.998370268422363,8.436706422302152e-6,8.436706191906217e-6
682593850,1.4008734545595143,-0.42502541517073517,4.998297669122581,5.2870026913093485e-5,5.287002594701145e-5
686751377,0.6691955153533703,-0.16742762940741712,4.9957170609956485,4.049619082705033e-5,4.0496189583855626e-5
686751932,0.22788619763449777,-3.7624032708299815,4.994923302199124,4.499576758561148e-6,4.4995766632023086e-6
686754498,0.5787015042913143,-0.031004553972453507,4.99940450688129,2.249788379280574e-5,2.2497883469199194e-5
686756186,0.13252064878505956,-0.5347398798594105,4.99998656407037,1.124894189640287e-6,1.1248941581833894e-6
686756231,0.638484740373591,0.19845220474481678,4.9525921039568805,8.099238165410066e-5,8.099237957015665e-5
686756346,0.6783324719700912,-0.6579563243653271,4.997452903085413,1.462362446532373e-5,1.4623624067864094e-5
686756397,0.7504174809274786,0.06478004065886714,4.999214892294658,3.5996614068489185e-5,3.599661331024633e-5
686757656,0.12663504234777068,0.6590696591785675,4.99977383171407,6.749365137841721e-6,6.749364966966616e-6
686758376,0.7303945847310045,-2.970326312863331,4.98751959039561,3.374682568920861e-5,3.374682456631767e-5
686758456,0.4057606124996141,0.4310898064829128,4.9994996951765325,3.205948440474818e-5,3.2059483590618267e-5
686759221,0.43223008182760075,0.3721188025726566,4.9990941560278035,2.8122354741007175e-5,2.8122354227212337e-5
68675958x,0.24582021802955614,1.496400244750605,4.996106733653595,7.311812232661866e-5,7.311812028923686e-5
686761233,1.3238811308202005,-0.027161674062341098,4.970446823317596,0.0001732337052046042,0.00017323369977991315
686767272,0.8451833442845483,-0.08607949120753167,4.999671377941798,3.9933743732230185e-5,3.993374286651641e-5
686767766,1.042480185357478,-0.4348804540737,4.877708567294328,0.00017435859939424447,0.00017435859939578347
68676862x,0.12468422035214445,-0.5692137730321474,4.999886368765012,1.6873412844604303e-6,1.687341232111571e-6
686768910,0.6564983969244997,-0.20443008789583272,4.948983372397145,6.299407461985607e-5,6.299407273652525e-5
686769681,0.5101480948433315,-0.09240810927382792,4.992247143955425,2.8122354741007175e-5,2.812235409067975e-5
686770412,0.05484515257261825,1.2022950230640999,4.999916454523208,3.3746825689208607e-6,3.3746825101975738e-6
68677160x,0.10440836913852453,1.475768519143834,4.999290481358875,1.6873412844604303e-5,1.6873412376804158e-5
686773955,0.7367267431839657,0.3014943992249597,4.99912835175094,6.186918043021579e-5,6.186917895203619e-5
686777999,3.8223513723618314,0.4621441813903413,4.964951108805096,0.0011496418618123733,0.0011496418388859848
686778430,1.0542002680100229,-0.7625115759173916,4.997047773654527,4.499576758561148e-5,4.499576620654584e-5
686781656,0.8329632055296033,0.2560429920112734,4.953618687805779,8.999153517122296e-5,8.999153351378835e-5
686782624,1.8541175535799368,-0.5318194169582204,4.9994456364860955,7.199322813697837e-5,7.19932265405562e-5
686785243,0.3273213316136663,0.9145382499486014,4.993402822140108,6.805609847323736e-5,6.80560967408206e-5
686786852,1.5646767831866726,0.11851061300566876,4.934120655597411,0.00018954467095438836,0.00018954466735159083
686787054,0.8677176122242741,0.1843644595945725,4.999012240320352,8.774174679194238e-5,8.774174438930704e-5
686787329,0.2357663029107791,0.769415705235424,4.994762274060511,1.631096574978416e-5,1.6310965306032155e-5
686788065,0.5849351449089333,0.3836330610664273,4.999292893951958,6.299407461985607e-5,6.299407289828738e-5
686790851,2.1766614909387876,-0.45636955704584176,4.9940500366284635,0.00010517760673136683,0.00010517760425445765
686792646,0.5908699455120245,-1.0507375197474595,4.999690573413058,6.1869180430215785e-6,6.186917878178795e-6
686793083,0.3628340473610763,-0.1851632453180876,4.999942346568566,7.874259327482009e-6,7.87425915536472e-6
686794836,0.11388170590068833,1.3818025048486362,4.999334899381366,1.7435859939424446e-5,1.7435859558039527e-5
686795919,1.0149409445582318,0.11461659086036442,4.990056025170652,9.84282415935251e-5,9.84282389346515e-5
686796006,2.055090623603793,-0.262419456249956,4.996068979227239,9.111642936086324e-5,9.11164276875699e-5
686796743,0.5744758655507081,-0.4011936073981873,4.9997881651446265,1.462362446532373e-5,1.4623624085855982e-5
686797981,2.177712247583735,0.07542462887139777,4.9975809398096205,0.000266599922944748,0.0002665999166392754
686799565,0.28450190517605933,-0.1268717059663091,4.99959151417062,7.311812232661865e-6,7.311812043415418e-6
689643910,1.5267004653360194,-1.31283275189368,4.9869407570608635,4.330842630115105e-5,4.3308430170986295e-5
690300894,0.6820833155585928,0.13890516694864383,4.999646752176735,3.937129663741004e-5,3.9371295785773797e-5
690302478,0.644773289083311,0.16290225254280533,4.999098623162503,4.274597920633091e-5,4.2745978301336986e-5
690305521,1.0132335693672954,0.35705238937601935,4.993154933209201,0.00011811388991223013,0.00011811388836526706
690309258,1.4856828892935945,-0.7292032215965228,4.998266649242463,4.049619082705033e-5,4.049618976943589e-5
690309418,0.28541846404336285,0.5196337119659469,4.999835302265209,2.0248095413525164e-5,2.0248094923363532e-5
690311892,1.760254432920903,-0.5632327160463126,4.996524163309962,6.186918043021579e-5,6.186917897099174e-5
690315519,0.11714066052890079,1.6404979780248516,4.9995072918571255,2.249788379280574e-5,2.249788331958302e-5
690316052,1.2671224345460608,-0.6647835276318104,4.99944251000209,2.8684801835827318e-5,2.868480124095951e-5
690316482,0.9607084658794142,0.23436352927228282,4.996118080930334,9.899068868834526e-5,9.899068635594656e-5
690317565,0.9936587037642589,0.5007681645062236,4.9924901105680535,0.00012373836086043157,0.0001237383582762204
690319499,1.858748674866944,-0.018081060912066887,4.99436242533292,0.00021935436697985596,0.00021935436079226014
69031951x,1.1386150944392595,-0.08317840311182557,4.998743234525083,7.086833394733808e-5,7.086833220773074e-5
69032241x,0.13684404243813755,1.1811276897997813,4.998755348632392,1.7998307034244593e-5,1.7998306645037592e-5
690322743,0.14381500482469295,0.15956846422703425,4.995996532753755,5.624470948201435e-6,5.6244707817311215e-6
690323287,0.5063429504491674,-0.6212410878776758,4.999754443301421,1.0686494801582727e-5,1.0686494485064685e-5
69032372x,0.996472102786399,-1.2878725575171466,4.952468587833246,5.624470948201435e-5,5.6244708025052784e-5
690327464,0.08743123174819398,0.44111046832749323,4.999914638253349,2.249788379280574e-6,2.2497883111925557e-6
690328512,0.8556119424112872,-0.9079897331306702,4.998402362566565,2.4747672172086314e-5,2.4747671405315126e-5
690331623,0.6172167199002341,1.0002722249282117,4.997991452009586,0.00012148857248115099,0.00012148857103647165
690331762,0.5731831662824608,-0.24162881765794922,4.999481938226348,2.0248095413525164e-5,2.0248094858070824e-5
690332116,1.2975520319713962,0.1310581639573642,4.969464076016439,0.0002137298960316545,0.00021372989179089706
690335122,0.46538399142670717,0.5629121483550796,4.998713492482938,4.162108501669062e-5,4.1621084213447346e-5
690336328,0.3341502349105403,-1.684688073231504,4.996639892605588,1.912320122388488e-5,1.912320066473997e-5
69033682x,1.1849223466402434,0.4966300180912947,4.9884473097520265,0.0002081054250834531,0.00020810542059786685
690336870,1.6587491751916914,-0.4390390544474487,4.98358931656819,9.561600611942439e-5,9.56160028933404e-5
690337822,0.0662603295847343,0.3845328294344094,4.99998433933494,1.124894189640287e-6,1.1248941700016412e-6
690338585,0.2264404879161261,0.355167499740462,4.999464708743257,8.999153517122296e-6,8.999153248434618e-6
690339086,0.49887728470207066,0.5714054183167206,4.999493689003435,5.849449786129492e-5,5.849449642395566e-5
690339705,0.16151298383696194,0.2909302357370408,4.999858742246488,4.499576758561148e-6,4.4995766347270844e-6
690341143,1.110312147990809,-0.6963472657113907,4.986180570630815,5.118268562863306e-5,5.1182683976282654e-5
690342576,0.7302298174665757,-0.32696915060771925,4.99982381088703,2.249788379280574e-5,2.2497883254162085e-5
690344221,0.3101067168383747,0.19036855383725473,4.998329539660916,1.4061177370503587e-5,1.4061177062751573e-5
690345160,0.48786958656079343,-2.7037884808251804,4.983894338428909,3.430927278402875e-5,3.4309350985421756e-5
690347772,0.3794833852005306,-0.08199471881952607,4.999684314446794,1.124894189640287e-5,1.1248941587615897e-5
690347780,2.326835749304507,0.11233223158085648,4.9902930920181285,0.0003014716428235969,0.000301471637314874
69375033x,0.38525172949257896,-0.6317957544446218,4.991465418234236,1.7435859939424446e-5,1.7435859491778684e-5
693751180,2.524057185950478,0.6462581562242208,4.807392049005277,0.0011023963058474813,0.001102396276942771
693751447,0.6521535419829335,0.28675157324343953,4.9942502251957865,7.086833394733808e-5,7.086833273468108e-5
693751842,0.6127038247075784,0.5692106978465571,4.9994011887784975,7.76176990851798e-5,7.761769727970945e-5
693754402,0.713089723821483,0.8199262276049104,4.9982345504436365,0.00012317591376561143,0.00012317591199430657
693756336,0.09223981935491343,1.4467159605525897,4.994973458019763,1.2373836086043157e-5,1.2373835749488793e-5
693758470,0.20864135297319328,0.8825462617464094,4.999211004335551,2.249788379280574e-5,2.2497883163800844e-5
693760095,0.4606842186514331,-0.3382827960206048,4.999850427598243,1.29362831808633e-5,1.2936282825190598e-5
693760351,0.5387399146730907,-0.38809754616591696,4.999873887188945,1.29362831808633e-5,1.293628283704931e-5
693760917,1.1270466601192521,-0.0776831132049999,4.933520026703231,0.00010630250092100712,0.00010630249798379705
693761389,0.843478832564705,0.10331235063941042,4.998335017070791,5.5682262387194207e-5,5.5682261157986804e-5
693763982,0.03534186005957879,0.9311723601046044,4.99994010359467,1.124894189640287e-6,1.1248941582959493e-6
693766761,0.6242745372625551,1.062472157268864,4.998581214345332,0.00016985902263568333,0.0001698590183977683
693768716,0.5822982324735372,0.5599188610566798,4.988831329565953,0.00010124047706762583,0.00010124047599025288
693769014,0.7932425645511176,-0.950561831515898,4.999897514535004,8.436706422302152e-6,8.436706223480922e-6
693774331,0.43593690733593443,-0.09472130190612146,4.994578360805057,1.6873412844604303e-5,1.687341284392002e-5
693775043,0.12339180838722291,-0.1711770662107554,4.999777687014844,3.3746825689208607e-6,3.3746824654884728e-6
69377629x,0.42031294652739176,-0.11476561610026317,4.9973935316317775,1.5748518654964018e-5,1.5748518303086504e-5
693776644,2.0091741371524976,0.6242282982171601,4.87136564991386,0.000694059715008057,0.0006940596982632116
693777604,3.183729243913652,-0.2644075560157795,4.9979312718098114,0.00027222439389294945,0.0002722243875456633
693778244,0.5653389009498184,0.6192005950056461,4.998309895077085,6.974343975769779e-5,6.974343815667175e-5
693779378,0.7052059719036861,0.06922586914166831,4.996042479268752,5.343247400791363e-5,5.343247267450353e-5
693788661,0.3341150576581765,0.2742553214168856,4.999796241346722,1.912320122388488e-5,1.9123200717624097e-5
693788936,0.35202422489768553,-0.23775467148700796,4.9998997516928,8.999153517122296e-6,8.999153275989624e-6
693791182,0.10656022177414158,0.9045384101267142,4.999466967149236,8.999153517122296e-6,8.99915328854884e-6
693791596,0.3341172869516713,0.16510887168294475,4.999596065655162,1.912320122388488e-5,1.9123200667147446e-5
693794092,1.0266216204941454,0.42529010314592347,4.955780924761949,0.00020473074251453223,0.00020473073547548813
693794260,0.17167656480495128,1.774834307996557,4.998540004133933,5.849449786129492e-5,5.849449626027774e-5
693794316,0.6805860045181863,-0.7711916850669579,4.98701361419883,2.418522507726617e-5,2.4185224349716864e-5
693795618,0.37453731327838774,-0.214110253064155,4.998992369777714,1.6873412844604303e-5,1.6873412323461357e-5
693796207,0.941379593353977,-0.6758269393868347,4.9985483248364995,3.88088495425899e-5,3.8808848355714906e-5
693796864,0.9823211861960766,-0.462727942494662,4.995535724528168,5.0620238533812914e-5,5.062023701102259e-5
695453937,0.16821147289982102,0.14083974505056343,4.996268787731676,1.2373836086043157e-5,1.2373837191710367e-5
697150833,0.4392485071495032,0.22543669501026584,4.9989684753935615,2.249788379280574e-5,2.2497883334712503e-5
69715210x,0.19118772736936845,-0.2787207051470978,4.999955237686642,2.8122354741007174e-6,2.812235402581596e-6
697153495,0.6694202813039194,0.48406316938565663,4.997247903434563,8.267972293856109e-5,8.267972367547673e-5
69715456x,0.6466457911796317,-1.0915423088706828,4.999901311515385,5.062023853381291e-6,5.0620237371773865e-6
697154930,0.569846180550611,0.0683343473924694,4.9995975043194765,3.5996614068489185e-5,3.599661308062619e-5
697155431,1.0742310131879487,1.0072979760876346,4.705667035427407,0.0005736960367165463,0.000573696020241707
697156055,1.3288290691629046,0.765621336441038,4.99640941050009,0.0003661530587279134,0.0003661530499170045
697156696,0.6018464236519072,0.1279137657309357,4.998381255966098,5.5682262387194207e-5,5.568226070635937e-5
69715747x,0.7200249561015443,-0.23531811045885256,4.991967565011001,5.849449786129492e-5,5.849450165881231e-5
697158907,1.3337373784056379,-0.3311028078322303,4.999337163021068,6.749365137841721e-5,6.749364969752858e-5
697160855,0.6988331619616278,0.11672710619834888,4.968653632757382,5.399492110273377e-5,5.3994919606472736e-5
697162789,0.35562369763925444,-0.2130248656619428,4.999902875368253,7.311812232661865e-6,7.3118120826973025e-6
697162893,0.2926377990170006,-0.0445705730310245,4.999927012975533,5.624470948201435e-6,5.6244708228217485e-6
697167213,0.34614588356391257,-0.09009852966532018,4.99816607691588,1.3498730275683443e-5,1.3498729804850596e-5
697172434,0.514938548387204,1.2913978529903676,4.995472589439571,0.00015748518654964017,0.0001574851836351677
697175969,1.1312141604987314,-0.2641636457210498,4.999414589965957,5.17451327234532e-5,5.1745131692103044e-5
69717750x,0.09222474265440099,1.4251697791141542,4.999872838764693,1.2373836086043157e-5,1.2373835832200512e-5
697177710,0.4189715259058865,0.27470340128437704,4.999765435278742,2.4747672172086314e-5,2.474767162688768e-5
69717777x,1.5071308529502587,0.4327917920108373,4.996661346523183,0.00023060330887625884,0.00023060330589066015
697177841,0.18300268055606025,1.6576799301987717,4.9974470594296605,6.86185455680575e-5,6.861854620226515e-5
697179361,0.3552667950186473,-0.18265257565497336,4.998036353903024,1.2373836086043157e-5,1.2373835802162115e-5
697182368,0.21455171847924684,0.6059470184805541,4.999808598636156,1.0686494801582727e-5,1.0686494615850587e-5
697183651,0.8661055331631659,-0.6702856332457786,4.99989848425944,1.2373836086043157e-5,1.237383584937867e-5
697185382,0.7142546372072244,-0.4598332425011421,4.985051321346982,2.58725663617266e-5,2.587256565395428e-5
697186086,0.9303092797993898,-0.4881196510605424,4.996112810832932,3.712150825812947e-5,3.712150730499744e-5
697186625,0.7273676975588257,-0.7616855052144056,4.999882098289038,1.1811388991223012e-5,1.1811388672895586e-5
69718761x,0.7965275664086671,-0.4452365368136075,4.998362690284245,2.924724893064746e-5,2.9247256271056472e-5
697190878,0.2145612346431078,-1.7785349132807249,4.8939469750710645,0.00010124047706762583,0.00010124047493233486
697191758,0.19581937683877892,1.2006854035950685,4.9565448254432685,8.099238165410066e-5,8.099237921768983e-5
697193833,0.4179331643832459,0.721781286399108,4.998854424205218,4.724555596489205e-5,4.724555499743226e-5
697194094,0.7014791505758439,0.1789240725622155,4.998906298086818,4.724555596489205e-5,4.7245554805891935e-5
697197068,0.23800902046172295,0.3431784267685729,4.999723034504237,1.124894189640287e-5,1.1248941633776218e-5
704943461,0.19335296155274995,1.566963685511266,4.9984063634318305,7.874259327482009e-5,7.874259092832087e-5
706400014,0.7562413043557529,-0.5457281283922626,4.978972650106026,5.961939205093521e-5,5.961939085498459e-5
706400030,0.49887961479837184,0.6049072942600672,4.999353570016465,5.849449786129492e-5,5.8494496284922235e-5
706400110,1.569159399489502,-0.23443914721505815,4.996995277652043,0.0001552353981703596,0.00015523539341406572
706400225,1.7568841665904524,1.10515687929271,4.838256737592109,0.0009719085798492079,0.0009719085562628432
70640113x,0.9319278587155857,0.42843015008153384,4.9951239340312235,0.00011530165443812942,0.00011530165109488043
706401332,2.113111276849569,0.4663968853001439,4.995651638529343,0.0004927036550624457,0.0004927036436370919
706402458,1.7342206431264393,0.6213410575947146,4.934337724715603,0.0003909007308999997,0.00039090072114906073
706403354,0.4178345970864543,-0.10483378063305723,4.998952800550498,1.4061177370503587e-5,1.4061176944287933e-5
706403418,1.4176329275829096,-0.030198177459534722,4.992839242452479,0.00013273751437755386,0.00013273751038244633
706405763,0.4988823359927753,0.4699949087088452,4.9991899568500875,5.849449786129492e-5,5.8494496192455484e-5
706406088,0.7416546150282134,0.13311256768648455,4.991270018117422,4.387087339597119e-5,4.3870872225349664e-5
706406395,1.5501927366412667,0.22557491292631301,4.998772421848244,0.00016873412844604306,0.00016873412490375005
706407152,0.5361441295783183,0.8367828460656976,4.970396753434797,0.00016873412844604306,0.00016873412527203092
706407793,0.4722249430587186,0.7264807346844898,4.991209337722873,7.536791070589923e-5,7.536790843799995e-5
706408681,0.8422785352054712,0.059324220742828906,4.999507850339224,5.399492110273377e-5,5.399491985248732e-5
70640869x,0.9253228717664376,0.5742347910841005,4.998186004127351,0.00016985902263568333,0.00016985901797949345
706409713,1.1739660689945302,0.31632177830580255,4.997020852239735,0.00014061177370503587,0.00014061177024730405
706409967,0.10531629589340712,1.3741825370818994,4.999790920491251,1.2373836086043157e-5,1.2373835776345887e-5
706409991,0.7929003805657694,0.711415601209968,4.998038488561123,0.0001203636782915107,0.00012036367595305502
706411194,2.590963546755793,0.9482955324937201,4.745862681997123,0.0023065955358574086,0.0023065954965032186
706411725,0.5498371624116045,-1.7508414630048037,4.999615401475491,3.3746825689208607e-6,3.374682465500321e-6
706412373,1.2365500422272595,-2.558068217567876,4.951331464839572,7.874259327482009e-5,7.874258984701434e-5
706413202,1.4418792170194314,-0.1511129962880859,4.996455962981987,8.94290880764028e-5,8.94290862097807e-5
70641351x,0.9911966151015409,0.4801861100852241,4.997344184520722,0.00011923878410187041,0.00011923878175784853
706413552,3.575935117407214,-0.20607709111708417,4.995865695300648,0.0003639032703486328,0.0003639032612302009
706413966,0.5535328479459061,0.2841731317096954,4.9985188335788004,4.2183532111510764e-5,4.218353093224882e-5
706414395,3.051781287071686,-0.10556980512047276,4.978500693107389,0.0003993374373223019,0.00039933743118372283
706414635,0.7220954992948,0.14360145809440295,4.989985487027977,0.00010292781835208626,0.00010292781514345242
706414774,2.0978502502637477,-0.14376664643692522,4.991948845899797,0.00020585563670417253,0.00020585564100813336
706417270,1.411730413321577,0.5391564927432508,4.995692112218531,0.00033971804527136665,0.0003397180357772653
706418863,0.8327426306349154,0.03550061865180172,4.999706695249433,4.105863792187047e-5,4.1058637070641784e-5
706419946,3.660817593861112,0.5436461710688333,4.819694109918228,0.001788019314433236,0.0017880192625941366
706421691,0.4375609129104945,0.832985178962874,4.999230846916387,5.9056944956115064e-5,5.905694356372606e-5
706421747,0.3543119730207699,-2.0971815530803877,4.999598766646897,1.124894189640287e-6,1.1248941540431694e-6
706422053,2.6642336129492947,-0.30681895928740366,4.9958858303705425,0.00017435859939424447,0.0001743585946464177
70642346x,0.25658116244092916,1.9162084090847755,4.998557072746627,0.00015973497492892074,0.00015973497119134693
70642442x,1.6644106449265474,-0.532486659497653,4.997036427899802,9.730334740388482e-5,9.730334449498827e-5
706424745,0.6574439120638715,-0.8699370002102086,4.995785664914964,2.58725663617266e-5,2.5872565563629002e-5
706424825,0.3618462368925074,-1.0288309956267634,4.99713647357857,6.749365137841721e-6,6.749364932225115e-6
706426142,0.757299176344795,-0.4606763103480918,4.9959437158313635,4.555821468043162e-5,4.555821329065026e-5
706426409,1.1022438908895216,0.6502643272843791,4.808501860575136,0.000478080030597122,0.0004780800307582115
706426601,3.1125780996867,-0.6611337624139717,4.816715125743273,0.001148516967622733,0.0011485169288964817
706427006,2.1022297371542793,0.013331964721235557,4.993342890874649,0.00035096698716776954,0.00035096697653830657
70642821x,2.5066225878580033,0.4857432341153774,4.980826678191531,0.0007064335510941002,0.0007064335350139029
706429095,3.61320507025268,0.7428407890934781,4.897131429109932,0.002159796844109351,0.002159796792327403
706429829,2.6636348295194705,0.1272345276764905,4.569009001926751,0.0011552663327605748,0.0011552662897511125
706430117,0.7995517651653397,0.6313338944958021,4.996587577031656,0.00017548349358388477,0.00017548348841013223
706431005,1.1736175649145817,0.6124651156513801,4.989970342289059,0.0002289159675917984,0.0002289159609798554
706433123,0.9716023245017672,0.1509761623046694,4.998898846552388,9.561600611942439e-5,9.561600351499084e-5
70643349x,0.3149424813714791,0.29178199504510455,4.9931550257955974,4.049619082705033e-5,4.049619331927311e-5
706439103,0.490664011461426,-0.9818032143342542,4.99912221873312,7.874259327482009e-6,7.874259089700426e-6
706439373,0.8419786501876277,-1.2000485645670984,4.997660772167984,1.5748518654964018e-5,1.574851816792436e-5
70643998x,0.4783884485054641,0.07239651127177013,4.989372568479355,5.455736819755392e-5,5.455736641252167e-5
706440403,1.6520078623715815,-2.0554617001005413,4.631186574415223,0.0008779799150142439,0.0008779798820457451
706441377,0.5365523892156953,0.2401777528643967,4.998537646219092,3.0372143120287746e-5,3.0372142198830757e-5
706441641,0.8694587537662496,0.1838384379582576,4.99949889366328,5.0620238533812914e-5,5.0620237449202526e-5
706442345,1.6589461829344763,1.0938917248790463,4.945423267389813,0.0007058711039992801,0.000705871087519553
706443401,1.8781870510035488,0.25398153554757286,4.994280292208411,0.0002328530972555394,0.00023285309102629914
706445116,0.5310144284376205,0.06430011600881884,4.983431369326641,6.805609847323736e-5,6.805609623046355e-5
706445394,0.3125424378969927,-0.9068933198127198,4.9975636586326875,8.436706422302152e-6,8.436706162164083e-6
706445861,0.3697373992099195,-0.43416310928538787,4.997743300389635,1.462362446532373e-5,1.4623624021582905e-5
706446573,0.2941725882038358,0.5932818863725657,4.999177586010947,1.912320122388488e-5,1.912320086086587e-5
706446645,0.7158872778524917,-0.6871755735575302,4.93586258659203,3.262193149956832e-5,3.2621930473447056e-5
706447023,0.47119581480946465,0.3121428675908831,4.998608926390282,5.0620238533812914e-5,5.0620237010579484e-5
706447218,1.5392366414838503,-0.013758977547084167,4.9893437888685375,0.00016592189297194232,0.00016592188818769497
70644798x,4.149194211669333,-1.4227392590366796,4.91637956036128,0.0005242006923723737,0.0005242006746974822
706448878,0.8903729756758595,-0.5713175469394539,4.999113929822766,3.712150825812947e-5,3.7121507116288584e-5
706449272,1.7569548559442634,0.5023449137758186,4.994629461833638,0.0004814547131660428,0.0004814546999795993
70645002x,0.30115052345664417,0.8529226442035082,4.999363080085074,2.924724893064746e-5,2.9247248314464148e-5
70645029x,1.7380494268644606,-0.3241685345212192,4.997401672669889,9.899068868834526e-5,9.899068636990201e-5
706450994,0.37633568829838643,-0.6939083851749988,4.978184177538082,3.262193149956832e-5,3.2621930464028144e-5
706451743,3.2868914895361607,0.34527189846413303,4.91962680591362,0.0010045305113487763,0.0010045304844000821
706453669,0.4019594613681965,-0.35407383483125743,4.997725352822529,1.6873412844604303e-5,1.6873412316553146e-5
706455613,1.2126220771107,1.3335822861667181,4.96393679134373,0.0006440019235690643,0.0006440019106171893
706455648,0.8544202107995699,0.5351319675499968,4.983909861817473,0.00012261346667079127,0.0001226134636184826
70645619x,2.072388373017279,-0.958439217841849,4.991830217235424,0.00010236537125726611,0.00010236536806138638
706456843,0.2531145226030066,-0.0761062214365441,4.99544120228325,8.999153517122296e-6,8.999153328840621e-6
706458726,0.5136232748385708,-0.3886042520895607,4.998509467337881,3.0372143120287746e-5,3.0372142179705607e-5
706459446,1.0140611465654306,-2.2369591429232925,4.764901065802169,0.0003858387070466184,0.00038583869748105273
706460105,0.42497027442265606,-0.003071126626717018,4.999156402819774,2.249788379280574e-5,2.2497883125634546e-5
706460498,2.46790819512082,-0.050873618478718,4.997071246007097,0.0002997843015391365,0.0002997842936687598
706460738,1.8076499710149332,0.31804846294553163,4.988909779482302,0.0002958471718753955,0.0002958471644103803
706460973,0.21188324122042418,1.7717691856957736,4.998963861918472,9.899068868834526e-5,9.899068630174062e-5
706461757,0.4988785284728748,0.5571572776175073,4.999418878003522,5.849449786129492e-5,5.849449626886485e-5
706462207,0.469202487789816,0.30166783739104686,4.999690998318124,3.262193149956832e-5,3.2621930636019824e-5
706462741,0.1412735440316318,0.6293646557730738,4.999899219746361,5.624470948201435e-6,5.624470821081255e-6
706463760,1.2513430565163544,0.49647244475537755,4.99788561985168,0.00021935436697985596,0.00021935436194267023
706463904,1.206862925680044,1.1173172050427573,4.910316902752787,0.0006203791455866183,0.0006203791264666644
706464122,0.6953566328379525,0.5109190247239973,4.985927398295816,9.561600611942439e-5,9.561600359298468e-5
706464253,1.0490134239851814,0.1800206846901982,4.998914991003585,0.00010855228930028769,0.00010855228650885046
706465280,4.5189449508377395,0.3030085457221237,4.987002632812954,0.00129362831808633,0.0012936282871008418
706465758,1.717666056713443,0.38463378315386965,4.991621461714878,0.0004387087339597119,0.0004387087210884193
706465811,1.035766805537411,0.24355248431105872,4.997964389518935,0.000141174220799856,0.00014117421675859354
70646590x,1.3363730078681841,0.07634767754516719,4.998695303455147,0.00013386240856719416,0.00013386240504642598
706466013,0.3166913488515169,1.8052550158191374,4.996895804619354,0.00021429234312647468,0.00021429233756581296
706466080,0.2063864877909183,0.6667360178921065,4.999570114865247,1.124894189640287e-5,1.1248941691622504e-5
70646611x,0.5476935390851668,-2.4524666995863598,4.981695398898037,4.949534434417263e-5,4.949534269726584e-5
706466179,1.499273744084381,0.9058772739245938,4.980076473153384,0.0007019339743355391,0.0007019339558489971
706466304,3.306117466279543,-0.20452993824673057,4.994686650056558,0.00036502816453827313,0.0003650281556806736
706466515,1.6660516105499878,-0.007590495507656748,4.996277319618799,0.00014286156208431644,0.00014286155871787008
70646697x,0.31669154270112687,1.8061681667724159,4.996877462740806,0.00021429234312647468,0.00021429233757345502
706467702,1.8199036561179962,-0.2882376919741111,4.99746214413887,0.00011811388991223013,0.0001181138871009192
706467745,1.0958190938070616,0.47541753149055765,4.9965689812851934,0.00016985902263568333,0.0001698590191014115
706468588,1.4181409069958912,0.4617720780985385,4.997734515776084,0.0002688497113240286,0.00026884970493271267
70646902x,0.49589682232547394,0.6956543902774224,4.980799526661244,9.336621774014381e-5,9.336621504582265e-5
706469337,2.8831320937134306,0.7982674959643785,4.8908524071996125,0.001419616467326042,0.0014196164321448655
70646937x,0.5894765041033592,-0.8262636790246581,4.957221729049922,5.0620238533812914e-5,5.062023722254757e-5
706469927,0.5869253354425792,0.3881293982505577,4.9994279790008465,5.17451327234532e-5,5.1745131455654874e-5
706470602,1.3211999684718696,0.3623016210630988,4.985651118662286,0.0002418522507726617,0.0002418522446314111
706470733,1.2873372513066703,0.474423648885249,4.997733816788467,0.00016873412844604306,0.0001687341260175532
70647120x,1.0044121273272735,0.5428408422492909,4.928097868766162,0.00020754297798863293,0.0002075429722013114
706471242,1.1534807783928214,0.5925115496081259,4.9954273253391825,0.00022441639083323726,0.00022441638617678466
706472093,1.6767855963155356,0.47160827580501274,4.996615872070481,0.00033409357432316524,0.0003340935662358873
706473678,1.3862593075318423,0.5534070462359832,4.986273140801902,0.0003065336666769782,0.00030653365953064613
706474937,2.6277701167024503,0.4285585374072782,4.792435835411151,0.0008132984991099275,0.0008132984733101152
706475083,1.5680883440492344,-2.4797903998294073,4.788796048802478,0.00030597121958215805,0.000305971209239579
706475921,0.34889096832564803,0.4336146289956931,4.993966753814699,3.712150825812947e-5,3.712150694339747e-5
706476158,0.7217376906444081,0.6397928452447417,4.993954873805842,9.955313578316539e-5,9.955313285646207e-5
706477986,2.963557213317184,1.0330092353600477,4.675520066886909,0.002384213234942588,0.0023842131575634393
706478655,0.18876055264270356,1.1222983911506468,4.995853668613674,3.655906116330933e-5,3.655905989045152e-5
706479279,0.45863396624216346,0.7669013929797988,4.984153268024832,6.749365137841721e-5,6.749364961702945e-5
706479519,1.5083762656719366,0.9694800616546588,4.813959087691362,0.0010062178526332366,0.001006217816938427
706479789,2.373082807861645,0.4039884551000708,4.815994899982742,0.0008380461712820138,0.0008380461413180716
706481029,0.26685671985086623,0.2966452168550785,4.997479937272674,2.249788379280574e-5,2.2497885644526115e-5
706481184,0.17451279517857032,0.5849246320247505,4.994028174239695,1.2373836086043157e-5,1.2373835861558802e-5
706481803,0.4426604864180485,-1.0214719618551793,4.981245056638977,1.6873412844604303e-5,1.687341248786032e-5
706482056,0.5448837420000765,0.2908019710314802,4.988294166829615,5.849449786129492e-5,5.8494497704175256e-5
706482443,1.3568097928331133,0.1083576811807998,4.928983571780498,0.00022610373211769767,0.00022610372736017848
706483024,1.3161283823181877,0.48654209166263696,4.8729218509179315,0.0002716619467981293,0.00027166194187129507
706483251,0.13959331478676346,1.5814075064740796,4.997831495741455,3.487171987884889e-5,3.487171930944953e-5
706483382,0.6114268969096984,-0.4382003814377259,4.997638363966526,1.7998307034244593e-5,1.799830671213512e-5
706486081,0.8274351363175165,0.1844632459072995,4.945256907051921,0.00011530165443812942,0.0001153016556950847
70648609x,0.5649075138330613,0.05766471162581506,4.976502102860231,4.949534434417263e-5,4.9495344883674224e-5
706486188,1.8531043340431006,0.6516456283446275,4.9774015404466585,0.0006074428624057549,0.000607442868019299
706486268,0.33225123395645917,0.10248549907343045,4.995219136641241,2.8684801835827318e-5,2.8684804434744147e-5
706486399,0.8635678349646657,-0.15848496551424357,4.9876417602054035,8.999153517122296e-5,8.999154101378335e-5
706486487,1.2838099350660976,0.17743058299201891,4.986936325207828,0.0001631096574978416,0.0001631096673752306
706486962,2.2854143149547825,0.5694565414318273,4.908115801440907,0.0007986748746446038,0.0007986748504483449
706487041,0.1669383378509849,0.9935376962669956,4.996577651945062,3.0372143120287746e-5,3.0372144962793773e-5
70648705x,0.8725879488178588,0.49880133755167133,4.988718541458177,0.00015186071560143873,0.00015186072149267336
706488431,0.5995243625935577,-2.57868479759881,4.915000535901841,0.00015186071560143873,0.0001518607156466252
706488677,0.7138978091680029,-1.0374345596582804,4.944738667658488,0.00010124047706762583,0.00010124048032593155
706488781,0.5454460634375018,0.36404411484221,4.986414736003005,5.5119815292374064e-5,5.5119815374868025e-5
706489266,0.7135373520678575,0.10254994458807262,4.971798448707615,6.749365137841721e-5,6.749365169527136e-5
706489469,0.6413652327982664,-0.2843858954470916,4.992677838122742,5.2870026913093485e-5,5.287003075599185e-5
706489987,1.4217024475302946,-0.6136036749378542,4.9867154556128455,9.674090030906468e-5,9.67409065896217e-5
70649046x,1.1882023262007662,0.3161496652731402,4.949808828164674,0.00033296868013352497,0.00033296870515298234
706490830,0.7843511054860562,0.09801342913972974,4.981590969073493,7.086833394733808e-5,7.08683340394948e-5
706490929,0.35014923563223427,-0.19242186739933068,4.997515472301122,8.999153517122296e-6,8.999153522911394e-6
706491075,0.5436997532251407,-2.019563907572052,4.939801789537208,0.0001282379376189927,0.00012823822991272392
706491374,1.1541406334610833,0.1271772905351294,4.971233798773842,0.00022441639083323726,0.00022441640520425002
706491745,0.22921852844846793,1.20673643740699,4.985692040725612,0.0001203636782915107,0.00012036367461001455
706491913,0.6801164793448531,-0.39309798826695663,4.994703660591087,3.5996614068489185e-5,3.599661674183147e-5
706492297,0.22613512308864303,-3.0513130291767987,4.994236178545233,1.462362446532373e-5,1.4623625747759046e-5
706492748,0.8438650707146481,-0.29565538391765583,4.985079096597575,8.324217003338124e-5,8.324217507466959e-5
706492836,0.43475750111943334,0.17627345114267398,4.994586299653028,4.499576758561148e-5,4.499577043231464e-5
70649302x,2.9089532348204474,-2.8183399299234217,4.656661971617111,0.0005821327431388485,0.0005821327278710127
706493636,0.25651682886040955,0.6749472587100577,4.9954796093133895,2.58725663617266e-5,2.587256568335074e-5
706493783,2.7637662665271243,0.05080192847949259,4.9852163122799515,0.0004049619082705033,0.0004049618994893977
706494460,0.40473803808876757,0.29425396679051097,4.99944193611621,2.0248095413525164e-5,2.0248095165699783e-5
706494487,0.8366258257286822,-0.10081258342727924,4.998801473196471,4.162108501669062e-5,4.162108411672954e-5
706494612,5.169138672871458,0.04995682074078349,4.985137138426671,0.000913414081987913,0.0009134140641584013
706494786,1.6366239201180572,0.632172816388825,4.965291193395254,0.00044320831071827305,0.0004432083011555185
706496319,0.8062281766046183,0.1432108599005356,4.966865018044903,6.243162752503592e-5,6.243162600565771e-5
706496343,0.17135530677988792,0.3306251652277725,4.996415524553383,1.1811388991223012e-5,1.181138870782196e-5
706496538,0.27312854838445577,-1.1488945789656217,4.890861631614567,0.0001850450941958272,0.0001850450893425728
706496634,0.8670266810165047,-0.8077701489425502,4.958752945537334,7.874259327482009e-5,7.87425913763169e-5
70649695x,0.6049244031874639,0.3094821512336094,4.9976509926871096,4.330842630115105e-5,4.330842544011931e-5
706497493,1.4809542607877328,0.0361620298908226,4.9943468516546865,0.00012655059633453228,0.0001265505935005207
706497522,2.193131805780832,0.46191110976084443,4.994634741931569,0.00043533405139079104,0.000435334043665619
706498066,1.2047297908451693,0.8318209609397144,4.997885894699927,0.0002604130049017264,0.0002604129999182743
706498146,0.46047238526418116,0.18920285384159374,4.998558865719704,2.4747672172086314e-5,2.4747671663270573e-5
706498840,0.9908680528842461,0.3852216354236756,4.997989403951736,0.00010911473639510784,0.00010911473472072039
706498867,0.22635205034429,0.546604224643797,4.999710594298751,1.2373836086043157e-5,1.2373835855630238e-5
706499368,0.11462014976270318,1.3849124832883724,4.998961595680155,1.8560754129064736e-5,1.856075371988631e-5
706499587,0.3409045710174061,2.149420052610846,4.980317828308587,0.0003245319737112228,0.0003245319669321709
710920370,7.777592170074094,0.00968016429928578,4.959400933028595,0.0025310119266906458,0.002531011855014209
710936807,4.7642227920538955,-0.014302166543351112,4.981491764533606,0.00074467995354187,0.0007446799331713667
713156021,0.5709625996151861,0.3872366351051749,4.985380980930014,8.886664098158267e-5,8.886663931306065e-5
71329992x,0.561012588364103,-0.8957610426444941,4.995141956780299,2.8122354741007175e-5,2.8122353919870352e-5
713700031,0.2984524595255795,-0.1388856431088438,4.999036105150032,1.4061177370503587e-5,1.4061176943025964e-5
713703056,0.6387121494124807,-2.0438983755797664,4.994564532349989,3.093459021510789e-5,3.093458931060889e-5
713703144,0.11104912154878661,0.9886829030882243,4.999214516128434,1.968564831870502e-5,1.9685647708979694e-5
713704390,0.49251891598190745,-0.5424743783656549,4.9980105619338575,2.081054250834531e-5,2.0810541863752685e-5
713705350,1.08578821972847,0.24356217452970313,4.991419064277433,0.00014567379755841715,0.0001456737933211745
713705377,0.8962311278840586,0.21165709208060543,4.988512726607602,0.00017379615229942433,0.00017379614697357747
713705537,6.844826532224004,0.08757696147833036,4.982313823940525,0.00184257668263079,0.0018425766383800039
713706003,0.15603758392791287,-0.16869590018007924,4.998790444141237,6.749365137841721e-6,6.749364924854755e-6
713707006,4.917811082257189,-1.3385233918547363,4.872595467503238,0.0007986748746446038,0.0007986748477150487
713711339,0.17979376710757067,0.9170025023033437,4.999426151946766,1.631096574978416e-5,1.6310965254988306e-5
713711806,1.6584834245416686,-0.41649397979548786,4.995942455329448,7.311812232661866e-5,7.311812125144897e-5
713712606,2.9955467224479033,-0.42848674789260055,4.983759703122307,0.00034871719878848894,0.00034871718802174543
713713457,1.2841096470243831,-1.2061965492357072,4.9968183755566535,2.8122354741007175e-5,2.8122353862646517e-5
713713772,0.7577829973130461,0.3589543480447054,4.9959692805279365,8.436706422302153e-5,8.436706203512953e-5
713715081,0.3062289629790533,-1.2063129530677899,4.99947147914925,3.9371296637410044e-6,3.937129541748137e-6
713715639,0.3505478048428597,-0.4477497340553853,4.998300828599796,1.2373836086043157e-5,1.237383688936502e-5
713715858,0.13025609256345222,-3.008426359909951,4.9976642517752,3.3746825689208607e-6,3.3746824783888853e-6
713716607,1.1679930429483023,0.16837031275819447,4.997713714053494,0.0001243008079552517,0.00012430080480690792
713716658,0.5953815367232261,-0.7659527525393154,4.998514078549712,2.1935436697985596e-5,2.193543601444973e-5
713716738,1.0050847105597915,0.48973438810400555,4.998892137755156,9.674090030906468e-5,9.674089805546255e-5
713716789,1.4868696372596477,-0.7067404652521555,4.991740156022557,0.00010461515963654668,0.00010461515638931919
713717669,0.5901712235004967,0.1727292542466598,4.99597163513704,7.424301651625894e-5,7.424301423081537e-5
713718602,1.485618207150341,-0.6798093770369696,4.999572269895045,4.049619082705033e-5,4.049618977057458e-5
71371939x,4.643529599159172,0.4192322912277978,4.985107287026221,0.001313313966405035,0.0013133139378139875
713719402,5.154097041776275,0.004302410880003125,4.895883252535498,0.0008999153517122296,0.0008999153271983831
713719891,0.10846467339042917,1.378639731968017,4.99957178889702,1.8560754129064736e-5,1.856075359812309e-5
713719904,0.21936340031930168,-0.6727669723265686,4.999753228326122,3.3746825689208607e-6,3.374682465916811e-6
713721182,0.3597640580192093,-0.4532742622603799,4.999315938911969,1.462362446532373e-5,1.4623624013756986e-5
713721449,0.5154774241844676,-0.29877808269348793,4.997361472789796,3.0372143120287746e-5,3.0372142197095688e-5
713721596,0.4857149014925357,-0.4076160411664128,4.999641992742282,1.2373836086043157e-5,1.2373835713228603e-5
713722169,0.06626035394737557,-0.07120201918654902,4.999973149388569,1.124894189640287e-6,1.1248941550390485e-6
713724674,1.0729781568723071,-0.14128298030592829,4.931356838162925,9.674090030906468e-5,9.674089744514389e-5
71372560x,0.5123479030670002,-0.01251665543995991,4.997050381832315,3.205948440474818e-5,3.2059483431558334e-5
713725802,0.6907718946819681,-0.3137419119092487,4.999405780536169,3.205948440474818e-5,3.205948343113768e-5
713726266,2.6295557995099648,-0.3108809240792965,4.995453851410425,0.00016873412844604306,0.00016873412383419903
71372683x,0.2296487100671909,-0.8586199295278568,4.999406986855414,3.3746825689208607e-6,3.374682458862455e-6
713727779,2.41853564063121,-1.1131354817712642,4.942914211543937,0.0003577163523056112,0.0003577163402439585
713728210,5.310378096503229,-0.5326056518153857,4.9358997559465,0.0009730334740388482,0.000973033444215844
713728974,0.641820404870375,-0.07838264863945846,4.996198810339893,5.118268562863306e-5,5.118268406655615e-5
713729184,1.5284421216910196,-0.5208715349781156,4.991823166843015,0.00012092612538633085,0.00012092612163168827
713729352,0.3863239358278724,0.45237008479105967,4.986426691141008,4.555821468043162e-5,4.5558213185351106e-5
713729491,0.35666118133179786,-0.7739260955713663,4.995497445348517,1.29362831808633e-5,1.2936284291134133e-5
713729651,0.9783717299409942,0.12062741821281289,4.997605299183444,0.0001124894189640287,0.00011248941558001882
713729790,0.5590042407065571,0.2803463339313346,4.999220591692114,4.949534434417263e-5,4.9495342932098496e-5
713730433,1.580247283868524,-1.175137338336685,4.996871424928206,4.724555596489205e-5,4.724555449673108e-5
713730484,0.48334006664982565,0.25850913457774183,4.999511082086301,3.0372143120287746e-5,3.0372142411616374e-5
713731153,0.48925386301857315,0.5590261524582425,4.995345926608288,7.143078104215822e-5,7.143077889571199e-5
713731700,0.3708805901518188,-1.4795551977104562,4.996864570681633,5.624470948201435e-6,5.624470774774423e-6
713732332,0.2350416824885292,-2.3750906089040917,4.981153611174455,1.6873412844604303e-5,1.6873412272991126e-5
713732594,1.853253203394684,0.23736723210630412,4.99706495168986,0.0001968564831870502,0.00019685647824611583
713732631,2.9739968855937486,-0.28545485926324804,4.992520701574559,0.00022947841468661854,0.000229478407810294
713732869,3.143882477610475,0.7843715554223702,4.985434819768543,0.001642907963969639,0.0016429079219221392
713733589,0.3027293467784937,-0.507728281251055,4.999867552689477,5.624470948201435e-6,5.624470780812966e-6
713734434,0.8787255748601192,-1.3940028233500241,4.991178304601855,2.249788379280574e-5,2.2497883122123134e-5
713735568,3.9408200527751105,-0.10059434665198634,4.982943197636605,0.0004634564061317982,0.0004634563951585276
713736034,0.5254444908551615,-0.7603510652776203,4.996333684645574,1.912320122388488e-5,1.9123200645254795e-5
713736114,0.2930879618922406,-1.073322221685706,4.994624874506152,8.999153517122296e-6,8.999153230695456e-6
713739358,1.1663166836653882,1.3321741363490898,4.948104979690028,0.0007902381682223016,0.0007902381450802859
713739745,0.4455296337090179,-0.14569913768078196,4.996698597505171,1.4061177370503587e-5,1.40611770035478e-5
713740033,1.263472007799587,0.5773790506998226,4.994296329951202,0.00021597968441093508,0.0002159796786883818
713741482,0.7556056862166723,-2.7956406552859185,4.9665208498332944,6.524386299913664e-5,6.52438611399575e-5
713742901,1.6610010828945208,0.14203865381622083,4.997911957753654,0.0002137298960316545,0.00021372989042050375
713743015,1.0559000615055836,-0.5886048486740124,4.995523781052222,4.049619082705033e-5,4.049619013562031e-5
71374398x,0.4392381490719323,0.18267521756030408,4.999675744509512,2.249788379280574e-5,2.2497883326804736e-5
713744018,2.7518584254947234,0.6709509221390194,4.991399161484668,0.0010568380911670497,0.001056838065730683
713745619,1.541831076463086,-0.6846419887666891,4.998761306402326,4.4433320490791335e-5,4.443331936584497e-5
713745950,0.4368055419331099,0.8002089546061096,4.9401419422134225,0.00016142231621338118,0.00016142231229470178
713746136,0.48656831719378135,-1.282077352622163,4.997426632969919,7.874259327482009e-6,7.874259079562506e-6
713746822,0.6271846418141928,-0.9345880521954293,4.999671247363472,1.2373836086043157e-5,1.2373835698775318e-5
713746873,1.2331906112882878,-0.1760734116506389,4.994606243079046,0.00010011558287798554,0.00010011557987586878
713747331,0.2559239402566642,0.5475583944167208,4.998165268552402,1.7435859939424446e-5,1.7435859563893768e-5
713747630,0.26913310985134464,-1.2678644527645706,4.996028095641475,6.749365137841721e-6,6.74936496089771e-6
713747657,0.5281367540052778,0.12250096738461344,4.997499779041492,5.2870026913093485e-5,5.2870025286761516e-5
713748262,0.561605958368159,0.3687499651454603,4.988781788248502,0.00010630250092100712,0.00010630249764903832
71374830x,1.0492864649590543,0.4002402676916109,4.984406622046593,0.00018335775291136678,0.00018335774827911533
713748975,0.37599033374957463,0.46929028301330983,4.989321967445504,6.805609847323736e-5,6.805610272079571e-5
713749273,0.5794347413482057,-0.026416801787485743,4.994663768147518,5.849449786129492e-5,5.84944960470149e-5
713749361,0.6501101618969725,-3.1812250846608103,4.978931241068959,3.3184378594388464e-5,3.318437744081354e-5
713749441,1.9867351026502091,0.3087461564899107,4.995481063356019,0.0004201479798306472,0.0004201479684089909
71374945x,1.3919889608808593,-1.474646281432631,4.948708882800698,0.00029191004221165446,0.00029191003367647257
713749695,0.562265617591721,0.6408230331702722,4.984018869095548,6.974343975769779e-5,6.974343815199499e-5
71374996x,0.5919245849897421,0.4942761343993789,4.998782713692384,7.086833394733808e-5,7.086833193786948e-5
713751103,0.7718778895022061,1.6311398057450262,4.938822874682221,0.0007553664483434527,0.0007553664349958812
713751437,0.15007182539505515,0.9518441366895871,4.9998117113604925,1.6873412844604303e-5,1.6873412382498716e-5
71375171x,1.2606710394860872,0.24559637229597642,4.9523271874028865,0.00030990834924589903,0.0003099083709007337
713751752,0.8668708188968455,0.7143056043794187,4.973235029949496,0.0002249788379280574,0.0002249788339970506
713751824,3.7612801413554497,-0.025960197649883814,4.993842846146361,0.0004128361675979853,0.00041283615723665716
713751971,4.004376853454458,-0.5641219623402164,4.988144082400591,0.0004825796073556831,0.0004825795923612826
713752376,2.356011690871211,-0.7250713620870229,4.997550167883305,0.0001282379376189927,0.00012823793371522828
713754187,0.7368267957601855,0.4468705981413884,4.996626264814509,8.830419388676252e-5,8.8304192014755e-5
713756094,0.5381388332997402,0.5924234241969465,4.998468071743102,5.230757981827334e-5,5.230757846199842e-5
713758436,2.0532962141925775,1.1067080031228518,4.698102175473601,0.001340873874051222,0.0013408738769585852
713758655,0.5082042774913714,-0.5870075875528099,4.9935644705319016,2.8122354741007175e-5,2.8122356434285827e-5
713760085,2.0923380457275056,-0.7174270521110974,4.968177862808696,0.00022722862630733797,0.0002272286187069494
713760608,0.5625950090691185,-0.8128544912302254,4.998216864501376,1.124894189640287e-5,1.124894154453531e-5
713760819,0.7007509850502388,-1.6801558563450105,4.997333421716563,6.1869180430215785e-6,6.18691784899373e-6
713761328,0.3217940534719603,0.36824467191126,4.998995278286151,2.924724893064746e-5,2.92472480480312e-5
713761336,0.7385635891349963,-0.6219565227433738,4.998478904727481,3.655906116330933e-5,3.6559060029591155e-5
713761352,0.41364300428863476,0.3669777646826843,4.999029568668132,3.0372143120287746e-5,3.0372143390397964e-5
713761889,1.0429620894448415,-0.18675880416477658,4.980571116063579,6.524386299913664e-5,6.524386145370085e-5
713762064,4.6612712282899205,-0.14849796171547025,4.942969087785775,0.0013065646012671932,0.0013065645596606868
713762267,1.8088877176508489,-0.19928436412593792,4.9987275226837715,0.00012148857248115099,0.00012148856964136252
713763112,0.8486595434460706,-0.03917239898706828,4.995004779358578,5.0620238533812914e-5,5.062023742099243e-5
713763120,0.41677371058446244,0.3816225868436221,4.97044433621189,3.9933743732230185e-5,3.9933742725436836e-5
713763825,0.9272153061950852,0.37855260837355037,4.997319739513189,9.05539822660431e-5,9.055397979581487e-5
713763892,1.852494586113828,-0.587887781830746,4.998279176910171,7.030588685251794e-5,7.030588529491131e-5
713764924,1.2907191239256988,0.2036008259514121,4.994438185276649,0.00013273751437755386,0.00013273751079336522
713765732,0.1500730154852436,0.9561014967104875,4.999573824752682,1.6873412844604303e-5,1.687341236811246e-5
713765783,1.0578944131857928,0.14902349209704838,4.993246745221219,9.730334740388482e-5,9.730334530134848e-5
713766188,0.16960358463088882,0.09271014011811543,4.999229800018492,6.749365137841721e-6,6.749364919058615e-6
713766217,0.6566250134175514,-0.9499289198952686,4.997380323828525,1.631096574978416e-5,1.6310965255782647e-5
713766305,0.8176197184443844,0.3512838810827753,4.999115745706776,8.380461712820138e-5,8.380461508692199e-5
71376684x,1.4383348699135974,-0.1700108974202207,4.996125288531226,0.0001422991149894963,0.0001422991107227011
713767009,1.0903276501933237,0.46407980508682806,4.9942144430038455,0.00019123201223884877,0.0001912320072402633
713768036,0.713084082282691,-0.023496318740232645,4.998910853834009,5.680715657683449e-5,5.680715484558011e-5
713768159,2.918161159669836,-0.053224607046173246,4.9520905319167925,0.0006018183914575535,0.0006018184343642694
713768167,0.9792604603089454,0.4133168036181935,4.995693310493509,0.00011361431315366898,0.00011361430994686982
713768853,1.9222251800597498,-1.0092962661560807,4.989794699113516,7.705525199035966e-5,7.705524957537064e-5
713769012,0.5403165765009411,-0.23143194370053588,4.999252888047548,2.4747672172086314e-5,2.474767143342779e-5
713769637,0.28621610050464424,-0.2846378875911297,4.99877178030503,1.29362831808633e-5,1.2936282783819545e-5
713769936,0.964649643527961,0.14931129817770952,4.999397003387063,7.143078104215822e-5,7.143077939676906e-5
713770195,1.4382017188526706,0.8630673876597543,4.991698528313597,0.0004499576758561148,0.00044995766895543685
71377089x,2.007203970010705,0.13126190356687067,4.640863699026691,0.000575945825095827,0.0005759458123870382
713770996,0.65385902240619,0.12896995840347528,4.998943767721324,3.430927278402875e-5,3.4309272352125376e-5
713771024,1.0300588576395249,0.3507789186682223,4.993471877968222,0.00012261346667079127,0.00012261346421614517
713771155,0.3584480861918862,0.18394484788351062,4.9842906418539386,2.8122354741007175e-5,2.8122354081885878e-5
713771892,0.4281160756469675,0.5488898958283561,4.997877592018481,3.824640244776976e-5,3.824640188537324e-5
713772131,0.5038200469070178,-1.5811037428308476,4.852815093803808,0.00021935436697985596,0.0002193543612326914
713772166,0.184779329672894,1.8602263679834095,4.999113032370334,7.030588685251794e-5,7.030588581391427e-5
713772633,0.8456094507245207,0.8615563956725488,4.998888101169922,0.0001355497498516546,0.00013554974769714386
713773046,0.9365885883197884,0.6549563943157091,4.994913846443858,0.00017942062324762578,0.00017942061856824707
713773070,1.0088612930046637,-0.16958145297541172,4.998823641512414,5.624470948201435e-5,5.62447080548647e-5
713773150,1.0163472686495956,1.5534735000895854,4.851035525926518,0.001015779453245179,0.001015779426394772
713773222,1.4485088323296769,0.13938586991729482,4.988928733210851,0.00020248095413525166,0.00020248094861919714
713773599,1.4901861230564168,0.20919947400897354,4.997049128586775,0.00017435859939424447,0.00017435859511917792
713774014,1.2809673495952854,0.8339131822942513,4.996139847601347,0.00040158722570158244,0.00040158721644947023
713774057,1.2754734786275086,0.6213751129797082,4.983453250914759,0.0002688497113240286,0.00026884970376488826
713774102,0.7651101403157722,-0.2691834053872131,4.9917562565642815,7.030588685251794e-5,7.030588452514318e-5
713774313,1.384066439068706,0.7609593466999548,4.997147752287782,0.0003599661406848918,0.00035996613289313126
71377433x,0.334164686132456,-0.23460129680278588,4.995344351711619,1.912320122388488e-5,1.9123200593683953e-5
713774516,0.31283699690153843,2.0182776701988976,4.993982846455812,0.00026210034618618684,0.0002621003397335531
713774532,0.35240841073773815,0.4564577349176709,4.999711466002894,2.58725663617266e-5,2.5872565691485167e-5
713774727,2.3735946685251017,-0.33675492674470603,4.997802920493589,0.00019573158899740994,0.00019573158364825016
713774970,0.5995578624176107,-0.20791852155774695,4.9997854595552775,2.249788379280574e-5,2.2497883194963336e-5
713775164,2.198267738262561,0.46566600666844593,4.9864074937029415,0.0006749365137841722,0.000674936494573937
713775375,1.6169085231877254,0.22007066066688524,4.99802206314474,0.00021035521346273367,0.0002103552084754885
713775551,0.8123962566274984,0.451416762141565,4.997567691319479,0.00010124047706762583,0.00010124047452362646
713776044,3.0983788682643416,0.316796968834116,4.887771891419524,0.000674374066689352,0.0006743740503235817
713776124,2.1238790304199884,0.5074184972681116,4.988440735794436,0.0005624470948201435,0.0005624470816030159
713776482,0.13177200966733518,1.380161225993189,4.999547142197317,2.249788379280574e-5,2.249788332409111e-5
713776730,1.164652427733385,0.24916936397579076,4.977292747911576,0.00019910627156633078,0.00019910626637090689
713777549,1.217382089921842,0.7176214202230404,4.996906195155267,0.00023060330887625884,0.00023060330555443615
713778613,2.062394705058548,0.025962366761360357,4.995428656754052,0.00024747672172086314,0.0002474767155691379
713778752,0.5159164948716803,1.4465487614578811,4.9401098071652765,0.0002570383223328056,0.0002570383160867874
713778808,1.1171783142889815,0.303770422801395,4.910384727951411,0.00020135605994561136,0.00020135605555577046
713779552,0.6143945527102519,0.346421594595616,4.984203816193898,0.00010236537125726611,0.00010236537851869816
713780721,1.0238984560980469,-1.4395883251853943,4.948422751093778,9.44911119297841e-5,9.449111497086966e-5
713783420,0.4969655423140441,0.4984088201229013,4.999195317159418,3.5996614068489185e-5,3.599661309115309e-5
713785012,0.3923118766467092,0.5795451713337074,4.995207313668112,5.624470948201435e-5,5.624470791283043e-5
713785151,0.7702044717120359,1.071427657246862,4.998109187329756,0.00023116575597107898,0.00023116575026726598
713785645,0.9095588480910055,0.4182969637729023,4.997743323736574,0.00012486325505007184,0.00012486325187699302
713785709,0.8240606802054171,0.21159423213552148,4.99906961134542,5.2870026913093485e-5,5.2870025809141466e-5
713785872,0.5184729318954452,0.01117418702597753,4.989729097940753,3.374682568920861e-5,3.3746824741887785e-5
713786234,1.3891408111744998,-0.09118969290299203,4.999112356141557,9.111642936086324e-5,9.111642731655443e-5
713786795,1.1003260087516875,-0.6388162582935808,4.999314142854321,3.374682568920861e-5,3.374682472996739e-5
713788301,2.2860919284981414,0.6620780177056534,4.990224487005784,0.0006591879951292082,0.0006591879842048149
713788707,0.9603772824023453,0.18611593036671886,4.996802241868873,8.099238165410066e-5,8.099238013186862e-5
713788715,2.5005107968907607,-0.7573762214720668,4.971199662391804,0.00014848603303251788,0.00014848602953223598
713789136,0.9819777140360211,-0.05708008735744426,4.996940667147969,5.7369603671654635e-5,5.736960252354198e-5
713789339,1.4432336893232054,0.6219780181958792,4.996765123114188,0.00028009865322043147,0.0002800986485297335
713791340,0.14656027451432924,0.6211741086143977,4.999860931177127,7.311812232661865e-6,7.311812054997354e-6
713791455,0.7505017759414577,0.49005838950219066,4.998642412939556,9.05539822660431e-5,9.055398013981866e-5
713791893,0.03975620950799834,0.7755810129028122,4.999975425817437,1.124894189640287e-6,1.1248941660981415e-6
713792810,2.0055744900182293,0.6944513366204973,4.994101501224027,0.0005736960367165463,0.000573696025919841
713792896,0.7737227635470948,-2.542367396195636,4.979213623637749,0.00011530165443812942,0.00011530165123429625
713793098,0.49149105266874976,-0.03371970464691321,4.999615060747122,1.912320122388488e-5,1.9123200825480855e-5
713795536,1.3242713325577018,-0.9103677399420189,4.996448428244633,3.0372143120287746e-5,3.0372142984571618e-5
713797013,0.5232887923829876,-0.17031256968676492,4.999566632985184,1.462362446532373e-5,1.4623624045845396e-5
715833444,0.4974078668800511,-0.6382430568422779,4.988458444690124,2.924724893064746e-5,2.9247248044585824e-5
717855399,2.9192209395947675,0.4172559332793092,4.989517196254949,0.0007441175064470499,0.0007441174886682615
718000229,2.5821684862559073,-0.5685713084494284,4.8431746885004365,0.0009831575217456108,0.0009831574885957488
718001045,0.124684065802189,-0.5434743788253661,4.999923544352274,1.6873412844604303e-6,1.6873412308362227e-6
71800115x,1.5713888014281585,-0.11686119912617274,4.996073353289139,9.617845321424453e-5,9.617845092318822e-5
718001504,1.2721058064242796,-2.4483096241487314,4.654744961156907,0.0002710994997033092,0.00027109952469688383
718001520,0.9990916528788848,0.08459908120497386,4.999237080362676,8.042993455928052e-5,8.042993242604318e-5
718001563,2.3954371058451644,0.09691231233336395,4.978176446696685,0.0003205948440474818,0.00032059483732423816
71800166x,4.78240936317796,-0.04822122332476231,4.975508963979436,0.0007514293186797117,0.0007514292961631192
718002769,1.7709156715943113,0.09612616485109339,4.9239756914722275,0.0004837045015453234,0.00048370453171604945
718002961,1.7198754345001679,0.7073830911277181,4.995247307580519,0.0005230757981827335,0.0005230757860519332
71800318x,1.184681598805521,0.46066208828501304,4.992676497616366,0.00018223285872172648,0.00018223285488860294
718003489,2.5162773336033757,0.5403772848929209,4.520004443253122,0.0010877726813821576,0.001087772650322576
71800393x,0.9757840825995399,-1.2664714303269036,4.981272874852335,3.824640244776976e-5,3.824640122547119e-5
718004107,0.5600955779826223,-0.6066357759938794,4.996093959088053,2.249788379280574e-5,2.249788519565619e-5
718004131,0.35637340367114134,-0.05678852427399221,4.999906302037437,1.0124047706762582e-5,1.0124047491348981e-5
718004545,0.4960438594919505,-0.6777940612740517,4.999790618345633,1.0686494801582727e-5,1.0686494474786411e-5
71800457x,0.10156528224026495,1.4772082082338174,4.999618141401738,1.5748518654964018e-5,1.574851833247744e-5
718004588,2.8275539755786423,0.5629305151646704,4.964170386028424,0.0009392866483496396,0.0009392866278040647
718004609,0.43382382102504885,0.010091466277871079,4.995903333329336,1.7435859939424446e-5,1.7435859484406526e-5
718004617,1.0784420692447922,0.07829335424443115,4.990032216259843,9.05539822660431e-5,9.055397933327764e-5
71800465x,0.12808614522067946,1.4908538568021017,4.99740300082778,2.8122354741007175e-5,2.8122354453930402e-5
718006356,0.4560568337819965,-0.98151560308761,4.9732376107955085,5.0620238533812914e-5,5.062023841634568e-5
718006591,0.03534180193518034,0.8990259722194773,4.999989519745752,1.124894189640287e-6,1.1248941655843597e-6
718006866,0.5845649865003886,0.8013303222348187,4.9706162041643145,0.0001462362446532373,0.00014623624230237096
718007025,2.849513032162713,0.6288653810715443,4.981492289030077,0.000956160061194244,0.0009561600413431065
718007033,1.0543920403893696,0.16927496357188693,4.972736020542263,0.00013498730275683443,0.00013498730087668933
718007041,0.5294496290890472,0.2666984929173714,4.999026426743846,3.1497037309928035e-5,3.1497036702068285e-5
718007156,0.9813218930025299,0.6557785008483773,4.982775962912829,0.00020360584832489193,0.00020360584567364937
718007615,0.2995919493997345,0.17397682767890962,4.999705093769971,1.124894189640287e-5,1.1248941653104451e-5
718008714,0.8180766285015327,0.5847134150250872,4.9773915383631495,0.00021822947279021568,0.00021822948934864116
718008749,1.7495007153854036,0.38512933243712955,4.9952622983877575,0.00035152943426258965,0.0003515294251564429
718009063,0.7691904709895963,0.24935405639548067,4.999495617991992,6.46814159043165e-5,6.468141436275137e-5
718009215,1.2604403064912884,-2.758558614665046,4.928712645502614,0.00015186071560143873,0.00015186106173875185
718009274,1.553572740289845,1.0007193172612494,4.985494341128382,0.0006648124660774096,0.0006648124546028045
718009397,0.6539022600441147,0.3929544423893941,4.965401803266325,0.00017548349358388477,0.0001754834881799157
718009936,2.4714430654464636,0.435755892230973,4.984371020851425,0.000575945825095827,0.0005759458146888885
71801150x,1.3984026588721445,0.6453516378284923,4.996851570112106,0.0003430927278402875,0.000343092719632896
718013329,0.5445544414213755,-0.5166699538384534,4.99973518769361,1.3498730275683443e-5,1.349872988317856e-5
718013337,0.3222364699497304,0.2158781319415916,4.999788070880598,1.2373836086043157e-5,1.2373835874511908e-5
718013871,0.4392408338047623,1.589780940905018,4.9334851797775405,0.0006091302036902153,0.0006091301835886554
718014735,0.5215377661019874,-0.20716522550524888,4.988184412483175,2.6435013456546743e-5,2.6435012645853735e-5
71801505x,1.286733203038633,0.15699647137752676,4.968036198169859,0.00024803916881568325,0.00024803916131152504
718015332,0.6744793133904773,-1.006515010909604,4.999957768503885,5.624470948201435e-6,5.624470820889667e-6
718016247,0.12226377788166058,1.227883021703276,4.9987346360244755,2.3060330887625882e-5,2.306033020001751e-5
718016255,2.7216367412782634,-0.31359330491782494,4.997028873497297,0.00018392020000618692,0.00018392019623026938
718016490,0.6219068106939342,0.48211828496774967,4.973459167922233,7.593035780071936e-5,7.593035573485194e-5
718016909,0.7785226201613092,0.03646591039208658,4.998597598335536,4.274597920633091e-5,4.2745977901864376e-5
71801724x,0.7273982912724224,-0.2637055861309233,4.986844749609759,7.311812232661866e-5,7.311812006168591e-5
718017741,2.4370793948535963,0.5012876057611689,4.990447601141613,0.0007885508269378412,0.000788550805645151
718018808,0.1270526182983381,1.2582279204451066,4.998024509214053,2.7559907646187032e-5,2.7559913436772047e-5
718018875,0.6746744080680598,0.32004687429033196,4.994286618012697,8.774174679194238e-5,8.774176434436921e-5
718019595,0.4610383689395763,0.11231542628050648,4.999553959893318,2.8122354741007175e-5,2.8122353929826245e-5
718019747,0.8775117741823276,-0.17574668285836226,4.998576286548034,4.049619082705033e-5,4.0496189801591524e-5
718019851,0.14224937849086491,1.6192872104095755,4.999413149672921,3.655906116330933e-5,3.6559060340658556e-5
71802057x,0.32914119915692397,0.3102539109840694,4.996712820105496,2.418522507726617e-5,2.4185224233672713e-5
718020625,0.5337759756935083,0.25052613519730227,4.997406092266698,3.937129663741004e-5,3.937129533773536e-5
718020967,0.61301860117153,-0.056421918288150984,4.996096557585107,5.9056944956115064e-5,5.905694314636134e-5
718021054,0.5804120919448308,-3.4752499800111365,4.967382285523586,3.5996614068489185e-5,3.599661408897027e-5
718021177,2.480916588000838,1.1824428887017655,4.883772703553611,0.0019134450165781281,0.0019134449603249756
718021249,2.609312248321013,0.05127122609147353,4.991680831825254,0.00039540030765856086,0.0003954002976383275
718021273,0.7439740795067823,0.6404713933065461,4.998853086488986,0.0001282379376189927,0.0001282379344060117
718021337,0.4258065148305315,0.7472452376773174,4.99221986857735,5.17451327234532e-5,5.174513128232336e-5
718021513,0.9694610521147787,-0.10525725207329913,4.997926482769367,7.986748746446037e-5,7.986748505008503e-5
718022196,0.16033468798637768,0.4065420054394071,4.999338332434297,1.2373836086043157e-5,1.2373835703260632e-5
718022399,0.43248406458400157,-3.069443871885883,4.978129398918506,1.912320122388488e-5,1.912320063078723e-5
718022479,0.7021457608016939,0.18056449001442373,4.993586786263921,5.399492110273377e-5,5.3994919920907826e-5
718022778,0.24308273509224715,0.15164228348531122,4.99583106782681,2.7559907646187032e-5,2.7559906791260107e-5
718023228,0.9349894220071844,-3.3369254641242643,4.94840827356541,5.849449786129492e-5,5.849449633349686e-5
718023412,0.4416991658097361,0.6003149792237297,4.999005484531201,5.17451327234532e-5,5.1745131412284036e-5
71802356x,3.584448905531439,1.010044795253609,4.981592056043169,0.0025658836465694947,0.002565883592518294
718023586,1.5019870066112537,-0.669564322795113,4.999622505848576,4.162108501669062e-5,4.162108402937408e-5
718023674,0.19097717195423916,0.2118062843490228,4.998146342643654,1.3498730275683443e-5,1.3498731152040252e-5
718024116,3.23594751359549,-0.10118299224217804,4.995773530433402,0.00028347333578935234,0.00028347332867440677
718024327,1.0363864114987646,-0.28096881807845603,4.993720570483668,9.674090030906468e-5,9.674089731149973e-5
718024407,0.49887805963048126,0.5888550805881314,4.999447074622732,5.849449786129492e-5,5.849449631121751e-5
718025186,0.27283532083377127,1.6468590044280618,4.997267399078244,0.00013161262018791358,0.00013161261684550138
718025987,0.3639710552114608,-0.34272518378681455,4.998654392097704,1.4061177370503587e-5,1.4061176911587294e-5
71802639x,1.4826311829035776,-2.948664825133175,4.963849478016937,0.00012261346667079127,0.0001226134625627726
718026648,0.6807213098181292,-2.371898345260207,4.960840307296675,4.837045015453234e-5,4.837044815915797e-5
718027456,1.596877365476153,-0.00017897214273958302,4.9969197465779125,0.00012486325505007184,0.00012486325161373667
718027771,0.21022668869899083,1.6055302268922609,4.997885597778584,8.267972293856109e-5,8.267972067033971e-5
718027894,0.7494529184929101,1.4136817155233286,4.9601259965641455,0.0006788736434479132,0.0006788736229093518
718028547,1.4811639635971443,-0.2738303369130488,4.98086314732417,0.00017660838777352504,0.00017660838226727735
718030022,1.2410409644033726,0.02978155768638003,4.9983436836636095,0.00012373836086043157,0.00012373835736517784
718030110,0.9995478973336273,0.14718294104091278,4.991288300727367,0.00012711304342935241,0.0001271130538654947
718030460,0.5554772309238254,0.1774051399298187,4.999723329362575,3.487171987884889e-5,3.487171906150193e-5
718030743,1.6337844260457914,0.19289249655843385,4.9980027552026645,0.00020473074251453223,0.00020473073715355592
718030831,0.912648980251106,-0.9179503994255691,4.998324937551095,3.1497037309928035e-5,3.149703634132548e-5
718031885,1.15838662860652,0.8290121064958029,4.9753269739371015,0.00034253028074546736,0.00034253027081966657
718031914,1.3395069129728674,-3.184855487800399,4.947918772514866,8.830419388676252e-5,8.830419157077191e-5
718031922,2.546105070494123,0.6328478395451426,4.991112991353445,0.0009432237780133806,0.000943223752982014
71803199x,2.524834952234428,-0.6310741799426807,4.994668576312822,0.0001524231626962589,0.0001524231581288858
718032300,1.479106858463513,0.5002203169596922,4.928734814242556,0.00030372143120287746,0.00030372142327589574
718032802,0.28535999034650134,0.9289387937932257,4.999486707287023,3.1497037309928035e-5,3.149703669799568e-5
718033223,0.7913034824206361,1.1149434283387605,4.973591373780516,0.00030315898410805735,0.0003031589774878343
718033725,1.8640706912483076,-0.011781817837603917,4.998707575255401,0.0001631096574978416,0.00016310965396720018
718034058,0.5542176408404031,0.014506571368747216,4.998952355983322,2.8122354741007175e-5,2.8122355001677827e-5
718034293,1.6458961858164152,0.47380760171039327,4.99490849423513,0.00035265432845223,0.00035265431905291147
718035384,1.1956214464653585,-0.15843336242306078,4.994103581321856,0.00011923878410187041,0.00011923878043080716
718035501,0.8953954634350625,-0.8718898245758947,4.995388511574713,3.655906116330933e-5,3.655905994802365e-5
718035552,1.2175317009874396,-0.38185225144265444,4.995861131460057,8.492951131784166e-5,8.492950870341138e-5
718035907,0.6493324339705138,0.02010875918564172,4.997220502024731,5.849449786129492e-5,5.849449605813917e-5
718036264,0.20148995685191426,0.44481625253436813,4.987936771437393,1.3498730275683443e-5,1.349872986470221e-5
718036432,0.15654823956625602,1.4873062784700033,4.998928305727436,3.3184378594388464e-5,3.3184377988668454e-5
718036459,1.1352966833420877,0.23303618981122556,4.983047870256708,0.0001124894189640287,0.00011248941583160191
718037080,1.6050750320981804,0.394371644926384,4.996388706016549,0.0003374682568920861,0.00033746824773828095
718037283,0.3556036999065043,0.3479228223882152,4.999805511351288,2.0248095413525164e-5,2.024809492669432e-5
718037494,2.137840719339841,0.332368785807557,4.978840742372821,0.0004758302422178414,0.0004758302310396877
718037558,1.2298011185413504,0.24721517859531722,4.998322555382472,0.00014454890336877688,0.0001445489000195284
718038235,1.0498690273024323,-1.2740395390622634,4.997109061667548,2.249788379280574e-5,2.2497883110049336e-5
718038913,6.773318073028158,0.3495343942716717,4.919712691991082,0.002937098729150789,0.0029370986623932635
718039326,2.6958832772430905,0.8304260741392623,4.9805199870852,0.0010725866098220136,0.001072586584289051
718039342,0.45253443166131585,0.6965416140363438,4.993905376610196,0.00013048772599827328,0.00013048772199285454
718039916,1.4282627744500236,0.4230121960714056,4.946406754116601,0.0002885353596427336,0.0002885353529932324
718040263,0.6415287000614784,-0.3675744719506547,4.999790441232855,1.3498730275683443e-5,1.3498729945506581e-5
718040554,2.4381319387803977,0.664614768828162,4.991174460324361,0.0009336621774014382,0.0009336621526598179
718040810,1.2517147484198599,-2.518043552913346,4.935101866392325,0.00017548349358388477,0.00017548348774485166
718040984,0.8410506139585641,0.46650661810996813,4.999206836718647,0.00010236537125726611,0.00010236536897209248
718041493,0.3445382658194674,-0.4718673812706934,4.999051088952618,1.124894189640287e-5,1.1248941546234513e-5
718042533,3.1853153505110923,0.8292714170872939,4.9632415514067345,0.0017435859939424448,0.0017435859510156718
718043050,1.2312788176838227,0.39833231190957513,4.939641701754774,0.00019123201223884877,0.00019123200661485618
718043675,0.9541883178619373,-0.7584202382764526,4.990106108805078,4.049619082705033e-5,4.0496257000466223e-5
718044192,2.166580378960505,0.21837639799309777,4.879834221977855,0.0006530010770861866,0.0006530010645262714
718044475,0.2911815089463406,-3.5547050558696087,4.994962994720103,8.999153517122296e-6,8.999153519800037e-6
718044707,2.09862442153385,0.34096653224029694,4.950513009572214,0.0004612066177525177,0.00046120660390351403
718045064,2.2645905990275583,-2.439425339505278,4.830192048332918,0.000575945825095827,0.000575945805799445
718045099,1.3610156074276807,0.007159612843476536,4.993865233724805,0.00011192697186920855,0.00011192696867869272
718045726,1.1880854010742887,0.8574421359741538,4.910333908240505,0.00038190157738287743,0.00038190156741635823
718045814,1.5407611575113564,0.4468059521682033,4.993696511512867,0.0002885353596427336,0.00028853535360423696
718046462,0.7909706562692654,0.30754538915256546,4.991366278923476,0.00011473920734330927,0.00011473920392890481
718046534,1.8010988866495736,0.23160183346443458,4.9299670755015095,0.0005461361290703593,0.0005461361633925664
718047262,0.403538704905772,0.7492571889597417,4.99912803169213,4.499576758561148e-5,4.499576665157498e-5
718047510,0.24691488522226496,-2.6377226422055506,4.982370481520264,3.1497037309928035e-5,3.149703731930016e-5
718047756,0.15912096857072752,1.1259705075290847,4.996445093454305,4.837045015453234e-5,4.8370448677258446e-5
718048142,2.8326774923406655,0.28456989417049183,4.9939904500490195,0.0006344403229571219,0.000634440306162593
718048417,0.6840150840511836,0.43676050888463447,4.997034252024849,7.649280489553951e-5,7.649280328037722e-5
718048927,0.8546988662817698,-0.8449229409505719,4.984425365193813,2.58725663617266e-5,2.5872565562995652e-5
718049129,0.46671699829474783,-1.2807416372165705,4.999272711582855,5.624470948201435e-6,5.624470777669754e-6
71804941x,1.5864075045371155,0.9362525777900828,4.991386043785662,0.0004724555596489205,0.0004724555514306581
718049719,1.6311425407403002,-0.3549318015829475,4.951403210180786,0.00025028895719496385,0.000250288949623201
71805004x,1.417313057667853,-1.0472894599128417,4.9982199490782975,3.5996614068489185e-5,3.599661296024365e-5
71805012x,1.6571181027173618,0.9026119156460954,4.973857160442566,0.0006805609847323736,0.0006805609632959238
718050349,0.6684518884584062,-2.331302327224818,4.968798974137209,8.436706422302153e-5,8.436706141579385e-5
718050955,0.4727427981093561,-3.479592660435901,4.982300389644358,2.6997460551366886e-5,2.699746035075314e-5
718051675,0.39946265959721394,-0.7527645030202492,4.9991998671102245,1.124894189640287e-5,1.1248941544964515e-5
718051720,1.4579449292631548,0.32876757129893425,4.997797107476349,0.00022722862630733797,0.0002272286202235351
718053152,1.5729238922171,-0.04132308213376575,4.998688842025052,0.00013611219694647473,0.00013611219333073705
718053267,1.3709644075443275,0.3383203503675314,4.995803078787653,0.000246914274626043,0.00024691426751179954
718053558,0.10157663507994734,1.1058903453600688,4.9962673087172815,1.5748518654964018e-5,1.574851808684306e-5
718053662,0.923993182172669,0.5764554154314812,4.9963829927228955,0.000125425702144892,0.00012542569908221003
718054702,0.9347482842515752,0.03503977599689174,4.993504241503693,0.00012148857248115099,0.00012148856874539121
718054745,0.5059255312565497,0.6099800821589758,4.992519698105663,5.343247400791363e-5,5.34324726824287e-5
718055131,0.25465432541981725,0.31313301024077844,4.999567718362425,1.124894189640287e-5,1.1248941542072652e-5
718055211,0.7938539131416268,0.9360297837840328,4.995719111705898,0.0002637876874706473,0.0002637876800155987
718055537,4.389653166041103,-0.1403954313569104,4.993605201832479,0.0006074428624057549,0.0006074428465307106
718055844,0.694829215341985,-0.2808524938341265,4.999757845719153,2.4747672172086314e-5,2.4747671521840608e-5
718055887,0.9208080998995654,-0.16364365010330892,4.9980049733779826,5.0620238533812914e-5,5.062023980855915e-5
718056011,0.5560880078947112,0.32152594867255047,4.997654838152779,7.086833394733808e-5,7.086833180082976e-5
718056679,0.5084573008247474,0.5110460001755917,4.997354266576085,4.8932897249352485e-5,4.893289653407914e-5
718056687,0.2629462376165526,0.019949196495603512,4.99987562071405,7.311812232661865e-6,7.311812065828247e-6
718056927,0.15463495325354495,0.848834777338676,4.998764731356443,2.3622777982446025e-5,2.3622777255109326e-5
718057436,0.5494965412066077,2.1607187953476377,4.934947938018058,0.001066399691778992,0.0010663996630491908
718058236,0.522830693266312,0.44884696627970494,4.99532244250252,5.5119815292374064e-5,5.5119813431849966e-5
718058447,0.07913132882226903,0.7391032546448582,4.997554502144604,8.436706422302152e-6,8.436706161972059e-6
718059175,1.6077329425283433,0.5267347046681216,4.9144660164887926,0.00036446571744345297,0.0003644657079312745
718059271,0.6225403127122315,0.241822797293121,4.932097564942536,6.693120428359708e-5,6.693120271924975e-5
71805936x,0.9203496406549234,-0.5911609534708024,4.973397259355389,6.918099266287765e-5,6.918099047343004e-5
718059415,0.5540414823869797,0.37559178522033054,4.999625634726779,4.4433320490791335e-5,4.4433319546644495e-5
718059693,0.7491374918623876,-1.5387172515682497,4.998883222534128,7.311812232661865e-6,7.311812006496873e-6
71805979x,0.7854657677097132,-0.17744736707446668,4.999645928336371,3.712150825812947e-5,3.712150727177603e-5
718059917,0.733182736334241,-1.2907673658856083,4.98696595525029,2.418522507726617e-5,2.4185225863629167e-5
718060352,1.7938829865677315,0.5753977690814905,4.9964386244304135,0.0004567070409939565,0.0004567070301091656
718060555,0.9786561161304655,0.26288126286167574,4.99886204333582,0.00010236537125726611,0.00010236536849159002
718060619,1.1860018181129814,-0.7916437843458661,4.999738217634946,2.3060330887625882e-5,2.3060330287859237e-5
71806066x,0.38340657055817406,-0.17822383245268797,4.990608982379659,1.8560754129064736e-5,1.8560753694235134e-5
718061101,1.6529622720544388,-2.375067607070825,4.869579717148514,0.00035265432845223,0.00035265431671801964
718061689,0.3080463873033036,0.15098059127774915,4.992721939183547,1.6873412844604303e-5,1.687341242813068e-5
718061785,0.18747012338055202,-0.0023087962860204522,4.999907464345608,4.499576758561148e-6,4.499576646160527e-6
718061865,0.7884376568145949,-0.36269247410347927,4.99943197713743,2.6997460551366886e-5,2.6997459867197296e-5
718062235,0.7938810040738208,0.919903979340243,4.994697149473012,0.0002637876874706473,0.00026378767996128305
718062438,0.3120668494684912,-0.1366310628128367,4.999589895536789,6.749365137841721e-6,6.749364939422634e-6
718062489,1.3647542158860797,0.419393501457927,4.944636119279279,0.00033071889175424437,0.00033071888008141554
718062577,1.2756896309486325,-2.886293590252591,4.943211309563219,0.0002120425547471941,0.00021204255040178802
718062622,0.42028380446029323,0.45925990169166947,4.997752637806131,3.9933743732230185e-5,3.993374265955674e-5
718063350,0.4988903049060627,0.3827377763211034,4.998710926909743,5.849449786129492e-5,5.849449613302982e-5
718063502,0.45110971068767164,-1.4419690683782025,4.991698554035777,4.724555596489205e-5,4.7245554583475394e-5
718064492,1.7374631568499153,0.27295837406495976,4.992229889306386,0.00022835352049697824,0.00022835351415747478
718064548,0.9838634609945335,0.40601122412114493,4.972818258885633,0.00015411050398071933,0.00015411050055169775
718065065,1.1271476833090461,0.21303641817057387,4.973742976618208,0.0002328530972555394,0.00023285311226440485
718065241,0.026784072652482723,0.7799868957566541,4.999994746420555,5.624470948201435e-7,5.624470815922517e-7
718065372,0.6978327115574443,0.30038580871991505,4.999400992209005,6.355652171467621e-5,6.355652002485822e-5
718065604,0.5942075005925609,0.5814239686500806,4.991032489658426,6.243162752503592e-5,6.243162582132522e-5
718065823,0.09222464084359815,1.365439395785303,4.999905924809213,1.2373836086043157e-5,1.2373835800334333e-5
718066156,1.7136335202389001,-2.3793171614180304,4.375389224417364,0.0004904538666831651,0.0004904539118997572
718066228,0.3888988185922631,0.6503882046561713,4.9988895819664325,3.205948440474818e-5,3.205948362822273e-5
718067538,0.6022944534093225,0.02529402159032563,4.999691401186257,2.924724893064746e-5,2.924724821825461e-5
718067714,4.351487094262471,-0.7786455743760535,4.540999858128816,0.0007536791070589923,0.0007536790809610211
718067765,0.40249126609767155,1.85608509553123,4.996895907596295,0.0002536636397638847,0.00025366363593016383
718067810,0.9731114157503,-1.464951116761865,4.9987194282593626,1.4061177370503587e-5,1.4061176935550441e-5
718067941,0.3822640097748196,0.658653370001276,4.998486549740129,3.937129663741004e-5,3.9371295397267986e-5
718068557,0.37726121337946605,-2.624037755267292,4.9634817117206085,6.524386299913664e-5,6.524386301855037e-5
718069242,0.4583945701746609,0.3178568423419977,4.998796809089912,2.4747672172086314e-5,2.4747671478886835e-5
718069904,0.7030533326441519,0.6772727312280915,4.996172329971774,0.00012092612538633085,0.00012092612224806288
718070737,1.1554924483567763,0.19610843428484603,4.999054978247218,0.00010461515963654668,0.00010461515742289719
718070921,1.5127367665526288,0.5364286129527934,4.9924816393434055,0.00027278684098776956,0.00027278683764901066
718070948,1.571159729503256,0.4099671995533426,4.990874900415622,0.00029472227768575517,0.0002947222708895207
718071297,0.2716698777701273,1.1288729191828661,4.999705339556802,3.5996614068489185e-5,3.5996613378062716e-5
718071473,0.12807621607191846,1.5428276691769927,4.999727290508518,2.8122354741007175e-5,2.8122354088018813e-5
718071641,0.47161324830277573,0.6737751911298446,4.995685776272118,7.311812232661866e-5,7.311812046892921e-5
718071748,1.1886603322607718,0.2163393072796998,4.996607633012095,0.00010967718348992798,0.00010967718139444199
718072636,0.3380570534323046,0.4251048513773908,4.999840896096334,2.0248095413525164e-5,2.0248094990546424e-5
718072791,0.5091378137884599,0.7497734234623538,4.996474382339227,8.15548287489208e-5,8.155482697274503e-5
718073217,0.28219936925040534,1.997095991643602,4.989073176422341,0.00020248095413525166,0.00020248095010394598
718073559,0.9493823849360109,0.8319607664908844,4.992467745389462,0.00021879191988503582,0.00021879191567595024
718073575,1.0378372393884367,0.6821309093532735,4.997960647938661,0.00016423455168748188,0.00016423454961300905
718073751,0.8646653747357438,-0.6970537473576836,4.908946035752639,6.524386299913664e-5,6.524386093310303e-5
718073778,2.048434991160331,0.7157621405143285,4.973010773875383,0.0007086833394733808,0.0007086833239688204
718073807,1.391709276798613,0.5154257879762782,4.996981563103895,0.0002958471718753955,0.00029584716386047913
71807384x,0.7177183039362565,-0.44994509152856904,4.999386805727427,2.6435013456546743e-5,2.6435012666860335e-5
71807405x,0.2952926856559425,-0.5812161915468449,4.99815156307763,7.311812232661865e-6,7.311811999540975e-6
718074244,0.18090631932177131,0.24108608895134936,4.999920697530471,6.749365137841721e-6,6.749364948582137e-6
718074682,2.1815898582648434,-0.47175081817779585,4.998251774921667,0.00014173666789467617,0.00014173666396055572
718074746,0.9426650242554345,0.5109001080384906,4.99368642962734,0.00021541723731611495,0.00021541723080820878
718076127,0.8140009003514971,-0.9682675615640509,4.999387414267045,8.999153517122296e-6,8.999153328399237e-6
718076178,1.662672661632543,0.26532833510450493,4.994391756000859,0.000266599922944748,0.00026659991618837003
718076426,1.5407768071496597,0.6967305953943004,4.995379327191973,0.0004105863792187047,0.00041058637117158094
718076960,1.405963547464836,0.12493582841937212,4.9964839287902665,0.00012767549052417258,0.00012767548703162618
718077488,0.5792862099285823,1.1528310163401598,4.971684339675142,0.0001940442477129495,0.0001940442417320528
718077672,0.9949995478261766,-0.38604770410553135,4.994970147012804,7.649280489553951e-5,7.649280255097282e-5
718078181,0.2909655574418513,-0.12932956071399898,4.999828476965719,7.311812232661865e-6,7.311812057102466e-6
718079512,1.2571434424398165,0.6399127597042147,4.968544413753544,0.0003262193149956832,0.0003262193090843907
718079731,0.9161710629009476,0.4993597241997018,4.993399848568664,0.0001552353981703596,0.00015523540317767583
718080222,0.7157477817789161,0.06188663752449912,4.999023452274896,4.668310887007191e-5,4.668310768557301e-5
718081700,1.5213106548559974,0.46499776566578055,4.997133736826554,0.00030372143120287746,0.00030372142317021086
718081911,0.9694578251213513,0.02725985781951382,4.999605231797419,4.162108501669062e-5,4.162108444962597e-5
718082762,0.8222329182664465,0.6048789607055008,4.989486759460577,0.000129362831808633,0.00012936282911274528
718083378,0.5165968473035536,0.27413345157776736,4.998626435876387,3.374682568920861e-5,3.374682498915012e-5
718084864,2.0481924289013813,0.5026859548568903,4.9342042891261455,0.0006355652171467621,0.0006355651987304999
718085066,0.6614862757426877,0.7062668214027277,4.994159793337846,9.617845321424453e-5,9.617845038675151e-5
718085162,0.7843938516574556,0.6990948973519926,4.999103504310886,0.00010517760673136683,0.00010517760478497607
718085197,0.949475650445345,0.3535023396764017,4.997199981306594,0.00011473920734330927,0.00011473920446542322
718085445,1.3786006995945663,0.2861771644752686,4.989359243334495,0.00015861008073928047,0.0001586100764882117
718085453,0.22467585073438706,0.4811464372848061,4.999173319023307,1.462362446532373e-5,1.4623624046003224e-5
71808547x,0.38406460845476387,-3.41214451909061,4.98598780846845,2.1372989603165453e-5,2.1372989444346237e-5
718085808,0.582895011053113,-2.772380103840708,4.96711132686706,4.949534434417263e-5,4.949534319358146e-5
718085816,0.7202461836559367,0.1493789833776463,4.994225769772456,4.387087339597119e-5,4.387087218410256e-5
718085867,0.7203984604339196,0.1407252222863991,4.9960444014476275,5.5119815292374064e-5,5.5119813462155903e-5
718086296,3.069096541782152,1.043903333769481,4.982098163122195,0.0022599124269873363,0.0022599123772600637
718087336,0.4449056213990609,1.0738262650423605,4.987346524799139,0.00012148857248115099,0.00012148856838326707
718087352,1.8915085385159156,1.3202649408757705,4.981572822664102,0.0012373836086043157,0.0012373835775447194
718087889,0.8778854731474025,-0.04566039046051673,4.995365050538892,9.167887645568339e-5,9.167887365346049e-5
718088259,0.42031700575209857,0.014077916214200268,4.989043335000665,2.3622777982446025e-5,2.3622777208142742e-5
718088814,0.28881561389308735,0.5741644749396864,4.997958454937549,2.249788379280574e-5,2.2497883305022304e-5
718089761,0.9450176421702255,-0.2222195373386157,4.987708684705725,0.00010686494801582726,0.00010686494448130434
718090279,0.37833767929746215,-0.2389200161460808,4.9984848934955535,1.968564831870502e-5,1.968564770699146e-5
718090623,2.682649293580014,0.0634314018821858,4.918974600116499,0.0004330842630115105,0.00043308425339229627
718091159,0.1605495825411404,0.7671758797578606,4.992724398508169,1.6873412844604303e-5,1.6873412928665293e-5
718091183,0.6236611223997789,0.0806356518199716,4.999677760735162,3.0372143120287746e-5,3.0372142541300323e-5
718091941,0.19087960426344194,0.9788991733559638,4.996021035947466,6.749365137841721e-5,6.749364929112346e-5
718092506,0.12931079331178275,1.2190073798934904,4.998882784421123,1.7998307034244593e-5,1.799830664176264e-5
718092688,1.1642162589015619,-0.4308677052834641,4.999552788566372,4.555821468043162e-5,4.5558213484901394e-5
718093314,1.6001643700106492,0.787375726503339,4.959956610220332,0.0006749365137841722,0.0006749364966457981
718093410,1.0566610094904667,0.3277564329765168,4.917892356505793,0.0001788581761528056,0.00017885816955258866
718093592,0.38622858517603603,0.5438912448302853,4.999598309200013,3.712150825812947e-5,3.712150724594519e-5
718093963,0.6466451145397124,-1.1681259040890613,4.999932665421968,5.062023853381291e-6,5.062023721704223e-6
718093971,0.5325567989954674,0.31950553409342175,4.9991175009165465,4.387087339597119e-5,4.387087215760162e-5
718095109,0.7535075829363735,0.46741531241055956,4.985948390723483,0.00011811388991223013,0.00011811388784845158
718095133,1.248816723010864,0.41182386260225423,4.976564431463083,0.0002249788379280574,0.00022497883033939417
718095459,1.4782683655234414,0.2689870739865941,4.99802534414953,0.0002097927663679135,0.0002097927608005448
718095862,1.2035558669371917,0.458564754323321,4.994254559602355,0.00016873412844604306,0.00016873412376203757
718096400,0.40745889179149675,0.06875653065974614,4.993192837772768,2.3622777982446025e-5,2.3622777430332704e-5
71809646x,2.4227253556494035,-0.37315511312155963,4.988301662562489,0.0001889822238595682,0.00018898221842247805
718096726,0.16060377502873793,1.452085697250239,4.9973782794269015,4.4433320490791335e-5,4.4433319361887785e-5
718096806,1.449499704563213,0.24793367417417622,4.998329688764778,0.00018673243548028763,0.0001867324311126562
718097569,1.1808954759329122,0.6844378764904606,4.991732305864034,0.000250851404289784,0.00025085139718384984
718097905,1.4516682503595084,-0.9267225269082905,4.988689334257195,8.380461712820138e-5,8.380461453151343e-5
718098000,0.5131475563948461,2.2445426446911325,4.965629316417684,0.0009010402459018698,0.0009010402261928808
718098182,0.8536250925698349,0.9330750729194612,4.997186338959995,0.00019123201223884877,0.0001912320086152394
718098211,0.8654866016223842,0.9063489225317903,4.99114494825811,0.0002317282030658991,0.00023172819799968734
71809902x,5.262221372797577,-0.16521588286804517,4.978402438164741,0.0010911473639510783,0.0010911473313669367
718099142,0.7073466092005806,-0.7846572778395011,4.999861921664363,1.2373836086043157e-5,1.2373835747165705e-5
718099206,1.904756076622771,-0.4719970216997231,4.997968053588157,7.536791070589923e-5,7.536790864590819e-5
718099222,0.6145908542244716,0.388277991017396,4.9942265065323985,6.524386299913664e-5,6.524386125437344e-5
720782442,1.0915297633512078,0.8881642597157032,4.992221251435335,0.0003745897651502156,0.0003745897556374758
723273061,2.9931771944208125,-0.5065790680771595,4.959836216238762,0.00043477160429597093,0.00043477159073077937
72400076x,1.600817601444153,0.6621184320318747,4.962659050414781,0.0004668310887007191,0.00046683108421145364
724000778,1.4648422316715624,0.6164263059723022,4.992965274010754,0.00038246402447769754,0.0003824640147904853
724001084,0.09222768583419556,1.234245265496065,4.99891558860195,1.2373836086043157e-5,1.2373835745232637e-5
724001711,2.573749026871225,0.5202222808167358,4.964258525752064,0.0008267972293856109,0.0008267972113787364
724001885,0.28518923701522436,-2.744368887448009,4.980259578906912,1.631096574978416e-5,1.631096517894805e-5
724002044,0.35636096637106424,0.2311525120881503,4.99914962227653,1.5748518654964018e-5,1.574851834147824e-5
724002490,2.003467760931624,0.46586278884782145,4.92877983491341,0.00048707918411424427,0.0004870791691019322
724002861,0.787857811055229,0.6894786183123696,4.995171655046169,0.00013105017309309342,0.00013105017037067472
724002917,0.27020697848712977,-0.09651781682016672,4.999389033668298,8.999153517122296e-6,8.999153268583629e-6
724003020,1.7740961896110365,-0.37676706091188406,4.99733846259152,0.00014061177370503587,0.00014061176943438354
724003143,1.0492704731750506,-0.5753037290762752,4.999750252785164,2.6997460551366886e-5,2.6997459933869205e-5
72400324x,2.8594222729737444,-0.41795366402311396,4.997957182340223,0.0002081054250834531,0.00020810541962238926
724003848,0.8277962970881994,0.15169162982985507,4.982303450946253,9.561600611942439e-5,9.561600272761592e-5
724004445,1.3594309382968846,0.3530324800462198,4.93491810738713,0.000360528587779712,0.00036052857487640737
724005333,1.1420046260652081,0.43586316516018797,4.877721949292807,0.00025310119266906456,0.00025310118322115417
724005608,0.8485606495247263,-3.200180135675543,4.978676886189358,4.2183532111510764e-5,4.2183531022076875e-5
724006088,0.39285465400249375,0.8006664931610412,4.9992811031627715,6.243162752503592e-5,6.243162582443017e-5
724006192,1.5491354194385447,-0.015562873475452387,4.998466064710899,0.00013779953823093516,0.00013779953451939527
724007128,0.9900570229566766,0.25755616689067223,4.997115276167777,0.00010011558287798554,0.00010011558071356301
724007347,1.3284309126546068,0.22343416001872388,4.996116060376302,0.000129362831808633,0.00012936282827602483
724007531,0.13497213838802807,1.576989632434698,4.998781212635439,3.205948440474818e-5,3.205948370300424e-5
724007849,0.2522767249003715,-0.18497406985383175,4.999597686244384,5.624470948201435e-6,5.62447076252542e-6
724008622,0.8481771430857868,0.2272635331051946,4.9960742344598295,9.674090030906468e-5,9.674089735451562e-5
724008809,0.3128053487844708,0.16560474249370014,4.999770642011289,1.2373836086043157e-5,1.237383579912236e-5
724008876,0.6167560865673892,0.7329844183629961,4.998901920172171,0.00011811388991223013,0.00011811388679099308
724009115,0.5941725302719075,0.10488166860811535,4.999378850061654,2.8684801835827318e-5,2.8684801302664482e-5
724009668,0.4941535630820635,-0.008043312064025742,4.999029542241138,2.249788379280574e-5,2.249788319689891e-5
724010028,0.8300211187674643,0.12493681993658087,4.999378038570518,5.849449786129492e-5,5.849449633940909e-5
724010036,0.4322039678758639,0.3786916933098035,4.99969504172965,3.374682568920861e-5,3.3746824845845643e-5
724010204,0.509744919038273,0.4349695037654099,4.998972355208913,4.949534434417263e-5,4.949534308719702e-5
724010263,3.2022121255649494,-0.018060820963570024,4.984620768757821,0.0005309500575102154,0.0005309500435606557
724010714,0.24664437999431876,0.48701512161125426,4.999254186006499,1.6873412844604303e-5,1.687341244790581e-5
724011020,1.5069409541612226,0.046786139511157634,4.998789775388607,0.00013498730275683443,0.00013498729929621556
724011792,0.31010219622063573,0.45376510025749245,4.997659080551795,2.4747672172086314e-5,2.474767132409208e-5
724012058,0.3474262818854652,0.32791318036598627,4.998870258212559,2.0248095413525164e-5,2.0248094966914808e-5
724013130,0.7125916933819374,0.4650069990327116,4.9943088154108946,7.76176990851798e-5,7.761769727127273e-5
724013552,0.3623994071882679,-0.31965187676777435,4.997494843472776,2.1372989603165453e-5,2.1372988950827623e-5
724014694,0.995614549686212,0.6856789144739358,4.9810057558342,0.00021597968441093508,0.00021597967761248903
724015080,0.661240386308353,0.053378290850187284,4.997729720967857,4.274597920633091e-5,4.274597817303621e-5
724015275,0.9817987161650408,0.3187251076477215,4.9962294410591035,0.00011698899572258984,0.00011698899677503912
724015953,1.5360196095929881,0.8919187994434725,4.994241589354236,0.0004730180067437407,0.0004730179996111286
724016091,0.1465525182615717,1.5908728118902342,4.994649994180685,3.937129663741004e-5,3.937129703940698e-5
724016235,2.1790066776734185,0.9526440129245266,4.972714618909243,0.0010118423235814381,0.0010118422959258112
72401642x,3.5428433141235844,-0.5164018557730549,4.993301299362007,0.0003554665639263307,0.00035546655310201924
724016489,0.1807976222231134,-0.0010721400463837175,4.9951868422658,8.999153517122296e-6,8.99915321633835e-6
724017406,0.5053341198289667,-0.15811588307115249,4.999653552532176,2.0248095413525164e-5,2.0248094831181766e-5
724017596,1.1767225902234646,1.067598341371187,4.996181763219833,0.000478080030597122,0.0004780800208196265
724022491,0.14497419733002112,0.6187178768125798,4.994382693014525,2.249788379280574e-5,2.249788568255931e-5
724023806,0.41548406236116836,0.27896268473044405,4.992048057541476,2.6997460551366886e-5,2.6997459819788778e-5
724023937,1.2208418986383842,-0.3466430704325362,4.9909054472643914,7.986748746446037e-5,7.986748538028093e-5
724024446,0.16398898354085079,-3.142600931330862,4.997931539089576,5.624470948201435e-6,5.624470833037419e-6
724024809,1.689665410778661,0.17474496481947602,4.987107722712132,0.00023397799144517968,0.0002339779854079453
724025350,0.40562470777068943,-0.2795233357289828,4.981617409787117,3.0372143120287746e-5,3.0372142081718407e-5
724025684,1.3241398882484825,-1.003146065243173,4.99942374726403,3.0372143120287746e-5,3.0372142197988617e-5
724026126,0.33842998999556356,-0.041776691022570665,4.999685717782578,1.462362446532373e-5,1.46236240260227e-5
724026791,4.676087641249821,-0.07085272004563128,4.985134411155928,0.0007109331278526614,0.0007109331132058374
724028084,0.478522912977177,-0.060543799535484145,4.993818981804956,2.0248095413525164e-5,2.0248095420630998e-5
724028287,0.9352335735627945,1.176988281124477,4.996285931883195,0.0003374682568920861,0.00033746825116078217
724029335,0.9056605179469207,-0.29717918199145626,4.989269098742338,7.143078104215822e-5,7.143077876109188e-5
724029570,0.680610696816163,0.12217279066745049,4.987941137651116,6.243162752503592e-5,6.24316266162708e-5
724030264,1.6693475484462628,0.13810577072137362,4.985417532221906,0.0002457893804364027,0.00024578937419517805
724030280,1.2796582744648632,-0.23993759715622565,4.956715532245624,0.0001771708348683452,0.0001771708290288243
724030352,3.726103949221072,0.23220313834698433,4.89305149661,0.0009595347437631647,0.0009595347210475049
724030475,1.1016716669440343,-0.25193131999167195,4.965850880910883,0.00012373836086043157,0.0001237383569729206
724030483,2.0381879313502718,0.8965433033980832,4.94508318352224,0.0009392866483496396,0.0009392866269871951
724030897,1.6765872447102634,0.06228904116926439,4.998224129412463,0.00017379615229942433,0.00017379614822749082
72403090x,0.38056645158817914,-0.21544513531780768,4.999921731824471,8.999153517122296e-6,8.999153323774404e-6
724031160,0.9725458518299047,0.7821748305735292,4.927942448181302,0.0001889822238595682,0.00018898221942313792
724031339,1.0833818562835462,0.6443557781894711,4.997780597418693,0.00023397799144517968,0.00023397798523939822
724031953,0.7157319860758373,0.040620566405936906,4.963670631527778,8.099238165410066e-5,8.099238183278235e-5
724032059,1.3778067266578256,0.36137588741459703,4.989290388056966,0.00024016490948820126,0.0002401649038498357
724032438,0.7191236629740791,-0.142563609992817,4.996208988014095,4.330842630115105e-5,4.330842557507907e-5
72403349x,1.0648634479721657,0.2719064435024756,4.979822536017742,0.000129362831808633,0.00012936282745014727
724033561,1.0861712470564624,-0.7012297904089457,4.928406499498674,0.00013667464404129486,0.00013667464074603955
72403373x,1.0466940057026999,-0.6383148471110655,4.99977808946466,1.6873412844604303e-5,1.687341243323332e-5
724034097,0.6013244907833158,-0.03716134526424168,4.996096557585107,5.9056944956115064e-5,5.905694314636134e-5
724034505,1.8340228488848316,1.9635222463146793,4.95235098534907,0.005100832702923881,0.00510083257021993
724035559,0.8341735673347943,0.33322511934577936,4.997990210724351,7.593035780071936e-5,7.593035670854729e-5
724037028,1.1635203559517653,0.6438225054250248,4.994831999778157,0.00021935436697985596,0.00021935436227364213
724037052,0.28338656237036763,0.08433635611331013,4.992898437224176,2.924724893064746e-5,2.924724802454939e-5
724037060,0.39630176475445056,-0.2281380121978102,4.992608008973156,3.0372143120287746e-5,3.0372142179376677e-5
724037634,1.284813385131595,0.17666190478529264,4.995390833593841,0.00019573158899740994,0.00019573158317229134
724037669,1.7472120830850935,-0.570177907473807,4.999440554669056,6.074428624057549e-5,6.074428479974021e-5
724037677,0.37887556199460387,0.6580539638485583,4.995631229517785,3.374682568920861e-5,3.37468251627463e-5
724037837,0.6223174948102478,-3.4699305510144383,4.9909424673124985,1.3498730275683443e-5,1.349872992201179e-5
724037925,1.2944900608859737,0.4105316232661244,4.7518587402602455,0.00034871719878848894,0.0003487171890364237
724037933,1.1789629650447717,0.9459397656018114,4.993868700298973,0.0004640188532266184,0.0004640188412403964
724037992,0.7716655197781853,-1.1878120623664017,4.999319031652825,7.874259327482009e-6,7.874259095543525e-6
724038493,0.228748170800764,0.9173012888680278,4.999652020133783,2.1372989603165453e-5,2.1372989187755464e-5
724038565,0.4339171566646041,-0.833792751350926,4.994481222269621,1.2373836086043157e-5,1.2373835699878636e-5
724038602,2.8036919044633755,0.49016375651841476,4.979014217422032,0.0007002466330510786,0.0007002466139267872
724039605,0.9121525782290479,-0.8241766471846909,4.997556373159894,3.824640244776976e-5,3.824640127505775e-5
724039736,0.5730653435885614,0.3523717090400137,4.999288561244641,4.499576758561148e-5,4.499576659837893e-5
724040024,0.6578361951676822,0.4012819337041279,4.9917565104848265,7.874259327482009e-5,7.874259146375156e-5
724040526,1.7250863924834252,-0.13638032298526603,4.977565476957082,0.00019854382447151065,0.00019854381927148935
724041326,0.15295022170413744,-0.05695334734139421,4.999947437249169,2.8122354741007174e-6,2.8122354043582115e-6
724041457,1.164038273270602,0.00018745181340346667,4.998765400929685,0.00010236537125726611,0.00010236536849496927
724043022,0.07197911796506887,0.8738810186938281,4.999543144983256,3.3746825689208607e-6,3.3746824967872202e-6
724043372,0.6132185547083,0.05307754300012006,4.997304002067766,4.6120661775251764e-5,4.61206672176879e-5
72404341x,0.97339213216719,0.6221964440838359,4.998624153187108,0.00017154636392014376,0.00017154635980825024
724043495,0.582355615512372,0.08807089021707151,4.999466895619729,2.7559907646187032e-5,2.75599070738872e-5
72404501x,1.3012953696372138,0.635687066813957,4.987307010403076,0.00022666617921251783,0.00022666617465391027
724045714,0.8856158035865747,0.2520462065396397,4.993970417244441,8.380461712820138e-5,8.380461469966933e-5
724045802,2.2325369528750376,-0.41524570104568764,4.722097657525957,0.0005523230471133809,0.0005523230462977097
724046135,2.828787862060002,-0.28019730758813577,4.99231853730534,0.00020248095413525166,0.00020248094876884712
724046354,0.7402184432975567,0.031973371791714576,4.998414055199738,4.162108501669062e-5,4.162108410622668e-5
724046688,1.419290071235405,0.08231776848951937,4.997285779298788,0.00014961092722215816,0.00014961092342349508
724047314,1.8116644090802239,-3.4725337324213292,4.975455193976911,6.636875718877693e-5,6.636875498042484e-5
724048229,1.0174134727655946,0.11265100912885566,4.989660870690969,0.00011811388991223013,0.00011811388793203442
724049563,0.35495790320825166,0.22552958334768008,4.999354862847979,1.6873412844604303e-5,1.6873412475754787e-5
724049918,1.4690336791904983,-0.5821717604252168,4.998307178345533,3.937129663741004e-5,3.937129575509219e-5
725419423,1.0646330541045368,-0.37220749097594985,4.998665508925373,5.624470948201435e-5,5.624470780155319e-5
725550069,0.2970872666630165,0.13287076185803737,4.9996901532994125,1.2373836086043157e-5,1.2373835769124235e-5
725550616,0.8139918180853866,-0.8405167849255971,4.99972207493063,8.999153517122296e-6,8.999153318318714e-6
725550843,1.96288167655792,0.3172790368286842,4.996742078226533,0.00028122354741007174,0.0002812235427086002
725551096,1.0977627768376583,0.4207917902367546,4.955539389259127,0.00021822947279021568,0.00021822946844821632
725551395,0.9095996774413803,0.7365594878827764,4.998669765600624,0.00011923878410187041,0.00011923878232334941
725552136,0.5018424862797466,-1.0008929835746598,4.999944110317986,4.499576758561148e-6,4.499576641736861e-6
725552435,1.0279452761056087,-3.381845303140466,4.967239167927658,4.668310887007191e-5,4.6683107387242524e-5
725552785,0.8142346458040377,-0.6771997918152465,4.999856772197239,1.2373836086043157e-5,1.237383587909786e-5
725553032,0.6687199541161774,0.5386549056409524,4.993331028384996,8.211727584374094e-5,8.211727413204489e-5
725553761,0.4489605472305825,0.14661004392111904,4.998770669835253,2.8684801835827318e-5,2.8684801052857654e-5
725553980,0.7994198651711222,-0.7713695278090279,4.944393022196798,9.44911119297841e-5,9.449110945256934e-5
725554668,2.302381957178358,0.7264068784850932,4.970509454250277,0.0009229756825998555,0.0009229756590566152
725554908,2.138712153156469,-0.8833998841836479,4.997024133696683,0.00010067802997280568,0.00010067802682287225
725555118,0.4264420960816443,0.38565290437836575,4.998419893319882,3.543416697366904e-5,3.5434166141779086e-5
725555222,0.2983898189018747,0.3403204841118924,4.99935029373423,1.3498730275683443e-5,1.3498729866139728e-5
725555417,0.16905858176454797,0.02096677263326291,4.998009540459193,7.874259327482009e-6,7.874259076428143e-6
725555556,1.6816741873289076,0.07880764558090594,4.998438618521801,0.0001889822238595682,0.0001889822193711248
725555732,0.9498213239092357,-0.3331328423399854,4.997029358811301,6.749365137841721e-5,6.749364929726496e-5
725556292,0.760430087900989,0.36843343991382477,4.999538322886892,5.624470948201435e-5,5.624470840665763e-5
725557690,0.18552952071434875,-1.282037636188379,4.999887510413936,1.124894189640287e-6,1.1248941554987282e-6
725558132,0.2739971322663892,-0.7727701362461407,4.999651587791035,4.499576758561148e-6,4.499576621362242e-6
725559266,0.2629738955783353,0.2773940320826989,4.999849157857367,1.124894189640287e-5,1.1248941627679453e-5
725559426,1.091218834121293,-0.09909428798758738,4.979691514992233,9.561600611942439e-5,9.561600426004955e-5
725559610,0.38887501832607274,0.41186120297846085,4.999372991063412,3.0372143120287746e-5,3.0372142348030986e-5
72555991x,3.3036991723381086,-0.10688715883981086,4.992516815370057,0.0005230757981827335,0.0005230757832235239
725560072,0.5519549572335483,0.4938812847664774,4.999359725764136,5.961939205093521e-5,5.9619390449938514e-5
72556070x,0.44502733552028784,0.7354169671452211,4.9995558310344945,5.849449786129492e-5,5.849449652245591e-5
725560726,0.7649159171274065,0.40530618955457187,4.979645064008173,8.66168526023021e-5,8.661685034193793e-5
725560822,2.1677314260521197,0.5825374494469144,4.9673994137967385,0.0007396179296884887,0.000739617912288987
725560857,0.78848311886619,-0.11775491590763762,4.99905579078213,3.543416697366904e-5,3.543416624256189e-5
725561956,0.496999562102303,-1.4986575867256577,4.998729056945764,5.624470948201435e-6,5.624470771436177e-6
725562115,0.5389653653731032,-0.5679959668789027,4.96676269353607,3.5996614068489185e-5,3.5996616293556335e-5
725562270,2.177398586259556,0.08345578579548034,4.995994006128711,0.00034871719878848894,0.00034871718918152127
725563345,0.24498108582442257,1.5020542975811566,4.998969824462324,6.355652171467621e-5,6.355652047734017e-5
725563759,2.271970370867257,-1.142446536204772,4.985579711742344,0.00011698899572258984,0.00011698899183217546
72556433x,2.046199480699468,-0.2764548238711065,4.984115532644286,0.00018279530581654662,0.0001827952994911357
725564460,1.4364584516815173,-0.1585419263097371,4.966891328591418,0.00010574005382618697,0.00010574005069208859
725564612,0.29263883378995864,-0.5979237317618314,4.999820835008605,5.624470948201435e-6,5.6244707747894146e-6
725564751,2.1564908193581718,-0.38172510676237187,4.99910931714584,0.0001124894189640287,0.00011248941652310549
725565068,3.2472101439948053,-0.19378961564473482,4.996977553584282,0.00033184378594388464,0.000331843778088831
725565930,1.5805572102251437,0.7802270700057093,4.9849532310761,0.00050957706790705,0.0005095770573396977
725566001,0.8389232775827931,-0.07749458919666274,4.946051916978828,8.999153517122296e-5,8.999153239249063e-5
725566503,0.7246684098529923,0.17687095723539542,4.998804038509841,5.793205076647478e-5,5.793204929346651e-5
725566618,3.241342668986389,1.177017893905801,4.179109190257777,0.00431284432308086,0.00431284420041332
725566976,0.40102421144086525,2.096870085464359,4.994037113805603,0.0004876416312090644,0.0004876416201239086
725567063,1.8911138521235344,0.42394402943773735,4.996254875512211,0.00038752604833107885,0.0003875260393198079
725567485,0.47307588894860964,0.6544941762823417,4.9969985072727825,6.299407461985607e-5,6.299407298553062e-5
725568138,0.3228961964037159,-0.33225990098002345,4.9994581327305365,1.124894189640287e-5,1.1248941548519603e-5
725569595,1.4939481972416966,0.18623640913905454,4.997325846999243,0.00021654213150575525,0.0002165421253723746
725569616,1.9239288042602198,0.6461793420806627,4.975927274160801,0.0006074428624057549,0.0006074428483481656
725569827,0.8260525188990598,0.24074827430496754,4.983754205839736,0.00012373836086043157,0.00012373835843761485
72557102x,1.9501566157461132,0.1318735665666487,4.813653773942613,0.0007503044244900714,0.0007503044874561252
725571193,0.358398441064977,-0.23338637319484262,4.999067010826175,1.2373836086043157e-5,1.237383706584778e-5
725571556,1.2651575913237127,0.40717335873047594,4.996699920059245,0.00017098391682532363,0.00017098391327202808
725571740,1.6171230808464467,-0.5815430932297113,4.998684310357925,5.005779143899277e-5,5.005779005160006e-5
725572284,0.39519427806135693,0.1548454529558898,4.998801968905065,3.374682568920861e-5,3.37468246404133e-5
725572516,1.1844370931650505,-0.37643973643632167,4.988050783816291,7.368056942143879e-5,7.368056714096962e-5
725574116,0.3546007254283344,-0.5069461885363171,4.998850880210674,7.874259327482009e-6,7.874259093416777e-6
725574431,0.44906407937773773,0.04127253955336096,4.998572696548062,2.4747672172086314e-5,2.4747671799170247e-5
725574597,0.890116317495148,-1.6531101070342693,4.995393456777751,1.124894189640287e-5,1.1248941547413001e-5
72557479x,2.1283139800054545,-0.45853958256399496,4.994363279832787,0.00010124047706762583,0.00010124047467643966
725574810,1.5040000911107025,0.6147807105814295,4.996390631559362,0.00038246402447769754,0.0003824640143624878
725574992,1.2574138129638726,0.12295052170665091,4.993876543884253,0.00013892443242057543,0.00013892442915237996
725575186,0.5141760258360644,-0.8120661602529115,4.999586972902545,1.0124047706762582e-5,1.0124047396035001e-5
725575688,0.035341829228366796,1.0028631216083377,4.999966280932885,1.124894189640287e-6,1.1248941589191038e-6
725576357,0.32563300241129983,-0.21559894629645657,4.999771557601425,6.749365137841721e-6,6.749364997897447e-6
725576891,0.947311456256308,-2.779302922806475,4.876340312163739,0.0001760459406787049,0.00017604593733583002
725577480,1.608780401672285,-0.15571692181673846,4.996713429834365,9.730334740388482e-5,9.730334470475937e-5
725577608,3.4535624946424655,-0.13366769121726946,4.994657288022698,0.0003335311272283451,0.00033353111891322977
725577616,0.22933500399211745,1.3214972293184704,4.970593398932598,0.0001203636782915107,0.00012036387497278096
725577878,1.887790864044167,0.5772270013093689,4.43586835508697,0.0009719085798492079,0.0009719085441959128
725578002,1.6651384790951307,0.11104482580724,4.974781454329279,0.00028347333578935234,0.00028347332788962557
725578184,0.45696759096229495,-0.0775721303833177,4.999817467036925,1.7998307034244593e-5,1.7998306565447625e-5
725578870,0.8860314888798023,0.2995252780206644,4.9861878792390995,0.00014004932661021573,0.0001400493355650585
725578926,2.502602157684487,0.7846016711464068,4.954254210449596,0.0011845135816912222,0.0011845135566481487
725579101,0.5386434507560447,1.0487389947418708,4.998993959562185,0.00012598814923971214,0.0001259881466627205
72557911x,1.068222296340349,-2.8098170131343787,4.933322759705353,0.00011305186605884883,0.0001130518630937907
725579419,1.4489073364624352,0.035542069396721984,4.998195058432656,0.00016142231621338118,0.00016142231178343296
725579427,0.4247662174774039,0.6705393281895209,4.998178306648345,4.780800305971219e-5,4.7808002013909086e-5
725579531,1.8610958083010676,0.5195743605418423,4.996476623532845,0.0004128361675979853,0.0004128361592148638
725579996,0.668942532136196,-0.16453693142763423,4.999656480642425,2.1935436697985596e-5,2.1935436354049372e-5
725580524,0.8386441914902558,-1.0970739857332963,4.999396933823763,1.0124047706762582e-5,1.0124047412572932e-5
725580532,1.4630498426649758,-0.36951852234181154,4.998465561732115,5.793205076647478e-5,5.793204999215419e-5
725580807,0.5533032161799979,-0.27193186749735726,4.999808080565445,1.2373836086043157e-5,1.2373835783320624e-5
725581252,0.25596706232485655,-0.011218957406241329,4.998329051258326,1.462362446532373e-5,1.4623625642770051e-5
725581551,0.7928530315096614,0.6441214419145449,4.995212916731119,0.000129362831808633,0.0001293628285365711
725581674,0.6523996094837327,0.4260818225948125,4.998234203569539,6.243162752503592e-5,6.243162623875652e-5
725582108,0.6264817272893829,-3.0990180506142284,4.963660803200143,4.837045015453234e-5,4.8370448517665295e-5
725582327,0.3728572988222238,0.4165571046790985,4.999256894913093,2.9809696025467603e-5,2.980969520545913e-5
725582677,0.1460751405932523,1.14714030446219,4.9832402182419715,2.8122354741007175e-5,2.8122354273410815e-5
725582909,0.556865352881127,-0.18123507667511912,4.999421912747314,1.912320122388488e-5,1.912320074441979e-5
725584090,2.511520706408993,-0.15669969997523708,4.997638409838148,0.0002289159675917984,0.00022891596206620483
725584453,1.3348445327312,0.5063424662864027,4.93925419409519,0.000258725663617266,0.00025872565686527903
725584787,2.996245555103478,0.4733563980714953,4.990167712579497,0.0007289314348869059,0.0007289314230397257
725584816,0.9143720088981357,-0.2939417185048612,4.999402551075586,3.093459021510789e-5,3.0934589572376195e-5
725585499,1.432493827358094,0.1325456962972441,4.997911286223613,0.00018560754129064736,0.00018560753620775584
725585608,1.5207903963737663,-0.6235647014965765,4.961613730186925,0.0001512982685066186,0.00015129826364301921
72558607x,0.7474270564032779,0.6529618981352009,4.998879216676403,0.00012092612538633085,0.00012092612277643443
72558690x,0.9020356756911636,1.1486271458490556,4.9827550190212655,0.0004027121198912227,0.0004027121093645562
725586926,2.0515300166843486,-0.4093982803710167,4.998277369527323,9.224132355050353e-5,9.224132119897124e-5
725587056,0.7429238424710294,-3.139721595946987,4.954565929391766,6.46814159043165e-5,6.468141467610364e-5
725587136,0.5511718868997024,0.6418086022238267,4.987839821666012,9.730334740388482e-5,9.730334515243722e-5
725587726,0.4050707795929539,-0.4386034072742371,4.988289161777873,2.58725663617266e-5,2.5872565565458492e-5
725588155,0.5895858344189521,-0.649755897281522,4.998160099671086,2.0248095413525164e-5,2.0248094799057815e-5
725588163,0.9056707102355271,0.23525179425478876,4.9987373919923614,9.505355902460425e-5,9.50535563680648e-5
72558877x,0.45757245967580407,0.5352400754449059,4.998326765553989,3.487171987884889e-5,3.4871719228841555e-5
725588921,0.5642730679680158,-0.49708687635110876,4.993743172890363,2.4747672172086314e-5,2.4747671383056418e-5
72558893x,2.9937884173247578,0.13225606032125184,4.935634587146514,0.0007351183529299276,0.0007351183406069105
725589086,1.18871307707958,-0.3234100989280542,4.991147150369442,7.818014617999995e-5,7.81801441326591e-5
725589094,1.3166969188310331,0.18001842571750304,4.9985947512412565,0.00014961092722215816,0.00014961092324778288
725589545,0.4988874874610602,0.41213300999296365,4.998880277826756,5.849449786129492e-5,5.8494496145390274e-5
725590191,1.6100541715888486,0.6326863919095498,4.995037640174796,0.00033071889175424437,0.00033071888374779616
72559044x,0.9959477462109146,-0.2793093092922015,4.982306999958669,0.00013161262018791358,0.0001316126161101289
725590482,0.3426704130304591,0.29234119151636895,4.999837128577148,1.2373836086043157e-5,1.237383578438543e-5
725590677,0.09222598973956998,1.401427747213769,4.999467121682491,1.2373836086043157e-5,1.2373835727328571e-5
725590810,0.17486360126503822,-0.9028001027155117,4.999719417010183,2.249788379280574e-6,2.2497883045350127e-6
725591426,3.3115184910211357,-0.24013409655634416,4.98779074411993,0.0003211572911423019,0.00032115728411255133
725593421,2.0862881018968578,0.6201873086608405,4.691392093812907,0.0009179136587464742,0.0009179136367875244
725593771,0.3075194633456608,-2.3534580970620538,4.96154805919996,5.118268562863306e-5,5.1182683896599385e-5
725594424,0.15902566999329024,-3.9662903699612806,4.999818329086575,1.124894189640287e-6,1.1248941516835804e-6
725594555,0.547535427984527,-0.20036413498868408,4.997665757573363,4.6120661775251764e-5,4.612066035111997e-5
725594600,0.8966841464744171,0.3946768198277209,4.982237990832733,0.00017548349358388477,0.0001754834881791689
725595312,0.26478407139682686,0.35133269054231747,4.999233243855456,1.29362831808633e-5,1.2936282763999443e-5
725596155,0.08119434239413419,1.588255122834579,4.999914644712956,8.999153517122296e-6,8.999153394513732e-6
725596200,0.7040144157357401,-1.693287421383695,4.988536089821036,6.524386299913664e-5,6.52438610914661e-5
725596665,0.8355853575303919,0.6028327656210892,4.996539262813179,0.00010124047706762583,0.00010124047527378619
725598548,0.20126043549024622,0.09620417823976128,4.999599566102204,6.749365137841721e-6,6.749364966457976e-6
725598695,1.959856549927304,0.5803356586332739,4.9850352685496615,0.0005483859174496399,0.0005483859049797978
725598820,0.6282692854810334,0.015817966507352888,4.999663211142579,3.430927278402875e-5,3.430927188369113e-5
725598855,0.6282462606868544,0.5753566901476594,4.996822820718816,7.424301651625894e-5,7.424301437531971e-5
725599751,1.335503551057143,0.627325887763289,4.986212154039624,0.00032565686790086306,0.0003256568593807549
727791034,0.364918256737784,-0.7860432156462099,4.998082221058323,7.874259327482009e-6,7.874259081465758e-6
727791333,0.4143038286826413,-0.5628598092221063,4.998367927225753,1.7998307034244593e-5,1.7998306476585256e-5
727791763,0.8896946463497556,0.14040277162357123,4.983523007892966,8.549195841266181e-5,8.549195655663564e-5
727792280,2.444071899168536,-0.48687383534812056,4.998024385538929,0.00015692273945482003,0.00015692273506076506
727792600,1.0181547626458762,0.23712421332082562,4.998813575551557,0.00010517760673136683,0.00010517760430006086
727793101,1.3233007232992116,0.11143075198038774,4.99291295747753,0.00019966871866115095,0.00019966871268066582
727794649,0.39093615111427105,1.961464227358638,4.957440688577074,0.0004561445938991364,0.00045614457960973186
727795043,0.22611384037969037,1.4086510527944753,4.995688068801801,0.0001164265486277697,0.0001164265450651405
727795297,1.8560097284368062,0.32395958325561536,4.992641724330723,0.0003543416697366904,0.00035434166073815287
727795326,0.324625434639443,0.39747782726001635,4.99743955414322,2.924724893064746e-5,2.924724811761859e-5
727795473,0.1711967694558264,-1.8921108724315647,4.98540398720162,2.4747672172086314e-5,2.474767152301885e-5
727796767,0.06512345606097318,0.46790286798222197,4.999777687014844,3.3746825689208607e-6,3.3746824654884728e-6
727797874,0.9233791126843144,0.478150331409427,4.99518049533489,0.00012655059633453228,0.0001265505935658607
727797890,0.8554240615203231,-0.4003783948168126,4.999404101643541,2.249788379280574e-5,2.2497883492098702e-5
727798316,0.34147085259013754,0.3881433161373023,4.999767944872552,1.7998307034244593e-5,1.7998306712572487e-5
72779856x,0.6455198485489464,-1.099682691677688,4.95520958406543,4.4433320490791335e-5,4.443331919212964e-5
727798615,1.1434546531712697,-0.5529507082317006,4.991949673460733,3.430927278402875e-5,3.4309271888573375e-5
727799271,1.3484015800406166,-0.4180110963229066,4.969751233145395,0.0001124894189640287,0.00011248941533345918
727800316,0.2972557933619117,-0.33536501209223163,4.999079615940037,9.56160061194244e-6,9.56160031602203e-6
727800893,1.2861434997021624,0.4987913000464719,4.997518095762493,0.00023622777982446026,0.00023622777440866012
72780187x,1.0247890743079309,-3.2182170486681607,4.869790452725525,0.0001243008079552517,0.0001243008053335889
727802223,1.327036812042884,0.21567212029363506,4.997459479177121,0.0001462362446532373,0.00014623624142690063
727802266,0.8452600980151697,0.1587595307354961,4.998493305458194,7.25556752317985e-5,7.25556733892409e-5
727803023,0.6496742064318507,0.4779115815812595,4.994698902348659,8.999153517122296e-5,8.99915328842207e-5
727803410,1.7995033761827093,0.47792991500223936,4.921418071235378,0.00033971804527136665,0.0003397180375596245
727804130,0.9052615257546979,2.004272822413035,4.987778594448487,0.001591725278341006,0.0015917252416716135
727804149,1.3358430146107272,0.34566088378154897,4.994159354412597,0.0002739117351774099,0.0002739117270106988
727804181,0.3177732205927142,-0.17564051830162747,4.999899616109039,8.999153517122296e-6,8.999153270646717e-6
727805029,1.2057790557039785,0.6217419173248622,4.998231373593766,0.0002289159675917984,0.00022891596258852817
72780515x,2.1628732644653264,0.9904638957673978,4.987222255173423,0.0007671778373346757,0.0007671778195660704
727805491,0.5197458883765245,0.16025936613959763,4.999174159189855,2.924724893064746e-5,2.924724829423348e-5
727805969,0.8214458758294259,-0.8768025834194251,4.997944201906194,3.487171987884889e-5,3.4871718800413666e-5
727805993,2.7082752391024063,0.7594641422369385,4.973746454637146,0.0010540258556929489,0.0010540258268642363
727806478,0.7048873989203539,0.054079398305291335,4.997868067467988,3.937129663741004e-5,3.937129606233965e-5
727806697,1.7304054304410446,0.57216903911217,4.984211014349347,0.00040158722570158244,0.0004015872142320577
727807630,0.9242250840084634,0.17308808664888592,4.999221909765935,8.549195841266181e-5,8.54919562687646e-5
727807964,0.5494035468664412,0.8181831730696374,4.983694862548084,0.00015354805688589916,0.00015354806801267434
727808406,0.5967518949592451,0.896392984905033,4.9970893923548765,0.0001383619853257553,0.0001383619818192808
727808449,2.6191274088523007,0.4301307635148661,4.991727816783422,0.0005315125046050356,0.0005315124916089772
727808553,1.8137681328028132,0.08224514660843388,4.89884209514471,0.00026435013456546744,0.0002643501273124708
727808684,6.167714227599759,0.3041246771109979,4.71759999163898,0.0032790665628014363,0.0032790664639328728
727808756,5.148470079028542,0.13088728657499535,4.986511303274314,0.0009044149284707907,0.0009044149057718593
727809097,0.4530574148440081,0.7632975937262512,4.996848026399042,5.17451327234532e-5,5.174513164354793e-5
727809548,0.9668313579697381,0.44674866778726247,4.990649200682857,0.0001462362446532373,0.00014623623989168768
727809564,0.6132477826968217,-0.5694162290276296,4.99680023989588,2.3622777982446025e-5,2.3622777303895036e-5
727809740,0.9801044631682312,-1.4737958229635233,4.971340210169035,0.0001631096574978416,0.0001631096527286652
727809919,0.5123389748566742,0.008853727563209008,4.999346154527788,3.430927278402875e-5,3.430927173942017e-5
727810100,0.5215255617178156,-2.7901828097631185,4.98123565985354,3.712150825812947e-5,3.71215072994277e-5
72781016x,1.1340707521559368,0.9652374897334696,4.984694346742989,0.0004010247786067623,0.0004010247698360816
727810274,3.3974036093376982,-0.2775727000647835,4.990744537828262,0.00032003239695266165,0.0003200323900394258
727810426,0.788225503702077,-0.4641112144309604,4.999338129183791,2.081054250834531e-5,2.081054205868339e-5
727810653,0.25331442824109573,0.5642365526307529,4.999770714103323,1.4061177370503587e-5,1.4061177097383887e-5
727810717,0.45332378775746485,0.5716521728665407,4.998943373829081,5.118268562863306e-5,5.118268432723731e-5
727810805,0.8386296965212204,-0.9247844957104897,4.999915436616609,1.0124047706762582e-5,1.012404745417162e-5
727811074,1.0009325494475088,-0.1894418400947294,4.99639609491983,6.074428624057549e-5,6.0744284698121834e-5
727811445,1.6244969355022487,-0.7072739298244285,4.996281423326748,5.0620238533812914e-5,5.0620237733218006e-5
727812042,0.5971286510514202,0.2680136993516219,4.998652814061434,4.4433320490791335e-5,4.443331936604667e-5
727812405,2.4193165325565307,-0.018005361324917958,4.9893898219625035,0.0003661530587279134,0.0003661530480225152
727812472,1.3615002217348453,-0.1099649888884344,4.9984195574419825,8.15548287489208e-5,8.155482705597973e-5
727812798,0.4974460835677898,0.06065802093239965,4.999139817130638,2.249788379280574e-5,2.2497883301006355e-5
72781286x,1.3051910968700016,-0.2987271192558179,4.994546692996113,7.874259327482009e-5,7.874259059509608e-5
727814152,0.43010822913573016,-0.9058175505331525,4.995172850334844,8.999153517122296e-6,8.999153246405593e-6
727814400,0.5447382353717445,-0.15287561611360334,4.9998200640584445,1.8560754129064736e-5,1.8560753698728596e-5
727815091,2.404886005561238,-0.3205703794340356,4.997101918705228,0.00013498730275683443,0.0001349872991531983
727816377,0.6199304049127063,0.19341364123808738,4.997940258407839,3.374682568920861e-5,3.3746824985372956e-5
727816991,1.7605881663284255,-0.30911540452716213,4.996311338895766,9.224132355050353e-5,9.224132094332159e-5
72781753x,1.5734532137145325,0.5837409059479485,4.815948989765669,0.0008267972293856109,0.0008267971994914397
727817572,1.1867147927186603,0.5894016180476357,4.989921199327505,0.0001799830703424459,0.00017998306672270786
727818284,1.184529391193461,-0.23042995782583509,4.998468252374652,7.536791070589923e-5,7.536790856359382e-5
727818321,0.20208710251238432,0.8729491395595902,4.994105940223439,2.249788379280574e-5,2.2497883126057202e-5
727818698,1.1556570185191255,0.3197508396081653,4.997617124653511,0.00014061177370503587,0.00014061177027207842
72781980x,1.0421879034026322,-0.6076717076758624,4.990319000418976,4.049619082705033e-5,4.049618987223678e-5
727820325,1.2648323491978604,1.023514852217136,4.991114290739182,0.00047920492478676225,0.0004792049179666248
727821002,0.68620554376239,0.4206237701903479,4.99833892358482,6.074428624057549e-5,6.074428684115745e-5
727822785,0.18180344167215431,1.7779785525285585,4.996336990515017,6.749365137841721e-5,6.749365003680911e-5
727822857,0.4464192552946519,-0.19024817570255098,4.999528759543854,1.2373836086043157e-5,1.23738358153286e-5
727823286,1.7589630185561362,-2.949854032075971,4.516498866227324,0.0003262193149956832,0.0003262193067837363
727823323,0.5533509251864428,-0.029081588270257957,4.999762628950728,2.58725663617266e-5,2.5872565710235125e-5
727823913,0.8989605591594053,-0.7895137656988643,4.999702364370637,1.631096574978416e-5,1.6310965335944157e-5
727824852,2.1384604221981682,-0.48801790618852275,4.997921867400191,0.0001282379376189927,0.00012823793399412202
727825310,0.3795882951937928,1.680676611522382,4.753108794946575,0.0004162108501669062,0.0004162108411020858
727825839,0.8027231966647793,0.2772760252796508,4.988624133466225,9.561600611942439e-5,9.561600444879818e-5
727825927,0.6502578442751101,0.14778844948008896,4.998705293316741,4.387087339597119e-5,4.387087238116782e-5
727826524,0.1976534005300221,0.635945170348373,4.99985168970299,1.462362446532373e-5,1.4623624084428177e-5
727826778,0.938270178314867,0.14214711447968706,4.998343333736506,7.311812232661866e-5,7.311812073622234e-5
727826970,1.1559020729483342,0.5347778221367095,4.946744197223868,0.00033690580979726595,0.00033690579783021306
727827033,0.9694972098785201,-3.0357036816686067,4.984577988328326,5.230757981827334e-5,5.2307578065769994e-5
727827041,1.382560806543726,-0.5146928333230211,4.998037372663504,5.0620238533812914e-5,5.0620237464955495e-5
727827228,2.4392912714498136,0.4045642884123666,4.994443038084268,0.00046795598289035937,0.0004679559735409591
727827471,1.0996253754410235,-0.15707445848130447,4.999388373747222,5.961939205093521e-5,5.961939062088697e-5
727827607,0.21479726279759923,1.5259352472300425,4.991473200297549,0.00010236537125726611,0.00010236537942088531
727827869,1.2635967832181842,-4.243087069333209,4.990071387630098,2.6997460551366886e-5,2.699745999857974e-5
727828263,0.9210452955323819,0.6346385522896097,4.986638144136774,0.00017098391682532363,0.00017098391313449194
727828589,0.4567632165402354,0.08205016938217449,4.996789249966782,2.6997460551366886e-5,2.6997460079589524e-5
727828749,0.27245593471472856,-0.07439094032230512,4.999920816559417,5.624470948201435e-6,5.624470861156593e-6
727830515,0.9200763680909375,0.8407473791380408,4.994120390373571,0.00019629403609223008,0.00019629403073090224
727830531,0.9995947568659821,0.3346116309484287,4.9933842377634265,0.00013273751437755386,0.0001327375126830956
727832019,2.2378889499850323,0.45370630403331874,4.986832342938395,0.0004550196997094961,0.0004550196871996337
727832860,0.9587034166626321,0.5049197427456441,4.998017039047994,0.00012767549052417258,0.00012767548858193714
727833361,0.4488219194961882,-3.4031494371158018,4.981562905879578,2.8122354741007175e-5,2.812235453203441e-5
727834321,0.7576860600738062,-0.6582432994294578,4.997413673365853,4.387087339597119e-5,4.387087203923019e-5
727835463,0.4713181375481244,0.44471975442686107,4.996370549010795,5.230757981827334e-5,5.230757820261518e-5
72783601x,0.5726884259175731,0.738213397170037,4.998614116582686,7.593035780071936e-5,7.593035641364502e-5
727836183,0.9605097930280275,0.4900174406312493,4.99836832848979,0.0001462362446532373,0.0001462362408552453
727836693,0.6217233990299096,0.8632613769996457,4.996269415948407,0.00010911473639510784,0.00010911473336357275
727837135,0.5535790828245174,-3.6129278635422324,4.981562905879587,2.8122354741007175e-5,2.8122354532034426e-5
72783732x,0.41370265866070044,0.6823143976660141,4.9975940297708465,4.499576758561148e-5,4.499576670683987e-5
727837354,0.4830054357582187,0.3878375794347633,4.998579122018376,3.712150825812947e-5,3.7121507087496795e-5
727837506,0.3297500167227249,0.6824088728394876,4.999623541860484,3.374682568920861e-5,3.374682481505321e-5
727838314,1.1007282975814896,0.2956366946592416,4.994541184148177,9.730334740388482e-5,9.730334544822714e-5
727838533,0.35718189132072115,0.9651965486564358,4.997432674386745,4.949534434417263e-5,4.949534341236575e-5
727839202,0.6763996843773933,0.13993268132848408,4.996693696973741,5.9056944956115064e-5,5.9056959778596116e-5
730368069,0.6235303784359781,0.5922751052851106,4.998499369699789,0.00010124047706762583,0.00010124047425058451
730590049,0.8630690458172066,0.3177838742661562,4.996974467344167,8.211727584374094e-5,8.211727413785498e-5
730590372,0.8337450083807102,0.47812735534211176,4.998863977093969,0.00010855228930028769,0.0001085522868539625
73059041x,0.3952035451835503,0.6279458900877897,4.9821815344600076,7.086833394733808e-5,7.086833138021668e-5
730590436,0.9555708956814002,-0.06589300260843844,4.987862115986638,7.199322813697837e-5,7.199322647616212e-5
73059068x,0.34596754724838885,-3.4659116282578744,4.986567862425456,1.2373836086043157e-5,1.2373835706728928e-5
730590823,1.072860102487212,0.9502260459779717,4.983472656532834,0.0003520918813574098,0.00035209188317738524
730590989,1.9190783632747153,-0.8123044732332021,4.977190221147425,0.000129362831808633,0.00012936283970137676
730591017,0.36784612647154924,-0.25890770520001105,4.9988125650049815,1.7998307034244593e-5,1.7998306482677093e-5
730592343,1.2027787695563132,0.5474463204937277,4.9723340175991435,0.00024747672172086314,0.00024747671586580793
730592706,1.179738858421963,-0.30194251346136686,4.987134410443431,0.000125425702144892,0.00012542569822590434
73059367x,1.1542525183200656,-0.3837348900254756,4.995632793752271,4.387087339597119e-5,4.387087373606598e-5
730594736,0.9376184664101923,0.24858191906834337,4.99821092332269,9.899068868834526e-5,9.89906861727512e-5
730594752,3.0480109919751333,-0.13133739347768,4.99636792813189,0.00024410203915194227,0.0002441020330236869
730594891,1.148445159974093,0.39548838851624285,4.995063268335902,0.00016873412844604306,0.00016873412427186897
730595077,0.17138755692476856,0.9119585197115914,4.997776956433361,1.5748518654964018e-5,1.5748518774568363e-5
730595616,0.7254560903684392,-0.08355193019693011,4.988828787286018,6.411896880949636e-5,6.411896757357985e-5
730595878,0.6086445080730175,-0.4552693760865726,4.9989669666746535,1.631096574978416e-5,1.6310965287857657e-5
73059658x,0.8179200725390043,0.002052734295613473,4.998288600364191,4.837045015453234e-5,4.837044893076766e-5
730596627,0.23822884189412566,1.44488393406528,4.997493040341521,7.311812232661866e-5,7.311812045716893e-5
73059666x,1.6605175507841732,0.5469554069115151,4.996283348341466,0.00030372143120287746,0.0003037214266126125
73059690x,0.5845959903014649,0.007839180153325695,4.999623560408899,3.374682568920861e-5,3.3746824764925184e-5
730597048,0.30378168303928266,1.1046237620962724,4.998396825337753,5.0620238533812914e-5,5.0620237117780346e-5
73059770x,0.06727979892422785,0.9977528722138315,4.999437233577805,5.624470948201435e-6,5.624470777792804e-6
730597996,2.262866991957613,0.6950151660829024,4.96315191836943,0.0008020495572135246,0.0008020495401176645
730598622,0.5306402179545869,0.25272008344930386,4.993743526770758,6.749365137841721e-5,6.7493649288444e-5
730599131,0.5311758539135507,-0.2515748115563259,4.998355112191565,2.8122354741007175e-5,2.812235388196565e-5
730599211,0.8081559379982656,0.655697572040838,4.966012974938649,0.00014904848012733802,0.0001490484763290679
730599801,0.8847280621626936,-2.711515460880249,4.876796957096799,9.674090030906468e-5,9.674090922793373e-5
730600075,0.33268270370062136,0.2195870365980832,4.999823940095624,1.7435859939424446e-5,1.743585948446489e-5
730600139,0.1236141992646239,0.4828361033655053,4.999937086749458,5.624470948201435e-6,5.624470793859509e-6
73060026x,1.2905241463756432,0.1632464528832424,4.998964920400956,0.00013273751437755386,0.00013273751121399397
730600796,1.2798720731541022,0.14187503916493902,4.980339404835298,0.00013498730275683443,0.00013498729859782305
73060202x,4.2110413121401455,-0.4207234014817251,4.9368069597887345,0.0005540103883978413,0.00055401037394192
730602679,0.5803749460634151,0.16818914858033635,4.994967530848987,6.074428624057549e-5,6.074428440737935e-5
730603479,0.19500942831473034,1.0743596336356633,4.999497179881169,3.487171987884889e-5,3.487171888060876e-5
730604412,0.7400510444342004,0.6523845266588257,4.995067924613485,0.00016423455168748188,0.00016423454685387075
730604674,0.9931784253353515,0.2974671822393399,4.997857194183252,0.00011811388991223013,0.00011811388691328573
730604930,0.3319046131973688,-0.4849721765787603,4.977222798103439,2.3622777982446025e-5,2.3622777804851778e-5
730605247,0.4231822287146051,-0.01790371607151389,4.982320963770812,2.9809696025467603e-5,2.9809695376203385e-5
730605263,0.7393438336244283,-0.12794758165828282,4.999550610066293,3.9933743732230185e-5,3.993374263863837e-5
730605546,0.6241161054986921,-2.670182284845946,4.948593527502443,8.436706422302153e-5,8.436706213142557e-5
730605714,1.5112851445602462,-0.3646278678602347,4.990422024876429,7.930504036964023e-5,7.930503860479194e-5
73060587x,1.8965313632244385,-0.3002935228511035,4.994000500485789,0.00013611219694647473,0.0001361121937444372
730606274,1.858564496261391,-0.8259254950033789,4.995765832605596,7.086833394733808e-5,7.086835368975388e-5
730606290,0.28718421281775935,1.9603554959247245,4.985608783841224,0.00021148010765237394,0.00021148010324740176
730606557,0.6419001836351297,0.4151953892184236,4.997250658521206,5.793205076647478e-5,5.7932049957249235e-5
730607090,0.8025121060942079,-0.07907735061363544,4.999512916037363,4.555821468043162e-5,4.555821343476253e-5
73060712x,0.09222464084359815,1.365439395785303,4.999905924809213,1.2373836086043157e-5,1.2373835800334333e-5
730607832,0.8420970444437952,0.32637329054635567,4.990099238379574,8.886664098158267e-5,8.886663920208026e-5
730608456,2.1929254535902696,0.7613338738766011,4.982490703540843,0.0009539102728149633,0.000953910248643877
730608974,1.0997130075488668,-0.03854000662006596,4.999358042628735,7.143078104215822e-5,7.143077920010216e-5
730609870,2.3249011373206545,-1.4192798650582676,4.967903335076966,0.00012373836086043157,0.00012373835634179426
730609950,0.9159026415391638,0.351800507348013,4.9989975986814095,0.0001074273951106474,0.0001074273922709436
730609969,2.214132558119122,-1.2121729806413337,4.984724767650589,0.00010967718348992798,0.00010967717982244998
730610003,1.5869897486934423,0.29301516537342326,4.986535518957968,0.0002249788379280574,0.00022497883159307985
73061037x,1.1626590980321838,-2.883630085797221,4.933998765222003,9.561600611942439e-5,9.56160028873686e-5
730610812,0.21203319278769572,-1.1926106654009705,4.999964645651025,1.124894189640287e-6,1.1248941557410633e-6
730612498,0.5728989437990575,-0.5260595977014136,4.999849312947608,1.3498730275683443e-5,1.349872990834818e-5
730613714,0.49887851806896993,0.5836672092045991,4.999419508703078,5.849449786129492e-5,5.849449629419455e-5
730613925,0.2784250190819118,0.6435127589285825,4.997139112757875,2.0248095413525164e-5,2.0248094855518053e-5
730614047,0.5087829320183167,-3.066269513434134,4.994175808740282,1.5748518654964018e-5,1.5748518130948227e-5
730614397,1.2804723059673002,-0.0706710569411638,4.98489492563501,0.00012092612538633085,0.0001209261225881741
730614530,0.8066734947119947,0.4051537270206079,4.98455069429109,0.00012373836086043157,0.00012373835799690114
730615672,0.9770356747570813,-3.2044620859668553,4.955447723841675,7.311812232661866e-5,7.31181205139024e-5
730616798,1.5136797106535282,-0.6817509527005912,4.999215914637008,4.274597920633091e-5,4.274597820355422e-5
730617045,0.2834815433182476,0.9169570842443946,4.856910178795554,0.00020248095413525166,0.0002024809541168505
730617512,3.0380973446859008,-0.3231142298223578,4.983040462871969,0.0002418522507726617,0.00024185224512003777
730618638,0.3713640499117486,0.541844562627303,4.999182357952099,3.3184378594388464e-5,3.318437777244755e-5
730621263,0.39560615629263357,2.3347387647773004,4.993866206770808,0.00047133066545928024,0.0004713306539921057
730621474,0.5025924022939403,0.5880726041509887,4.999411521259197,5.849449786129492e-5,5.849449639566018e-5
730622143,0.6925608470130727,-3.6205062400271553,4.979941563200455,2.3622777982446025e-5,2.3622777318085104e-5
730622151,0.27516865238864435,0.34870701144872807,4.997942361959591,1.4061177370503587e-5,1.406117713981523e-5
73062224x,1.0771029254876763,0.842970755967665,4.99662882816601,0.00033690580979726595,0.0003369058006627162
730622389,0.813937760410338,0.6147980041929941,4.993415470526018,0.00012373836086043157,0.00012373835741263212
730623429,0.65833821163667,0.4035226170638995,4.99857543332937,6.186918043021579e-5,6.186917891053461e-5
730623509,2.4288692086306045,-0.529191906980822,4.931429837412969,0.0002806611003152516,0.00028066155893378644
730624560,0.244223312591091,0.06598015318412882,4.999948320018825,6.749365137841721e-6,6.749364987133035e-6
730624907,0.3744815139499955,1.8700032944763731,4.9845221400487025,0.0004105863792187047,0.00041058636706804865
730625168,0.3771804325468522,2.024741593185126,4.964924698193563,0.00041733574435654647,0.00041733573559623764
730625467,1.1476342192893219,1.3910013029526673,4.98828831026814,0.0006575006538447478,0.0006575006389557887
730625547,2.5350590047247263,0.0888141799731889,4.980840729500431,0.00032509442080604295,0.0003250944118033396
730625993,0.9608898326344247,0.7350855652709771,4.994350997090366,0.00016085986911856104,0.00016085986620795626
730626048,1.3949587292855776,0.610503433495099,4.991092908798749,0.0003132830318148199,0.0003132830249159418
730626558,4.371622463967761,0.35274509443684365,4.961068284403297,0.0011862009229756825,0.001186200890221712
730626566,0.7395786399021341,-0.30887498515179396,4.9997038797511335,2.8122354741007175e-5,2.8122353980487296e-5
730626718,0.7635938971478716,-0.6315157591511487,4.9980588243787505,3.262193149956832e-5,3.262193044686266e-5
730626929,0.7274939816908945,0.46674628334114077,4.999081703728315,9.336621774014381e-5,9.336621540744129e-5
730626945,0.2372797570122015,-0.3893247298507611,4.991795591584692,1.3498730275683443e-5,1.3498729830007764e-5
730627331,0.7140592733057538,-1.349188197692881,4.99927886750712,8.436706422302152e-6,8.43670616645934e-6
730627366,0.6370627662693714,0.3299889346597794,4.995985275715601,6.805609847323736e-5,6.805609674410993e-5
730627438,0.8712104473341556,0.2801012992174961,4.99888108482422,6.86185455680575e-5,6.861854423523328e-5
730627497,0.06153510082265833,0.5048833617049153,4.999282739595465,4.499576758561148e-6,4.499576617529072e-6
730627569,2.1694109908016146,0.04392277929852067,4.992772163957118,0.0003571539052107911,0.0003571538945098258
730627729,1.7304984898965012,0.46470004383129754,4.995683426673961,0.0003993374373223019,0.0003993374263948713
730627972,2.594423719402316,0.019818983423228832,4.991628452842542,0.0004578319351835968,0.0004578319218019332
730628297,1.1304497869612244,0.4412665454394797,4.998510146139022,0.00016479699878230205,0.00016479699516150153
730628457,0.1571907226791086,0.8500755074114357,4.999367137682022,1.2373836086043157e-5,1.2373835734890092e-5
730629089,2.5488928727091413,0.045338170138937914,4.979964328570812,0.0003380307039869062,0.00033803069309407265
730629273,0.4747712220697823,0.973588401371873,4.999200342049935,7.649280489553951e-5,7.649280368083827e-5
730629409,1.3364087160743292,-0.39303785813669856,4.998089439119814,6.636875718877693e-5,6.636875544330638e-5
730630055,0.8846018327814918,-2.855104613814576,4.979199316427987,5.624470948201435e-5,5.624470761052934e-5
73063059x,0.3774620670317429,0.05057457075012291,4.9994361787595105,1.3498730275683443e-5,1.3498729972748506e-5
730630629,2.7533284859274216,0.07472208266583918,4.97181405022308,0.00042127287402028745,0.0004212728616577273
730630733,1.4023448678279236,0.12057110444835602,4.991932895495506,0.00016873412844604306,0.000168734124490327
730631744,1.6733994347503622,0.02124947659665754,4.996225014725824,0.00017942062324762578,0.00017942061870074896
730634152,0.3631701257188178,0.33229932222279357,4.999664436206816,1.912320122388488e-5,1.9123200847749046e-5
730634195,0.4702580217493062,0.8527508891785051,4.998436774987038,8.549195841266181e-5,8.549195624446115e-5
730634208,0.7593875290875908,0.4544761692997019,4.997954811074235,0.00010292781835208626,0.00010292781554572321
730634742,0.2598464139754942,-0.7679996027819562,4.9994381266353916,5.624470948201435e-6,5.624470775652657e-6
730634750,0.6021233197082752,0.05953163322823964,4.999696262827465,3.1497037309928035e-5,3.149703648418373e-5
730634814,0.8936941559031443,-0.7752086939384316,4.999605123036847,2.0248095413525164e-5,2.0248094816697527e-5
730635809,0.40537198934111957,1.2301853755422605,4.998172849840689,0.00010911473639510784,0.00010911473385553655
730636166,0.7842869611165885,-0.5720963648204282,4.999867015221154,1.6873412844604303e-5,1.6873412458885035e-5
730636609,1.0377356281934775,0.35462886909071706,4.997818633172874,0.0001124894189640287,0.00011248941662942825
73063665x,1.398522265590782,-0.3250005618503114,4.9977990803827925,0.00010124047706762583,0.00010124047407453068
730636764,0.4534348692814447,0.779492293538748,4.981877180714066,0.0001552353981703596,0.00015523539342403967
730637003,0.07951255961342338,-0.09944536886607391,4.999922302438334,1.124894189640287e-6,1.1248941588729373e-6
730637193,1.2418887625526316,-0.6818049548328926,4.999202956556287,2.58725663617266e-5,2.5872566036220966e-5
730637345,0.7765509414903654,0.4666292484186706,4.997116905468002,9.955313578316539e-5,9.955313352739346e-5
730637548,0.7516602385099315,-0.05252017007230755,4.992150344448019,5.17451327234532e-5,5.1745131192008876e-5
730637804,0.8434724554449815,0.0096361224738297,4.998516972914668,5.624470948201435e-5,5.624470794872438e-5
730637900,0.6346521050966734,0.23384203067476578,4.99434104905437,5.0620238533812914e-5,5.062023733618798e-5
730638196,0.9095144351812543,-0.20642901669297845,4.961399105304513,6.918099266287765e-5,6.91809910411394e-5
730638540,0.720339115180373,0.4891497126490073,4.985356992334706,9.899068868834526e-5,9.899068642169157e-5
730638903,0.8898707577062794,0.08625893811352947,4.99437322434032,9.336621774014381e-5,9.336626200280137e-5
730639092,0.4988780445996162,0.5915794805890696,4.999447978944374,5.849449786129492e-5,5.8494496314262874e-5
730639121,0.2815493542037578,0.32646731326352163,4.999862175198532,1.462362446532373e-5,1.4623624076516036e-5
730639981,0.35115167107416245,2.0440226020463634,4.992959897930319,0.00034984209297812927,0.0003498420841344753
733490051,2.1181481772055544,0.7620292537965915,4.983665793605647,0.0007486170832056109,0.0007486170702845455
733490182,1.7401588444838727,0.4309720604383756,4.9913361902886635,0.0004330842630115105,0.0004330842506878467
733490350,0.686048230657475,-0.24813254461645484,4.987656319980197,3.093459021510789e-5,3.093458937321985e-5
733490369,1.1447887840098896,0.8509137849116828,4.995256617634629,0.0003054087724873379,0.0003054087678413745
733490721,0.1645305564478039,-0.35536116185537747,4.998293079409293,3.3746825689208607e-6,3.374682489856963e-6
733490836,0.4192828328077228,-2.3765361240556135,4.986687562298543,3.5996614068489185e-5,3.5996612870738865e-5
733491089,0.6183930720405304,0.546275358414875,4.998446860621191,8.886664098158267e-5,8.886663848117764e-5
733492049,1.2220193050487584,0.624301917143238,4.995527523238186,0.0002317282030658991,0.0002317281982502487
733492161,0.4641416100795541,0.4505740196204127,4.9995479395018965,4.387087339597119e-5,4.3870872194404365e-5
733492524,0.7862050358402914,0.27414378554532964,4.9994092312482685,6.805609847323736e-5,6.805609701389433e-5
733492583,0.1690001961078864,1.8273258954213254,4.999263080722578,5.624470948201435e-5,5.624470842877737e-5
733493519,2.7568879119662726,-0.21831383962838685,4.995001793708555,0.0002733492880825897,0.0002733492811500536
733495004,1.3992125394334474,-0.3131725436679259,4.999084263509953,5.624470948201435e-5,5.6244708388830246e-5
733495493,1.6746650942991361,0.3797494371443875,4.996723480152007,0.00031103324343553936,0.00031103323510769834
733495661,0.8661223444738694,1.0304298416264013,4.996859274242889,0.0001901071180492085,0.00019010711365532638
733495709,0.7833532751745963,0.14781160024740347,4.945836843756998,7.76176990851798e-5,7.761769756409591e-5
733495792,0.5495122339936156,0.31141827675030853,4.99823968701748,4.049619082705033e-5,4.0496189539299986e-5
733495987,3.1844589779731365,0.05069382502197541,4.801457900839919,0.0006918099266287765,0.0006918099105140704
733496015,1.230809222699248,0.16913381290239285,4.997500648261141,0.00012373836086043157,0.00012373835828577401
733496808,1.2828369860765447,-0.2829383980121401,4.9996017869498415,5.5119815292374064e-5,5.5119814037090175e-5
733497245,0.6400048503299569,0.2940327390684011,4.9992398383216505,5.680715657683449e-5,5.680715510153389e-5
733497480,1.186942113861574,0.5333702709221938,4.977834229771773,0.00030034674863395664,0.0003003467438826191
73349751x,1.5043167075999657,-0.13529257651873522,4.986683685713272,0.00012880038471381285,0.0001288003807752703
73349831x,0.1713779954376788,-0.6266074692757656,4.999691862630937,3.3746825689208607e-6,3.3746824654366543e-6
733498491,2.334171601839729,-0.681133112220872,4.98721157913597,0.00019348180061812937,0.0001934817946890312
733498563,2.3888896749929383,0.5438759687716929,4.991429316273793,0.0005511981529237407,0.0005511981394436491
733498969,0.6176329227607077,0.40396013952533333,4.996567034271538,5.793205076647478e-5,5.793204889968712e-5
733499910,1.5251093636847148,-0.6900939713030662,4.98071147131844,0.00011530165443812942,0.00011530165093479389
733500459,0.6029850529280291,-0.33680291992454114,4.997831955844937,4.4433320490791335e-5,4.443331911553895e-5
733500555,3.0037038033614443,0.22293714487966199,4.989722776967288,0.0005309500575102154,0.0005309500464869953
733501224,1.3961648143739127,-0.4916395795634079,4.999349328691408,5.118268562863306e-5,5.118268443391012e-5
733501398,1.7835366978602563,-0.5464936349861853,4.997740599566233,0.00010461515963654668,0.00010461515653668119
733501400,0.08120011807416101,0.8028205944837555,4.997801357512241,8.999153517122296e-6,8.999168222325823e-6
733502729,0.8132720292487814,-2.782557643114365,4.9047325307890395,7.480546361107908e-5,7.48054705076464e-5
733503043,0.06727960923843682,0.9067916780216564,4.999524108121235,5.624470948201435e-6,5.624471860621091e-6
733503326,0.7753931460464686,-0.36563794984030096,4.997473632930955,4.724555596489205e-5,4.724555450335876e-5
733503385,0.8850564508381134,-0.2717126156261921,4.999410108324224,3.0372143120287746e-5,3.0372142490294906e-5
733503406,1.0768064640178536,-0.4471339264049165,4.997707653974368,3.093459021510789e-5,3.093458937722309e-5
733503588,0.5293292356909055,0.3336239062623556,4.996193194339405,3.543416697366904e-5,3.543416611633232e-5
733503705,0.5361122106119847,0.21416127371172386,4.999001348241875,3.093459021510789e-5,3.093458965036701e-5
733503967,2.372375289235806,-0.4539308174062395,4.998606701368406,0.00013048772599827328,0.00013048772286500027
733504126,0.22614624851493573,0.08914933817369608,4.996321804323662,2.5310119266906457e-5,2.531011841818124e-5
733504716,0.8273977322087132,0.3951155859364782,4.998765770688276,8.999153517122296e-5,8.999153298908653e-5
733504871,0.4228130792314327,-0.1231317687046242,4.999669294122015,1.6873412844604303e-5,1.6873412354664177e-5
733504986,0.6122222504722257,1.2242895936087452,4.99598204976025,0.0002069805308938128,0.00020698052652469326
733505081,2.217813243426002,0.14510228867573535,4.995518814075903,0.00023960246239338113,0.0002396024565084943
73350509x,1.5821117362978823,-0.24830704621018768,4.999324057434954,8.999153517122296e-5,8.999153312129697e-5
733505356,2.1366682233760383,0.18699797703205476,4.99244062455461,0.000384151365762158,0.00038415135543809205
733505946,2.626815784481429,-0.15838466293629166,4.997608418036887,0.0002069805308938128,0.00020698052742857263
733505962,1.1609944038544477,0.4138694048663541,4.997522980117473,0.00018560754129064736,0.00018560753650733038
733506009,3.5124765383078915,0.0849974322928024,4.995219400725962,0.0006226289339658988,0.0006226289196220767
733506025,0.6812972722083959,-0.36574336526898665,4.998508555423789,3.824640244776976e-5,3.824640125550022e-5
733506068,0.38602135871223825,0.7938920799424961,4.999081669809275,3.9933743732230185e-5,3.993374267560135e-5
733506156,0.9545742454651406,-0.3570185512503265,4.997019349538701,6.46814159043165e-5,6.468141390870112e-5
733506682,0.5757381712851203,-1.4237288269357904,4.987152530550781,7.311812232661866e-5,7.311812018871202e-5
733506762,0.8671728271657724,0.6929530125834419,4.987673615326061,0.0002081054250834531,0.0002081054197976919
733506834,1.9274923553353422,0.48930583002146316,4.990911783427824,0.0004465829932871939,0.0004465829826403915
733506877,0.4750848408327846,-0.07099635004031955,4.99163354252969,5.680715657683449e-5,5.6807154788986804e-5
733507028,0.09597814737240652,-2.397858321362134,4.997670544655318,3.3746825689208607e-6,3.3746824548483024e-6
73350736x,0.45435700766585485,0.6733979099644856,4.999536587679948,5.624470948201435e-5,5.6244708105154874e-5
733507386,1.049463207617201,0.15129658614271876,4.996605278994997,8.717929969712224e-5,8.717929704446764e-5
733507562,1.5485159494546847,0.31970109216603965,4.996970281191617,0.0001901071180492085,0.00019010711332268068
733507853,0.5279257187189016,0.3376170947134868,4.999632075578659,3.824640244776976e-5,3.8246401529977344e-5
733507861,0.3065167470963386,0.11112899201007383,4.999871426350402,1.2373836086043157e-5,1.2373835748510783e-5
733507941,0.9082795452288775,7.318668058787552e-6,4.991377295665745,5.17451327234532e-5,5.17451314680004e-5
733507976,1.2647772738647063,0.3202604101742531,4.9980989609046915,0.00013667464404129486,0.00013667464207365215
733508194,0.19323977743348614,-0.46062347011909877,4.999698978104406,4.499576758561148e-6,4.499576619629458e-6
733508506,0.6066189443244245,-0.5039874404015655,4.9996849523741345,1.5748518654964018e-5,1.5748518206830785e-5
73350920x,1.3919240564380448,-0.13001071453020666,4.984881904525634,0.00018560754129064736,0.00018560753526922382
733509568,0.08743127908543173,0.09656844231348219,4.999898392980165,2.249788379280574e-6,2.2497883106003242e-6
733509701,8.468305620316894,0.3394826913862518,4.820728391087061,0.003093459021510789,0.0030934589400126843
733509883,1.1588253729286118,0.5041824368144088,4.996060137116647,0.00019573158899740994,0.00019573158491959276
733509947,1.321958426374523,0.6454781020202531,4.98720395726753,0.00028122354741007174,0.00028122354351822163
733510067,1.6715422444547459,0.36523853392480643,4.99733495373667,0.0002857231241686329,0.0002857231166984559
733510411,1.4743878487141435,-1.4885514727552718,4.94485463896671,0.00031384547890964007,0.0003138454697330867
733510497,0.756851821805881,0.40539607954950674,4.996357041186408,0.00012767549052417258,0.00012767548668077744
73351093x,0.07472707417878054,1.092903194405468,4.998335789474337,7.311812232661865e-6,7.311812060025989e-6
733511131,1.6581540070933796,0.530958530165941,4.976792491630655,0.0003211572911423019,0.0003211572849048626
733511326,1.528018316960138,-0.13603627489028794,4.990104984022171,0.00022329149664359696,0.00022329148950738336
73351202x,1.2490546108414515,0.6326361248490197,4.9975249651350095,0.00018841977676474806,0.00018841977216992606
733512070,0.6960245892393172,-0.04661900907350151,4.999598166296046,3.712150825812947e-5,3.7121507256352806e-5
733512740,0.6953612440738222,-0.6235724974078213,4.949112613340101,5.9056944956115064e-5,5.905694312627967e-5
733512935,1.7788376040538516,0.7513686603223441,4.945379396704146,0.0009550351670046036,0.0009550351380842058
733513540,0.42155097415492976,0.9089508638841048,4.9964368994076125,5.849449786129492e-5,5.849449664053236e-5
73351368x,1.0913104631254287,-0.32769542002538454,4.990657416136229,6.074428624057549e-5,6.0744284442116806e-5
733514148,1.9557657276687472,0.493943420989717,4.995287333715919,0.0004612066177525177,0.0004612066069467405
733514156,1.8697018925990128,-0.1787200048744672,4.996776374468695,0.0001552353981703596,0.00015523539422814325
733515028,1.611704632306304,-0.46696860126339523,4.9987462131516684,5.5682262387194207e-5,5.568226088069514e-5
733515589,0.3044588713093714,-0.45978443293631566,4.999359045084192,8.999153517122296e-6,8.99915323807999e-6
733515626,0.3489848703586771,-0.5584235883162305,4.9997332865876025,4.499576758561148e-6,4.499576613564997e-6
733515634,0.3882551952620225,0.7881314426202133,4.993599590153666,7.311812232661866e-5,7.311812110078287e-5
733515909,4.080031895083786,-0.8783634320851773,4.802380139076441,0.000686185455680575,0.0006861854336051063
733515925,1.382566495244996,-3.0139429961993764,4.945610388790554,0.00011586410153294956,0.00011586436562289948
733515933,0.42967951237467156,-0.13964799650239215,4.999479069845343,1.3498730275683443e-5,1.3498729990232963e-5
733516530,2.3281547465790706,-0.32260556437456717,4.988444839201694,0.000266599922944748,0.0002665999148579357
733516717,0.7518590223355188,-0.08715776366143735,4.993408599471472,5.2870026913093485e-5,5.28700253074926e-5
733516987,0.22185638562291266,-0.2449068189585725,4.999928843541244,3.9371296637410044e-6,3.937129563688968e-6
733517699,1.5261005723216157,0.6975124781105906,4.9967544630718566,0.00042858468625294935,0.00042858467642703843
733517701,0.24678831601922713,-0.4111843514315413,4.9992065945552016,3.3746825689208607e-6,3.374682480861066e-6
733517867,0.34452981905535524,-0.1909431556907369,4.999786444739014,1.124894189640287e-5,1.1248941563056978e-5
733518069,0.4484317259680331,0.2152543904999485,4.997435612937604,3.430927278402875e-5,3.430927175085731e-5
733518480,1.2143715683938878,0.4017468223348587,4.985771259824671,0.00020248095413525166,0.00020248094879032972
733518640,0.7474301600812844,0.27932482039744827,4.985715291895005,0.00010967718348992798,0.00010967718133322013
733518763,0.4894889359532979,-2.449848123530175,4.967775867726036,4.668310887007191e-5,4.66831072920682e-5
733518771,0.7687012560882843,0.6045573760265226,4.970238972475421,0.00019066956514402863,0.00019066955837551133
733518982,0.554629023652926,0.31101461913149586,4.998851298336452,4.387087339597119e-5,4.38708723129404e-5
733519053,0.4458213341036833,-0.6170714644349866,4.989580946522842,1.7998307034244593e-5,1.799830658665712e-5
733519109,0.3513135270314433,-0.33313006404197976,4.99986785229088,7.311812232661865e-6,7.311812046850934e-6
733519336,0.6091715938792214,-0.8956049391741681,4.9996398779682325,1.124894189640287e-5,1.1248941549314116e-5
73352045x,0.8290444091875954,0.3652854686474397,4.969540141265099,0.00010236537125726611,0.00010236536869986152
733520900,4.045503443209482,-0.13817117934172798,4.9718926762267275,0.0004943909963469062,0.0004943909836850722
733520927,1.6275556041477308,0.5982797692310797,4.9886687579466535,0.00041452350888244576,0.0004145234994607121
733521452,0.4901682448272702,0.14757399910496083,4.995990430742517,4.274597920633091e-5,4.274598240717617e-5
733523028,0.6557172010877884,0.10130097273561164,4.9967935923045985,3.655906116330933e-5,3.6559060134008504e-5
733523220,0.6144417628906111,-0.49737031237403934,4.998054750136426,3.205948440474818e-5,3.205948340599986e-5
73352360x,0.480819653783198,0.12809873290710994,4.997954142560996,3.430927278402875e-5,3.430927183022165e-5
733524282,0.2237937426550665,0.5049678652546898,4.999166855585828,1.3498730275683443e-5,1.3498730041579738e-5
733524936,0.6203850357184724,-0.15822279360958205,4.998881937801067,3.655906116330933e-5,3.655906005225916e-5
733525517,1.749928615961641,0.3439560025122458,4.978456296206278,0.00031159569053035947,0.00031159568379101433
733525525,0.6680612684817042,-0.3190894431103456,4.997564391785235,3.7683955352949614e-5,3.768395418692575e-5
733525568,0.8671138038684408,-0.15511091487205114,4.994143187822007,8.94290880764028e-5,8.9429085335394e-5
733525904,1.5024186717832577,-0.3628550405469005,4.975831789806599,0.00012092612538633085,0.00012092612109131551
733526237,0.6425468686392747,0.5108501380236353,4.991271726167365,9.167887645568339e-5,9.167887331386296e-5
733526309,2.0345587821469566,0.669143662476427,4.797225787804861,0.0005315125046050356,0.0005315124921285503
733526405,0.933137079174673,0.09216781260410359,4.982935418489423,0.00012373836086043157,0.00012373835755299074
733526608,1.5149564163680298,0.6405110978980169,4.991516051487803,0.0003430927278402875,0.00034309271872880485
733526763,0.2866228839925595,0.19608182748359507,4.999412063786281,1.7435859939424446e-5,1.7435859417847392e-5
733527491,0.40402299827392696,0.8795870125555668,4.999544211795482,4.6120661775251764e-5,4.6120661078088e-5
733527643,0.3455193369502514,0.5645089252812122,4.999616516412203,2.3622777982446025e-5,2.3622777522845897e-5
733527811,1.4094539403777757,-0.2622298670797709,4.906055704742819,0.00013217506728273372,0.00013217506358597736
733527993,0.5965801393057083,2.285577228541486,4.987582994182266,0.0013155637547843156,0.001315563719908828
733528531,1.249861307785749,-0.8416036589125888,4.928406619869357,0.00013667464404129486,0.00013667464074603868
73352950x,1.0856367816352868,-0.17233683033781194,4.965797239843361,7.311812232661866e-5,7.311812037569266e-5
733529948,0.504780109764049,-3.316328758198222,4.989535422183498,1.5748518654964018e-5,1.5748518288866735e-5
733530332,0.8632655839433347,0.36800212926443654,4.987646835351685,9.44911119297841e-5,9.449110957656198e-5
733530340,0.21220794572933468,0.4803843044228186,4.995825089240227,1.5748518654964018e-5,1.5748518285709234e-5
733530690,0.28191586036050525,0.6699957741784642,4.999130344204757,2.0248095413525164e-5,2.024809502903372e-5
733531298,0.4113066442943539,0.5853237531967952,4.998488068361463,3.937129663741004e-5,3.937129539727111e-5
733531327,1.8770352931000225,-0.1389555743636512,4.9905796209826905,0.0002249788379280574,0.00022497883119718034
733531538,2.7703577140366162,0.3929906948269382,4.97719332224932,0.001034902654469064,0.0010349026238920668
733531570,0.2644891206159214,0.38613545787742043,4.999481342559729,1.462362446532373e-5,1.4623624128393146e-5
733531589,0.5116362510458425,0.06772312801634418,4.99701108371941,2.8684801835827318e-5,2.8684800868250015e-5
73353259x,0.9295892545141976,0.1650526122862378,4.997782725083453,7.874259327482009e-5,7.8742591340516e-5
733533613,3.0980866237867173,-0.19176008055994923,4.99515781321922,0.00025422608685870483,0.00025422608078938405
733533699,0.2587480522108391,1.9042257939680887,4.997145014714997,0.0001631096574978416,0.00016310965363768184
733534528,1.0414310932701099,0.6062883074502404,4.997305631277151,0.00015748518654964017,0.00015748518343220764
733535387,0.2754079736661817,-0.9250712669348543,4.999958903735931,2.249788379280574e-6,2.249788311968344e-6
733535408,0.5982975386584797,-0.26321129948477073,4.969797999832657,3.9933743732230185e-5,3.993374254886292e-5
73353558x,0.7648150370432611,0.15419914712616573,4.998406343453974,4.724555596489205e-5,4.7245554654257696e-5
733536232,1.8823640159581523,0.2824000584811832,4.993926549344652,0.00033409357432316524,0.0003340935658438897
733536267,1.1396513531959123,0.5452033493673221,4.9775954639504185,0.00027616152355669043,0.0002761615188310411
733536304,0.6115536088002771,0.4941839136267685,4.9981886866973655,5.849449786129492e-5,5.849449673292928e-5
733536320,0.622436046625457,0.8775510580927228,4.996475625939985,0.00011417676024848912,0.00011417675804382503
733536347,0.14813930269582215,1.0974620999213756,4.999522400182205,1.7998307034244593e-5,1.7998306587172058e-5
733536670,0.6210758649154615,0.2163665626281898,4.997077087177856,4.6120661775251764e-5,4.612066037897167e-5
733536849,0.40446094971206503,-0.25891578974650026,4.998827654129994,1.124894189640287e-5,1.12489415169608e-5
733536910,1.0531507232844841,0.6921222895394772,4.9865043781835725,0.0002277910734021581,0.00022779106606183886
733537040,1.3664547164843628,-2.0356281111418566,4.863380461272834,0.0002210417082643164,0.00022104169864197636
733537390,0.5489721475111745,0.6753842940647231,4.998244758606764,8.324217003338124e-5,8.324216795765667e-5
733537681,0.8608364796257523,0.5087047051907418,4.985857942039755,0.0001074273951106474,0.00010742739214316633
733537729,1.0878367735520595,0.28057828610628155,4.9903296855682795,0.00013779953823093516,0.00013779953459286179
733537753,0.36360148540496945,1.3986173468609016,4.9819042859534175,0.00011811388991223013,0.00011811388661794546
733538238,1.5269489013815751,-0.1237588244409074,4.996940410897401,0.00011192697186920855,0.00011192696932521257
733538721,1.8425050058133075,0.6150051310750323,4.983156095051383,0.0005399492110273377,0.0005399491985943047
733539492,0.8036122082541641,-3.121452275648115,4.968606266550503,4.724555596489205e-5,4.724555486660042e-5
733539513,2.512523668386735,0.45438381584956905,4.9934533219302955,0.0006946221621028772,0.0006946221436345122
733539898,3.0803118047196905,0.9925519374594846,4.961300551060022,0.0019927500569477683,0.0019927500156133645
733539994,0.5965285913437777,0.14896210833425072,4.999644206774999,3.937129663741004e-5,3.9371295653497405e-5
735646507,0.12484896177094501,0.8107732054731649,4.995147618309611,1.124894189640287e-5,1.1248941618756672e-5
737250821,1.4663880408203722,0.4187992575065074,4.99217364526493,0.0002238539437384171,0.0002238539385919983
737251808,1.2041312401115862,-0.009654204809874774,4.939015949530841,0.00012486325505007184,0.00012486325191566122
737251947,0.5437666957066316,-1.2537910311517244,4.98743880529857,1.912320122388488e-5,1.912320078011591e-5
737252608,0.20983595775165753,-0.9351582385697501,4.999771448647778,2.249788379280574e-6,2.249788310025838e-6
737252771,0.5070289867850094,0.035696882964393564,4.991861603480664,3.5996614068489185e-5,3.599661281594694e-5
737252827,0.23303270509502017,0.20839847823408433,4.93184435914735,0.00012486325505007184,0.000124863259068649
737252835,0.9700476074612787,0.18350136111226273,4.99810049877737,8.15548287489208e-5,8.155482675088132e-5
737253221,0.5602122494470678,0.5021406451956235,4.9963656397769665,5.849449786129492e-5,5.8494496905816915e-5
737253248,1.4037229465701213,0.5573886110885056,4.993441381447519,0.00028009865322043147,0.0002800986473583141
73725403x,1.4487411459354695,0.24911806448796786,4.985024118977648,0.00019123201223884877,0.00019123200811278716
737254283,0.8256035121173864,-0.4353024060749375,4.999781429861962,1.912320122388488e-5,1.9123200897479133e-5
737254566,0.7313248187593651,0.34452398294514086,4.997711506461096,5.624470948201435e-5,5.6244708214271765e-5
737255630,0.277465672303388,0.2976425194374691,4.999823223487989,1.5748518654964018e-5,1.574851822457185e-5
737255788,0.28545289428804915,1.3242351970387898,4.974066144580507,0.0002081054250834531,0.0002081054181695882
73725593x,1.081144896406356,-0.6865389834370899,4.9836365452140505,3.487171987884889e-5,3.4871719074160925e-5
737256641,0.6239510857177665,1.0484243507455862,4.962171505639436,0.0002069805308938128,0.0002069805318170751
73725665x,0.33919979598880445,-0.4864359511016569,4.999881833493918,6.749365137841721e-6,6.749364935413385e-6
737256721,1.9725636207733934,0.5421385789162645,4.954099585607431,0.00066649980736187,0.0006664997877584624
737256764,1.848017755630233,0.3623697136561971,4.9929386111861085,0.00036446571744345297,0.00036446570807196197
737257345,0.0861384470446857,-0.04471363643914113,4.999977777803333,1.124894189640287e-6,1.124894161656768e-6
73725737x,1.3062832131548565,-0.10718356478338376,4.950670874914463,0.00020191850704043152,0.00020191883697849865
737258129,0.6266248911721226,-0.20615511913128878,4.97100600689691,5.399492110273377e-5,5.3994919478439675e-5
737258313,2.863565271751167,-0.2064301972419098,4.968622681173466,0.00036559061163309324,0.00036559060031862896
737258647,0.40242290998473956,-0.15016211903866944,4.999383396000567,1.462362446532373e-5,1.4623624065745e-5
737258671,1.595016267446067,0.01229332417712248,4.998455243305389,0.00015354805688589916,0.00015354805303860824
737259033,0.638278240683276,-0.6358499749531255,4.986318847138445,2.249788379280574e-5,2.249788309819083e-5
737259041,1.6393378944666583,0.5820580795069157,4.986720916324926,0.0006068804153109348,0.0006068803969851746
737259244,0.4825673705205129,-0.23097234688684143,4.999873057985634,1.2373836086043157e-5,1.2373835831540136e-5
737259252,1.443538274546523,-0.5456684146565861,4.997903674138481,3.7683955352949614e-5,3.7683954593669144e-5
737259818,0.3484036439350452,-0.31796883032206036,4.999899523656137,7.874259327482009e-6,7.874259107997627e-6
73726019x,0.244764368478152,1.2335118704354096,4.999393158802958,5.118268562863306e-5,5.118268444979059e-5
737260552,1.1209191967332675,0.0803785360616411,4.997784322509521,8.999153517122296e-5,8.99915329473513e-5
737260640,0.12677622787562062,-0.1597477714628422,4.999691723429014,2.249788379280574e-6,2.249788300821397e-6
737260704,0.22303516884348773,1.6911543932055153,4.994147743939969,0.0001124894189640287,0.00011248941738190916
73726158x,3.385469150688887,-0.26925676696320466,3.212884547726312,0.0018448264710100707,0.0018448264570034064
737261942,0.3811214806049258,0.44092510972309623,4.998366937196683,2.7559907646187032e-5,2.755990675810378e-5
737262363,0.9523847689474036,0.4448785933289969,4.989701313912443,0.00012655059633453228,0.0001265505936979001
737263227,2.8953993626094743,-0.46050376929899234,4.943463981742491,0.0002137298960316545,0.00021372988885106563
737263809,1.5402290732903048,-0.5705906065436511,4.999492907801071,5.230757981827334e-5,5.230757860550788e-5
737264078,0.48314044170517584,-0.24301237091095262,4.997688549889982,2.0248095413525164e-5,2.024809488524956e-5
737264473,1.2027036764920125,0.23041953115527408,4.997655038794608,0.00012880038471381285,0.0001288003816755386
737264625,2.4583178966282624,-0.3846394322537692,4.9807771658816975,0.00018448264710100706,0.000184482640878157
737264940,1.1863244184510398,0.23059913303154572,4.995142617248378,0.00012711304342935241,0.00012711304065031389
737265484,0.924573613168881,-1.2968342915661457,4.999696002112836,1.2373836086043157e-5,1.237383570157134e-5
737266698,0.8443351355918375,-0.9050439691211146,4.993678966147906,2.58725663617266e-5,2.5872608638970632e-5
737266786,0.5949275829841822,-0.013884377789625476,4.999623102271573,3.374682568920861e-5,3.3746824770970574e-5
737266938,0.7572703574912157,0.31600595442817925,4.996976359798252,5.399492110273377e-5,5.399492001681232e-5
737267658,0.1360643361206525,0.4338653569045949,4.99959799392057,7.874259327482009e-6,7.874259090632491e-6
73726772x,0.9371772840854341,-0.379262339056362,4.998926543581167,3.7683955352949614e-5,3.768395436113286e-5
737267818,1.1287062963239158,0.13141086786864448,4.997102533461172,0.00010236537125726611,0.00010236536858698479
737268095,0.8258589942557649,0.2307610039739975,4.995606608642535,8.042993455928052e-5,8.042993212775608e-5
737268167,0.6815531699450594,0.45903566646946226,4.998242428067504,5.17451327234532e-5,5.174513144559167e-5
737268706,0.3154244761669386,-0.7379568388471129,4.999350051368384,7.874259327482009e-6,7.874259085836433e-6
737268730,0.18548909941867134,0.27906844494857097,4.99871514513848,1.2373836086043157e-5,1.2373837030236033e-5
737269186,1.7398921476479035,0.5409927182175036,4.995923632694733,0.0004330842630115105,0.0004330842515185511
737269258,1.9686005327484695,0.5863576936663929,4.985260580238734,0.0007699900728087764,0.0007699900502215327
737269741,0.5925699449865507,0.8164491893356332,4.969616908137478,0.00011811388991223013,0.00011811388719528605
737269880,0.23543234075450709,-2.800105806546555,4.986602707064074,2.5310119266906457e-5,2.5310119207684634e-5
737270048,0.18415654774961562,0.7499131401138939,4.996121122648492,2.8684801835827318e-5,2.868480101174727e-5
737270072,1.6274919216771868,0.3110420903050256,4.997389108355466,0.000258725663617266,0.00025872565747066056
737271622,0.9026297058727157,0.1563798161961386,4.997552635091948,6.580631009395679e-5,6.580630828093645e-5
737272393,0.5712528455980068,-0.42626991274096915,4.999824263936459,1.5748518654964018e-5,1.5748518223665466e-5
737272406,1.307819734015867,-2.6557357120358085,4.952241513150284,0.0001619847633082013,0.0001619847578810937
737273628,0.47257870544465047,0.05535886623281779,4.999798421991563,2.0248095413525164e-5,2.0248094923151194e-5
737273847,0.12469224566603485,0.8589434036854502,4.9987425367532,1.912320122388488e-5,1.9123200637743178e-5
737274102,2.8345563847399617,-0.1010068678279139,4.9976765688858125,0.00020360584832489193,0.0002036058435780936
737274305,0.4803469792778522,0.19505446382184494,4.993397195010346,2.8122354741007175e-5,2.8122354007095593e-5
737274823,1.0545596042522098,0.5617833773745486,4.998439918976081,0.00019179445933366893,0.0001917944546908022
737275121,0.21437739115889073,0.30492977293274054,4.967407407510637,4.6120661775251764e-5,4.612066177105837e-5
737275586,0.20804612939350692,-0.3317767807195245,4.99936390693851,6.749365137841721e-6,6.749364931139e-6
737276052,0.13049761016595066,1.3361408998920432,4.9997265020696435,1.6873412844604303e-5,1.687341251610801e-5
737276343,0.6906347908562924,0.5094204586521085,4.989695881695177,9.224132355050353e-5,9.224132136786926e-5
73727791x,0.09334164096739246,0.7164521015540963,4.999838257267274,5.624470948201435e-6,5.624470783843993e-6
737278808,0.5730183729444704,0.37526931144264875,4.999163571505823,4.330842630115105e-5,4.3308425401326726e-5
737279157,0.5964112909885645,0.19885815398210802,4.998019010245498,4.4433320490791335e-5,4.4433321599901243e-5
73727935x,1.8261028349385946,-0.4815605244552435,4.6491484483302745,0.0005961939205093521,0.0005961939048792978
737279501,1.7854860106149997,-0.7765892225717852,4.998170776607507,6.411896880949636e-5,6.411896693764776e-5
737279616,0.9972615594414125,-2.516214874108493,4.869139952329537,0.00019348180061812937,0.00019348179625278827
737279667,0.953877602423646,0.475831531097894,4.997844482849547,0.000129362831808633,0.00012936282879489532
737279683,1.2731597247761963,0.11765004298173765,4.969110630447355,0.00015017337431697832,0.00015017337501239402
737280166,0.20447132368728616,1.6335158891649901,4.998237663315066,9.05539822660431e-5,9.055397966753897e-5
737280318,0.3277911945921883,0.3744893936897769,4.999743199795722,1.5748518654964018e-5,1.574851834906994e-5
737280625,0.13318738172846073,0.8374611042104508,4.96967400186511,3.093459021510789e-5,3.093458931318475e-5
737281265,1.4203330880119223,-0.12138175740701959,4.997150060073832,0.0001124894189640287,0.00011248941587374312
737281361,1.656052501033611,-0.19824662270010668,4.9986606785006895,9.84282415935251e-5,9.842823940522702e-5
737281409,1.6147738545865922,0.12198040325757631,4.9866451271686065,0.00022666617921251783,0.0002266661734522879
737281599,0.7681601029859384,-0.3696857403782089,4.996306613574465,3.430927278402875e-5,3.4309271577440826e-5
737281601,2.155105047536076,0.7896427620075036,4.863615929565183,0.0009415364367289202,0.0009415364077121326
737281660,1.4627100198043328,0.4076699063964284,4.9967236254055445,0.00020135605994561136,0.00020135605603109199
737282559,0.7636782917080241,0.2059646473560072,4.99944727316725,5.961939205093521e-5,5.961939076186627e-5
737283631,0.9598563181355294,0.5265821913659469,4.997023643706358,0.0001631096574978416,0.00016310965335944151
737284474,0.410418893217292,0.055471428737960814,4.990758808063229,3.655906116330933e-5,3.655905999770207e-5
737285792,0.13401610756338936,1.4656700850387285,4.999637267099609,3.1497037309928035e-5,3.1497036451996966e-5
737286058,2.5573120919481873,-3.3139256930915635,4.95124654295727,0.00016535944587712218,0.00016535944033694994
737288029,0.24772566945364752,-0.3549006696461512,4.997566923621591,9.56160061194244e-6,9.561600310615027e-6
737288715,0.8018006542418596,0.2142696944361341,4.986844099848804,0.0001124894189640287,0.00011248942670816458
73728882x,0.9224105051345581,-0.01844382522221198,4.946811926254148,0.00014342400917913658,0.00014342400569743532
737288950,1.7004265230356883,0.15707073829089452,4.991803793170509,0.0001889822238595682,0.00018898222006277473
737289232,1.5439405445098136,-3.518252436840713,4.971749085436031,6.018183914575535e-5,6.018197631869083e-5
737289267,0.7724521889367519,-2.9230531006515186,4.97597352125868,5.118268562863306e-5,5.118280228972754e-5
737290364,0.6577642791527367,0.39965271625232707,4.96874908243697,8.774174679194238e-5,8.774174739962151e-5
737291367,0.4010386035981818,-0.01701973104489949,4.996568713278345,1.462362446532373e-5,1.4623624083654245e-5
737292044,1.2887822762592644,0.4041427560607197,4.906081806684159,0.000258725663617266,0.0002587256573772903
73729332x,3.92860941606543,0.3693440027796052,4.962765416017251,0.0010827106575287762,0.0010827106269970111
73729375x,0.48958722022168855,0.12023776833186559,4.99433480115102,4.2183532111510764e-5,4.218353098819726e-5
737293944,0.4253197229342176,-3.4200546361863076,4.974616510995696,2.249788379280574e-5,2.24978833160116e-5
737294090,2.8033601766876055,0.5120792285722707,4.1793439382782385,0.001779582608010934,0.0017795826115729106
737294146,0.820774556525369,0.23270019340975598,4.99940786011288,7.199322813697837e-5,7.199322636688676e-5
737294189,0.6597594639011984,-0.3950370995048419,4.999645808957854,1.912320122388488e-5,1.912320072925461e-5
737294437,2.1196863810020155,-0.9411051876094658,4.993902537750033,9.84282415935251e-5,9.84282385674518e-5
737295560,1.574313665469789,0.451368050292162,4.996553512140865,0.0003273442091853235,0.00032734420089090637
737295704,0.891321903478818,-0.21665573651400005,4.998355605317954,4.4433320490791335e-5,4.443331918529746e-5
737295800,0.11306640292680985,0.8286526472675515,4.999932692242544,6.749365137841721e-6,6.749364974845478e-6
73729586x,0.5646273929602186,-0.5408228523923204,4.988732769205528,2.249788379280574e-5,2.2497883026790307e-5
737295915,1.1165463693132867,0.27153134792545375,4.961227998049882,0.000282348441599712,0.00028234845993005615
737296280,0.7895362401677384,0.2675635059304685,4.985153300894663,8.549195841266181e-5,8.549195617032225e-5
737296395,0.5754310021463334,0.4936439587441807,4.997510819140879,5.624470948201435e-5,5.624470786550404e-5
737297451,0.8988420730449548,-0.3368751280716958,4.999714203427146,2.8684801835827318e-5,2.868480120875436e-5
737297734,0.8560256006815302,0.7103351835507826,4.986054040628074,0.00034196783365064725,0.00034196782285828307
737297910,0.6724334789698765,0.2864886648494532,4.998368575610563,4.274597920633091e-5,4.274597842771592e-5
737297929,0.33490145543403754,0.04909263134726779,4.9996550226444025,8.999153517122296e-6,8.999153353481455e-6
737297961,0.7459384343454499,-0.9737091945184065,4.996945848147455,2.1935436697985596e-5,2.1935438292518628e-5
73729842x,0.2363350092586556,1.231838241906696,4.999157061439069,3.655906116330933e-5,3.655906019622572e-5
73729906x,0.4595487167059275,0.4308030142005679,4.998607698652302,3.655906116330933e-5,3.6559060363470854e-5
73729914x,1.3910669498620483,0.36239671386690697,4.997953861026118,0.00018223285872172648,0.00018223285528476638
737299166,1.0519621087324373,0.8019752903685635,4.966272980759779,0.0003025965370132372,0.00030259652984968244
737299473,0.5515131508601324,0.3402569018804404,4.999583709055047,4.330842630115105e-5,4.3308425303374244e-5
73729981x,0.4071808337388644,-0.39759020087794394,4.995181215858078,1.2373836086043157e-5,1.2373835735663394e-5
737299852,2.7912005936813378,0.9850610608141082,4.930628237796034,0.0017683336661145311,0.0017683336156045404
737299860,0.6931602792340482,-2.3195117192913903,4.906940004430651,0.00014004932661021573,0.00014004932335456518
740213538,1.091788969479471,-0.42911324105580295,4.9901568899954265,8.605440550748195e-5,8.605440290351578e-5
740350727,0.4135661428980489,-2.925960465634618,4.986141311900175,3.7683955352949614e-5,3.768395458135086e-5
740350882,1.8626809266277178,0.27725370677816336,4.950319608112419,0.00030034674863395664,0.00030034674210770775
740351172,0.1885142847780134,-0.29464647604570365,4.999934376481379,3.3746825689208607e-6,3.3746824694256195e-6
740351543,0.9141727277554702,-2.624757574407014,4.860639918872442,0.000137237091136115,0.00013723708696145506
740351770,0.09431314946035904,1.4708812369155093,4.999776105166412,1.2373836086043157e-5,1.2373835772615952e-5
740351893,0.703384869211767,0.17639873137319695,4.999483436803147,4.8932897249352485e-5,4.893289612117046e-5
740352204,0.7344900548853738,0.42890011223103386,4.998287700518455,6.749365137841721e-5,6.749365002806296e-5
74035279x,2.8873717736575033,0.7488993388575148,4.951145238064168,0.0012289469021820134,0.00122894687782946
740352829,0.09387958297924083,1.275435998673846,4.999759645002223,1.29362831808633e-5,1.293628283252033e-5
740352837,1.4098875814378322,0.4382612575361671,4.994392664374115,0.00021260500184201424,0.0002126050035308349
740352933,0.8241920564943125,-0.5194231131127138,4.988457809172184,4.724555596489205e-5,4.724563316488548e-5
74035295x,0.863301694074935,-0.1999439114320448,4.996301051564182,5.5682262387194207e-5,5.568229647792369e-5
740352968,0.6041382376572509,0.23742470878378236,4.994706401348755,4.555821468043162e-5,4.5558213690610874e-5
740353426,1.566369495106495,0.3386765686910837,4.996845668127288,0.00024635182753122287,0.0002463518218020787
740353450,0.8094178502262503,-0.3006657172057967,4.997900752264097,3.543416697366904e-5,3.54341660736857e-5
740353506,0.7932955909466682,0.3939286795404217,4.998256451619312,8.66168526023021e-5,8.661685079776637e-5
74035375x,3.398620483315875,0.05230597217512615,4.990524597600518,0.0006912474795339564,0.0006912474600006505
74035404x,0.9146860571795381,0.15427022654437633,4.994533243047057,9.280377064532368e-5,9.280376828685269e-5
740354170,0.046633803320052174,1.0506186199633567,4.99997915557928,2.249788379280574e-6,2.2497883281341684e-6
740354429,2.9989799940840878,0.2992735118832162,4.982083604242792,0.0005849449786129493,0.0005849449624685259
740354648,1.9511933379957223,-0.5500676262638519,4.9898573694339605,0.00011586410153294956,0.00011586409959051428
740354672,0.12933012587707837,1.5887669796069193,4.999702330099412,2.418522507726617e-5,2.4185224707634332e-5
740355042,0.6258247264748047,0.25735745639138075,4.996535286470029,5.849449786129492e-5,5.8494496375567446e-5
740355392,3.086254910365731,-0.6265091356204652,4.811603515926045,0.00026435013456546744,0.00026435012717324665
74035607x,0.20477023941332625,-2.616077750429656,4.992525301560696,1.124894189640287e-5,1.124894163490483e-5
740356184,0.367597724842942,0.7791829935743747,4.998308192886062,4.274597920633091e-5,4.2745978252489687e-5
740356360,2.049270007376985,0.32060793666789983,4.99616897583724,0.0004100239321238846,0.0004100239216477315
74035690x,2.5017560589655776,0.7691248384385891,4.946308404276782,0.0009899068868834526,0.0009899068672027261
740356977,1.6535605532215158,-2.787013852381468,4.8933329954928,0.00022722862630733797,0.00022722914423131744
740356985,1.33356188668844,0.5557105852884214,4.950149523456444,0.00027841131193597103,0.00027841130595307597
740357224,0.4833914314872757,0.9875784270137313,4.988091963766111,0.00017660838777352504,0.0001766083821416636
74035762x,2.2566110897983602,0.5219039326923547,4.895104706276901,0.0009257879180739561,0.0009257878938320775
740357769,1.1206493221169362,0.30444176259626726,4.983589042257673,0.00014679869174805745,0.0001467986882749453
740358614,2.682852045222913,0.9803231025904002,4.98761112133089,0.0012458203150266178,0.00124582028840244
740358622,0.9081393370909164,0.5692149147327911,4.997285585437246,0.0001124894189640287,0.00011248941768554724
740359545,1.0512235315630813,-0.4581983732109524,4.9984407394569645,3.655906116330933e-5,3.655906036451258e-5
740359756,0.2271508965900278,0.873565524950213,4.999098895936045,2.3622777982446025e-5,2.3622777465730977e-5
740359975,0.07472755624057809,0.7226394571113122,4.998143655353158,7.311812232661865e-6,7.3118128339553095e-6
740360028,2.450106180676252,0.8536830345766967,4.687423738261976,0.0016333463633576967,0.0016333463169097553
740360677,1.6140548434457518,0.23920804718717376,4.997275539696839,0.00023622777982446026,0.00023622777380952136
740360685,1.6408441289117746,0.26238187568997884,4.978428775654071,0.00024522693334158254,0.0002452269256225763
740361194,0.4053725821361511,0.656550263601105,4.994038618343518,5.455736819755392e-5,5.455736772589182e-5
740361274,0.05484521522461011,1.162057634158292,4.999882028584953,3.3746825689208607e-6,3.3746824660648507e-6
740361442,0.8238642489386994,0.32043927132398214,4.978707754418613,8.830419388676252e-5,8.830419155494636e-5
74036175x,0.24516321250738649,-1.1823958754700217,4.9999850597809035,1.124894189640287e-6,1.1248941577446064e-6
740362074,0.48961029582884935,-0.24949475058462878,4.999684927971954,1.7998307034244593e-5,1.7998306508410493e-5
740362373,1.8069691961416754,0.06606300687607539,4.986169314312514,0.00025535098104834515,0.0002553509772700563
740362381,0.8362056759402998,0.30764614059895895,4.9979455499819325,0.0001124894189640287,0.00011248941567932873
740362533,0.8674392216136076,-0.1517679638524431,4.9983680660340335,4.274597920633091e-5,4.27459782999505e-5
740362621,0.19770224509382436,1.6846560679426918,4.997902433583882,8.324217003338124e-5,8.324216790395762e-5
74036263x,0.3423725936090925,-0.13567472203089176,4.994297008648283,2.58725663617266e-5,2.5872565567873644e-5
740362699,0.6199102848192731,0.12086036925608856,4.9989134058229245,3.374682568920861e-5,3.3746825072560524e-5
740363237,1.4633759630929684,-0.006597479086316,4.99783886910651,0.00015748518654964017,0.00015748518204878817
740363552,1.306127967953094,0.11989055600156409,4.990668138749198,0.0001619847633082013,0.0001619847585939755
740364360,1.2114425443843408,0.21860993556486638,4.998635043708446,0.000129362831808633,0.00012936282865766457
740364686,0.5270380666048271,-1.098808795120716,4.746936339698173,0.000944911119297841,0.0009449110999336963
740365080,2.0084055002905505,-0.1975730565293799,4.994855336938502,0.00015692273945482003,0.00015692273546843072
740365240,0.6025470469100763,0.5203671078033674,4.991621198157138,7.480546361107908e-5,7.480546184145806e-5
740365750,12.211222663154903,0.3687403874901041,4.892473456596816,0.007773018850414383,0.0077730186589677125
740365881,0.11939920654565594,0.6884155055364438,4.988498839817697,1.3498730275683443e-5,1.3498729925272973e-5
740366171,0.5257887728985047,0.031334871844571385,4.999751081160221,2.4747672172086314e-5,2.4747671555510578e-5
740366227,0.6146434649528362,-0.22234301937877005,4.999740485684733,1.6873412844604303e-5,1.6873412544252085e-5
740366585,2.5582514395839353,0.6662990286260563,4.777767247737528,0.0015939750667202867,0.001593975009840702
740366833,2.2339456431902924,0.7737376964300756,4.97650728624281,0.0009038524813759706,0.0009038524617235981
740367238,0.8175259811542736,-0.027939232730813106,4.993409452422583,0.00010011558287798554,0.00010011557981009407
740367537,1.0182092006944168,-0.7709985161504138,4.999600674124993,1.5748518654964018e-5,1.5748518339826257e-5
740368011,0.13868108488558065,1.533512472676228,4.999395059710703,3.430927278402875e-5,3.430927192814985e-5
74036802x,2.5236610029984865,0.28126804460882726,4.9875442174940074,0.0006282534049141002,0.0006282533870136476
740368038,0.4259799223015298,-0.02898208801066102,4.999856397496018,1.2373836086043157e-5,1.2373835879394924e-5
740368329,1.9525019921250764,0.3160843085646113,4.992821429501352,0.0002767239706515106,0.0002767239632179405
74036861x,0.4641845315165496,-0.7670757056673583,4.999897156249148,5.624470948201435e-6,5.624470805556652e-6
740369698,2.412722309934815,-0.13380658856723993,4.997797176167728,0.0002199168140746761,0.0002199168087984979
740370664,0.6646339013196961,-0.11626093602681005,4.996444328147344,5.680715657683449e-5,5.680715484057374e-5
740370939,1.4130695354029172,0.7731524896907078,4.895997526780235,0.00044264586362345294,0.0004426458520718692
740371122,0.9143033506329373,0.2580349244269726,4.999380975416358,7.818014617999995e-5,7.818014448355826e-5
74037207x,1.1579760739989808,-0.3575521738113211,4.996450502030111,5.7369603671654635e-5,5.736960226079983e-5
740372344,1.0498409539061857,-0.25994841883297615,4.9982058131020635,7.368056942143879e-5,7.368056719246834e-5
740372651,0.5103098836348199,0.4636632094947517,4.997923830437776,4.274597920633091e-5,4.274597834106621e-5
740372723,0.4862713019878387,0.4105489158204986,4.998631163406689,3.487171987884889e-5,3.48717191995562e-5
740373339,0.9373994421735423,0.6091813079338225,4.997401798473873,0.0001732337052046042,0.00017323370088546646
740373486,0.5689903590793363,-0.8135887994745511,4.999909895917208,7.874259327482009e-6,7.874259112598866e-6
740373806,0.4068152829136534,0.22105636547956192,4.97154203376345,5.2870026913093485e-5,5.287002572068351e-5
74037442x,0.6564587257023301,0.21164155345648358,4.991789468171417,7.199322813697837e-5,7.199322625840706e-5
74037522x,0.9075225143073664,-0.9315304563815907,4.999884828613848,1.1811388991223012e-5,1.1811388725741e-5
740375238,0.6092454009143053,0.4840323317888261,4.9974909974577715,6.299407461985607e-5,6.299407264718838e-5
740375289,2.465019866989862,-0.0337249943883559,4.995980212018371,0.00022160415535913653,0.0002216041527057573
74037530x,0.8386314562246955,-0.9992307259433477,4.999852478554683,1.0124047706762582e-5,1.0124047444415225e-5
740375393,0.4266462945014372,1.3124413154889378,4.997163906858129,0.00015692273945482003,0.0001569227354670315
740375908,1.7805925456616494,0.12158656804677666,4.99849995610806,0.0001889822238595682,0.0001889822197642747
740375983,0.8553367645857972,-0.7653162160193651,4.989557593659914,3.88088495425899e-5,3.8808852093491474e-5
74037653x,0.4784151673639324,0.08033195111828492,4.9997745692918025,2.418522507726617e-5,2.4185224465224775e-5
740376927,0.2780450523252791,1.1524029066296224,4.999393560468504,4.387087339597119e-5,4.387087276121052e-5
74037725x,0.1839569960420413,1.2689615133084235,4.999731229446829,3.1497037309928035e-5,3.149703650568113e-5
740377284,0.8435481143352471,0.37559838529959433,4.9826895812914165,0.00010124047706762583,0.00010124047779889348
740377591,0.32945527048122036,-0.15287466633443453,4.997249366582349,2.249788379280574e-5,2.249788309242946e-5
740377823,0.45274368668983817,0.4441938409480387,4.99077916644891,6.074428624057549e-5,6.074428408242584e-5
740377989,1.4124218205806172,0.567600744488739,4.988059691330084,0.000282348441599712,0.0002823484339848774
740378607,0.09862268515906265,1.0046533230601666,4.992346925417649,1.462362446532373e-5,1.462362411818954e-5
740378877,0.49161407900903903,-0.31244432385594095,4.9983662336705414,2.924724893064746e-5,2.924724802963972e-5
740378930,0.5083903989016514,0.7151021198060876,4.9903051587465095,7.76176990851798e-5,7.761769785888732e-5
740379474,0.373150450070295,0.40059890586227886,4.999762012727751,2.0248095413525164e-5,2.0248095074733242e-5
740380125,0.5012506262748986,0.6105463421078674,4.9995101905247346,5.624470948201435e-5,5.624470827825576e-5
740380838,1.4246652741916543,0.9420371013297018,4.992569737225526,0.0005062023853381291,0.0005062023758227043
740381611,0.5544468593917828,-0.14318992902094493,4.999279999784591,1.912320122388488e-5,1.912320074131353e-5
740381910,1.1609337134427147,0.2866246413933585,4.998198224731201,0.00011136452477438841,0.00011136452225954788
740382016,0.41877000239274725,0.10048513068037082,4.999815715470881,2.0248095413525164e-5,2.024809490576007e-5
740382155,0.49465032649395735,0.7793836913319515,4.993075015147885,7.874259327482009e-5,7.874259079622e-5
740382171,0.5507518269900019,-0.0035034591499058672,4.996445547373977,5.399492110273377e-5,5.399491944814063e-5
740383115,0.9238179389730261,0.1709880260040902,4.996692893529337,5.9056944956115064e-5,5.905694376838853e-5
740383123,0.5627439602558002,-0.2710399538077144,4.999306280180615,1.2373836086043157e-5,1.2373835837294703e-5
74038314x,0.5319004067399443,-0.38507242297083644,4.999915316871987,1.0124047706762582e-5,1.0124047468345691e-5
740383342,0.22255379058410507,1.742356286461338,4.998810226952348,0.00011192697186920855,0.00011192696880637514
74038453x,0.34739779421490485,0.4493601052953279,4.9879301341219415,5.624470948201435e-5,5.624471414296461e-5
740385145,1.0113256702418085,0.8633457096172197,4.970665907700926,0.00024466448624676243,0.00024466449070621515
740385380,0.4532624680204111,-0.014823346887535718,4.99577687788104,1.7998307034244593e-5,1.799830656449754e-5
740386033,2.0106924419018077,0.022233157882541814,4.9763129907996735,0.0002514138513846041,0.00025141384382744577
740386041,0.507172654147696,0.45554485493773866,4.998887470926608,3.824640244776976e-5,3.82464014407875e-5
740386738,1.438864771971478,0.23541537899930637,4.9704411008555995,0.0002958471718753955,0.00029584716270265323
740386762,1.3317943008567528,-0.13911017143329896,4.973226710365811,0.00012373836086043157,0.00012373835687145052
740386893,0.046633806734490864,1.0193458272007647,4.999976943780582,2.249788379280574e-6,2.249788325270667e-6
740387052,1.4425114683418643,-0.03403760765593801,4.998796163591226,0.00012598814923971214,0.00012598814608265056
740387132,0.4409072217086006,-0.6943384389095939,4.9932265479395666,1.462362446532373e-5,1.4623624023340534e-5
740387159,1.3459881947730736,-0.1403446170197978,4.994456690519837,7.480546361107908e-5,7.480546158492134e-5
740387714,2.192416196706738,-0.06145587229817697,4.998057360318169,0.00016873412844604306,0.0001687341260761313
740387896,0.23893065778189657,0.5165425492859328,4.999272547252994,1.2373836086043157e-5,1.2373835798895071e-5
740388039,4.474917067975969,0.24110461438057698,4.851962338905438,0.001544479722376114,0.0015444796743919434
740388557,0.7995328182479555,-0.09846112071878121,4.9952157142852425,4.274597920633091e-5,4.2745978194981774e-5
740389138,2.0782211907214614,0.7287575373934517,4.9899746433475896,0.0006175669101125175,0.0006175668980972575
740389445,1.2390150633220158,-0.15895269596178313,4.998556540408081,7.986748746446037e-5,7.986748543483324e-5
74038998x,0.1713775474251069,0.001263311035177916,4.999770396612826,3.3746825689208607e-6,3.374682498138637e-6
740390155,0.5171281339161745,-0.2977313663302581,4.999853081683207,1.5186071560143873e-5,1.5186071156520402e-5
740390489,0.2713595806506979,-0.2086947295158213,4.999910169508686,6.749365137841721e-6,6.749364946472404e-6
740391457,0.7977978407874518,-0.025592659999546154,4.999534036948269,4.780800305971219e-5,4.780800180229503e-5
740391887,1.8321997902349865,0.5654663030587311,4.948774939593079,0.0005933816850352513,0.0005933816744541079
740391908,1.1405241488247824,-0.01984331142579078,4.96999439429474,0.00019123201223884877,0.0001912320241744982
740392716,1.7356194051530816,0.5681203029587268,4.993019799166376,0.0003492796458833091,0.0003492796414422809
740393137,0.5451025077430375,-0.043535071936573064,4.9998345327077915,2.0248095413525164e-5,2.024809491426114e-5
740393233,0.1790308389947683,0.8020801426025572,4.999862903215451,1.3498730275683443e-5,1.349872993934256e-5
740393268,0.567299457981107,0.2577466382098219,4.999534380189293,3.487171987884889e-5,3.487171917696015e-5
740393292,2.1995887196870685,-0.42741981429091114,4.996343486370079,0.00010798984220546754,0.00010798984008719179
74039341x,1.47496770530897,-0.5217649259233447,4.9993916971754535,6.018183914575535e-5,6.018183758249289e-5
740393575,2.3642809633883655,-0.7069535369426777,4.9972431690166355,0.000129362831808633,0.0001293628279734535
740394148,0.8212616762202257,-0.8334939833956213,4.9839889080708435,2.9809696025467603e-5,2.9809695128736546e-5
740394287,1.1786360500500683,-0.20457620453264527,4.99902899653534,4.837045015453234e-5,4.8370448865338615e-5
740394607,4.002536122690735,-1.1445131198706588,4.870232182369774,0.0008121736049202872,0.0008121735775330088
740394789,1.4415586099806559,0.8864456414102326,4.9753755172626635,0.0005663842244838845,0.0005663842097144883
740394914,0.4313022923068883,0.3956328270586901,4.998414847910636,2.9809696025467603e-5,2.980969519479871e-5
74039499x,0.23073309954296434,-0.7551455983750595,4.999824183475986,4.499576758561148e-6,4.4995766191157946e-6
740395351,0.6213559910103421,-0.6048819221137557,4.957868021239552,5.961939205093521e-5,5.961939204551648e-5
740395554,1.6768734714487785,-2.355556020109318,4.74024797276156,0.0005062023853381291,0.0005062023709134634
740395626,0.30458961528729367,1.5258606698324857,4.995986551135667,0.00012205101957597113,0.00012205101662635307
74039587x,0.9826195807888185,0.832675442204283,4.997529552289259,0.00026210034618618684,0.0002621003392736775
740395909,1.2595734214954382,0.6124090300189284,4.961379314893613,0.00028122354741007174,0.0002812235487816115
740395968,1.5776220483162866,0.6364347700535807,4.990493193991987,0.0004538948055198558,0.0004538947941923189
74039624x,0.717091304559471,0.6364238698024016,4.996893397958374,9.84282415935251e-5,9.84282429514093e-5
740396274,0.7326951110306025,0.4651306088660122,4.998011954155979,9.505355902460425e-5,9.505355661272137e-5
740396696,0.48423650001128904,0.3675788151250717,4.993596441762791,5.624470948201435e-5,5.624470801425482e-5
740396741,0.6001797174508646,0.7288992499115166,4.998833359564991,9.84282415935251e-5,9.842823932628181e-5
740396768,0.7458021719561091,1.0745168266928542,4.997747567915304,0.00023622777982446026,0.00023622777368839998
740396813,0.5397957826411762,0.046745667133209975,4.999736002451091,2.8122354741007175e-5,2.812235402698734e-5
740396928,0.4337804824443068,-0.10149053551159093,4.995165948784726,2.1372989603165453e-5,2.1372989208270633e-5
740397584,1.3303625207219951,-2.88848958469298,4.8204167600028445,0.000239040015298561,0.00023904000720939252
74039763x,0.8153937519612575,0.4074643698925392,4.999065532794301,0.00010236537125726611,0.00010236536869472589
740397955,0.4151053050643241,0.23598078512145837,4.997850772104967,2.249788379280574e-5,2.249788333015379e-5
740398747,0.6012439109904191,0.07243685382802104,4.998802594869906,3.1497037309928035e-5,3.149703662049544e-5
740399037,0.40427096562215276,0.15014282199770426,4.99978489128834,2.1372989603165453e-5,2.1372989046963308e-5
740399205,0.9610290250957885,-0.06280521096073785,4.998885511580077,6.130673333539564e-5,6.13067317794343e-5
740399336,1.0317356622864742,0.19650572032129884,4.992303219125774,0.00010967718348992798,0.00010967718059431867
74039958x,1.9172496366016272,0.16982169011776055,4.991528686552366,0.0003909007308999997,0.00039090071934101196
74039966x,0.9215051397565116,-0.059127226621746035,4.997172940190166,9.05539822660431e-5,9.05539794623604e-5
740399678,0.6248011454358184,0.4915433070710116,4.9992783302051675,7.143078104215822e-5,7.143077925625941e-5
742231350,0.10054578238304893,0.3393846276519651,4.999954765020362,2.249788379280574e-6,2.24978833143375e-6
742452807,2.4550623808779672,-1.3566348367640693,4.963341436821849,0.00014173666789467617,0.00014173667661919245
743950293,0.6300291742505726,0.3870827684536301,4.994654907899303,8.605440550748195e-5,8.605442282756822e-5
743950496,1.1876615411292426,-0.4854526796397664,4.947320758028184,0.00011811388991223013,0.00011811388622611442
743950509,1.2044772828907606,0.2982610680763485,4.998091132015359,0.00014848603303251788,0.0001484860295845844
743950605,0.9590040661498029,-0.08987478247719294,4.969632991576902,0.0001243008079552517,0.00012430101106494234
743950664,0.4188987029151752,-0.18845180745165652,4.999628151993197,1.6873412844604303e-5,1.6873412346066305e-5
743950808,0.6199923355205622,-0.5329065216744775,4.999136667538255,1.462362446532373e-5,1.4623624256222785e-5
743951544,0.9575345618086031,0.6288493523923464,4.974311631345802,0.0003886509425207191,0.0003886509306108156
743951587,2.004796464118276,0.5610476734383536,4.9183421623005605,0.000768302731524316,0.0007683027046572185
743952918,0.5061645086677544,0.20681868643524318,4.999741010147303,3.093459021510789e-5,3.09345894529406e-5
74395311x,0.4407491919162482,0.29735938751681285,4.9998041758041385,2.4747672172086314e-5,2.4747671634857097e-5
743953267,0.41185930577390367,0.49326750263543717,4.997286911748583,3.093459021510789e-5,3.093458945259566e-5
743953953,1.082491020080992,0.4857730618080128,4.996462638802114,0.00018841977676474806,0.0001884197719045725
743954331,0.48420897722248185,-0.05114525069716898,4.99923844927538,3.430927278402875e-5,3.4309271724988064e-5
743954358,1.8591119021735119,-0.032086675111188276,4.986650186401989,0.0003070961137717983,0.0003070961043173654
743954649,3.7764622300438937,0.3267757921390889,4.966305375718357,0.0009679714501854669,0.0009679714206971391
74395530x,0.47210754516156905,0.06813223257384812,4.999701341129884,2.418522507726617e-5,2.4185224448287318e-5
743955393,0.9032456050792242,-0.41051155597564737,4.996565416283939,3.374682568920861e-5,3.374682477801817e-5
743955449,2.6260807865962943,0.5068202581134675,4.960463398860704,0.0007075584452837405,0.0007075584310813374
743955457,0.3706282917660555,0.06894307713349387,4.997930370421552,3.1497037309928035e-5,3.149703634470769e-5
743956302,1.316325251293735,0.30849569582772024,4.995946504817516,0.00019460669480776964,0.000194606689945035
743956759,0.7419049374117186,0.5186967796406357,4.998871333997771,7.25556752317985e-5,7.255567438788375e-5
743956919,2.328146362154997,-0.08800941394972336,4.935232598035202,0.0003543416697366904,0.0003543416586719482
743957006,0.9731167851599299,0.26878305204530234,4.985547028400407,0.000129362831808633,0.00012936282777863364
743957030,2.0852437934490475,0.9779501026525288,4.984508548175662,0.0010287157364260425,0.0010287157133909775
743957161,1.991586601921976,-0.14846777797550362,4.994428242973928,0.0001940442477129495,0.00019404424260788212
74395733x,0.27836833069467537,0.09589440811784071,4.99914988252301,1.0124047706762582e-5,1.0124047494189752e-5
743957591,1.347858278285635,0.8090163472848019,4.993293989178109,0.00040046233151194217,0.00040046232219151097
743957735,0.9224568903921023,0.2530500450718055,4.993623264463747,0.00010011558287798554,0.00010011557954390038
743958172,0.4915716048772433,1.0563385897383937,4.9711676175087405,0.00012261346667079127,0.00012261346347135254
743958324,0.3002071371432186,-0.22542074502929738,4.9998131319535135,5.624470948201435e-6,5.624470777544572e-6
743958658,0.5744255194300526,0.2528178271070221,4.99931332495755,3.543416697366904e-5,3.543416623811536e-5
743958973,0.2859027274000881,-0.07596232493388824,4.9999104263701355,6.1869180430215785e-6,6.1869179629201486e-6
743959167,0.17317479672981184,0.3575880971444214,4.999249843004542,7.874259327482009e-6,7.874259112955113e-6
743960336,0.7059686820310376,0.41235514642811477,4.973835257915716,8.549195841266181e-5,8.549195681669557e-5
743960731,0.5774229547512351,0.040196790258485646,4.993742782687539,3.712150825812947e-5,3.712150740173431e-5
743961179,0.565548680675946,1.0116665934291162,4.979998142756114,0.00011473920734330927,0.00011473920482839291
743961793,0.32095385124585735,1.1164280465201464,4.997824329429414,6.749365137841721e-5,6.749365229038682e-5
74396306x,1.6176429503994685,-0.3803244682512382,4.990151093581566,0.0001124894189640287,0.0001124894170782919
743963377,1.7601142755839176,-0.8110491581693008,4.998910882283892,6.186918043021579e-5,6.186917857148182e-5
743963641,0.14020364973681704,0.16398163569780852,4.99965252338866,6.749365137841721e-6,6.749364929404805e-6
743963887,1.074069185459896,-0.7323986808374853,4.9997069643231855,1.7998307034244593e-5,1.7998306684425677e-5
743963895,0.39068390367886635,0.15132826873132676,4.9831058634764585,4.555821468043162e-5,4.555821357446701e-5
743964054,0.5610895262986625,0.7161336936066438,4.9991110205264935,5.7369603671654635e-5,5.736960273823987e-5
743964388,1.71524341332741,-0.07333659547572237,4.966252824144615,0.0002418522507726617,0.0002418522462656615
743964599,1.2583339190561593,-0.3009725131593838,4.990749571080952,0.00014679869174805745,0.00014679868717114772
743965137,1.2438145441855302,0.5278677836393454,4.972915413904806,0.00030822100796143865,0.00030822100257531075
743965399,0.6917207897624442,0.8462021231348323,4.999168489349948,0.0001164265486277697,0.00011642654621260553
743965591,1.1527735140881927,-0.14015035954773788,4.994738144399308,7.536791070589923e-5,7.536790871448122e-5
743965823,0.8012604078766485,0.2349103725579421,4.993042860319951,8.66168526023021e-5,8.661685044413814e-5
743965858,0.6457397593228269,0.3455261361449611,4.995785335281226,7.143078104215822e-5,7.143077922733839e-5
74396592x,0.9077675693519195,-0.7768610359786269,4.999420403032342,1.5186071560143873e-5,1.5186071228014289e-5
743965970,0.054845268194331075,1.1616219814474442,4.999853079180917,3.3746825689208607e-6,3.3746824726151217e-6
743966332,5.64819423230472,0.8987819450393039,4.945776357295146,0.003962439783007911,0.003962439689911147
743966519,1.269262133291218,0.6393891358905516,4.997000462424073,0.00030372143120287746,0.00030372142306405787
743966914,0.3480645744895993,0.3729343114830626,4.998117471817042,3.205948440474818e-5,3.205949239455033e-5
743966930,0.2659483530505581,0.8858001422217541,4.996072846963907,3.7683955352949614e-5,3.768395408182046e-5
74396699x,1.5133161061493683,-0.22266425797087525,4.9799010595417945,0.00011923878410187041,0.00011923878135102555
743967183,0.48189113005001843,-0.14457231721258954,4.999875373413111,1.3498730275683443e-5,1.3498729948013396e-5
743967351,1.2540505473726813,-0.013103861656537001,4.997212227031798,8.15548287489208e-5,8.15548264830476e-5
743967474,1.140108470551834,-0.7984269622612554,4.945133148918,7.480546361107908e-5,7.480546102896083e-5
743967685,0.5554209456128476,0.24135362042568637,4.903775365819416,0.00010630250092100712,0.0001063024981624952
743967781,0.48633463594999066,-2.424882349915291,4.9795094629730325,2.5310119266906457e-5,2.5310118222815323e-5
743968098,0.7750958060049024,0.5568188037067909,4.993535809109469,0.00010911473639510784,0.00010911473287900496
743968231,0.7459369611375174,0.34353622304434533,4.999269363329637,5.961939205093521e-5,5.9619390863038495e-5
743968442,1.8324903646626391,-0.28326230184841616,4.998934186299048,9.224132355050353e-5,9.224132200621163e-5
743968493,1.1630268734112623,0.46428491050883985,4.993089780493659,0.00018167041162690635,0.00018167040765088672
743969111,0.42474666818289697,-0.171182942402545,4.984958721825171,2.8122354741007175e-5,2.8122353801057102e-5
743969250,0.2577074061971885,-0.6605717811088511,4.998457588380451,7.874259327482009e-6,7.874259076806662e-6
743969568,0.919274112938711,0.5835239135094658,4.99553458021014,0.00013667464404129486,0.00013667464131130846
743969592,0.3681378137337465,-2.827595763831412,4.97728172979601,2.249788379280574e-5,2.2497883135155962e-5
743969605,0.48341810099252275,0.9854203993024708,4.999192683691121,0.00010461515963654668,0.00010461515720357771
743970534,1.285043252651955,0.6275495324568212,4.964057648528285,0.0004105863792187047,0.0004105863723353195
74397106x,1.9082711102209526,0.6448757539222448,4.995009754556709,0.0005945065792248916,0.0005945065651732659
74397253x,1.3756798252786164,0.3542037973969206,4.996526231641311,0.0001799830703424459,0.00017998306660213476
743972556,0.9747607627432097,0.4506124942291123,4.998187440847237,0.0001203636782915107,0.00012036367559631996
743973161,1.0467201826575627,-1.0160411193135466,4.9990279311197074,1.6873412844604303e-5,1.6873412353539127e-5
743973399,1.074237229070101,0.19918104101118317,4.99921204155944,0.00010405271254172655,0.00010405271015617082
743973436,0.8985204830844932,0.38266376999152485,4.998591079162969,8.605440550748195e-5,8.605440383159975e-5
743973890,0.22227519952007802,0.27310380790105554,4.958555958298183,3.205948440474818e-5,3.205948341033679e-5
743974252,0.7232763146805922,-0.16427152793751001,4.9992648290219535,3.1497037309928035e-5,3.1497036553162786e-5
743974324,1.2437098361619123,-0.020825850237698628,4.944184143288787,0.000129362831808633,0.0001293628286158432
743974367,0.955967657575191,0.23476286021450052,4.9990446966884905,8.999153517122296e-5,8.999153309990866e-5
74397480x,0.5588752521905141,0.46814003003188354,4.999663785779451,4.780800305971219e-5,4.780800200772455e-5
743975212,2.100599654520326,0.01921830100964134,4.9859154721539225,0.00023116575597107898,0.00023116574932873293
743975335,0.20773771567389276,0.5790542968912871,4.99909571191809,2.3060330887625882e-5,2.3060330178322288e-5
743975538,0.5406714861385226,0.2135339065906614,4.991577459803067,6.299407461985607e-5,6.299407912021107e-5
743975618,0.42172902031460874,0.14830673467079075,4.995384102160365,2.249788379280574e-5,2.249788329317794e-5
743975896,0.49888007114132843,0.5260706902456337,4.999326131749628,5.849449786129492e-5,5.849449627101325e-5
743975941,5.536347456377853,0.06095514401749669,4.9730004332233335,0.0010832731046235963,0.0010832730749975067
743976725,1.7054582868477757,-0.08053100277233317,4.988632514730921,0.0001591725278341006,0.00015917252363806857
743977146,0.7178253157351442,0.44784596551500505,4.998365939824042,7.030588685251794e-5,7.030588539677755e-5
743977496,0.44219230341179677,0.3576230725958551,4.99243425728394,7.986748746446037e-5,7.986748483741177e-5
743978237,0.57505137451999,-0.4899246397992048,4.999848763833869,1.4061177370503587e-5,1.4061176988252714e-5
743978528,0.8081936048426178,0.06730712537867994,4.9961299341120275,6.524386299913664e-5,6.52438613423817e-5
743978704,0.7035917507230124,0.18588751687633334,4.998830371751526,4.724555596489205e-5,4.7245554898569354e-5
743978720,1.7092415033828865,0.3920941893292985,4.934117485691501,0.000380214236098417,0.0003802142261227045
743978990,0.640547628817168,0.29532677657693474,4.952753150194147,7.874259327482009e-5,7.874259100708985e-5
743979264,5.4906354827675345,0.09705209216471103,4.982524704907302,0.0010619001150204309,0.0010619000885932022
743979280,1.234529892698224,-0.3184675141839267,4.982051244939275,0.00012092612538633085,0.00012092612166866512
743979459,0.7533110745751724,0.5515134421162154,4.994859439529166,8.492951131784166e-5,8.492950954264769e-5
743979627,2.4146225587411037,0.009070460042074352,4.990728032252546,0.00047414290093338095,0.00047414288640240974
743979790,1.3538812295047133,0.12059010216200276,4.997458545829359,0.00014061177370503587,0.00014061176995881227
743979942,1.0976702907835634,-0.42009776425668865,4.997706288274826,7.25556752317985e-5,7.255567295256657e-5
74398053x,0.533644647518796,0.18305980673083408,4.999697617859973,3.430927278402875e-5,3.430927192611872e-5
743980812,0.8111790832407744,-0.2931801583439271,4.966978037990321,5.5682262387194207e-5,5.568226117440522e-5
743982201,0.4410105278787307,0.09173926634831837,4.996938756681668,2.6997460551366886e-5,2.6997459611423623e-5
743982463,0.5888208291302476,0.177104859482426,4.999101030644175,3.0372143120287746e-5,3.0372142291763977e-5
743982682,0.5517030097889731,1.454945057584653,4.8438338191383705,0.0010686494801582726,0.001068649444317735
743982826,0.4414609309017435,-0.6234358870167336,4.999660220305372,8.999153517122296e-6,8.999153249571864e-6
743983319,0.7255445777526516,-1.5904792419840905,4.998371566868802,6.749365137841721e-6,6.749364929073924e-6
743983386,0.32817253704006366,-0.18276781044612242,4.9897312941093235,1.912320122388488e-5,1.912320064861404e-5
743983474,0.9851479097552379,0.33485318074623976,4.997549811034188,0.0001074273951106474,0.0001074273924616478
74398379x,0.4120133422115344,0.47887372797698013,4.991113582033941,9.336621774014381e-5,9.336621482618165e-5
743984207,0.5552048486292926,0.15721297009138246,4.997995078272996,2.418522507726617e-5,2.418522450751293e-5
743984215,0.46679014456021184,-1.4841792442702517,4.994576572126495,5.624470948201435e-6,5.6244707514598165e-6
743985031,1.8057981089553585,-0.0851325360680866,4.994225496877789,0.0001512982685066186,0.0001512982651976239
743985269,0.6767019137345219,-0.08080861832878208,4.999667337235251,3.093459021510789e-5,3.093458950510512e-5
743985277,1.7924417254341476,0.7275406281821708,4.994442510003594,0.0004786424776919421,0.0004786424697006888
743985349,0.07237259602442264,0.6083464447024671,4.998265614483349,6.749365137841721e-6,6.749364927106922e-6
743986034,0.484902357031625,-0.18012955795341692,4.999133181409706,1.462362446532373e-5,1.462362399408624e-5
743986464,0.2446179584425045,0.6512531759088678,4.997693684382773,2.1372989603165453e-5,2.1372988913864173e-5
743986480,0.343160492491518,-0.17488099429911963,4.998284269677253,1.3498730275683443e-5,1.3498729872291754e-5
743986616,0.5380595120844429,0.17425517579947614,4.999224844005997,3.205948440474818e-5,3.205948360028017e-5
743986755,0.627860325721876,0.46579590939162774,4.98132352205897,9.674090030906468e-5,9.67408989005072e-5
743986894,0.2870942390773246,0.4624063504354631,4.999780437578938,1.6873412844604303e-5,1.687341249323667e-5
743986966,0.9007094864011432,-0.05880980335731532,4.999137156519992,6.186918043021579e-5,6.186917867936236e-5
743987088,1.5005025582537284,-0.03106610820279381,4.997357030051393,0.00010686494801582726,0.00010686494507537428
743987221,1.938583012952829,-0.8429948073008868,4.995502131230669,7.874259327482009e-5,7.874259091046935e-5
743987248,0.21857866819076108,-0.7118585342628118,4.999833999386012,2.249788379280574e-6,2.249788343686577e-6
743987766,0.7276903727815545,0.16034345865163643,4.999690935426573,4.274597920633091e-5,4.274597832087377e-5
743988259,1.0631536004130064,-0.2701170976457635,4.998476382473444,7.030588685251794e-5,7.03058847735633e-5
743988283,0.49913125123678426,0.18295100190589025,4.984270641235606,5.849449786129492e-5,5.8494495973398743e-5
74398854x,0.6662519078984623,0.10703521868598798,4.949909885363891,7.030588685251794e-5,7.030588488645819e-5
743989163,0.4150045744852669,-0.289610552944376,4.997845355630834,1.2373836086043157e-5,1.2373835800197034e-5
743989278,0.6773019963746784,-0.3061031792615337,4.999517693020089,2.3060330887625882e-5,2.3060330302494523e-5
743989323,0.6938286923315701,-0.29405677120737883,4.998437268580727,3.7683955352949614e-5,3.768395420678655e-5
74398934x,0.6478901260638137,-0.1378725620598746,4.999034214954819,2.249788379280574e-5,2.249788318484211e-5
743989526,0.5295683650676731,0.4109172694292457,4.997734585984156,4.780800305971219e-5,4.780800151032165e-5
743990287,0.9093238191026879,0.05697132710960097,4.999183558170726,4.949534434417263e-5,4.949534311330477e-5
743990930,0.42386413861134425,0.13245692510448515,4.999722281814003,2.249788379280574e-5,2.2497883207657788e-5
743992207,0.7741240882537607,-0.11436480785809114,4.999661098591537,3.487171987884889e-5,3.487171903163457e-5
743992522,0.6324806817682106,-0.5609275403951146,4.99877386957389,1.5748518654964018e-5,1.5748518406993025e-5
743992637,0.5774210792454125,-0.08404428581644743,4.998828598563923,4.499576758561148e-5,4.4995766198692205e-5
743993656,0.33279295473313514,-2.4729727986903773,4.993366876700358,2.249788379280574e-5,2.249788303904086e-5
743993736,0.17306633088757928,1.1835223813015912,4.985279001713646,5.961939205093521e-5,5.961939651000011e-5
743993920,0.7932469292189928,-0.9301450174581575,4.999732403972708,8.436706422302152e-6,8.436706186312083e-6
74399435x,0.7195349614311193,-0.4403361815155197,4.9932083199332915,4.387087339597119e-5,4.3870872064795944e-5
743994608,0.6846414676242185,-0.24303899623196018,4.99955871303497,2.3622777982446025e-5,2.362277741981897e-5
743994819,1.4585862717548403,0.7073567839429242,4.99169908603814,0.00045108257004575507,0.0004510825583610618
743995213,1.3989653283167975,0.3664614466656589,4.9975148387767545,0.00022272904954877683,0.00022272904376414296
74399523x,1.13179855443143,-0.06375902884435261,4.998316364892495,8.15548287489208e-5,8.155482667526837e-5
743995248,0.33403717101876623,0.9384963646245833,4.9993227605586865,4.162108501669062e-5,4.162108420754413e-5
743995942,0.24794853386101517,0.5841245856210028,4.99935600336927,1.6873412844604303e-5,1.6873412475571452e-5
743996072,2.4564073791766097,0.32321523490452714,4.952555695307254,0.0007553664483434527,0.0007553667020760754
743996291,2.0388018588185894,0.15998198815708836,4.9693251249825146,0.00027278684098776956,0.00027278683524260713
743996443,0.3162461386700744,-0.3688330689910404,4.998738395127205,1.124894189640287e-5,1.124894155053821e-5
743996945,0.980038845139587,-0.17482934377377637,4.99869536957958,6.411896880949636e-5,6.411896689978983e-5
743996996,0.45483914179517254,1.282044942948128,4.977991014469493,0.00033409357432316524,0.0003340935640833589
743999169,1.1881586615910287,0.2911406671624373,4.995254410172689,0.00015073582141179846,0.0001507358181828527
743999257,0.8801046427309803,-0.44118272500616584,4.97766974271291,6.805609847323736e-5,6.805609715590265e-5
743999273,1.23212550789251,-0.10870920227971517,4.7222069864926155,0.00032509442080604295,0.0003250944110066677
743999505,0.5819768210511412,-0.15169998521747036,4.9949920693877745,5.0620238533812914e-5,5.06202369583749e-5
743999628,0.7188450747256585,-0.08090438008466946,4.995091002971868,5.680715657683449e-5,5.680715486767312e-5
743999644,0.23870790353857313,0.48528125434916564,4.999847392014293,1.3498730275683443e-5,1.3498730006549178e-5
746595274,2.0105003746033048,-0.0877578330537921,4.993657811825831,0.00017435859939424447,0.0001743585952315125
747200262,0.5874685649539164,0.4128478294121267,4.99768587770302,5.624470948201435e-5,5.62447085465718e-5
747200334,0.8771514876464501,0.01715725307763311,4.996767012857664,5.455736819755392e-5,5.4557366439511194e-5
747200916,1.1495877180365164,-0.9723662060224347,4.936404661129397,8.999153517122296e-5,8.999153516304172e-5
747201329,0.7479385440766911,-0.025447064132243527,4.998978739704255,3.5996614068489185e-5,3.599661327781194e-5
747201935,2.7445609365346915,0.28252606509863654,4.988280512546109,0.0004612066177525177,0.00046120660536653736
747201951,0.7467889902503392,-0.9806754359515045,4.999898239152103,9.56160061194244e-6,9.561600352004123e-6
747202014,0.3609231997723219,-0.3315267179513058,4.999106034722665,1.631096574978416e-5,1.6310965250655112e-5
747202540,0.9375026214664589,-0.5738387452458419,4.9334796127741845,6.299407461985607e-5,6.299407242386877e-5
747202882,1.007166139600367,-0.1350749107494114,4.9785572837299865,6.299407461985607e-5,6.299407291384258e-5
747203156,0.5748605237487504,-0.026760563670353225,4.995585089296494,3.88088495425899e-5,3.8808848529716026e-5
747203236,0.7989181511946627,0.5034464190352151,4.962938103597667,0.00014061177370503587,0.00014061177444147854
747203340,2.735859946655335,-0.20454166640406646,4.969152827977065,0.0003700901883916544,0.00037009017723192315
747203551,0.6037531636231236,0.6495915183715419,4.989103235227368,8.324217003338124e-5,8.324216796079264e-5
747204124,0.7908414525257972,-2.655138982266544,4.949140224962312,7.368056942143879e-5,7.36805669308545e-5
747204204,0.5546100280809186,-2.6827779680348938,4.973097285442971,3.9933743732230185e-5,3.9933742693896826e-5
747204263,1.2232078710888339,0.44144513701870364,4.995552881060862,0.00021541723731611495,0.00021541723183881253
747204546,1.0452055349603502,0.2574435297893657,4.997876891568713,0.00010855228930028769,0.00010855228694269988
747204773,0.811791180549977,-2.7440015493350254,4.94020241247715,8.999153517122296e-5,8.999153307923886e-5
74720495x,2.697306595153113,0.4173395104705138,4.9932934466619185,0.0005495108116392802,0.0005495108033200534
747205143,2.3201652051044066,0.5360508922613799,4.98346992039723,0.000835233935807913,0.0008352339120058744
747205223,3.370298293018852,0.20515679862023192,4.970400519724349,0.000772239861188057,0.0007722398432149355
74720583x,3.9443318752232988,-0.1683171374332067,4.956516815772036,0.0004634564061317982,0.00046345639445415646
747205848,0.20649465233202022,1.675610756198409,4.997328453006518,9.280377064532368e-5,9.280376820462315e-5
747206285,0.8349133515079757,-0.7250315299763445,4.999488975389216,2.5310119266906457e-5,2.5310118488861656e-5
747206541,1.6780123160561333,-0.9789687305826172,4.964637057392246,5.961939205093521e-5,5.961939075243625e-5
747206920,1.6136886151432828,1.046226510120954,4.9588529122446845,0.001164265486277697,0.0011642654512115066
747207667,0.9748802746354964,0.3796788844025259,4.998664680125059,0.00011811388991223013,0.00011811388755730539
747207763,1.6737852772252193,0.34009687562074986,4.9945103355742395,0.0003025965370132372,0.00030259652933022714
747207982,0.5285749410000969,0.46471653070526847,4.999010227789406,5.455736819755392e-5,5.455736681232711e-5
74720831x,2.8403950267717346,0.6042367590385898,4.895450616139519,0.0011378304728211503,0.0011378304345825868
74720954x,0.5422808293020721,0.5042646672331103,4.994272975706519,7.76176990851798e-5,7.761769785718714e-5
747209611,4.9459336183843305,-0.05175300640949878,4.971990775223,0.0013183759902584164,0.0013183759511655403
747209777,2.8132904011395836,-0.13606323791359126,4.963331686011802,0.00038246402447769754,0.00038246401259536735
747209910,1.8608407221629024,-0.8032726048331755,4.9911199371277375,9.336621774014381e-5,9.336621485094734e-5
747210188,0.3140589681684116,0.5193134037174778,4.9993239651704515,2.249788379280574e-5,2.2497884059413706e-5
747210364,0.1432010731439382,1.5067591075894264,4.9826369125340815,3.712150825812947e-5,3.712150758487631e-5
747210620,0.5553750406767068,0.02079500805098028,4.999516694518146,2.58725663617266e-5,2.5872565745513793e-5
747211025,1.4144007825142741,0.2247368744205207,4.983925530891357,0.00025591342814316526,0.00025591351410806377
747211092,0.6485242649432433,0.2817767224038768,4.997282167473242,5.5119815292374064e-5,5.511981737929727e-5
747211500,2.014306858385282,-1.9718412624616324,4.7125080101594765,0.00046514374741625866,0.00046514372716772046
747211789,1.3811698831334123,-0.7178500373230096,4.998717065932041,3.374682568920861e-5,3.3746824950530825e-5
747211930,1.036554401941438,-0.11333571999787133,4.99938981546614,5.793205076647478e-5,5.7932049426260665e-5
747212415,1.3709178742454025,0.7530767814550735,4.992102233613646,0.0004302720275374098,0.00043027201663476766
747212511,0.5909029478683784,-0.09004415099611437,4.995837687145815,3.655906116330933e-5,3.655906020926562e-5
747213119,0.13024642836403227,0.3286142783326659,4.999889137355489,3.3746825689208607e-6,3.374682474524685e-6
747213194,1.2351820198480534,0.28836553907525436,4.962179607941151,0.0002491640630053236,0.00024916405415292576
747213303,0.6640091525736331,1.0603952807723054,4.993255294773028,0.0002328530972555394,0.00023285309113783005
74721332x,0.6918937792200869,-2.2182146913635012,4.9953551458263545,2.6435013456546743e-5,2.643501268361121e-5
747213557,0.5407630290451326,0.29657126407961043,4.999392647386048,4.555821468043162e-5,4.555821341469268e-5
74721367x,1.225628455826802,0.9237805577719287,4.981539817040373,0.00033184378594388464,0.000331843779257683
747213709,1.4645018809682446,0.17900235922347404,4.958194348484571,0.0003025965370132372,0.0003025965289260451
74721375x,1.1680620837667062,0.679389499557604,4.983313125554138,0.0003127205847199998,0.0003127205771653476
747213776,1.4917293716564555,0.7129651846920182,4.996183629873439,0.00038471381285697814,0.00038471380442462594
747213987,0.6749974559955688,-0.1396412314721834,4.999622520496749,3.374682568920861e-5,3.3746824763157074e-5
747214285,0.2940097220611986,-0.948793209547661,4.9844461233791195,1.29362831808633e-5,1.293628272824591e-5
747214429,0.5299605567365173,0.7864720554230596,4.996993867362473,8.324217003338124e-5,8.324216811771365e-5
747214437,0.4406420404797954,0.3909736941722032,4.999245735417182,3.5996614068489185e-5,3.599661317021593e-5
747214525,1.3267750445065238,0.41494853254135783,4.970375185922246,0.0002716619467981293,0.0002716619396009853
747214699,0.5296833673690131,0.18985459705530797,4.996509674355706,5.17451327234532e-5,5.1745131166624816e-5
747216045,0.462843289576432,-0.32566722357177685,4.999896652765702,8.436706422302152e-6,8.436706294887265e-6
747216096,0.5197976751718335,-0.5013739088189576,4.9985873256022275,2.1372989603165453e-5,2.137298894820694e-5
747216424,3.215718866051884,-0.17097055401940225,4.995902328503375,0.0003076585608666185,0.00030765855466784756
747216758,0.3867011702722624,1.0154842674504474,4.992886990659054,6.411896880949636e-5,6.411896941192726e-5
747216862,1.6791092053090277,0.5853753419638259,4.969143028227347,0.0005230757981827335,0.0005230757848927462
747217056,1.2694544721374832,-0.5006034967256984,4.983430175990852,0.00010967718348992798,0.00010967719173591432
747217232,0.5119092835754732,-0.12681181956573637,4.999783137083746,1.462362446532373e-5,1.4623624222973689e-5
747217566,0.4988774885983,0.6235810164447056,4.999481417752801,5.849449786129492e-5,5.849449636422539e-5
747218278,3.0958890653442666,-0.6039908024532623,4.963471862976011,0.00025310119266906456,0.0002531011836933629
747218526,0.6996569079562803,-0.015523500312024525,4.997592247881944,6.186918043021579e-5,6.186917852803166e-5
747219035,2.076350930582431,0.5532755497497899,4.994562220462524,0.0005714462483372658,0.0005714462332910009
747219190,0.43028821499071396,-0.028431793189963642,4.989968996361684,4.105863792187047e-5,4.105863656858466e-5
747219369,0.8088887467487629,0.44013439918447056,4.999086165883762,7.874259327482009e-5,7.874259195978586e-5
747220458,0.4846788299480276,0.612449605246639,4.999271107249934,4.499576758561148e-5,4.499576670941685e-5
74722116x,0.8049599552995341,-1.042166584971937,4.933072377069626,0.00012261346667079127,0.00012261347061696227
74722124x,0.5953410681063535,0.4296328055239809,4.998843333425123,4.6120661775251764e-5,4.612066085611124e-5
747221346,0.2873324989381729,0.18213402063057998,4.999417737122591,8.999153517122296e-6,8.999153348031862e-6
747221805,0.8525821683090444,0.10478886533322411,4.999437057038169,6.074428624057549e-5,6.074428465555397e-5
747222859,1.2927079802237695,0.4135406640170906,4.998208429232052,0.00021260500184201424,0.00021260499678785278
747223157,0.7839115481736469,0.08799082162373378,4.999584677083754,5.118268562863306e-5,5.118268437952156e-5
747223659,0.8063040415078746,0.7226275610847923,4.990161325706649,0.0001552353981703596,0.00015523539481274992
747224950,0.6597033607036643,0.5076203914093187,4.996574807915249,6.46814159043165e-5,6.468141405683792e-5
747225259,0.8243990431722605,-1.1894044499724359,4.99901463040402,1.631096574978416e-5,1.631096525003172e-5
747225523,0.5503030779046673,-0.4784568488105155,4.999807280226228,1.4061177370503587e-5,1.4061176968574875e-5
747225646,1.2576379144324654,0.04847154389205287,4.996058716184977,0.0001034902654469064,0.00010349026318274823
747225785,0.10060063745825577,1.5821468032610395,4.999793276444037,1.2373836086043157e-5,1.2373835799630572e-5
747226868,1.7179801704294317,0.7581596538968395,4.929145102289552,0.0006799985376375534,0.0006799985147002801
747227262,0.885851816714977,-0.1517739952093167,4.999569056884491,4.6120661775251764e-5,4.612066059688644e-5
747227270,0.5157794039862177,0.2666976907086617,4.999580211409328,2.6997460551366886e-5,2.699745989111747e-5
747227414,1.6535058892858872,0.38097879727871825,4.9960816884097,0.0003402804923661868,0.00034028048309711953
747227529,0.3460533860836321,-0.5451124190153347,4.986152697433898,2.6435013456546743e-5,2.6435012819192827e-5
747227713,1.3533221875065442,-0.5486634910900421,4.967058139886809,0.0001631096574978416,0.0001631096675830125
747228775,1.416512105664608,0.9856919921275333,4.995505329399005,0.0004612066177525177,0.0004612066092525942
747229209,0.6745812638836812,0.09106510256003206,4.99773678265414,3.88088495425899e-5,3.880884838334887e-5
747229807,0.05484507301489798,1.2297316776126095,4.9999599744081875,3.3746825689208607e-6,3.3746825110972955e-6
74722992x,0.9984498479210056,0.8406349012535757,4.997479654153223,0.00021822947279021568,0.00021822946913561603
74723004x,0.29577001303256695,0.4328186334087884,4.999761542667458,1.462362446532373e-5,1.462362418127923e-5
747230971,0.9274495291797604,0.31858893747390854,4.998619669165619,0.00012261346667079127,0.00012261346331326223
747230998,0.1748700847049404,-1.098115954854237,4.9986074930702875,2.249788379280574e-6,2.249788309800864e-6
74723100x,1.2744449797710233,-0.43670051738146876,4.982070833865626,8.324217003338124e-5,8.324216703300849e-5
747231165,1.7858141502439662,-0.5439060840663125,4.976636403074228,0.00015748518654964017,0.00015748518150659056
747231624,0.9590544596413213,0.19547550449068737,4.9936264271267365,0.0001074273951106474,0.00010742739238278954
747232168,0.9431324900681609,0.5429846178144371,4.994379861808545,0.0001462362446532373,0.00014623624004694792
747232424,0.20565245873198482,-0.7814115081684454,4.9998586756660215,3.3746825689208607e-6,3.3746824644581626e-6
747232520,2.478850460012691,-0.13935341136152457,4.997031340226168,0.00024635182753122287,0.00024635182150852344
747232539,0.23627967508088654,-1.5244458226483366,4.890633761261242,0.00012880038471381285,0.00012880038109146433
747232846,0.15667882432357227,0.6004336667352265,4.999848844946994,7.874259327482009e-6,7.874259136588475e-6
74723311x,0.944635142296433,0.10011886658578781,4.999362678312538,6.749365137841721e-5,6.749364976621827e-5
747233291,0.1911882528893002,-0.5801823381924289,4.999872719892379,2.8122354741007174e-6,2.8122353887170066e-6
74723362x,0.08877953756184066,1.1606889184305078,4.998319129232503,1.124894189640287e-5,1.1248941720345459e-5
747234710,1.001906409749448,-0.26723629325817677,4.997552226127211,4.387087339597119e-5,4.3870872428315434e-5
747234761,1.362326425521666,-0.5591881107353353,4.998166849616698,4.780800305971219e-5,4.7808001947111384e-5
747235123,0.14147889289967303,-2.100384322801768,4.976400519525821,3.5996614068489185e-5,3.5996613801004224e-5
747235131,0.4266655899416089,0.3424369317184042,4.9994666546825695,2.5310119266906457e-5,2.5310118823060556e-5
747235262,0.550849816854743,-0.17834093965532646,4.997389779608781,1.912320122388488e-5,1.912320080481187e-5
747235780,0.2230559430249256,1.341564920829765,4.991360803982649,0.0001124894189640287,0.00011248941553437884
747235860,0.25960576854795236,-1.709253161562582,4.996240560787804,4.499576758561148e-6,4.499576621602559e-6
747236644,0.7752005274248551,-0.23664115459859852,4.9607259770810215,7.311812232661866e-5,7.31181201270924e-5
747237268,0.696297080588029,0.38081622491711586,4.994509277852087,7.030588685251794e-5,7.030588533461848e-5
747237882,0.4827803993879451,0.3557890799773199,4.999390334226873,3.1497037309928035e-5,3.149703665600821e-5
747238375,0.6029249457937632,0.340546420952123,4.942768542336237,7.986748746446037e-5,7.986748526354255e-5
747238797,1.0981034621820933,-0.06474821889674957,4.991443494569291,8.211727584374094e-5,8.211727307381382e-5
747239124,0.12810290213889017,1.623144880570844,4.993484900532327,2.8122354741007175e-5,2.8122354102805132e-5
747240088,0.4992301553632663,-2.2594738202425892,4.978367289147418,5.849449786129492e-5,5.8494495914950556e-5
747240520,0.9071330859140033,0.37095125438938964,4.984631565694158,0.00014342400917913658,0.00014342400689036107
747240627,0.41164995444643127,0.1962968476258748,4.998689945552584,2.3622777982446025e-5,2.362277737036968e-5
747241064,0.8102731148857127,-0.09322830588565213,4.999077455244364,4.4433320490791335e-5,4.4433319362370065e-5
747241662,0.5508593129538899,-0.7422378322565469,4.997986688224382,1.968564831870502e-5,1.9685647703676092e-5
747241988,0.3088761167339017,-0.3816263600771525,4.995212431807038,1.3498730275683443e-5,1.3498729859191103e-5
747242067,0.7549490136794632,-0.14987459696166003,4.999025177293921,4.724555596489205e-5,4.72455545512326e-5
747243537,0.7434811468409436,0.6091541722258595,4.919320766420001,0.00018392020000618692,0.00018392019396126926
747243596,0.04663386522655772,1.0886666762379953,4.999939361714893,2.249788379280574e-6,2.2497883338710145e-6
747243684,2.123652288920035,-0.5992793474715397,4.998134368286608,0.00011473920734330927,0.00011473920393155282
747243959,1.4956798006131211,0.6842879617059657,4.964181162251138,0.0004718931125541004,0.00047189309685959926
747244695,1.1268363289208272,0.7020502135326823,4.992601742696724,0.0002649125816602876,0.00026491257473873297
747245022,0.8223039288300592,0.5472341997571901,4.996400094928343,0.00010967718348992798,0.00010967718014286644
747245567,1.3006642278157423,-0.0003250748854148356,4.989902966547395,0.00012486325505007184,0.00012486325078757524
747245751,2.3633467338461958,-0.17547554763413956,4.725081839567133,0.0005118268562863305,0.0005118268408896466
74724576x,0.7177525323421868,0.37842344250876825,4.996574581924878,7.649280489553951e-5,7.649280311223446e-5
747246009,1.1622573481600151,0.4721402923232625,4.997521764649776,0.00015298560979107903,0.00015298560681201731
747246084,0.24857987046421884,1.5656913398526733,4.997916443457973,7.874259327482009e-5,7.874259214196048e-5
747246092,0.824881949887467,0.010600322718347018,4.983256378288014,5.624470948201435e-5,5.624470807695662e-5
747247298,0.13402374269940867,1.0861969399314748,4.997928884064094,3.1497037309928035e-5,3.1497036344518195e-5
747247511,0.20470717355009163,0.9399540191364434,4.999644489943289,2.0248095413525164e-5,2.0248095015348874e-5
74724752x,1.6362125084220986,-0.6483739076230292,4.978792353295571,0.00016985902263568333,0.00016985901697576011
747247714,3.4951955864309356,-0.20346552170349108,4.463079432710464,0.0020349335890592793,0.002034933715259425
747248303,1.8548583083192356,0.0830349892083036,4.9935623511057345,0.00019629403609223008,0.00019629403010186668
747248442,1.245645660384955,0.3719426725814065,4.994968731170363,0.00015861008073928047,0.00015861007607266556
747249322,0.19681571698591324,-1.124851006243431,4.969631003295984,8.211727584374094e-5,8.211727311137285e-5
747249488,0.4301590840271863,0.4716624248554397,4.99895525024748,4.105863792187047e-5,4.105863684677105e-5
748965080,0.37310623802012016,0.698266786375033,4.998270220053146,3.7683955352949614e-5,3.768395458593798e-5
74989136x,1.373737131879212,0.5703478200115517,4.997223491281494,0.0002924724893064746,0.0002924724819437991
750259118,0.20728916191005034,0.06974909144096529,4.99850922206954,6.1869180430215785e-6,6.1869179274736705e-6
750401356,0.33421486892896957,0.4199999741646653,4.966806786892012,3.824640244776976e-5,3.824640128498624e-5
750401890,1.4905705449810893,-0.13974952448510455,4.998986587321464,8.436706422302153e-5,8.43670626567659e-5
750401970,2.318554139248201,-1.9859399302899028,4.646457839274515,0.0005720086954320859,0.0005720086705315261
750402287,0.19526905920109086,1.7134529965300218,4.957336886229245,8.042993455928052e-5,8.042993260174251e-5
750402543,2.296341278025984,0.9840449636400157,4.985705094366943,0.0013571848398010063,0.001357184808403563
750402754,0.10060064341160962,1.4196843342195347,4.999791478556047,1.2373836086043157e-5,1.2373835776241812e-5
750402770,0.5854354735967282,0.04732285748609784,4.998267330276765,2.924724893064746e-5,2.924724798818688e-5
750402930,2.5966483217395466,0.7620256037946757,4.858528719117679,0.0012683181988194236,0.0012683181687977955
750403466,0.8994282201031466,-0.36128374956061526,4.996478703494049,4.105863792187047e-5,4.105863665117596e-5
750403706,1.4413820877019026,0.5252924568138413,4.9499780960137265,0.00044264586362345294,0.00044264585203033363
750404362,0.9252865721362534,0.5992905151070227,4.988302059281685,0.00019854382447151065,0.0001985438194259495
750405453,0.9809706153467176,-0.3876525159937915,4.998619799446453,4.499576758561148e-5,4.499576625238978e-5
750405613,1.6065662969937875,0.7611982764396441,4.942404628726008,0.0005197011156138126,0.0005197011047923363
75040598x,0.7548040888244253,0.6295464461197423,4.9989585135052526,0.00011811388991223013,0.0001181138868817068
750405998,0.9899895622053739,0.5721993320772942,4.99826898230346,0.00016873412844604306,0.00016873412439873678
750407096,0.9708834429945542,0.8975039657336094,4.9879946927106955,0.00021541723731611495,0.00021541723297852962
750407782,0.44919802136510684,0.6090279303884523,4.9995263386986935,4.780800305971219e-5,4.7808001961111016e-5
750408101,0.5858075613881605,-0.2888830165811482,4.996153973136726,4.274597920633091e-5,4.274597788438959e-5
750408806,0.2761436192374399,1.6681819552650172,4.885586421519723,0.0001901071180492085,0.00019010711257469437
750408929,0.19035592149919983,0.02817513310190265,4.999648687564386,4.499576758561148e-6,4.499576661409234e-6
750409374,0.7934393523460039,-0.3891497732340402,4.970441623376326,8.380461712820138e-5,8.38046154471163e-5
750411028,0.2838975245561166,-0.22948328435672377,4.998644431282611,1.4061177370503587e-5,1.4061176941379908e-5
750411060,0.5447669095485614,0.2143193951022701,4.999691961184393,3.262193149956832e-5,3.262193072033884e-5
750411087,0.38441122351910456,0.5039194884800414,4.999186183201828,2.8684801835827318e-5,2.8684801205756368e-5
750411108,0.8425202095914138,-0.3736565950522558,4.999572073174035,2.1372989603165453e-5,2.1372989034017558e-5
750411837,0.5711254799211253,0.12561735383667527,4.9959628161745675,4.6120661775251764e-5,4.6120661002032425e-5
75041195x,1.0997402707203194,-0.8659946619297116,4.983022171026912,6.749365137841721e-5,6.74936492954834e-5
750412944,1.4149198241626133,-3.032139038529339,4.841968450058322,0.0002249788379280574,0.00022497883365601266
750413031,0.9324737294201093,0.11483570415177588,4.995519346586984,0.0001383619853257553,0.0001383619810656265
750413218,0.38532097760202244,-0.20488417869159567,4.999907560438734,9.56160061194244e-6,9.56160039266946e-6
750413242,0.09550290820943795,1.146129272984812,4.996164634720439,1.3498730275683443e-5,1.349872996342699e-5
750413883,1.0222907875300362,0.2104487302653419,4.99769618932174,8.15548287489208e-5,8.155482657906711e-5
750414050,1.4247934197772496,0.3954572805528266,4.996933963222842,0.0001889822238595682,0.00018898222018190672
750414288,1.05297125786216,-0.21100887769472854,4.992589567161445,0.0001124894189640287,0.00011248941551628261
750414608,0.6309091046047881,0.1987418449619495,4.845118013035733,0.0001462362446532373,0.00014623624158466663
750415328,0.43793186015860047,-0.32256646370895325,4.999880716147871,1.0124047706762582e-5,1.0124047472852524e-5
750415694,0.4129242231741227,0.9877247847927808,4.996806917823405,8.267972293856109e-5,8.267972119054024e-5
750415942,1.197769843472704,0.8220866282402698,4.979240068168801,0.0003504045400729494,0.00035040452878154466
750415977,2.603491418492764,0.7713717309357692,4.967640206817781,0.001129393766398848,0.0011293937430147394
750415985,0.5929575769097571,0.4922989272356662,4.99953290979673,5.849449786129492e-5,5.849449666483442e-5
750416427,0.4186868240640469,0.8992553684867881,4.995899281284379,6.918099266287765e-5,6.918099043356193e-5
750416451,2.064027124718037,-0.13031672828309204,4.993198722343611,0.0001940442477129495,0.00019404424323197323
750416662,0.4165189034062934,-2.9974522782819983,4.960630073315566,4.049619082705033e-5,4.0496190517298504e-5
750416806,0.81538215797112,0.22773906492763035,4.999005518003976,7.76176990851798e-5,7.761769710425614e-5
750417032,0.6915014531799649,0.1195565881161252,4.99967883525505,3.937129663741004e-5,3.937129566884087e-5
750417534,1.7473412539655586,-0.7357434694148319,4.995377686870167,8.267972293856109e-5,8.267972032137427e-5
750417681,0.39297263350218936,0.036759377171218646,4.999685138700319,1.2373836086043157e-5,1.2373835838687942e-5
75041793x,0.3849083937766472,0.46088977584604524,4.999762267440623,2.9809696025467603e-5,2.9809695310331726e-5
750418086,0.8186927150421915,0.2937064890359028,4.986401306658911,0.00011923878410187041,0.00011923878099048661
750418211,1.0667593328705922,-0.10388873989269827,4.998554248305305,5.2870026913093485e-5,5.2870027435822244e-5
750418297,0.09081921476535847,0.35958950988771027,4.999731079161934,5.624470948201435e-6,5.624470774764992e-6
750418887,0.6098265613918047,0.053817321829100116,4.998368602996231,2.924724893064746e-5,2.9247248343337746e-5
750419038,2.8209525027137397,-0.9658819022864226,4.975213015782991,0.00020079361285079122,0.00020079360618531521
750419118,0.9625683061994846,0.0018590804504961477,4.996794329637354,5.7369603671654635e-5,5.7369602520108525e-5
750419193,0.7176739880797492,1.1873439614258487,4.989556058584833,0.0002249788379280574,0.00022497883446285794
750419433,0.9145364657488732,0.844390081432478,4.996120913633089,0.0002277910734021581,0.00022779106784833505
750419468,1.030183527466877,-0.08142278905126331,4.993200907338037,9.167887645568339e-5,9.167888445579556e-5
750419476,1.4780938391237,0.8813496283893828,4.984543563189356,0.0004775175835023018,0.0004775175708421696
750419484,1.579896199263393,0.2826101233093972,4.9407468103689585,0.00044827033457165436,0.0004482703217422059
750419564,0.6016042223927035,0.26032511319093565,4.999261896132196,4.105863792187047e-5,4.105863704694153e-5
75041961x,1.7702401340144531,0.15873093698407287,4.9052813564476745,0.0005455736819755391,0.000545573715993903
750419740,0.5073196709944356,0.042548519369796124,4.999828011653533,2.1372989603165453e-5,2.137298914769466e-5
750419978,0.5731770984254357,0.050730130103056235,4.999799557465312,2.0248095413525164e-5,2.0248094979681024e-5
750420119,0.13684255170396367,1.593472243837748,4.999736084619072,3.3184378594388464e-5,3.318437784759796e-5
750420135,0.5386097859140547,-0.3677196294355363,4.999827358790018,1.5748518654964018e-5,1.5748518228533764e-5
750420354,2.394362809495092,-0.3012186824555,4.994464792985833,0.0001524231626962589,0.0001524231584375868
750420717,1.7517246967508633,0.773566302550161,4.995757011276501,0.0005495108116392802,0.0005495107996237504
750420848,0.3616668799050093,-2.6079999670852567,4.981177005716092,5.118268562863306e-5,5.118268458064049e-5
750420856,0.19379129156783692,-0.03593073354092217,4.9991824212652585,7.874259327482009e-6,7.874259928303178e-6
750421031,0.7170958954109329,-0.1761360790705846,4.99982210245151,2.418522507726617e-5,2.418522455616652e-5
750421074,0.7567322929768167,-0.8987011157060845,4.999246208514858,1.8560754129064736e-5,1.8560753549977342e-5
750421904,0.7850167651801399,-0.011812251147656114,4.999581459237214,4.330842630115105e-5,4.3308425294085945e-5
750422026,0.3831598648489445,0.8227069464464494,4.999294288525241,4.949534434417263e-5,4.949534314084948e-5
750422114,1.4865975330623107,0.2356437997154644,4.996214376390415,0.00020866787217827323,0.0002086678668801381
750422464,0.6243071073726827,0.7262919236310601,4.986277651420715,0.000145111350463597,0.0001451113466924236
75042331x,1.70444085339303,0.4573938420421252,4.895656773965285,0.0009089145052293519,0.0009089144771923809
750423870,1.1665317422637012,-0.011856393665463016,4.999119995025312,8.324217003338124e-5,8.324216811396874e-5
75042403x,0.17584379627683433,0.8430001815059441,4.96177326753534,5.961939205093521e-5,5.961939576388405e-5
750424443,0.06728602413513617,0.8198635928815481,4.996663632364144,5.624470948201435e-6,5.6244708257038645e-6
750424638,0.8995068882499128,0.4245927027515578,4.9981694932316385,0.00013779953823093516,0.00013779953431890092
750424961,0.29961016375278754,-0.5439791274950883,4.997881930540152,1.124894189640287e-5,1.1248941550568841e-5
750425403,1.7417248439387158,-3.081973416991359,4.9287126455021815,0.00015186071560143873,0.0001518610617387514
750425868,0.15902731833622305,-1.1137530077910562,4.999507447803999,1.124894189640287e-6,1.1248941551119033e-6
750425913,1.5467846623982617,0.5664805114517645,4.990577193649018,0.0003048463253925178,0.00030484631956661243
750426123,0.37222721946366866,0.40861701402097117,4.998993485689228,2.418522507726617e-5,2.4185224332769713e-5
75042649x,0.46980992884323525,-0.6127467741685031,4.99854404875304,1.6873412844604303e-5,1.6873412329975803e-5
750427003,1.0811773671366567,-0.41966773063073753,4.97740820790418,0.00011023963058474813,0.00011023963739500086
750427230,0.4034585280089444,0.12677037107288008,4.996579716849963,2.4747672172086314e-5,2.474767192909441e-5
750427396,0.538198738914069,-0.6763737175603995,4.999786432461791,6.749365137841721e-6,6.749364949020883e-6
750427409,1.522670692209803,0.24107541176534117,4.972960158929897,0.00024747672172086314,0.00024747671958120636
750427417,0.6739811496003649,-0.21537865585512916,4.999386002502922,2.3622777982446025e-5,2.3622777468818358e-5
750427572,2.103221620580031,0.6735441105687856,4.99158384164824,0.0007924879566015822,0.0007924879349405064
750428137,0.12318551456772601,0.621005759330609,4.994854962245394,1.124894189640287e-5,1.1248941649246923e-5
750428145,2.19370865574839,-0.8550489725472102,4.974903660855384,0.00014454890336877688,0.00014454891238209814
750428313,0.5794684533337289,0.053226885470354014,4.978660812610833,7.930504036964023e-5,7.930504558241496e-5
750428727,0.126003521894717,1.2367857429212266,4.999333336630566,2.6997460551366886e-5,2.699745972727901e-5
75042905x,0.38434011572278504,0.09726383385756773,4.99969499319804,1.4061177370503587e-5,1.40611770858094e-5
750429906,0.04638233133399149,0.2511286817991671,4.9999190942994405,1.124894189640287e-6,1.1248941547895105e-6
750429957,0.6056333463497231,0.759400956604668,4.997665905151634,8.999153517122296e-5,8.999153271779941e-5
75043043x,0.36702600347691056,-0.16949656124728912,4.998818333650246,1.3498730275683443e-5,1.3498730049380366e-5
750430755,0.6842011712415487,0.5706963034967096,4.964421369807149,0.00010911473639510784,0.00010911473378630681
750431045,1.1102655108212818,0.28808626152553607,4.990258325506424,0.00016873412844604306,0.00016873412590340248
750431360,0.36831993039523425,-0.5916510094184615,4.999931476842645,5.624470948201435e-6,5.624470795026123e-6
750431678,2.4276470055231982,0.3544866299698981,4.993518526770339,0.0006018183914575535,0.0006018183748829564
750431723,0.37596625482440027,0.09478988091337175,4.999743850646411,1.3498730275683443e-5,1.3498730014666015e-5
750432398,1.0260050529557885,0.7005378085770956,4.994890157948194,0.00024747672172086314,0.0002474767154285844
750432822,0.5853304981470902,-0.11907917708613396,4.999619805229918,1.968564831870502e-5,1.9685647909693946e-5
750433163,0.8468890081080387,0.06123009777930337,4.99763100412657,6.186918043021579e-5,6.186918183978898e-5
750433446,3.7420726788893655,0.6801423614182012,4.942920928542703,0.0022599124269873363,0.0022599123631691902
750433585,0.10980676719469228,1.0440413325086353,4.988900944166586,1.912320122388488e-5,1.9123200522377423e-5
750433745,0.4676931271533117,-0.29440140408754856,4.999910340412593,1.124894189640287e-5,1.1248941639963704e-5
750434422,1.9621121004877138,0.13953312220840441,4.927577086019781,0.0002924724893064746,0.0002924724814847274
750434545,1.2668275996507055,0.42767466792598496,4.995973687724604,0.00021935436697985596,0.0002193543614216463
750434588,0.460836941366862,0.5495177876146635,4.998185734224113,4.162108501669062e-5,4.162108439261801e-5
750436081,0.5907793598484201,-0.6055786325649433,4.99976738825031,1.29362831808633e-5,1.293628280582307e-5
750436268,0.6931164313349741,-2.5784774181077643,4.93945494264338,9.111642936086324e-5,9.111642724272937e-5
750436399,0.4978763773486114,-1.193033158050627,4.999708938331903,7.311812232661865e-6,7.311812006030789e-6
750436401,0.8865227098109296,0.06562282911225178,4.998927374449532,4.724555596489205e-5,4.7245554717515716e-5
750436786,1.4325625688126686,0.8128158524739669,4.978236532243639,0.0005084521737174097,0.0005084521626195854
750437308,0.8057873448021033,-2.6823591540102405,4.897193382776998,0.00010124047706762583,0.00010124047398795865
75043748x,1.3990577971758142,-0.1776380495182095,4.998552191759441,7.030588685251794e-5,7.030588497838408e-5
750437615,0.45176938389101595,-0.5631476577329461,4.985811093231069,2.6435013456546743e-5,2.6435012619184435e-5
750437674,0.07951237648235825,0.07501404184779566,4.999991447709929,1.124894189640287e-6,1.1248941636667597e-6
75043801x,0.7128907617704149,0.040853632556742604,4.999273902910014,4.499576758561148e-5,4.4995766448445216e-5
750438079,0.2736218339077788,0.019508124412616526,4.999807981089205,6.749365137841721e-6,6.749364944331383e-6
750438247,1.7408028870164245,-0.6334271651751289,4.998062086965183,6.018183914575535e-5,6.018183786669597e-5
750438386,0.8459299096463887,0.5665910076362899,4.998287991707082,0.00012767549052417258,0.00012767548747414113
750438431,1.2942529617323082,0.07349300991741523,4.981142409083768,0.00012205101957597113,0.00012205101639885642
750438642,1.0044457561318156,0.44019247568052655,4.988822180472282,0.00014286156208431644,0.00014286155900111787
750440240,1.680069402019118,0.37931161953927117,4.991619131300985,0.00026435013456546744,0.0002643501267879159
75044062x,0.2399271948931567,-0.34163655638557255,4.9999438237556655,3.3746825689208607e-6,3.3746824939495574e-6
750441817,4.093802654233367,0.026437685671833796,4.993152899549,0.0006400647939053233,0.0006400647797679086
750442035,3.2374533463366078,-0.14327827193572734,4.994486035648255,0.0003042838782976976,0.0003042838705921864
750442377,2.1225714386440906,0.3537803278235718,4.993695289103388,0.0005163264330448917,0.0005163264183822454
750442721,0.26019244569937244,0.22957823660437277,4.999233765277027,1.29362831808633e-5,1.2936282852288954e-5
750444372,0.38793046841529266,0.20446996992029934,4.999802850552627,1.1811388991223012e-5,1.1811388717768507e-5
750444604,0.9805418680927125,0.4305158434021402,4.997843750928451,0.00012992527890345315,0.00012992527594132968
750444874,1.2817317850786927,0.11962064582796057,4.992115025626607,0.00013273751437755386,0.00013273751009154568
750444954,3.197712733501001,0.166802411598834,4.990007573237364,0.0005691964599579852,0.0005691964478390251
750445092,0.7657921108638548,0.30113897234885945,4.993677552294053,8.436706422302153e-5,8.43670627817074e-5
750445105,3.9792061154952303,0.26672707318922173,4.871099895680885,0.0014724864942391356,0.0014724864695532416
750445113,0.868385487217354,0.26007646885653635,4.995764994874147,0.00012205101957597113,0.0001220510159253673
750445340,1.9557527249785733,-0.5275479434812685,4.998644670849151,0.00010292781835208626,0.00010292781543289742
750445455,1.3954254393582213,0.4797508000153913,4.980401454063082,0.00033971804527136665,0.0003397180401530111
750446300,0.16061182949342676,-0.15566136769669145,4.989205258404589,6.749365137841721e-6,6.74936492010137e-6
75044724x,0.637491499464155,0.5781861162338394,4.998494251242549,7.874259327482009e-5,7.874259136400704e-5
75044732x,0.6855304746141461,-0.2863553742859185,4.998235037170693,2.4747672172086314e-5,2.4747671519598146e-5
750449093,1.152220936266302,0.10146874458616853,4.993473718659491,0.00010574005382618697,0.00010574005199237269
750449384,1.352740960114972,-0.025542913274532363,4.9987455129732625,0.00012092612538633085,0.00012092612220499446
750449907,1.991518725991595,-1.9746234065355388,4.959481007126075,0.00023060330887625884,0.00023060330213363011
753750658,2.1123152831189955,0.9494489800558826,4.962745296308219,0.0010281532893312224,0.0010281532680311055
753750885,0.6928677395698412,-3.407190065371114,4.941617975289958,5.17451327234532e-5,5.174513162682677e-5
753750906,2.3947046771178058,-0.05257907678284792,4.996325479131215,0.00019573158899740994,0.0001957315841928799
75375128x,0.36801513910575634,0.9382981939838302,4.999536016649095,5.9056944956115064e-5,5.905694354612874e-5
753751378,1.1013203177881838,0.37390819354611965,4.998205390950509,0.00012655059633453228,0.0001265505939681531
753751511,1.4994543375171,0.6026121409421817,4.973571362745423,0.00044545809909755365,0.00044545808778622667
753751853,1.0925898431551482,-0.5535259203670388,4.999477775300957,2.6997460551366886e-5,2.6997459990746633e-5
753752303,0.061534183186346035,1.1078597118145,4.9997300135513605,4.499576758561148e-6,4.49957660982446e-6
753752370,1.3351390681540372,-0.49510808389867283,4.998641729261751,6.243162752503592e-5,6.243162567479672e-5
753752717,0.3689115820488027,0.5599538522536645,4.987104382073434,4.499576758561148e-5,4.499576653733121e-5
753752987,3.7858445059409735,-0.6663666676310164,4.790552000659105,0.00041227372050316516,0.00041227370758377104
753754165,1.4562542480607006,-0.39987796137278975,4.998906882357037,5.624470948201435e-5,5.624470831560687e-5
753754253,0.4216416803061008,0.06875113978358363,4.999633305539517,1.5748518654964018e-5,1.5748518361219405e-5
753754851,0.9739728105862887,-3.160064258872763,4.98257011839988,2.58725663617266e-5,2.5872565689003706e-5
753755475,0.6702466075680442,0.13462721590249843,4.999308620560362,4.2183532111510764e-5,4.2183531074204855e-5
753755627,0.9662146885448557,0.08290385177303841,4.988753614165677,7.649280489553951e-5,7.649280253857437e-5
75375574x,0.5498304045123521,-0.9762832517440934,4.974776833252816,3.0372143120287746e-5,3.0372142160402312e-5
753756347,0.19055681416994055,1.737867419420521,4.999002844358638,7.593035780071936e-5,7.593035592466078e-5
753756988,0.7372352147425595,1.3063155720981143,4.997524030059499,0.0002570383223328056,0.00025703831849441516
75375742x,0.21919387451663197,-0.02079843988612144,4.999665375507034,6.1869180430215785e-6,6.186918227793491e-6
753757630,1.3768180975533473,0.9759105261735843,4.9966381272168165,0.00041339861469280543,0.0004133986067902193
753757737,1.0004105456042534,0.6079014888260794,4.980900575058218,0.00021935436697985596,0.0002193543632613311
753758035,0.891534816034307,-0.7710281098726682,4.999305726397497,2.3060330887625882e-5,2.306033019173627e-5
753758318,1.1829018713090413,-0.3989781347815547,4.943985236304315,7.874259327482009e-5,7.8742591072692e-5
753758473,0.25671156931404,1.788080999677513,4.983363894152717,0.00015973497492892074,0.0001597349695409694
753758537,1.4707271780962399,-0.27854412990315025,4.9746005028946065,0.00016704678716158262,0.00016704679881845172
753758748,0.5289180185042711,0.3344338509077627,4.982023100201828,4.837045015453234e-5,4.837044921301627e-5
753758887,0.3869806425801684,-0.501878166749081,4.9999383168540685,5.062023853381291e-6,5.0620237525164256e-6
753759038,0.3350363554131999,1.0703585661878612,4.9762051052876775,7.986748746446037e-5,7.986748557270036e-5
753759062,0.8801838603748517,0.14451385340693362,4.998449364607312,5.849449786129492e-5,5.84944970799755e-5
753759767,0.302729205394463,-0.5131531221720239,4.999881560197455,5.624470948201435e-6,5.624470779507592e-6
753759775,0.35431331666810034,-2.083362230685056,4.999485039679521,1.124894189640287e-6,1.1248941560931154e-6
753760274,0.9338855390553078,0.08608097888089072,4.998840858961719,5.455736819755392e-5,5.4557367221198274e-5
753760581,1.382227291186695,0.8413844466091914,4.9921013514269825,0.0004083365908394242,0.00040833658236004303
75376083x,0.37937341342387365,-0.1291845279802097,4.998556967546171,2.1372989603165453e-5,2.1372988914971187e-5
753761197,0.8214604431763272,-0.41778745527691213,4.98135525313341,6.974343975769779e-5,6.974343758064396e-5
753761250,1.4113288426817567,-0.1272993679565563,4.968831795470483,0.00017267125810978403,0.00017267125192992834
753761402,1.4159467781523054,-0.19093735954051402,4.9983019625228415,0.00010686494801582726,0.00010686494498543773
753761808,0.6771889613188221,0.04913922203413955,4.999124298086867,4.162108501669062e-5,4.162108396192918e-5
753761955,0.6924075142041822,-0.11923492478524508,4.985440839479046,5.961939205093521e-5,5.961939015433642e-5
753762034,0.32140728480430386,0.06005498303311123,4.999878974630639,1.29362831808633e-5,1.2936282840893747e-5
753762499,0.42803019701428463,0.007340224095630828,4.999865001834986,1.6873412844604303e-5,1.687341243704893e-5
753763256,2.3117225999242006,-3.609727924763699,4.919273256855474,0.00012148857248115099,0.0001214885696569721
753763301,3.1800946400580834,-0.0449881288197058,4.972538679413041,0.0003577163523056112,0.00035771634277822394
75376331x,0.9069875598475086,-0.0848787562063847,4.993680525433271,4.049619082705033e-5,4.0496190967814566e-5
753764187,1.165687039457177,0.6550154535510193,4.981144112553196,0.00032003239695266165,0.0003200323888197317
753764435,0.8048763197955493,0.3067054790109318,4.998685612366294,6.805609847323736e-5,6.805609705922773e-5
753764777,0.39334322142799,-0.11091084379929281,4.999731364539058,1.29362831808633e-5,1.2936282852345271e-5
753765390,1.3063498866149348,0.08677848542841846,4.9849804260092725,0.00017154636392014376,0.00017154636104439456
75376577x,1.6526414427427358,0.22110912656845577,4.952328635046901,0.0005050774911484889,0.0005050774753863673
753765884,0.45899194083688843,-0.23693095691672245,4.999691669644407,1.2373836086043157e-5,1.2373835826998218e-5
753766051,0.9779005004507911,-0.6570809274200763,4.999755922294742,2.3622777982446025e-5,2.362277733937021e-5
753766246,2.561552061864331,0.7829183607273551,4.991734831938851,0.0010405271254172654,0.0010405271029245817
753766254,1.8685373009691495,0.09200377507653193,4.489954032252281,0.0007452424006366901,0.0007452424627922428
753766852,2.7248305287414976,-2.2551676875836812,4.328973929847683,0.0013076894954568337,0.001307689458193114
753766932,0.81478464561118,-0.39434458502913666,4.999752571451459,2.249788379280574e-5,2.2497883285094096e-5
753767038,1.6572007586275963,-1.2634124058992018,4.990722748949106,6.693120428359708e-5,6.693120204432491e-5
753767206,1.4311546643197401,0.27956099149510183,4.985717857645251,0.0002407273565830214,0.00024072735047033487
75376745x,0.6045562335858514,0.005113648411367926,4.99767345808864,3.262193149956832e-5,3.262193063947031e-5
753767767,0.5583729554044939,0.23712558270526443,4.99798495793528,3.3184378594388464e-5,3.3184377618820666e-5
753767855,2.15898169234858,-0.6233112070919737,4.984455810840903,0.00010686494801582726,0.00010686494474258818
753767978,0.5111610981775974,-1.4058589751295418,4.99987765477286,2.8122354741007174e-6,2.812235390733553e-6
75376833x,1.8711617331256982,0.1846564956535499,4.984897353022959,0.000254788533953525,0.00025478852574311814
753768364,3.088928168560835,-0.17694738735158633,4.9684940734950676,0.0004617690648473378,0.00046176905102001943
753768460,0.37870462078710226,0.3615830468749507,4.999394604273431,3.262193149956832e-5,3.2621930547911565e-5
753768495,0.16650234180358361,-0.2637237268251083,4.999650716653527,5.624470948201435e-6,5.62447077426121e-6
753768516,1.2141456294283115,-0.9334190080409577,4.988906222346111,3.093459021510789e-5,3.093458932909151e-5
753768727,1.7829076957251548,0.7901413135853903,4.986301604147649,0.0005399492110273377,0.0005399492002245033
753768794,0.4398314883042717,0.08895502206271483,4.999405793694114,2.0248095413525164e-5,2.0248094983943518e-5
753768882,2.870503442055666,-0.6701379058780497,4.884423646579273,0.0002081054250834531,0.00020810541873850924
753769017,0.8222750585452788,-0.557559987848695,4.983889795335211,0.00010461515963654668,0.00010461515611564418
753770587,0.2957689990552779,0.35213944956820475,4.999864362454415,1.462362446532373e-5,1.4623624155423808e-5
753771395,0.34443421554752146,1.1325924039630206,4.998996007150706,8.717929969712224e-5,8.717929732249167e-5
753771731,0.6116428458285025,0.09067330828444928,4.996097780551476,5.17451327234532e-5,5.174513682127512e-5
753771977,0.2557808695289281,-0.038605775696597386,4.999075701385887,1.6873412844604303e-5,1.687341232579267e-5
753772443,0.6965463805141141,-0.03434377082620042,4.995150189886211,7.536791070589923e-5,7.536790837038423e-5
753773454,0.28996922297396915,0.7675924518222962,4.998384756618789,3.262193149956832e-5,3.2621930663778334e-5
753773534,0.4935858745598256,0.14441593075850534,4.997996182757941,3.712150825812947e-5,3.7121507145066474e-5
753773681,1.260896509869422,-0.5562049549131286,4.999103275231107,3.262193149956832e-5,3.262193109944401e-5
753774430,0.5029450282232354,0.4455287629716217,4.996448506591898,5.005779143899277e-5,5.005779011809994e-5
753774764,0.16899848079343396,1.677380681612751,4.999567459165517,5.624470948201435e-5,5.624470818894535e-5
753775134,0.14518896642040283,1.4593614936518735,4.999598495183944,2.4747672172086314e-5,2.4747671690487805e-5
753775409,0.14061360763971661,-0.14608557149782797,4.999840104836483,3.9371296637410044e-6,3.937129540904288e-6
753775425,2.5931086386092517,0.3785467544981186,4.989897473416391,0.0005961939205093521,0.0005961939059533501
753776057,0.29527765643521126,-1.6478026735082074,4.9526674083891296,9.224132355050353e-5,9.224132092200865e-5
753776065,0.3712362269324007,0.8646368561381863,4.995244139327276,8.099238165410066e-5,8.099240183886393e-5
753776217,0.20321231083793995,0.28750687281219134,4.99014521809927,2.249788379280574e-5,2.2497883090828363e-5
753776380,0.6239264899393352,-0.7076550403100972,4.965653154047241,3.937129663741004e-5,3.937129667149369e-5
753776508,0.3723247640771296,0.9291545951702387,4.999394296722996,5.9056944956115064e-5,5.9056943692858156e-5
753776655,0.9717218050040667,0.1175313713555319,4.997605829733122,7.030588685251794e-5,7.030588476948115e-5
753777033,0.3890749068452538,0.2362860324891404,4.997155722795577,2.418522507726617e-5,2.418522434910055e-5
753777228,0.7083641416776556,0.6555969577849315,4.999015209455378,0.00011080207767956826,0.00011080207484132572
75377764x,0.07237665174274598,0.8817966460862261,4.996586158818588,6.749365137841721e-6,6.749364979713926e-6
753777746,1.9081164370641468,0.3234332602210956,4.988053902290246,0.00031497037309928034,0.0003149703635672079
753777762,0.5872377230220823,-0.1644913062382779,4.999805034079095,1.6873412844604303e-5,1.687341256211191e-5
753777914,0.8535351497031549,-0.10265149975506929,4.995945441596747,4.499576758561148e-5,4.499576661019917e-5
753778255,0.4381364116408488,0.018632964492320932,4.999824121656771,1.7998307034244593e-5,1.7998306557006786e-5
753778431,0.17730162751363124,0.552420964873607,4.999663284714023,1.0124047706762582e-5,1.0124047796834299e-5
753778589,0.6871192477478366,-0.20019099822197745,4.992121633538308,5.7369603671654635e-5,5.7369607396282934e-5
753779768,0.2796924875401497,0.5812292225402687,4.9993872629158735,2.418522507726617e-5,2.4185224412854778e-5
753779987,1.3664358306205453,0.5946163401570937,4.996878260881743,0.0002958471718753955,0.0002958471646693651
753780072,0.6452979893086741,-0.27470350337731225,4.99890744651625,1.7998307034244593e-5,1.7998306505110463e-5
753780224,0.45830597659241445,-0.1756867067702532,4.981874235551898,3.374682568920861e-5,3.37468246740414e-5
753780312,0.58542763102947,0.10160330580825268,4.998669211555824,2.924724893064746e-5,2.9247248525895057e-5
753780371,0.5792452523703596,1.3351076035890397,4.989216784556139,0.00025535098104834515,0.00025535097286502194
753780435,1.3420416384838714,-0.5837717901029896,4.913214678597404,0.00012373836086043157,0.00012373835790635784
753780566,0.22351003670220418,0.38224880282525187,4.999863123358161,8.436706422302152e-6,8.436706258120844e-6
753780777,1.014024411580112,0.04797137002511657,4.9952706525092445,9.505355902460425e-5,9.505355649011714e-5
75378118x,0.39447565344082125,-0.30172986716674444,4.9987238248685095,1.124894189640287e-5,1.1248941722274742e-5
753781657,0.6078592059369214,-0.24653187521212017,4.99204854783044,1.912320122388488e-5,1.91232007276011e-5
753781681,0.4800295745800473,0.21680462950694301,4.994056784441879,3.430927278402875e-5,3.430927188382307e-5
753782174,2.7663206054882727,0.5151739372380195,4.989106203460956,0.0008386086183768339,0.0008386085978730807
753782385,0.9087052382173141,0.7850889489366487,4.997845141374896,0.00016873412844604306,0.0001687341251450246
753782596,1.2532236297002857,-0.17202304040959504,4.998712067073197,7.874259327482009e-5,7.874259111033268e-5
753782625,0.44669670699137803,0.10149131841310513,4.999837012717491,1.912320122388488e-5,1.91232008339275e-5
753782799,0.7723902596522434,0.472567376299,4.979721560450198,0.0001462362446532373,0.00014623624179900462
753782860,0.8853166107059424,-0.0032465750068452113,4.994716282278536,7.818014617999995e-5,7.818015298614503e-5
753783054,0.684216136379604,-0.5391190771294462,4.9989339342984715,1.7998307034244593e-5,1.7998306577097685e-5
753783433,0.16348656815768253,0.36235910236759905,4.997858976101094,1.2373836086043157e-5,1.2373835683387231e-5
753783679,1.1181206100282697,0.29952873112123196,4.995225579084967,0.00011980123119669056,0.00011980122882438827
75378388x,1.327946221107416,-2.6132797750843393,4.9474324993374355,0.00017829572905798548,0.0001782957230843988
753784241,0.7191817277569597,-0.8592482615287904,4.9996252364417275,1.0686494801582727e-5,1.068649450559596e-5
753784452,1.0702865440420364,0.6110464256869726,4.99721508432425,0.0002418522507726617,0.0002418522441847294
753785121,0.609080595229563,0.0645991957349217,4.999709542412917,3.205948440474818e-5,3.205948357275217e-5
753785746,0.25137903759290253,-0.12057448665114145,4.993187924323636,1.124894189640287e-5,1.1248941549027958e-5
753785770,0.8892507440755506,0.16310722775948228,4.99929749434301,7.086833394733808e-5,7.086833227261915e-5
753786546,0.7676476747706459,-2.4274117577420133,4.929339854548688,0.00010236537125726611,0.00010236536779706501
753786570,0.3521093877770849,-0.43982220615789985,4.999182135874974,1.2373836086043157e-5,1.237383570685665e-5
753786618,0.8848821556092755,0.2875558560479178,4.991170697803055,7.311812232661866e-5,7.311812122201517e-5
75378759x,0.6545807187016491,-3.1586573169923247,4.960519157814576,3.262193149956832e-5,3.2621930357896176e-5
753787805,0.650753258012825,-0.7323684133590606,4.999732988865376,8.436706422302152e-6,8.436706186279513e-6
753788218,0.7548044911852185,0.3585348325146567,4.998057496804952,9.44911119297841e-5,9.449110923114376e-5
753788699,0.12899348993156107,0.47537609008487197,4.999952526550171,5.062023853381291e-6,5.06202371919741e-6
753788824,2.069158137216429,-0.7118801920776798,4.967601562101755,0.00014848603303251788,0.0001484860425390835
753788891,0.9436469155341278,0.1865328557607746,4.997212217658552,9.786579449870497e-5,9.78657919229421e-5
753789341,0.5849211138589031,0.6002273189342349,4.999414370668947,6.86185455680575e-5,6.86185441746776e-5
753789448,2.2033805237738813,0.24642740983050251,4.997910877019743,0.00029809696025467604,0.00029809695428731245
753789464,1.4203941840932544,-0.04548463658408129,4.999309582127624,9.392866483496396e-5,9.392866281072307e-5
753789667,0.9779939520164453,-0.341737164870563,4.999612609599918,3.937129663741004e-5,3.937129560616642e-5
753789675,1.423098674144559,0.3479822068845889,4.995169403488377,0.00029303493640129473,0.0002930349278919385
753789878,0.7366039032402166,-0.690372128228656,4.997027668164026,2.8684801835827318e-5,2.8684800952946035e-5
753789923,1.3892057902262895,-2.2667198919162517,4.468011060802094,0.0007081208923785606,0.000708120868415588
753790115,0.7273674209955323,-0.5654330256193314,4.999893621433158,1.1811388991223012e-5,1.1811388787928132e-5
753790860,1.2895980674730825,-0.015203976836580065,4.991077205440906,0.00014398645627395674,0.00014398653492494313
753791011,0.6291746764980753,0.3186268039243552,4.999336602000628,6.018183914575535e-5,6.0181837489057134e-5
753791652,0.9688619300885344,-0.4307057178947574,4.998856218990048,3.3184378594388464e-5,3.3184377725380656e-5
753792786,0.11603149172315086,0.9339000013869707,4.981172846648249,2.1935436697985596e-5,2.1935436127739465e-5
753793017,0.07197855667039595,0.3681618099875053,4.999776946147721,3.3746825689208607e-6,3.374682465506358e-6
753793113,0.20596034604601454,0.8908495268304378,4.991392620763501,2.9809696025467603e-5,2.9809695328962823e-5
753793201,0.6772096163053206,-0.21353378908595344,4.999442658723032,2.6997460551366886e-5,2.6997459864916393e-5
753793340,0.44514183849534755,0.564835358102701,4.998118017020146,3.374682568920861e-5,3.374682500983259e-5
753794191,0.7175693259219224,0.428024828315903,4.995825574947311,0.00010124047706762583,0.0001012404739746742
753794319,0.8330752573623517,-3.435025251338189,4.988382801487785,2.4747672172086314e-5,2.4747728579648478e-5
753794562,0.5024299034761588,-1.696117409745603,4.955785007256083,3.712150825812947e-5,3.7121507441563736e-5
753794888,0.788246917060197,-0.20076474398477537,4.969757409926996,8.15548287489208e-5,8.15548267691076e-5
753794976,0.5249052917683641,-0.04377166944014861,4.998165542925093,2.8684801835827318e-5,2.8684804022828322e-5
753795370,1.2563852331134864,0.31853500966397336,4.9985804192752035,0.00016985902263568333,0.00016985901844262234
753796314,0.41238005901878816,-0.00013623478547160922,4.99914911647753,1.462362446532373e-5,1.4623624162376135e-5
753796488,0.6456966154640754,0.6089240461455259,4.97843837479872,9.05539822660431e-5,9.05539801600189e-5
753796605,1.71226231379352,-0.2998761868719664,4.998796564860908,7.76176990851798e-5,7.761769718616612e-5
753796613,1.2127415012608713,-0.11087934710909528,4.9994638809906276,6.749365137841721e-5,6.749364991943243e-5
75379735x,1.1743872904646568,-0.9453041120816057,4.998665494521387,2.249788379280574e-5,2.2497883221510914e-5
753797798,0.5176245100203547,-0.09273810420957135,4.963936305088039,4.274597920633091e-5,4.274597839333942e-5
753798918,1.0466946994616768,-0.8990032357596309,4.999758178979868,1.6873412844604303e-5,1.6873412394013655e-5
753799160,1.5776466254857149,0.1067305937503034,4.996522310360118,0.0001889822238595682,0.00018898221896423536
753799400,0.25980175768983216,-0.06635041900657665,4.997779129789135,1.5748518654964018e-5,1.5748518160009626e-5
753799523,0.31912514210994614,-1.3921885421858646,4.999806880071532,2.249788379280574e-6,2.249788309331421e-6
753799814,0.6959693541499876,0.3386727138834297,4.998296226943241,5.5119815292374064e-5,5.511981423898564e-5
753799902,0.8473178393934946,-0.26044424994093557,4.985369426938719,3.937129663741004e-5,3.9371295871022445e-5
754281750,0.5593757045010009,-0.39990279082297275,4.983503537347011,3.824640244776976e-5,3.824640128391871e-5
756900340,1.7489776283259602,0.5311931542055559,4.995668197563798,0.00033184378594388464,0.00033184378090220094
756900690,0.7248975979552029,0.3942481609742033,4.961644980265983,7.986748746446037e-5,7.986748536169422e-5
756901757,0.11480130604238395,1.1123600152452677,4.989186534473486,2.1372989603165453e-5,2.13729891024476e-5
756901781,3.9117045953093954,-0.48037336864488517,4.926424575715782,0.0004527699113302155,0.00045276989529465065
756901810,0.7913821491653378,0.6853289836523896,4.980037511769944,0.00019235690642848907,0.0001923568997362453
756901888,2.0787109331096176,-0.1397748041084875,4.998960139587988,0.00014679869174805745,0.0001467986887133691
756902856,3.002829221294256,-0.06437915869268801,4.9935464372906235,0.00029415983059093506,0.0002941598231521567
756903015,2.8734998579892177,0.9230072848370344,4.976154266745622,0.001462362446532373,0.0014623624181279247
756903023,2.141517780220929,-0.6633108955008019,4.9708096582730015,0.00023510288563481998,0.00023510287781400245
756903170,0.6216385897761442,0.10698944854927124,4.995398452799461,4.387087339597119e-5,4.387087238726491e-5
756903277,0.5259336903503893,-2.885463551443073,4.981884934613977,2.6997460551366886e-5,2.6997459844023613e-5
756903496,1.9799644529062945,0.007645283894232434,4.998538582030499,0.0001811079645320862,0.00018110796051142762
75690371x,0.5122821220010534,-0.3368251891196998,4.998199863127781,3.262193149956832e-5,3.262193049678383e-5
756903760,1.0646634100460586,0.36208797294788664,4.9920697039590385,0.00013386240856719416,0.00013386240425362458
756903832,1.6719564683873787,0.7645324658403696,4.995774839064675,0.0005579475180615823,0.0005579475052698451
756903883,1.5785238365187326,0.9148129125593985,4.9335195362793165,0.0007660529431450354,0.0007660529389788451
756904982,0.9217044346640749,0.4562459998660489,4.99895757217761,0.00012655059633453228,0.00012655059322922834
756905264,0.3557407314943579,0.12607398685487015,4.993030419220568,3.9933743732230185e-5,3.993374616966782e-5
756905352,0.6291476590874564,-0.5435031241238912,4.999486921474733,1.124894189640287e-5,1.1248941740963647e-5
756905440,0.30273395868021424,-0.42279292073761193,4.999410594263256,5.624470948201435e-6,5.624470785399882e-6
756906072,0.5982063997763324,0.39416719516012066,4.993317628540961,6.411896880949636e-5,6.411896664667655e-5
756906099,1.3573140849590892,0.8050900464472104,4.989144482488604,0.00034984209297812927,0.0003498420857688739
756907008,1.0239710815580259,0.043780267986647,4.998064106200651,9.955313578316539e-5,9.955313284805593e-5
756907120,0.5070839172032947,-0.3273376641294995,4.999590172797508,1.0124047706762582e-5,1.0124047481385307e-5
756907278,1.4728230082923646,0.5004574156888326,4.996983264931295,0.00028684801835827316,0.000286848011362757
75690734x,0.6143178576958519,-3.2862011039788905,4.953521614330693,4.780800305971219e-5,4.780800269403291e-5
75690750x,1.0556454503655215,-0.88452523592143,4.999324489998023,1.7435859939424446e-5,1.7435859571185455e-5
756907542,0.3363974701292815,-0.5286275740098716,4.998537026697814,1.2373836086043157e-5,1.2373835707621269e-5
756907753,1.9624188636384114,-0.1511041487649318,4.99837693408533,0.00017548349358388477,0.00017548348914022248
756908086,0.09706535993487127,1.2525928979628804,4.999189942599757,1.4061177370503587e-5,1.4061176961282607e-5
756908254,2.4724480445040022,0.4127442298639144,4.995795976928367,0.0005309500575102154,0.0005309500459890578
756908334,0.4513883275586404,0.5059806208624703,4.999586631683538,3.9933743732230185e-5,3.993374276531894e-5
756908692,1.9799965166928328,0.5278349712381947,4.996133541268988,0.0004921412079676255,0.0004921411962175681
756909054,0.62009098964056,-0.3985205424608337,4.994368973270069,1.462362446532373e-5,1.4623624120791736e-5
756909177,0.2629785427491343,0.3908419027608386,4.999319131063466,1.124894189640287e-5,1.1248941661277838e-5
756909206,0.08753714841302523,1.1646374667368107,4.999791592713891,1.0686494801582727e-5,1.0686494486590352e-5
756909492,0.5731776964877593,-0.2508502975758785,4.999768187740663,2.0248095413525164e-5,2.024809486200876e-5
756910338,0.5533902694026012,-2.3751945654360496,4.965676458940973,7.311812232661866e-5,7.311828898532504e-5
75691040x,0.2270476778515768,-0.3411186731909782,4.99977931954849,5.624470948201435e-6,5.624470777992802e-6
756910426,0.33467849680699663,-0.2450899172940761,4.999758719910877,6.749365137841721e-6,6.749364928070074e-6
756910450,0.5286852491480479,0.20536409417995918,4.99760135217156,4.049619082705033e-5,4.049618979846982e-5
756911912,1.9043986423103452,-0.03163536604415317,4.998537537099622,0.00018448264710100706,0.0001844826426847599
756912026,1.1307352778545647,-0.5405791823479134,4.714620316168257,0.00023735267401410055,0.0002373526657095552
756912034,0.21292871030451258,1.680387468537664,4.986928348196507,0.00010011558287798554,0.00010011557952511945
756912499,1.3070976387321418,-2.2712930010922614,4.863396418201019,0.00016873412844604306,0.00016873412148543461
756912747,0.7377859395547361,0.5716975917155951,4.954557841538665,0.00013273751437755386,0.0001327375139414029
756912800,1.1641586698792157,0.3941769623931669,4.979316393727265,0.00023622777982446026,0.0002362277758645009
756912886,0.6034946848946224,0.33267178761394356,4.999235923311746,4.499576758561148e-5,4.4995766607101304e-5
756912915,0.6560827477367502,0.38681453018194606,4.9966079452786,6.355652171467621e-5,6.355651971919303e-5
756913221,0.597884101133824,-0.48080410888292774,4.994629193746074,3.093459021510789e-5,3.093459214402725e-5
756913272,0.6352036762623838,-0.4206941682039556,4.992655576054497,3.9933743732230185e-5,3.9933746248690214e-5
756913440,2.471377519494704,0.0900750532256347,4.989160202173493,0.0003577163523056112,0.00035771634421482944
756913459,0.7561175592870005,0.44195136713169514,4.999378114727698,8.099238165410066e-5,8.099237986311385e-5
756913619,1.1221679721567754,0.502930724736894,4.995468758132278,0.0001563602923599999,0.00015636028806148263
756914304,0.4003674011990605,0.7198202794042243,4.994198998480886,4.780800305971219e-5,4.780800328529808e-5
756914494,0.10440634076445107,1.7362894353346765,4.999873341339559,1.6873412844604303e-5,1.6873412551572493e-5
756914515,0.19842743756840672,0.7423218192318324,4.999621485858197,1.3498730275683443e-5,1.349872989994146e-5
756915024,0.37025315246292295,-2.5718460487006487,4.98732669253415,2.6997460551366886e-5,2.6997522086889294e-5
756915075,0.5775204170657904,-0.04013833157970113,4.99564907350959,3.824640244776976e-5,3.82464014495752e-5
756915278,1.022756541915816,-0.25093300504492194,4.999228253726761,4.780800305971219e-5,4.7808001783082864e-5
756915606,1.4997388586700107,0.2779010397069805,4.9725013546692,0.00022835352049697824,0.00022835351541131225
756916174,0.47468400817741374,-0.16514760528866063,4.999818547047173,1.5748518654964018e-5,1.574851825272394e-5
756916318,0.8018566882724948,1.0194544998043686,4.995019047887038,0.0002755990764618703,0.0002755990694582278
756917089,0.8283292716059799,0.05180360764633295,4.997848715948332,6.186918043021579e-5,6.186917871665794e-5
756917708,1.0677754951558227,0.5573698969079224,4.997739675882862,0.0002081054250834531,0.0002081054193959675
756917804,0.3694058779861531,0.514986645972875,4.996359888561074,2.5310119266906457e-5,2.531011857625789e-5
756917863,0.6816085775716935,0.3702475547589484,4.955917075868297,9.392866483496396e-5,9.392866266756634e-5
756918225,1.9474406200725212,0.4622449164105912,4.979948286152317,0.0004612066177525177,0.00046120660572579984
756918751,0.12051888224259413,-0.9862713566560053,4.999828107655148,5.624470948201435e-7,5.624470790377781e-7
756918831,0.9301984552332992,0.5141883563300499,4.970446530507702,0.00015748518654964017,0.0001574851830538629
75691884x,0.8021059864268099,-0.9382278338781458,4.996140955488104,2.8122354741007175e-5,2.8122353851237244e-5
756918938,0.8511758172349891,-0.5946021083507345,4.982498491780651,4.555821468043162e-5,4.5558213303303385e-5
756918946,0.44068479339696026,0.00852586667560703,4.999549525947858,1.5748518654964018e-5,1.5748518309705684e-5
756919172,0.7911920419888996,0.5036456784987805,4.973492916792087,0.0001631096574978416,0.0001631096517210457
75691921x,0.34315020930074835,0.23414354026046316,4.999182957276156,1.3498730275683443e-5,1.3498729993533404e-5
756919412,0.5742144992688617,0.7946199947284409,4.996268871427176,8.211727584374094e-5,8.211727358300662e-5
756920077,1.056831862995559,0.3013308534878816,4.996983399614578,0.0001524231626962589,0.0001524231583525871
756920376,1.4881810351020213,0.760245046111615,4.972606425047168,0.000478080030597122,0.0004780800225850638
75692051x,0.8445710156631313,0.5893877183034073,4.997718831379518,0.00011811388991223013,0.00011811388745816384
756920528,0.2433515625213355,0.5686255524108839,4.999837520912129,1.29362831808633e-5,1.2936282989178246e-5
756920915,1.1835315410286824,0.22462161600718597,4.996694515949422,0.00011417676024848912,0.00011417675861131178
756921707,0.16082186360791487,-0.13808949414771113,4.996139019577895,7.874259327482009e-6,7.874259087854208e-6
756922064,0.33312136384796226,0.11769619421196624,4.950316055868205,7.030588685251794e-5,7.030588684612803e-5
756922128,0.9185641664650586,0.045444977520133364,4.997171958234242,5.961939205093521e-5,5.961939036805553e-5
756922427,0.5644854200993552,-0.40291503309427623,4.99625635585597,2.249788379280574e-5,2.2497883088335837e-5
756922435,0.9699623370304012,0.3991244757380178,4.997656133069463,0.00012261346667079127,0.0001226134637375132
756922945,0.3890806547211434,0.0909410636090058,4.974842885908784,6.974343975769779e-5,6.974343834302297e-5
75692350x,0.1422923717480979,1.419646691871116,4.990364681192462,3.655906116330933e-5,3.655906135473389e-5
756923737,1.3249341890967405,0.19844628778396917,4.9541403565791,0.0001732337052046042,0.00017323370072012465
756923884,1.708532851983494,0.100435606517848,4.99804265817767,0.00020135605994561136,0.00020135605457281206
756924430,0.1890626219959429,0.5671329373996082,4.999013826874207,1.5748518654964018e-5,1.5748522173474936e-5
756924449,0.5358557398733425,0.3264596904585975,4.9804301080174795,5.005779143899277e-5,5.005778992467488e-5
756924641,0.948034780479266,0.7359564249773598,4.979659788421839,0.00023960246239338113,0.0002396024543056503
756924828,1.6883924465440736,-0.9299321668493941,4.982695797693873,5.5682262387194207e-5,5.5682260700376034e-5
756925214,0.5883595021081195,-0.46508391936435034,4.999890359571765,1.1811388991223012e-5,1.1811388740322348e-5
756925724,0.7300169562060644,0.17813768819429843,4.999372144392965,5.624470948201435e-5,5.624470806876128e-5
756925791,0.9144225076850464,0.09768008243559138,4.998926284784134,6.411896880949636e-5,6.411896731718008e-5
756925804,0.6316007343576205,0.5650275358913315,4.991498293012355,9.05539822660431e-5,9.05539795444162e-5
756926751,1.6827623396736797,-0.5811912666088705,4.912255183914585,0.00014961092722215816,0.0001496109231086123
756927404,0.29106110835489224,-2.9854390181195027,4.988151081014021,1.1811388991223012e-5,1.1811388634261577e-5
756928554,0.17605296806958143,0.795152936691202,4.998843709174491,1.3498730275683443e-5,1.3498729880786937e-5
756928685,0.31752660320701265,-0.3168373604397421,4.9992399324290915,1.2373836086043157e-5,1.2373835701179214e-5
756928714,0.5903322368612155,-1.2120873212322667,4.999358446292272,5.624470948201435e-6,5.6244708014408065e-6
756928781,0.40190385996211364,0.3420456149145639,4.985794445204011,5.17451327234532e-5,5.174513320034646e-5
756929012,1.4708762577799996,0.5327872150562457,4.997419412013016,0.0003132830318148199,0.00031328302412746725
756929207,0.727374112646686,0.0625910007003232,4.995263591763187,5.849449786129492e-5,5.849449686012527e-5
75692924x,1.7972500795977167,-0.7559402087441507,4.977295961198907,6.580631009395679e-5,6.580630980007863e-5
756929549,0.7992848135512779,0.7503291042512726,4.910451454425542,0.00016873412844604306,0.00016873412433957575
756930726,0.5347231750860882,-0.6547531099759357,4.9697921446529465,4.274597920633091e-5,4.274597920244639e-5
756930793,0.7328192430559923,-0.09498122666778781,4.989379431039331,5.343247400791363e-5,5.343247233392954e-5
756931171,0.6997189854365546,-0.5302047396363742,4.999570797868624,1.3498730275683443e-5,1.3498729878291644e-5
756931294,1.2129457787420104,0.03769729948240276,4.99904563381537,7.424301651625894e-5,7.424301527132221e-5
756931809,0.7468221351867818,0.5219579345457532,4.99798570320688,0.00010798984220546754,0.00010798983941574316
756932051,0.11366058192207418,0.20566997974756113,4.9999197688790105,2.249788379280574e-6,2.249788315564228e-6
756932078,0.9607811176165679,-0.43567608313204176,4.992886850740339,4.105863792187047e-5,4.105863665117302e-5
756932326,1.0093863148167288,0.27372123828215916,4.99922002847655,9.561600611942439e-5,9.561600376718516e-5
756932756,0.13011935823104914,0.9838295437381855,4.995581257632909,2.924724893064746e-5,2.9247251129619957e-5
756932764,1.1272530520957424,0.3375691307745433,4.998424802049417,0.000129362831808633,0.00012936282876647293
756932836,0.3080917279229875,0.3518036240765218,4.96925078709876,8.267972293856109e-5,8.267972062194654e-5
756932975,1.2262142298075285,0.31812584419904083,4.994558619454569,0.00018785732966992793,0.0001878573247343845
756933417,1.6173387392295973,0.1605934726726984,4.995563728036842,0.0002148547902212948,0.00021485478475845275
75693361x,1.558954937970173,0.7165060745972982,4.866389296372884,0.0007182449400853232,0.0007182449180927919
756933732,5.731437731021651,-0.39187536346065394,4.971972234328173,0.0011811388991223013,0.0011811388624242843
756934516,0.3924663902598478,0.07913647091951556,4.999584328180953,1.462362446532373e-5,1.462362414430351e-5
756934647,0.8956393647261356,-0.011648821105910789,4.997255604694505,7.480546361107908e-5,7.480546139538644e-5
756934655,0.17447907203418483,0.8882575617741783,4.999733913642455,1.29362831808633e-5,1.2936282835969485e-5
756934663,0.39073404721693866,-0.5238606213004077,4.999885668919813,6.1869180430215785e-6,6.186917889241165e-6
756934743,0.45258436792365336,-0.2607597726364118,4.9998795263525295,1.1811388991223012e-5,1.181138870675702e-5
756935068,1.1075172960365949,-0.19366049391899448,4.9209507648029795,0.00013948687951539557,0.00013948687612934214
756935607,0.7167336249930306,0.009471315599191968,4.98504467166354,9.899068868834526e-5,9.899069613087648e-5
756935674,0.3501213228423976,-0.14752136528047471,4.999905616170402,8.999153517122296e-6,8.999153278423599e-6
756935957,0.39687848653744,0.554495335682484,4.999752747445252,3.205948440474818e-5,3.2059483705133956e-5
756936087,1.3432347359666432,-0.3176177178974109,4.9983942411093425,8.099238165410066e-5,8.099237934643256e-5
756936693,0.5730529507789135,-0.014937980063304589,4.990857608654899,3.262193149956832e-5,3.262193143870407e-5
756937266,1.7885554096505287,1.3340094263946871,4.988618025703592,0.0014319903034120853,0.001431990272470617
756937477,0.10054621975917565,-0.29969137930537293,4.999824132581939,2.249788379280574e-6,2.2497883056682568e-6
756937653,1.0467512656833409,0.03534249461911597,4.998760792430192,6.186918043021579e-5,6.186917964492747e-5
756937776,1.6099173106868083,-0.6485415438089912,4.997067152516491,4.949534434417263e-5,4.9495342749247576e-5
756938381,0.5681455247479369,0.3007923395796138,4.999434243213738,3.487171987884889e-5,3.4871719200232774e-5
756939069,0.595954802487671,0.7481829031421866,4.999033898055336,8.267972293856109e-5,8.267972129077731e-5
75693919x,1.0674482416410067,0.06845354268225674,4.987838170716016,8.380461712820138e-5,8.380461472361667e-5
756939421,0.40935896917367715,0.5630097320351684,4.999024432464202,3.7683955352949614e-5,3.7683954532871423e-5
756939501,1.5488707752718984,-0.31489731300766743,4.99895332498007,6.186918043021579e-5,6.186917886452008e-5
756939819,0.2925113184063267,0.3826810039642115,4.999628375123507,1.7998307034244593e-5,1.799830657662432e-5
756939886,1.464566424432613,0.0633852145689996,4.953843654283063,0.0001462362446532373,0.0001462362403525371
756940078,0.46013891793489736,0.16174670922175866,4.997268590986952,2.249788379280574e-5,2.249788332455907e-5
756940203,0.494397295911881,-0.06247664206411533,4.9970287630351535,2.9809696025467603e-5,2.9809698124805664e-5
756940465,0.6012003764237035,0.4576229839336469,4.982764080368778,8.549195841266181e-5,8.549195708464767e-5
75694049x,0.12240502439055345,-0.7167754006081665,4.99959605462516,2.249788379280574e-6,2.249788309299863e-6
756940836,1.6806176948693596,-0.5207146509273712,4.999276307553292,5.5119815292374064e-5,5.511981430413774e-5
756942364,0.06120175440084715,0.6184204182698723,4.99996750789751,2.249788379280574e-6,2.2497883145655527e-6
756943551,1.0991586678880165,0.19470906395595847,4.977603814456927,0.0001799830703424459,0.000179983066829529
756943690,2.6565805857753126,0.6248058251767118,4.980687955005939,0.0009510980373408627,0.0009510980175809497
756944183,0.8774169391560355,0.09261246793187303,4.998509365331467,5.17451327234532e-5,5.174513175364851e-5
756944394,0.5332000340404025,-2.6231103859846643,4.971317813193223,4.274597920633091e-5,4.2745978086370717e-5
756944730,0.4164717525517399,-1.5040284900073961,4.983695958093386,1.3498730275683443e-5,1.3498729803308659e-5
756945493,1.1915016793972886,-0.5438072088194352,4.999285731394419,3.937129663741004e-5,3.9371295637761863e-5
75694700x,0.03534214598054921,0.23094758985551986,4.999697375442008,1.124894189640287e-6,1.1248941544760393e-6
756947122,0.7959689815334069,-0.5275897889398239,4.997274499176829,1.968564831870502e-5,1.9685647833669443e-5
756947659,0.729934786676549,0.8876516406011739,4.993186784055971,0.00016479699878230205,0.00016479699371345284
756948002,2.4896898618482664,-0.11453885101591503,4.995189822939708,0.00025028895719496385,0.0002502889512122792
76025082x,0.46093843588013955,0.0979768775371537,4.999424263988891,1.8560754129064736e-5,1.8560753774765006e-5
760251224,0.8056457012767134,0.04990904700277303,4.983621854081869,0.00010124047706762583,0.00010124048239445736
760251603,0.10818920016794954,1.1810229693129597,4.998812887257343,1.124894189640287e-5,1.1248941664389671e-5
760252235,0.5898647031549827,0.020134901315466306,4.991804495491049,4.8932897249352485e-5,4.8932895717525066e-5
760252315,0.7767600994659476,-0.12348366434185418,4.9997124687502925,3.543416697366904e-5,3.543416610889956e-5
76025234x,0.9264623970412107,-0.12962529570675202,4.998110392249936,4.949534434417263e-5,4.9495343294679555e-5
760253043,0.29283228699380837,0.5678210627392131,4.999703795446401,2.58725663617266e-5,2.5872565657011166e-5
760253190,1.197483264942307,0.4012579915258718,4.998280344061396,0.0001889822238595682,0.00018898221907652745
760253924,1.600747832532538,0.4930068759781416,4.997898609267284,0.000290222700927194,0.0002902226943273333
760253959,1.2276507991379404,-1.4848188126831645,4.994885713825965,3.487171987884889e-5,3.487171870815311e-5
760254142,0.3369384274041843,-0.40775663969434695,4.999885872902437,6.749365137841721e-6,6.749364942024193e-6
760254265,0.3065839949098783,-0.05049885485902415,4.9999179300016525,8.436706422302152e-6,8.436706226984445e-6
760254273,1.553616581724051,0.2165598320565346,4.942167248979657,0.00028122354741007174,0.00028122353929464636
76025429x,1.7054874695026125,-0.38494087747936484,4.997859994495927,7.424301651625894e-5,7.424301432131243e-5
760254337,0.9866499757162513,-0.340226946855651,4.99102421160685,3.824640244776976e-5,3.8246401449578156e-5
760254388,1.5557805692157753,0.9725923232743259,4.993489458554386,0.0005579475180615823,0.0005579475060872457
760254409,0.7683341095692334,-0.18842677512243716,4.99937567387075,3.824640244776976e-5,3.824640137232239e-5
760254476,0.19536916094231915,-0.2776005184346842,4.9999623422721,3.3746825689208607e-6,3.3746824764997376e-6
760254564,1.5004679337356635,-2.775767527021865,4.832620869248166,0.00024747672172086314,0.00024747671613728646
760254636,0.9414948822715804,-0.3725280861787038,4.9987732391306965,4.949534434417263e-5,4.94953428441833e-5
760254740,1.805471157299924,0.2910617045700821,4.997709304874538,0.0002885353596427336,0.00028853535274933156
760254898,0.4173501066109223,0.2705216074246707,4.999442658723032,2.6997460551366886e-5,2.6997459864916403e-5
760255399,1.8155500406313638,0.19025613426525914,4.997832399358232,0.0001968564831870502,0.00019685647984474833
760255583,1.5794525077884214,-0.598503101471908,4.996619445756083,6.074428624057549e-5,6.0744284400272524e-5
760255591,0.3027309795797748,-0.6222230899395508,4.999705750315259,5.624470948201435e-6,5.624470777325128e-6
760255612,0.16190702876838464,0.8351005319071912,4.999258056678144,1.2373836086043157e-5,1.2373835737656846e-5
760256201,0.7555863424226135,-0.4900440475728794,4.999520378670331,1.6873412844604303e-5,1.6873412474196362e-5
760256236,1.1254107915271387,-0.3072526909276271,4.9761304284986325,8.886664098158267e-5,8.886663943077058e-5
760256615,1.1743414709865299,-0.7271464966997458,4.999835708992222,2.249788379280574e-5,2.2497883303824406e-5
760256842,1.1387312136314032,-0.15166277349371643,4.996711189499653,9.111642936086324e-5,9.1116426659426e-5
760256930,0.435095717052692,0.17774926865587154,4.999802993290844,2.3622777982446025e-5,2.3622777405159536e-5
760257343,1.794699957322251,0.05520701935325487,4.972980648054184,0.00031497037309928034,0.0003149703990450299
760257669,1.2498788448353948,0.3211451011107308,4.979172426167025,0.00020360584832489193,0.00020360584485253007
760257968,1.7480454618369947,0.355400511718322,4.949034266814478,0.0004246475565892083,0.00042464754175979946
760261182,0.45756140652789523,-0.008593303940143897,4.998344409197695,2.6435013456546743e-5,2.64350223603005e-5
760261334,1.1862616498896241,-0.8214461266411217,4.998331525425847,2.8122354741007175e-5,2.812235402690822e-5
760261828,0.590472702716932,0.17853987283707204,4.998937385656174,3.1497037309928035e-5,3.1497036650467485e-5
760261908,0.8520913025284258,0.09534843624598491,4.9994876463904925,6.130673333539564e-5,6.130673182198542e-5
760262193,0.5957082451739314,-0.7122861255206357,4.9844364308950455,2.0248095413525164e-5,2.0248095454790834e-5
760262564,0.7142252273150475,0.3055912130512687,4.9992594855216295,5.2870026913093485e-5,5.2870026091953136e-5
76026333x,0.9903090357714794,0.7026068261005423,4.996792671474165,0.0001631096574978416,0.00016310965364559418
760263444,0.4619714818982772,0.38056976258842184,4.998875607425203,5.624470948201435e-5,5.624470775902099e-5
760263524,1.8400912086293089,0.21915136397110951,4.997141838695053,0.00021935436697985596,0.0002193543630582031
760263532,0.8364040879462966,0.5753403883224149,4.995098915220937,0.00010180292416244596,0.00010180292226696885
760263575,2.749052284119619,0.3269131908492775,4.983450924664448,0.00046908087707999964,0.00046908086860585887
760264033,0.7053250092665722,0.33705350593180294,4.998428781609709,5.624470948201435e-5,5.6244708407348975e-5
760264447,1.8822226708559548,0.1864914699535704,4.988499852813538,0.00023960246239338113,0.00023960245743129792
760264519,0.7039595159462377,-0.041332487953368316,4.988332312330761,5.2870026913093485e-5,5.287002528575151e-5
760264527,1.5372052167594097,0.6481444929881466,4.90244932816761,0.0004083365908394242,0.0004083365813467811
760265263,1.1792431021262613,-0.27644011687709114,4.964590708413849,0.00014567379755841715,0.00014567379275767824
760265546,1.0553155032698047,0.12170951139093085,4.990070691435181,0.00013386240856719416,0.00013386242024976934
760265589,0.7763791873892245,-0.2693857018801926,4.996534964061189,5.0620238533812914e-5,5.0620236967203665e-5
760265714,0.6551101893586876,-0.524373449811536,4.989022602316021,3.3184378594388464e-5,3.3184377949530145e-5
760265968,1.036659927805201,-0.07209903266363163,4.9961689431892085,6.86185455680575e-5,6.86185440539171e-5
760266346,1.793451227955203,-3.6247231709021497,4.9696368675236835,6.46814159043165e-5,6.468156333317226e-5
76026640x,0.6857107798438102,0.11267488903349059,4.99845905870945,4.330842630115105e-5,4.330842520663456e-5
760266733,0.235834509394831,-0.4956190819072431,4.993215808777767,1.2373836086043157e-5,1.2373835701197984e-5
760267699,1.0312232353948434,-0.18954187689405422,4.977794673741007,5.961939205093521e-5,5.9619390261971034e-5
760267744,1.106593964843563,-0.10673229701813505,4.999264268349689,6.46814159043165e-5,6.468141439527948e-5
760267840,0.5358683825078605,-0.07854616065533027,4.999796102182611,2.249788379280574e-5,2.249788323158428e-5
760267859,0.4461455578759899,0.1663045575109136,4.999654368503423,1.8560754129064736e-5,1.8560753715696882e-5
760268464,0.035341800095921895,0.9447258052099817,4.999991073993714,1.124894189640287e-6,1.1248941649275265e-6
760269205,0.45197167533129146,2.237347216433254,4.982267320201153,0.0006569382067499275,0.0006569381886103596
760270476,1.4604732323060376,0.33377516710582933,4.994054457222853,0.00017154636392014376,0.0001715463597656282
760271444,3.906505446453487,0.23406546055852157,4.991795442281801,0.0007238694110335246,0.0007238693952643131
760271698,0.399263524000915,-0.03186396814610388,4.999437205571807,1.2373836086043157e-5,1.237383591474783e-5
760271858,1.7866888549692108,0.13571080691936316,4.995415591964691,0.00023622777982446026,0.00023622777374883506
760272041,0.5731779170691126,-0.26148518008413263,4.99975664676751,2.0248095413525164e-5,2.024809486740958e-5
760272324,0.9656809595334404,0.49255906446305114,4.989437118535213,0.00017829572905798548,0.00017829572452949784
760273204,0.5997686159815397,0.41712527832608276,4.99940515313341,5.849449786129492e-5,5.8494496451006416e-5
760273335,0.1395851407508817,1.685200579573377,4.999587320889544,3.487171987884889e-5,3.4871719085247875e-5
760273562,0.4675123999593386,-1.1805171542293578,4.999922923335091,2.249788379280574e-6,2.2497883167831044e-6
760273837,0.15863026264654767,0.16609425653640247,4.999586508917387,4.499576758561148e-6,4.49957660734607e-6
760274098,2.7150132667087865,-0.6025748428202246,4.996507593548002,0.00018279530581654662,0.00018279530032388273
760274637,1.3639486959521612,0.20060017123352378,4.992951153992773,0.000129362831808633,0.0001293628284001293
760274979,0.32125825291980026,-3.27101686085951,4.996987337377357,1.124894189640287e-5,1.124894166587733e-5
76027547x,1.0749988126156076,-0.4685960247429243,4.868834613579378,0.00018560754129064736,0.00018560754127377367
760275752,1.8251498874271626,-0.19282252831937405,4.998436844642727,0.000145111350463597,0.00014511134649918182
760275912,1.2280317152579694,-2.759214884935969,4.818787875733658,0.0001889822238595682,0.00018898221810297307
76027598x,0.0353418556340097,0.29968073508278603,4.999943823022607,1.124894189640287e-6,1.1248941548139097e-6
760275998,1.4885869871330644,-0.29512213104264673,4.997102493564485,7.368056942143879e-5,7.36805673171154e-5
760276413,0.07951237681121638,0.07069609119532132,4.9999913215765,1.124894189640287e-6,1.124894163474052e-6
760276640,0.48911241673261124,0.3485733926145079,4.997915674674343,4.105863792187047e-5,4.1058636955187046e-5
760276990,0.1713487254138456,0.12271303023670126,4.997472328237502,1.2373836086043157e-5,1.2373836852356051e-5
760277336,1.2170734239719891,0.29262460972112814,4.9990877914599245,0.00010517760673136683,0.0001051776046884264
760277619,0.2937885513425319,0.12616717002753292,4.999684512594692,1.5748518654964018e-5,1.5748518186106057e-5
760278320,0.6114655415515655,-0.5064683703333615,4.99967966439123,1.2373836086043157e-5,1.237383581676375e-5
760278865,1.0613543138236197,-0.3145519025929999,4.938252477315814,0.000129362831808633,0.00012936282850494596
760280455,0.2828949361478901,-0.3729319154455661,4.994995810008338,8.436706422302152e-6,8.436706238552296e-6
760281167,0.7500339412266918,-1.0417260758122402,4.940440565631989,0.00010911473639510784,0.00010911473990683735
760282469,1.1338537566346671,0.8560997780991444,4.991939512389256,0.00031497037309928034,0.00031497036740461934
760282856,0.8113619956554217,-0.059248904646411714,4.990807033136077,5.624470948201435e-5,5.624471378938064e-5
760282899,2.780382031772747,-0.2446533565412306,4.992036220085953,0.0003970876489430213,0.00039708763680527405
760282960,0.8017751106629638,1.2087227876855728,4.998067476115421,0.0002755990764618703,0.0002755990709228177
760282987,0.8943763145456185,0.3565884864305061,4.997847500159794,8.436706422302153e-5,8.436706487292894e-5
760283410,0.14147501597110307,1.0130510407976712,4.9986533788576555,1.2373836086043157e-5,1.2373835747804407e-5
760283533,1.6093945756399284,0.49017942140073567,4.9958535215328475,0.0003430927278402875,0.0003430927194524715
760285491,0.737304854215645,-2.247341057301066,4.963683649934445,0.00012317591376561143,0.00012317590963874876
760285977,0.4812634625804443,0.625852412305965,4.998413221617307,4.724555596489205e-5,4.724555497458758e-5
760286662,0.8060407080642442,-0.013811582791459075,4.985291482934855,9.561600611942439e-5,9.561601280059824e-5
760287737,0.5225620968033341,0.278540188463216,4.999724830637422,3.430927278402875e-5,3.430927196165004e-5
760287745,3.826846770934869,0.3582360024739346,4.6378114970974815,0.0012604439394919415,0.0012604439162564927
760287809,0.10282611116490749,0.5629430369132832,4.99989319554615,3.3746825689208607e-6,3.3746824745118068e-6
760288211,0.05484518319571086,1.1878812157470922,4.99989966979843,3.3746825689208607e-6,3.374682500458725e-6
760288393,0.807209131165481,0.1320590923700014,4.999564480914746,5.399492110273377e-5,5.3994919780571726e-5
76028902x,0.3027323426839638,-0.4573385413482861,4.99957070267543,5.624470948201435e-6,5.624470784300977e-6
76028953x,0.38143557735593175,0.11594071032108584,4.992153868764327,2.0248095413525164e-5,2.024809486398988e-5
760290127,1.4955037354882887,-0.012382599455148411,4.997068369534941,0.000141174220799856,0.00014117421721472425
760290143,0.583722974028224,-0.24196165721377466,4.998244331627952,2.6997460551366886e-5,2.699746596186376e-5
760290178,1.6244809600983796,-1.1137119745714632,4.996575878997761,5.0620238533812914e-5,5.062023696684223e-5
760290549,0.1690424838201253,1.321463389781939,4.991784496641915,5.624470948201435e-5,5.624477812322314e-5
760290573,0.2394076879784843,1.5049417154432394,4.997076970079315,6.186918043021579e-5,6.186917901559846e-5
760291015,2.2050548553918694,-0.3947396556172332,4.912895444520797,0.00036671550582273357,0.0003667154984221358
760291111,1.5422919885508037,-0.5983419196844564,4.997989343280299,5.2870026913093485e-5,5.287002557340503e-5
760291664,0.32942713840068866,0.4232578158925163,4.999809864348247,2.249788379280574e-5,2.249788324076951e-5
760291701,1.3570484323466057,-1.7523656638480296,4.78446791416226,0.00034871719878848894,0.00034871718360820613
760291904,2.7260358448229463,-0.7911039040240346,4.911620338790082,0.00031440792600446023,0.0003144079159057743
760292608,0.15301125659364626,1.6365168894144042,4.999378239713179,4.387087339597119e-5,4.387087248432215e-5
760292704,0.5974647233096053,0.4477551437343889,4.999639220425585,4.162108501669062e-5,4.162108420790301e-5
760292712,1.0269043465713306,-0.026211236626654026,4.9835229443174764,0.00010855228930028769,0.00010855228544359967
760293221,0.47635854423341595,-0.1577729065579559,4.999874639030053,1.462362446532373e-5,1.4623624098032086e-5
760294494,1.109084412030299,-0.48294775741158047,4.999637717504849,3.712150825812947e-5,3.712150726672193e-5
760295788,0.4014379063711213,1.3126459150206233,4.998607471819121,0.0001074273951106474,0.00010742739318532008
760295833,1.2464564293145737,-3.2556822782163017,4.9693728402847555,6.524386299913664e-5,6.524401170998247e-5
760295964,1.0011356360633061,-0.25565525091984814,4.998603885117752,4.387087339597119e-5,4.387087244817905e-5
760296211,0.7141132680391798,0.2176975251940679,4.999418916664898,5.961939205093521e-5,5.961939048286206e-5
760296326,0.659803756291845,0.046957980159748586,4.997557608815455,3.655906116330933e-5,3.655905998042098e-5
760296510,0.2397660900896414,-0.4145975626292905,4.998767541529279,8.999153517122296e-6,8.99915323240791e-6
760296561,2.467634353168434,-0.3952637464985147,4.998839812093279,0.00014398645627395674,0.00014398645275422352
760297062,1.3695209045813916,-0.4006543449912881,4.996200716403671,0.00010574005382618697,0.00010574005051418439
760297847,0.5438890636057185,0.12366222994238893,4.999646950967427,3.262193149956832e-5,3.262193060977589e-5
760298022,0.9795933890228662,0.5068537994094462,4.999108092152598,0.00012767549052417258,0.0001276754877401921
760299359,0.3785380353528603,1.1678912440616305,4.999333224187626,8.66168526023021e-5,8.661685068120594e-5
760299797,0.620367551032817,-0.05345681965527531,4.99953186378135,2.418522507726617e-5,2.4185224575149133e-5
763600119,0.1724564619840747,-2.4207901112387877,4.985898255980488,1.5186071560143873e-5,1.5186071164602618e-5
763600768,0.360772810568074,-0.33330868701854294,4.999916297373529,7.874259327482009e-6,7.87425911200629e-6
763600784,0.0466346206723956,0.34969458484386823,4.999453304858274,2.249788379280574e-6,2.249788309578553e-6
763600848,0.10054651498915286,-0.30520349448989575,4.999736047363813,2.249788379280574e-6,2.2497883048038613e-6
763602317,0.7945510345330431,0.1604491445944428,4.978851185233674,0.00015411050398071933,0.00015411049914703488
763602624,0.22549175331843355,-0.1743562444966852,4.999363672044859,8.436706422302152e-6,8.436706164109496e-6
76360307x,0.753476559469082,0.17728108976300155,4.992044138868083,5.793205076647478e-5,5.793205104901201e-5
763605753,1.309303949773197,0.27050731430705593,4.998358306107532,0.00017942062324762578,0.00017942061872101348
763605761,0.3662480268123766,-0.056681517190435085,4.999887858903689,1.2373836086043157e-5,1.2373835777367908e-5
763606182,1.3648635062220973,-0.06926245472316689,4.996019350763067,0.00010967718348992798,0.00010967718093602505
763606668,2.017610249004591,0.3517237285442629,4.989007206147175,0.00034534251621956807,0.00034534251127850684
763606887,0.6937529187779312,0.8089706468004796,4.9972560540755095,0.00014848603303251788,0.00014848602934178806
763606895,0.6333399481150462,0.23464938411875752,4.999565513472568,4.2183532111510764e-5,4.2183531247224155e-5
763607644,1.6807539555599316,-2.299042688296216,4.875547605386282,0.00020135605994561136,0.0002013560511802224
763607775,0.8249484415937977,-0.0839789605982009,4.999683761609685,3.9933743732230185e-5,3.993374283432471e-5
763607783,0.5691429598551624,-0.73206693485477,4.999415637767036,1.0124047706762582e-5,1.0124047554185846e-5
763607791,0.3898652309990767,0.8186744400750035,4.979508661873659,6.186918043021579e-5,6.186917893594993e-5
763607804,0.8118796202467325,0.44494832313489513,4.998299158490104,8.66168526023021e-5,8.661685109739398e-5
763607812,0.9097391414717031,-0.45822796091262763,4.997589999745114,3.88088495425899e-5,3.8808857352614845e-5
763607820,0.058335065382164236,1.1150551420005457,4.999037652095029,3.9371296637410044e-6,3.937129589032166e-6
763607871,2.182677839347489,0.557093882154339,4.978875061628319,0.0007311812232661865,0.000731181204049207
763607927,1.1986707955681422,-3.6448345984335973,4.956541323763536,6.186918043021579e-5,6.18691792554035e-5
763607978,0.8483372482079339,-0.15978590996329628,4.998932560673337,2.4747672172086314e-5,2.4747671717571287e-5
763608233,0.10977939349644607,1.2718367950888043,4.99636038512793,1.912320122388488e-5,1.912320055051306e-5
763608532,0.2706976128173151,0.7230034866823744,4.998265040501591,2.6997460551366886e-5,2.6997460078251378e-5
763609041,0.4515230187538378,0.15123997197129008,4.999811740091185,2.0248095413525164e-5,2.0248094973444938e-5
763609295,0.3801838449447822,0.08244338267748703,4.999537186337083,2.1935436697985596e-5,2.1935436042930735e-5
763609324,0.9233197010600775,0.4693154925385937,4.991360396912302,0.000129362831808633,0.00012936282762310858
763609412,0.5898316726073235,-1.2017043672103405,4.98569105695589,2.0248095413525164e-5,2.024809541168426e-5
763609519,1.1055741855806365,-0.08136194184971926,4.998650507057626,8.492951131784166e-5,8.49295089094795e-5
763610050,0.44374612169365285,0.28368074920903713,4.999775724000587,2.8122354741007175e-5,2.81223540663507e-5
763610106,0.5389582106099082,-0.40290922107715554,4.9995550771913075,1.6873412844604303e-5,1.6873412331337693e-5
763610165,0.5637318556126364,0.15059597601063685,4.994783102804591,4.499576758561148e-5,4.499576625893029e-5
763610384,1.1272303950291807,-0.43119588721507923,4.996150990309689,3.543416697366904e-5,3.5434166004969956e-5
76361107x,1.4473792707568764,0.5560253701329562,4.990334106574329,0.00028347333578935234,0.00028347332739086395
76361123x,2.3939943040567946,0.7638566411886241,4.907079415905012,0.0011068958826060424,0.001106895859363044
763611862,0.7187209579500744,0.11655698591247898,4.9466311725096075,8.999153517122296e-5,8.999153321115986e-5
763611926,0.7847260564698157,0.06023504769784995,4.998912343263799,4.2183532111510764e-5,4.2183530949832026e-5
763612646,0.9204440507403265,-0.8391876684121626,4.99730328079157,3.374682568920861e-5,3.3746824627701435e-5
763613016,2.5295200847687247,-0.408459315900231,4.9608595538833145,0.00034253028074546736,0.00034253030832569436
763614713,0.23578632912643238,0.07137051374203965,4.999336977363566,1.2373836086043157e-5,1.2373835703431592e-5
763614879,1.138272355149386,-0.14962034447181036,4.9973574517627215,9.955313578316539e-5,9.955313278201759e-5
763615476,1.5610174285692788,0.2291050329602721,4.976902851067056,0.00022610373211769767,0.00022610372486802762
763616188,2.4467301170703792,0.19840313178830252,4.995599660338263,0.00044827033457165436,0.0004482703228082272
763616727,1.5418252153126435,-0.563741802098513,4.9988753633680725,4.4433320490791335e-5,4.443331960106738e-5
763617463,0.4392388836108185,0.005815792673436549,4.999625473989215,2.249788379280574e-5,2.2497883124437143e-5
763617551,0.4750144058174988,0.1212523709183515,4.99953086721807,1.6873412844604303e-5,1.6873412552423466e-5
763617922,1.2144672043621676,0.07590810407400089,4.998325479304198,0.0001034902654469064,0.00010349026302297085
763618060,0.19997215462349788,0.29282912260581767,4.999774516720948,7.874259327482009e-6,7.87425915108629e-6
763619872,1.2878893894348664,0.44986318344607107,4.996754321996724,0.0002030434012300718,0.00020304339650393843
763620152,0.4717762265422379,0.4028641825048277,4.996614450691642,3.937129663741004e-5,3.9371295475783e-5
763620283,1.337587750736591,0.8090008034947271,4.994828272377899,0.0004488327816664745,0.00044883277020282424
763620953,4.250265318650621,-0.1552751991610367,4.966124296182827,0.0005590724122512226,0.0005590723961823754
763621155,0.7754979185563081,-0.08102646502210331,4.986935329682576,9.336621774014381e-5,9.336621482020501e-5
763621227,3.506976984024909,0.02595375064682331,4.993317207910577,0.0006203791455866183,0.0006203791286379745
763621243,1.3869941413777098,0.4434598436376314,4.99798306524017,0.00024522693334158254,0.00024522692731212284
763621278,0.5641293804645653,-0.6975244937779448,4.982698136080365,2.8122354741007175e-5,2.8122354094509718e-5
763621665,0.5498369578978317,-1.6578650869385725,4.999627856271456,3.3746825689208607e-6,3.3746828305064434e-6
763622158,0.6662999641577899,-0.06267522635609776,4.999763150346247,2.8684801835827318e-5,2.868480119624097e-5
763622166,0.6253401772970572,0.008870907726924325,4.999585260233327,3.5996614068489185e-5,3.5996613089892194e-5
763622326,0.5570682039213393,0.21615685787880232,4.998379797260843,3.374682568920861e-5,3.374682472781191e-5
76362249x,0.29555897276184695,0.5244299316843822,4.999831727816807,2.1372989603165453e-5,2.1372989105614654e-5
763622772,0.7283976115491978,-0.34207923209159696,4.999000874977521,2.081054250834531e-5,2.0810541915483976e-5
763622887,0.9900187185778857,-0.3295229810957624,4.998297454642915,3.543416697366904e-5,3.5434165964276515e-5
763623003,0.5129677428934158,-0.1682917405681854,4.998400143914,2.3622777982446025e-5,2.3622779954356944e-5
763624006,0.5385730490602028,0.2844418413942011,4.998469484166178,3.9933743732230185e-5,3.9933742886540124e-5
763624305,2.4980022630573324,0.42706099733223296,4.989397997268616,0.00054894836454446,0.0005489483531388949
763624831,0.441813826788514,0.038705140111137064,4.990255513039582,3.374682568920861e-5,3.374682467770901e-5
763625535,0.4881502867110273,-0.2988537599639637,4.999529702163905,1.1811388991223012e-5,1.1811388621343506e-5
763626108,0.09860268237233061,1.3321475939802403,4.998421784964138,1.462362446532373e-5,1.4623623993698613e-5
763626570,0.06922000383030384,0.508832222189628,4.9997921311783475,4.499576758561148e-6,4.499576620239186e-6
763626845,0.5886298887013285,0.19745849588188463,4.999390496365866,3.824640244776976e-5,3.824640155233484e-5
763627004,0.134017826136705,1.1883547785792912,4.999252592915419,3.1497037309928035e-5,3.149703633131428e-5
763627354,0.3196319846579471,-0.47558047277169263,4.9934026454071105,1.124894189640287e-5,1.1248941587113703e-5
763627397,0.7052880545825397,0.8978581943335234,4.998800669480334,0.00015579784526517973,0.00015579784180970167
763627442,1.0185722901306495,0.019654965701734493,4.992091287272247,0.0001631096574978416,0.00016310965229325903
763627557,1.441126337599072,-0.560294945124592,4.998689187515928,6.749365137841721e-5,6.749364940227689e-5
763628461,0.49369801021472476,0.74018967825644,4.996371761877122,5.624470948201435e-5,5.624470842417615e-5
763628592,0.3028216678260882,-1.3671456371010748,4.990735811980804,5.624470948201435e-6,5.624470769687911e-6
763628912,1.1999970613474842,0.02467933859919458,4.998920566115785,9.730334740388482e-5,9.730334487821094e-5
763629771,0.19972885163371618,0.5567370659305805,4.999572122631188,1.124894189640287e-5,1.124894165020969e-5
763630350,0.964949955233822,0.05593718130345023,4.998640623090664,7.536791070589923e-5,7.536790878984523e-5
763630414,1.5985672712354015,0.21526541127180793,4.997379711692322,0.00021541723731611495,0.0002154172322330928
76363102x,0.8678536103416983,0.2928119839058879,4.999475692709331,7.311812232661866e-5,7.311812078563123e-5
763631775,0.8797477903275069,-0.1292581905641149,4.9799591010832644,6.299407461985607e-5,6.299407333128102e-5
763631863,0.8484385452203081,-0.553749529160456,4.999784354865458,2.1935436697985596e-5,2.1935436121887918e-5
763632313,0.6180610496532909,0.48712003332046716,4.996418552854894,7.424301651625894e-5,7.424301459265101e-5
763632866,0.5786209714107385,0.4046507443242029,4.999244519587838,5.7369603671654635e-5,5.736960219028943e-5
763633893,1.3344971631837363,-0.6686889607513088,4.998665200923544,4.2183532111510764e-5,4.21835310052716e-5
763633930,0.474545596445187,-0.9560089098198157,4.987613148365346,1.124894189640287e-5,1.124894147015355e-5
763634343,2.352165832911852,-0.4133496332047152,4.993819653608088,0.00012767549052417258,0.00012767548788617796
763637595,0.5321460931643788,0.3198558517444161,4.999430464711941,4.4433320490791335e-5,4.443331935689342e-5
763638221,1.3315438151881807,0.44549543034801325,4.997045608670479,0.0002249788379280574,0.00022497883236930635
763638328,0.6421871914510844,0.23336178182634773,4.995064690287488,7.311812232661866e-5,7.311814889203064e-5
763638459,2.600559771989989,-0.020283021415726788,4.845034698945087,0.0004049619082705033,0.0004049618971595299
763638782,0.07951388370844885,-2.9814220656710684,4.99942277327304,1.124894189640287e-6,1.1248941575854718e-6
763639005,2.079110231035307,0.39009014290198846,4.994482360988979,0.0004499576758561148,0.000449957664945439
763639208,1.2070129085515615,0.7531622043630053,4.994556555597081,0.00028122354741007174,0.0002812235415715016
763639769,0.3338603662496041,0.7616234790449827,4.998040751413646,3.0372143120287746e-5,3.0372142549055123e-5
76364017x,0.3196285566230316,0.3200154178030562,4.999876599277102,1.631096574978416e-5,1.6310965370482753e-5
763640313,2.621181752433338,0.20154382255070105,3.899601259577869,0.0012092612538633085,0.0012092612172283105
763640647,0.07951237648235825,0.07501404184779566,4.999991447709929,1.124894189640287e-6,1.1248941636667597e-6
763640719,0.4212834819076241,0.3746351730854599,4.999721823799989,2.6997460551366886e-5,2.699745999831976e-5
763640807,2.788843807554434,0.3243868792125892,4.98440898317072,0.0008633562905489202,0.00086335626529814
763640962,0.09939142760789821,-0.8718279713976438,4.99970251097049,1.124894189640287e-6,1.1248941550278067e-6
763641068,1.2233093666648103,0.1973888577574588,4.982010144091993,0.00015467295107553946,0.0001546729458477164
763641113,1.287600725982791,-2.936913605688962,4.966094887143748,9.167887645568339e-5,9.16788734051631e-5
763641201,0.5723342525848405,0.25250311416026766,4.999425789459229,3.5996614068489185e-5,3.5996613257012384e-5
763641930,0.9230058041815299,0.43720591320371244,4.995499345837091,0.00011811388991223013,0.00011811388732848124
763641949,0.13591448220414754,1.5807081416848154,4.9987569621835775,3.262193149956832e-5,3.2621930785961495e-5
763641957,1.8664789651047253,-3.332118131502058,4.894445376466167,0.0001732337052046042,0.00017323370090986038
763642407,0.11714648846874987,1.457918661644236,4.998015592233309,2.249788379280574e-5,2.249788357216066e-5
763642546,0.18187611441447327,1.7980718212554323,4.98438971994374,6.749365137841721e-5,6.749364984624227e-5
763643450,0.34097472894369474,0.43875422771618433,4.999690039026058,2.8122354741007175e-5,2.812235398083668e-5
763643899,1.520461289479172,0.3910417649488238,4.997286673043919,0.0002081054250834531,0.0002081054219189208
763644373,0.2829394500969851,0.3290937308058083,4.999775162018283,1.2373836086043157e-5,1.2373835889046563e-5
763645077,1.3820773055043136,0.5372651951690096,4.8632821592075555,0.00040664924955496375,0.0004066492398268261
763645106,1.2058177695805126,0.013955944499804713,4.998861355643842,0.00010574005382618697,0.00010574005091881081
76364519x,1.463775113955136,-0.3174462814699348,4.980273724108499,0.00014342400917913658,0.00014342400460436232
763645894,1.0139506165760155,0.27848515906711013,4.959761070161382,0.00013498730275683443,0.00013498729955985429
763646838,0.37159430875920935,1.735677641742668,4.992066750420786,0.0002486016159105034,0.00024860161811512363
763647531,0.191862324659669,-2.5803915046219803,4.9866277088004605,1.5748518654964018e-5,1.5748518212056764e-5
763647769,0.49467885552274815,-0.7789233245677019,4.999220431630366,1.0124047706762582e-5,1.0124047393318311e-5
763649609,0.7242361186285204,-0.1901232350591831,4.991642634685663,6.524386299913664e-5,6.524386099061883e-5
763656948,1.698555860875231,-0.1214776153432803,4.968296372930873,0.00019123201223884877,0.00019123200628039396
764740391,0.6745034191268887,-1.2032960276659397,4.998885817844297,5.624470948201435e-6,5.6244708190195735e-6
766702217,0.4874467651971195,-0.6116033233761586,4.99906380211939,1.631096574978416e-5,1.631096522327631e-5
766702241,0.3558412781164127,-0.21027738082769298,4.9989400266456885,8.999153517122296e-6,8.999153277459926e-6
766702305,2.825130714130436,0.4166215257855164,4.9901609917685485,0.0007086833394733808,0.0007086833251552503
766703068,1.6090731411351358,-1.0590089034887888,4.996161345223817,6.636875718877693e-5,6.636875513149227e-5
766703244,0.340756644659958,-0.7899267487458934,4.983361411011904,2.6997460551366886e-5,2.6997460012218356e-5
766704378,0.8418806464754736,0.28387012254840827,4.9990261484275305,8.267972293856109e-5,8.267972102809865e-5
766704490,0.24422342780156545,-0.01722244193093872,4.999934120139806,6.749365137841721e-6,6.749364960181407e-6
766704618,0.3172235152957922,-3.3628724020646414,4.988937743527748,1.6873412844604303e-5,1.68734127192207e-5
766705186,0.29142860388838737,2.0238900368043975,4.997804131302199,0.00016873412844604306,0.00016873412434084944
76670532x,0.6176280702453525,-0.31618302792178726,4.99977664017587,2.0248095413525164e-5,2.024809485625324e-5
766705610,1.486163720703307,-0.8930502518315283,4.996878357518742,5.793205076647478e-5,5.793204897420749e-5
766705936,0.05484729297566295,1.0025901453179573,4.998745950880462,3.3746825689208607e-6,3.374682503230496e-6
766705960,0.3536975294729134,-2.3648834271343966,4.946905074302359,4.387087339597119e-5,4.387087186061895e-5
766705979,0.36853148363985183,-0.19150930856970566,4.994880479812107,2.0248095413525164e-5,2.0248094767956794e-5
766706146,0.23744322122324582,-2.5020118290853133,4.9782174663819285,1.7998307034244593e-5,1.799830640435654e-5
766706365,0.5919936870877633,-0.8001793793706081,4.9983281565060125,1.912320122388488e-5,1.9123200637912683e-5
76670639x,0.18156760735545655,1.3078403467815742,4.995791429837406,6.243162752503592e-5,6.243162559321819e-5
766706808,0.6979978764524329,0.11963240484878915,4.999467245803725,5.0620238533812914e-5,5.062023714002109e-5
766706883,0.33105453748159325,0.6739605083209008,4.988959834740477,3.712150825812947e-5,3.712150733069599e-5
766707587,0.8147012509468129,-0.39207015086789265,4.843043890971909,9.84282415935251e-5,9.842823852129665e-5
766707763,0.70503682703293,0.3148464105521858,4.993840640155908,7.25556752317985e-5,7.255567278269698e-5
766708731,0.8226542529158081,-0.0026469575731290418,4.999242490085635,4.555821468043162e-5,4.5558213618468665e-5
766709072,1.120386245181251,-0.433567446811869,4.989005760243058,9.561600611942439e-5,9.561600295950402e-5
766709478,0.8287013452920705,-0.44820936297849273,4.956392358563611,5.118268562863306e-5,5.118268429998932e-5
766710292,1.104628602405416,0.7292396305917676,4.965456522033232,0.0003048463253925178,0.000304846315501644
766710575,0.2813806723424677,1.1909578526400875,4.997243352787377,5.624470948201435e-5,5.6244707891545314e-5
766710700,0.10283060494079839,-2.628729721419158,4.9985823955455455,3.3746825689208607e-6,3.3746824422001773e-6
766711228,0.7716225719727063,0.5590749449978079,4.983348452062666,0.00010798984220546754,0.00010798983974127142
766711244,1.9227091777984,0.6770754988113964,4.984439604251242,0.000599568603078273,0.0005995685900358957
766711332,0.900885797469806,0.12488062497463841,4.999235961114224,7.311812232661866e-5,7.311812047949109e-5
766712247,0.5595686280220259,1.096514250496818,4.998995183052137,0.000137237091136115,0.0001372370881363564
766712618,0.8079763048223659,-0.007771934862018441,4.995219024108741,4.668310887007191e-5,4.668310794859825e-5
766712650,0.7108013759829949,0.09704303575285526,4.998842848469477,4.049619082705033e-5,4.049618993899775e-5
766713565,2.496738181856597,0.5901820706816514,4.980794466770341,0.0007176824929905031,0.0007176824730205832
766713573,0.4890992413659176,-0.409720637501768,4.995302323688317,3.374682568920861e-5,3.37468245607662e-5
766713741,1.6208140283565717,0.3574448619117744,4.695683738858703,0.0004415209694338126,0.0004415208813748436
766714058,0.7383033808710802,-0.25741695496014383,4.990276818776882,3.262193149956832e-5,3.2621930726947605e-5
766714154,0.09902849060417661,1.4481453219613427,4.9998706683155945,1.2373836086043157e-5,1.2373835889565457e-5
766714648,1.1185541482334784,0.21426627749827176,4.998217880393363,0.00010967718348992798,0.00010967718091938539
766715229,0.5496789535228858,-2.3503417297019995,4.939828677555132,9.05539822660431e-5,9.055398016098399e-5
766715237,2.7297872273082233,0.10439109701217272,4.908843196404055,0.0004162108501669062,0.00041621083820730725
766715296,1.721145123905145,-0.5640983595785095,4.997505140514971,5.849449786129492e-5,5.8494496185372066e-5
766715480,0.25749564516840207,0.1151528898971312,4.99589766233381,1.0686494801582727e-5,1.0686494591814609e-5
766715499,0.9713231278729725,0.7671573789249819,4.997023009008859,0.00023397799144517968,0.00023397798566260464
766716141,1.5978616090303743,0.6481790460685385,4.997470385875105,0.0003610910348745321,0.0003610910269516883
766716280,0.552253647062313,0.12718216648884464,4.999673485234214,3.3184378594388464e-5,3.3184377725197426e-5
766716360,1.177472617704218,-0.42126447943143513,4.991703377833334,8.830419388676252e-5,8.830419100605162e-5
766716950,1.4888466127088327,-0.13866926045185482,4.996863834240087,9.561600611942439e-5,9.561600360721033e-5
766717208,2.158887018455293,1.0316826643357526,4.968124577527286,0.0011125203535542437,0.001112520332940523
766717216,0.29422438185668814,-3.442704477069397,4.995344605748103,1.1811388991223012e-5,1.1811390027036171e-5
766717291,1.9327812086714855,-0.5164709562402285,4.9993955131349885,7.818014617999995e-5,7.818014433325754e-5
766717347,1.8896185625976065,1.097805502950473,4.992513012919454,0.0008734803382556828,0.0008734803230241858
766717478,1.081302587750631,-0.3587085400545559,4.998316142103287,5.399492110273377e-5,5.399491953637436e-5
766717574,1.0379386995250215,-0.1386402159665782,4.989891891801804,9.730334740388482e-5,9.730335477600192e-5
766718200,0.6415329713685926,0.1475549507568018,4.988314763347423,5.0620238533812914e-5,5.0620238827131506e-5
766718227,0.742987569787183,0.5172050578413406,4.998106318011922,9.111642936086324e-5,9.111642721744443e-5
766719094,0.7129119412218529,0.13219297161248378,4.996816953723387,5.0620238533812914e-5,5.062023722749995e-5
766719203,0.4282139319766488,0.6014665685403755,4.996137592040198,4.499576758561148e-5,4.4995766634972144e-5
766719350,4.897010979790786,-0.20782269626121047,4.971474803352862,0.0007969875333601434,0.0007969875125937693
766720175,4.407571874039592,-0.03318973332720447,4.9820451419352825,0.0006130673333539564,0.0006130673174578311
766720212,0.7902043747571249,0.20523751368417437,4.99105204163264,6.186918043021579e-5,6.186917911109483e-5
76672036x,2.269101521154636,-1.5352542096298398,4.29430623507965,0.0011417676024848913,0.0011417675527817088
766721039,0.35401588109339693,0.4495907823078107,4.999807622013772,2.5310119266906457e-5,2.5310118682378497e-5
766721506,1.6069340099342457,-0.028449780806870398,4.9981960442931594,0.00016873412844604306,0.00016873412384870275
766721709,1.2002449804100759,-0.5951279807735136,4.996557407504576,3.937129663741004e-5,3.937129641834677e-5
766722082,0.8538387049904894,0.6933087966850001,4.979143892329981,0.00016873412844604306,0.0001687341239419129
766723827,0.4166052835606135,-0.40470465879671824,4.996888400128284,1.8560754129064736e-5,1.856075528068792e-5
766724686,0.282338564489112,0.44406804473045963,4.999876599277104,1.631096574978416e-5,1.6310965370482746e-5
76672503x,1.0738057255376832,-1.0291613305207599,4.94832867567617,7.311812232661866e-5,7.3118122319974e-5
766725478,0.6705423896291853,-0.4630387499578112,4.999809180947689,1.5748518654964018e-5,1.5748518285927375e-5
766725929,0.9670758216454666,0.3212275474161636,4.995453558029147,0.00019516914190258978,0.00019516913589771978
766726059,0.46751306159130146,-1.366666664263803,4.999880511629889,2.249788379280574e-6,2.2497883248966437e-6
76672618x,0.4496752484776831,0.1955258376783136,4.9966653176779605,3.3184378594388464e-5,3.318437754978845e-5
766726681,0.778215236582077,0.19418016275873098,4.997927748946853,5.624470948201435e-5,5.624470831359422e-5
76672669x,0.07237583252758532,1.3386611539238333,4.996925314821196,6.749365137841721e-6,6.749364976670181e-6
766727131,0.8565759792849006,0.3971468426267052,4.998301645346289,8.774174679194238e-5,8.774174497030863e-5
766727772,0.6743020506355862,0.6057987149217966,4.966385049951681,0.0002710994997033092,0.00027109949135482436
766727983,0.19880476710439063,-0.2850924061996402,4.998744850431347,3.3746825689208607e-6,3.374682503247519e-6
766728919,0.4829099187229009,-0.5719210940889502,4.995774195772768,1.5748518654964018e-5,1.574851814665291e-5
766729970,0.5489389448486515,0.4642984530136583,4.999476711393165,5.343247400791363e-5,5.343247276752724e-5
766730015,0.5799322907228796,0.2729722867683516,4.977767064458072,5.5682262387194207e-5,5.568226087191271e-5
766730197,4.378240802320201,-0.18848085606911985,4.993670673179363,0.0006035057327420139,0.0006035057175235345
766730293,0.06120189310251955,0.18695696275636484,4.999899494548646,2.249788379280574e-6,2.249788309687742e-6
766730322,0.4211606735636436,-0.02399168471531953,4.991584784191763,2.4747672172086314e-5,2.474767148862807e-5
766730357,0.6931577659768027,0.17132093740778606,4.998652794934623,5.455736819755392e-5,5.4557366824931616e-5
766731341,0.3667034574206261,-0.24559101097859076,4.999304360509613,1.6873412844604303e-5,1.6873412312168937e-5
766732176,1.990804319100945,-0.013870810134538463,4.995731223989081,0.00016704678716158262,0.00016704678237397167
766732256,0.7633703686930989,-0.7653750369652548,4.927276578240522,8.605440550748195e-5,8.60544032783317e-5
766732475,3.9565663752176365,-0.2681173958589514,4.993622426196784,0.00046851842998517953,0.00046851841813547
766732491,1.442841469859318,0.3363233386721296,4.998387272869142,0.00018279530581654662,0.00018279530140618945
766732555,0.7338606254566709,0.5663551944947559,4.999044183035671,9.730334740388482e-5,9.730334506919277e-5
766732870,0.7866539168080875,0.21145500053505012,4.998974604041519,7.76176990851798e-5,7.76176968994399e-5
766733021,1.2502312247484082,0.7144415704979492,4.96113876921001,0.00037290242386575515,0.00037290241128726785
766733419,0.29958536777659345,1.8913613433874545,4.990487614635129,0.00023060330887625884,0.0002306033034398651
766733988,1.3626892001241526,0.15256823258023228,4.996220895740911,0.00012711304342935241,0.00012711304085061205
766734059,0.9345239091502935,0.33434755017651235,4.985990772961637,0.0001282379376189927,0.00012823793650998733
766734200,0.7461093748765655,-0.14206888786479593,4.999539779292706,2.6997460551366886e-5,2.6997460017232947e-5
76673506x,0.18707939124596581,0.5233602727572506,4.995773889886758,1.2373836086043157e-5,1.2373835804852086e-5
766735406,0.5731776942586178,-0.2542394045767669,4.999768303787105,2.0248095413525164e-5,2.024809486096852e-5
766735764,1.293429941287618,0.13487808766423742,4.995756303604927,0.00011698899572258984,0.00011698899329981757
766735844,0.8339891421273293,0.5031989848734828,4.998059870514985,0.00010011558287798554,0.0001001155807997544
766736257,0.49758859854684334,0.4391657646370863,4.9988714362337205,3.824640244776976e-5,3.824640167131339e-5
766736628,0.5161429430712053,0.053866003276851725,4.999803225185694,2.3622777982446025e-5,2.362277739411425e-5
766736863,0.651324313452621,-3.1568351689841108,4.9426503702414095,5.680715657683449e-5,5.680715541621131e-5
766738156,0.21299046012863238,1.455532803018211,4.978284957042849,0.00010011558287798554,0.00010011557971669176
766738965,0.9800472951279318,-0.3142356709072123,4.983467036639752,4.837045015453234e-5,4.837044905553634e-5
766739650,0.11926873364961613,-0.8440960315347749,4.999948864338139,1.124894189640287e-6,1.1248941549154558e-6
766739706,1.4633436584591664,0.12118937802581034,4.998500719178463,0.00015748518654964017,0.00015748518237224533
766740168,0.511799266993013,0.44834331610954975,4.998212510603249,4.274597920633091e-5,4.27459780525475e-5
766740336,0.38044992447533643,-0.151403580235513,4.9955561358451455,1.2373836086043157e-5,1.2373835749076974e-5
766740651,0.08372671662378223,0.6321732395329419,4.999170259111469,8.999153517122296e-6,8.99915323600695e-6
766741849,0.8101540377565222,0.8825291230983122,4.987359295168736,0.00020529318960935236,0.00020529318683662975
766741873,1.8579278371657963,-0.8947141544258717,4.992621064239417,0.00010574005382618697,0.00010574005053254103
76674242x,0.7335237629645484,0.9080312173929113,4.9983171452684605,0.00014736113884287758,0.0001473611363266935
766742622,1.861845957793194,-0.163178626196074,4.9980315445624415,0.0001760459406787049,0.00017604593584743758
766742956,0.6346867427965365,0.07400983239804403,4.997379068486625,4.499576758561148e-5,4.499576627737436e-5
766743051,3.5083556083557923,0.46081538887958057,4.9713634000787525,0.0015883505957720852,0.0015883505493114406
766743115,0.4257967712026049,0.2512175792235168,4.999081526728307,2.1372989603165453e-5,2.1372989025673596e-5
766743158,0.8965312459772846,0.2595702301563897,4.993670234897166,0.00010686494801582726,0.00010686494530151755
766743262,0.24335626252925605,-0.9629948321976846,4.9997527222756775,3.3746825689208607e-6,3.37468246538851e-6
766743377,0.09550668905994678,1.2799455943571294,4.994978964241809,1.3498730275683443e-5,1.349873001299747e-5
766743385,0.782844271214114,-0.11521183678466833,4.994466142522244,3.5996614068489185e-5,3.599661324679758e-5
766743692,0.30258677281577656,0.1399501505110048,4.996443179047793,1.7998307034244593e-5,1.7998306470666024e-5
766743836,1.0581620074803992,-0.45153306821618083,4.989156146159102,5.0620238533812914e-5,5.062023754816197e-5
766743975,0.3950721866814663,0.516980609700801,4.999032561301952,3.88088495425899e-5,3.880884847503161e-5
766743991,0.46436693539978613,-0.2665828577453787,4.999742512633138,1.124894189640287e-5,1.124894161926092e-5
766744222,1.949704877952949,-0.11154805404231334,4.9982979362946045,0.0001383619853257553,0.00013836198257281815
766744580,0.9573021715574048,-0.09027421489245739,4.996757484720914,5.0620238533812914e-5,5.062023747394451e-5
766744644,0.3118428355516708,0.23314740558767558,4.996901280159033,1.3498730275683443e-5,1.3498729964798431e-5
766745268,1.2914915452419993,-0.6404554409143025,4.999621572040189,3.430927278402875e-5,3.430927205730653e-5
766745276,0.47279301042970384,-3.6029464541090297,4.993145803667591,1.124894189640287e-5,1.1248941617523411e-5
766745292,0.9411680027205446,-1.42707186773167,4.999447565901422,1.29362831808633e-5,1.2936282778206339e-5
766745364,0.7557471520426976,-0.14017145120239075,4.9990191272759565,3.0372143120287746e-5,3.037214256589998e-5
76674576x,0.307910481716816,1.9028207314801615,4.997463981504642,0.0002519762984794243,0.00025197629192209414
766745831,1.7468833230399115,0.11466909516563675,4.994415924303383,0.00018392020000618692,0.0001839201960829761
766745903,0.3689108694667727,0.7588520564398488,4.999237027730612,3.937129663741004e-5,3.937129582012812e-5
766745938,0.19239424381373119,-0.14262127108068934,4.992733030496906,1.1811388991223012e-5,1.1811388719695265e-5
766746084,0.7157549790093323,0.5741232700173575,4.985290519747406,0.00010067802997280568,0.00010067802831996546
766746148,0.6744830454338081,-1.0438649970411873,4.99979180257333,5.624470948201435e-6,5.624470831496623e-6
766746236,1.1592522973011794,0.2759900970588379,4.971254539636884,0.0001631096574978416,0.00016310965386784324
766746359,0.8052235335832348,-1.1627833789938014,4.998741531036065,1.5748518654964018e-5,1.5748518159594e-5
766746367,0.792126116854854,0.12916817095390026,4.992441135337221,6.918099266287765e-5,6.918099206474639e-5
766746500,0.41820585816515055,-0.9197639690916887,4.999672481574896,4.499576758561148e-6,4.499576627174285e-6
766746519,3.54440951547267,-0.21400119515233995,4.980106654471908,0.0003554665639263307,0.00035546655554039215
766746711,0.4691388038551937,-1.312246583838011,4.975027420561447,2.4747672172086314e-5,2.4747671448715396e-5
766746869,0.9543493061757586,-2.468117719393258,4.955070523613869,0.00012148857248115099,0.00012148856843874342
766747300,0.20519022391064476,1.546794244146308,4.9991630039395565,7.311812232661866e-5,7.31181203349562e-5
766747319,1.192925303435146,0.3345456681587994,4.998243449726404,0.00015579784526517973,0.00015579784146868905
766747327,0.5928144316186674,-0.30221114092950746,4.999262196422644,1.8560754129064736e-5,1.8560753641109373e-5
766747458,0.2523967543961384,0.7479912763599322,4.9943241338102125,2.418522507726617e-5,2.4185224446056785e-5
76674752x,1.1062645069064387,0.1948718316582611,4.996606800802007,9.44911119297841e-5,9.449110910806237e-5
766747597,0.17227713235060163,-0.7919979265532617,4.999936242576842,1.124894189640287e-6,1.1248941573904306e-6
766747730,1.1825183912230801,-0.82821660638952,4.915338765437583,0.00011980123119669056,0.00011980123118579796
766748071,0.5448118645861161,0.5946223777588834,4.998890272514535,5.7369603671654635e-5,5.736960248033666e-5
76674824x,3.072887715590991,0.6523926137811615,4.956956902811194,0.0015202944972988479,0.0015202944572457195
766748848,1.401478477862146,0.6695375178195391,4.990943238697525,0.00034984209297812927,0.0003498420853648657
766748864,0.9849025068616021,-0.13246722244404815,4.999397739835865,5.230757981827334e-5,5.2307578528527865e-5
766749971,0.31119605735466005,0.47023694325339294,4.995680057797079,2.0248095413525164e-5,2.024809546589464e-5
770250241,0.1690029929898709,1.7644900755696562,4.998766759767676,5.624470948201435e-5,5.624470834894783e-5
770250946,0.8420840305047502,0.38754464876480677,4.998385547494679,8.380461712820138e-5,8.380461510723106e-5
770250954,0.05484681881200497,-1.8084566393018626,4.999005031505053,3.3746825689208607e-6,3.3746824558561212e-6
770251092,3.2438926572606483,-0.2772086682895486,4.976641861636728,0.00040046233151194217,0.0004004623644842256
770251439,1.073519368938592,0.35255446629136644,4.996292256321928,0.0001164265486277697,0.00011642654629104293
770251519,1.1635837184548952,-0.34882649279923206,4.999435968513138,4.8932897249352485e-5,4.8932896091511714e-5
770251586,0.07697126414599313,1.2750423710366918,4.999940133969498,7.874259327482009e-6,7.874259145667315e-6
770251594,0.7645767965223391,-0.6020563693035497,4.998449750662152,1.7998307034244593e-5,1.799830643210168e-5
770252044,1.0149775067449556,0.037798703981681094,4.999427224048996,7.424301651625894e-5,7.424301478928739e-5
770252060,0.6724471245749275,-0.2136104825604499,4.999012045800394,2.9809696025467603e-5,2.9809695168002988e-5
77025308x,0.5268250012838029,-0.2056777816619976,4.995187405441123,3.1497037309928035e-5,3.149703954362657e-5
77025316x,0.6583360494281938,0.1818704587042809,4.97732780132608,5.399492110273377e-5,5.3994919680873854e-5
770253258,0.5466882242218226,0.5566636071806624,4.996685765606971,5.455736819755392e-5,5.455736659363425e-5
770253338,0.8735017506387581,-2.684848712491063,4.972959112523823,7.311812232661866e-5,7.311811989368824e-5
770254031,0.49889468714290225,0.5591492343408078,4.998447574018357,5.849449786129492e-5,5.849449626838547e-5
770254162,0.839472232841351,0.48176640821381334,4.996534340444516,0.00016592189297194232,0.00016592188797408565
770254170,0.1613453966152241,0.5906281773328583,4.999343301232216,1.0686494801582727e-5,1.0686494492766779e-5
770254285,3.0992895567103025,0.17330088320514095,4.9820087285470676,0.0005455736819755391,0.0005455736663108109
770254963,2.7855302614115205,-0.39774686994305464,4.985987692474578,0.00023622777982446026,0.00023622777382586486
770255042,0.20044338068899045,0.33238249717575236,4.999764262309129,7.311812232661865e-6,7.311812099101413e-6
770255368,1.3043077888623311,-0.8444773479384938,4.999259015619197,2.924724893064746e-5,2.9247248127173216e-5
770255413,0.8268762578846003,-0.32972191735257417,4.990883855452797,8.211727584374094e-5,8.211727327484404e-5
770255683,1.731267409377162,0.5629578020301655,4.9939276913807635,0.00038246402447769754,0.0003824640158460349
770255704,0.3976273365906037,-0.106720619355874,4.999907607177179,1.1811388991223012e-5,1.1811388707869192e-5
770255763,0.4434367870279901,-0.24137891282676954,4.9929182351343595,2.0248095413525164e-5,2.0248094937521067e-5
770256301,0.46398360038194175,0.5810743286383012,4.999511106588548,5.343247400791363e-5,5.343247265984897e-5
770256459,1.1304449811143829,0.02460316731017909,4.911246706694809,0.00015861008073928047,0.0001586100798093398
770256491,0.10441247464596642,1.379399083484957,4.998111466165227,1.6873412844604303e-5,1.6873412445387538e-5
770256694,0.06120179434393884,0.9438742518631841,4.999947963725757,2.249788379280574e-6,2.2497883211095505e-6
77025674x,0.9735110898993651,0.26518964200878314,4.992670798301981,0.00012373836086043157,0.0001237383577175465
770257590,0.47450854208463794,0.25284725107640416,4.974007163036525,5.118268562863306e-5,5.118268574539171e-5
770257726,0.10054604764140647,0.00696000583126264,4.999875518694244,2.249788379280574e-6,2.249788312057172e-6
770258120,0.6019201874531815,0.00016112467212291886,4.997667637584596,3.262193149956832e-5,3.262193042266953e-5
770258155,0.8421488160056596,0.7604831036861878,4.994184013556125,0.00018335775291136678,0.000183357748231335
77025877x,0.6466583925020438,0.12509137363375392,4.9993222670613635,3.487171987884889e-5,3.487171915567623e-5
770258905,0.946782765023181,-0.26057625736692197,4.9980486850450685,5.5119815292374064e-5,5.5119813640693434e-5
770259131,1.357312548802223,0.5206539835682497,4.965261675662743,0.00024522693334158254,0.0002452269272328518
770259553,0.10009869953730235,1.590568494093133,4.999558614710454,1.5186071560143873e-5,1.5186071295974971e-5
770261418,0.5745323898448543,0.401962344919082,4.96304485578627,7.649280489553951e-5,7.649280204017113e-5
770261477,3.9704035833957647,-0.2180819067469275,4.989319650395656,0.0004724555596489205,0.0004724555480590358
770261637,0.24090312657783255,0.7515533974903997,4.999629845780602,1.912320122388488e-5,1.9123200826862115e-5
770261792,0.24993144858239888,0.6977435835247278,4.999714995578265,2.4747672172086314e-5,2.474767149799764e-5
770264598,1.0577733996320233,-0.33088969272384433,4.998090200610869,6.243162752503592e-5,6.243162566561087e-5
770264707,0.2783102728972564,0.011350099075639322,4.9999371309613245,7.874259327482009e-6,7.874259148275604e-6
770265136,1.088605843191533,-0.3229666422870712,4.992056414329919,8.717929969712224e-5,8.717929703989989e-5
770265291,0.7842927367771837,0.7555278037646197,4.996080293841971,0.00013611219694647473,0.0001361121929223584
770265400,0.18799968502402153,0.8534373399780784,4.997102973373987,1.3498730275683443e-5,1.349872988884462e-5
770265515,0.7589727107382783,0.08710650213324267,4.997348394273011,6.243162752503592e-5,6.243162582075393e-5
77026597x,0.18360571986581897,-0.7921018617903379,4.999892872688926,2.249788379280574e-6,2.249788310596883e-6
770266200,0.8788577495599291,0.7056342801865905,4.99759255358101,0.00015411050398071933,0.00015411050164608345
770266796,1.4158133445297159,0.20353015714584793,4.995852897128921,0.0001681716813512229,0.00016817167762164648
77026714x,0.34425253444188336,0.04643308059664247,4.998943420495361,1.2373836086043157e-5,1.2373835718717247e-5
770267553,0.36490231412612084,-0.6876495996725895,4.999392293985996,7.874259327482009e-6,7.874259085357178e-6
770268150,0.22324755957785145,1.4795362788895172,4.9978223792824705,6.749365137841721e-5,6.74936522917456e-5
770268337,0.2098365731322417,-0.9289291843517915,4.999683477158971,2.249788379280574e-6,2.2497883099937038e-6
770271499,0.3997467020978059,0.31328912641832196,4.9993791459582155,2.1372989603165453e-5,2.1372988968176247e-5
77027194x,2.1969948042051533,0.630855960340595,4.992554552696688,0.0005736960367165463,0.0005736960279624499
770271958,1.1465186948099573,0.22316585641068992,4.995836115106334,0.0001124894189640287,0.00011248941662992247
770272651,0.4729022484890421,0.2264285163607782,4.9995307229945904,2.4747672172086314e-5,2.4747671765755092e-5
770274788,0.9587952458651393,-0.189431525984232,4.964715684899994,0.0001282379376189927,0.0001282379465507541
770275350,0.22613268305266,0.13570401425409515,4.99994899350474,6.749365137841721e-6,6.749364980566951e-6
770275668,0.4705172874301511,-0.0006894674661659675,4.980330840947291,3.1497037309928035e-5,3.149703668772354e-5
770276409,0.7331854431756945,0.3826721210378728,4.962980511414657,9.674090030906468e-5,9.674089765477648e-5
770277524,0.8606685647444301,-0.3566028012189234,4.993208801564551,8.324217003338124e-5,8.324216743763345e-5
770277583,1.1032169884733338,0.9286418750826048,4.985113080323334,0.0003610910348745321,0.0003610910265031683
770277989,0.25865667894497285,0.26237652201381373,4.9998384748741245,1.29362831808633e-5,1.293628281734304e-5
770278703,0.3027295884714545,-0.5862793865995413,4.999843594754075,5.624470948201435e-6,5.624470777146207e-6
77027944x,0.4420440388725222,-0.4772231610449273,4.999609645833638,1.5748518654964018e-5,1.5748518164781972e-5
770279546,0.4907966574296191,-0.2103263997140073,4.996639278194917,2.58725663617266e-5,2.5872565538732705e-5
770279669,0.07951238255764986,0.08866249811359117,4.9999891570248804,1.124894189640287e-6,1.124894163808566e-6
770279685,2.013687268141769,-0.5032483662337178,4.998914767270583,8.66168526023021e-5,8.661685041464041e-5
770279853,0.6863879582946417,-0.32838358918357435,4.999820019189729,1.912320122388488e-5,1.9123200843690477e-5
770280053,0.44984092299044526,0.14948267379868535,4.999785750561471,1.8560754129064736e-5,1.8560753717097736e-5
77028111x,0.583704269153033,-0.2014018448129013,4.999828937778724,2.0248095413525164e-5,2.0248094933022723e-5
770281531,2.4037331334418695,0.9960974607432289,4.952150205127092,0.0014904848012733801,0.0014904847659240076
770281718,1.2569219620218661,0.23740672554579448,4.996643226635091,0.00014848603303251788,0.00014848602939000017
770282016,0.30199528790654984,0.5072771723625272,4.9977831028346555,2.249788379280574e-5,2.249788329808697e-5
770282024,0.5296630984701921,-0.2904842631871378,4.9985048139859005,1.5186071560143873e-5,1.5186071226135475e-5
770282753,7.6547070663567345,0.3510648503553093,4.917680679813857,0.0024235845315799982,0.002423584471728852
770282788,0.4923754915264659,0.4050193513734571,4.99849218770098,3.655906116330933e-5,3.655906012633919e-5
77028322x,0.679607195402811,0.26842988095895437,4.998577123388645,5.005779143899277e-5,5.005779034011587e-5
770283641,0.8740734587930211,0.5326392765334953,4.994838520558121,0.00013498730275683443,0.00013498729933981296
770283828,0.3835407316312017,0.044997165525073074,4.999729521285334,1.2373836086043157e-5,1.2373835847189791e-5
770284484,0.598454482271348,-0.3843089882786549,4.999868659675875,1.5748518654964018e-5,1.5748518270110786e-5
770284564,1.804528565028625,-0.11969826331859199,4.863192508469667,0.0003689652942020141,0.0003689652852449931
770284759,0.5596795200686238,-0.1369284561082002,4.999785363251067,2.1935436697985596e-5,2.1935436121631456e-5
770284847,0.573178245026973,-0.24120927920627505,4.999739470716033,2.0248095413525164e-5,2.02480948464791e-5
770285196,6.3622214164109305,0.07783327332699053,4.914273227817518,0.0015259189682470492,0.0015259189322572783
770285348,2.3653462072090963,-0.5876733703880618,4.983776490844009,0.000129362831808633,0.000129362827863568
770285639,1.5896007656037932,-2.8344119761782407,4.8920586020142505,0.00021035521346273367,0.00021035520746848333
770285647,1.25723929361761,0.4665782502372965,4.994602759860913,0.0002081054250834531,0.00020810542055575145
770285815,0.5318187029640996,0.5707275225182826,4.999234924944844,6.018183914575535e-5,6.0181837740971305e-5
770285874,0.7670164907809844,-0.4445520478809632,4.956053070845158,7.143078104215822e-5,7.14307794000563e-5
770285962,0.36699023810537684,-0.2877880856373305,4.9984450382845935,9.56160061194244e-6,9.561600358095191e-6
770286148,0.12240372731206328,0.03981809989946285,4.999914044963426,2.249788379280574e-6,2.249788331586116e-6
770286818,0.47125962611572,0.11306542855620175,4.9994860677457655,1.5186071560143873e-5,1.5186071198042292e-5
770287757,3.4980006154263052,-0.2804342607139506,4.989569251148079,0.0003442176220299278,0.00034421761424445837
77028779x,0.8744197690048131,0.14562648067451128,4.991810350796544,6.749365137841721e-5,6.749365169689152e-5
770288362,1.0285723199102883,0.3882845930051466,4.991326575124785,0.00017098391682532363,0.00017098391227472916
770288629,2.571334742346075,-0.20941915439452838,4.998557648577643,0.00019910627156633078,0.00019910626701880106
770290323,0.3043573846386128,1.6894696198526327,4.968856975582004,0.00022216660245395666,0.00022216659540135538
770291377,0.907548378945933,-1.4010961757197673,4.999029908045837,1.1811388991223012e-5,1.1811388632510118e-5
770293460,0.26165489601261743,0.37485289093460344,4.99836327067653,1.462362446532373e-5,1.4623624119335869e-5
770294914,0.5575706069698256,-0.5769009014244432,4.999882513047445,1.124894189640287e-5,1.124894159564439e-5
770295394,0.45012413997103246,-0.2840017347178616,4.997042591899635,2.4747672172086314e-5,2.474767141165365e-5
770295917,0.13342524283773563,-0.09242944242130356,4.998384628007808,6.749365137841721e-6,6.749364928388535e-6
770296311,0.5143804365070812,0.10057553817543022,4.999791375475223,2.4747672172086314e-5,2.4747671648333046e-5
770296338,1.0094589468785398,0.2841725242284098,4.998428060090712,0.00010798984220546754,0.00010798983953664888
770298915,0.4803987274830015,-0.10359866219140161,4.9901751999840345,2.8122354741007175e-5,2.8122354080603446e-5
773500111,0.7672896678586691,0.08880983011300883,4.999606130838529,4.274597920633091e-5,4.2745978166971926e-5
77350063x,1.5110720970850389,0.1365282443849281,4.9889758276394565,0.00017660838777352504,0.00017660838253573033
773500656,1.2676801954000336,-0.05887389103115466,4.998125193642658,0.0001124894189640287,0.0001124894156686243
773500971,1.9863907980195066,0.6803547607289202,4.9806379927165,0.0006749365137841722,0.0006749364985304449
77350098x,0.0723782173935411,1.0005528349443213,4.995938031023809,6.749365137841721e-6,6.749364943480132e-6
773501608,1.0766230701172357,0.4992078506250377,4.984894537057708,0.0003104707963407192,0.0003104707868288556
773502037,0.41279613387127806,-2.5154401388379064,4.971596145930631,4.274597920633091e-5,4.274597821263846e-5
773503021,0.39715597637272626,-0.1871884432263879,4.98075670683059,3.374682568920861e-5,3.374682499679817e-5
773503240,1.0872459685655367,0.31212703734836256,4.991658924249462,0.00016535944587712218,0.0001653594414726782
773503443,1.123274132988993,-3.2700594390785396,4.923500482311535,0.00013667464404129486,0.0001366746440819635
773503793,0.7832437204980455,0.018378089599224972,4.9997111465461,3.7683955352949614e-5,3.76839546236174e-5
773504198,1.3044505769957808,-1.1567569160332796,4.995977781928671,2.924724893064746e-5,2.924724799775888e-5
773504200,0.15626001564591716,0.5040804152565727,4.999713451648543,8.436706422302152e-6,8.436706195595577e-6
773504243,1.213218393115277,0.4621425744277875,4.995180420032577,0.00016535944587712218,0.0001653594415240978
773504251,4.616923664257843,-2.95227356195013,4.432001138351721,0.0008228600997218699,0.0008228600719071779
773504331,2.4679268250459896,-0.39052180742922565,4.995288108764185,0.00014398645627395674,0.0001439864522070863
773505537,1.424435378693287,-1.094198034020034,4.997110171126138,4.499576758561148e-5,4.499576621248935e-5
773506345,1.9273420724743173,0.1914307228305124,4.997069437915201,0.00029809696025467604,0.0002980969524256562
773506572,0.15910562136097536,1.7697028697626564,4.999336679542148,4.837045015453234e-5,4.8370449425688464e-5
77350688x,0.3691805638507185,-0.7077670117862829,4.999206428839468,4.499576758561148e-6,4.499576655950163e-6
773507321,1.024291938340202,0.22531846351137216,4.99694573905372,0.00010236537125726611,0.00010236536856771453
773509001,0.3313036562660576,-3.3761660867016294,4.99980234637622,1.124894189640287e-6,1.1248941567494175e-6
773509212,0.4390415306661017,-0.22904431190607752,4.996637783628466,1.968564831870502e-5,1.968564770227091e-5
773509730,0.7255075222740578,-1.2230653640105735,4.99990332799367,6.749365137841721e-6,6.7493649444438715e-6
773510598,0.5253043194079097,0.9776668827352634,4.996074674289341,0.00013779953823093516,0.00013779953460414253
773510694,0.622997002563022,-0.1330244346272595,4.988424540810865,3.1497037309928035e-5,3.1497036360247665e-5
773510854,0.9821441723918024,0.5502803123592288,4.9850606935666795,0.00018785732966992793,0.00018785733288298633
773511558,0.5425830402888502,0.4795871256477282,4.995592621500274,6.46814159043165e-5,6.46814143212114e-5
773511697,0.22387177368355138,0.1743564508149431,4.9998942228702195,6.749365137841721e-6,6.749364994891821e-6
773512008,1.5401386247963493,-0.042793506903950417,4.9990179112820465,0.000129362831808633,0.00012936282881434853
773512462,0.44372963527337966,0.360062645358985,4.9998103832330605,2.1935436697985596e-5,2.19354362707049e-5
773512884,1.740627389346129,0.6684924778632796,4.996032513339034,0.0004825796073556831,0.00048257959641362423
773513609,0.4619081639154074,-0.7138852008707037,4.972789576949002,2.4747672172086314e-5,2.47476716498283e-5
773514054,1.729221141969794,0.659076631979848,4.98378007294923,0.0004612066177525177,0.00046120660376143796
773514142,0.5536442298228172,0.12192304656007731,4.997854159842192,5.17451327234532e-5,5.1745131149617364e-5
77351445x,0.05484511452681486,1.1881273725973256,4.999937303104648,3.3746825689208607e-6,3.3746825209644382e-6
773514839,0.046637280678779695,-2.1495634219260755,4.997743063050591,2.249788379280574e-6,2.249788311287915e-6
773516316,0.4138247421685494,0.17063262317831335,4.99697645016517,2.4747672172086314e-5,2.4747671446652925e-5
77351699x,2.424615216048553,0.7966853667133031,4.988046990638291,0.0010911473639510783,0.001091147337182519
773517298,1.6742347227665675,-0.6856515041428164,4.990371742755129,5.455736819755392e-5,5.4557366469788326e-5
773518688,0.5696335929291346,-0.8018551900784576,4.963016929156057,5.17451327234532e-5,5.17451327110511e-5
773518741,0.622949777081794,-0.3648959451957265,4.999240230609085,1.5748518654964018e-5,1.5748518226928813e-5
773519605,0.9933344747361004,0.24573738170290502,4.9963846884332,7.874259327482009e-5,7.874259137524794e-5
773520411,1.256773341727399,0.9701172931654032,4.9839932897772465,0.0004550196997094961,0.0004550196859063577
773521158,0.6680749523706996,0.14061710626046298,4.999295326936982,4.162108501669062e-5,4.162108409147733e-5
773521529,0.6912474906532573,0.22787196225566894,4.998402923730698,6.411896880949636e-5,6.411896699564682e-5
773522652,0.4236273779251167,0.5075412621316652,4.999073413955721,3.093459021510789e-5,3.093458937019949e-5
773522951,2.5115962698068848,0.5726342862428542,4.992375640956841,0.0006591879951292082,0.000659187980511645
77352296x,0.43643379635784146,-0.7453262449951307,4.999935822358469,5.624470948201435e-6,5.6244707982909535e-6
77352392x,0.24840794390361173,-2.708083128839164,4.993745219943838,1.2373836086043157e-5,1.237383576647591e-5
773523954,0.5261436787792656,-0.7486192058133019,4.99957805465417,8.436706422302152e-6,8.436706197516541e-6
77352405x,0.19610825044042635,1.8738849572155611,4.995022291152276,8.15548287489208e-5,8.155482704798473e-5
773524359,1.297072342788586,-2.6214293933210424,4.8903269218229894,0.0002137298960316545,0.00021372988994123975
773524391,0.3153333029017679,-0.7233436691783091,4.999902559040465,3.3746825689208607e-6,3.374682482305863e-6
773524826,2.7809586276439777,-0.33586703500208215,4.993178953771508,0.0001940442477129495,0.00019404424182658845
773524869,0.8678034645527501,0.35956126801793153,4.99898294982927,0.00010574005382618697,0.00010574005100415676
773525036,0.23782121598466577,0.5649079788467117,4.997921185013575,2.1372989603165453e-5,2.1372989058166606e-5
773525474,0.662424688833941,-0.35005605230519643,4.996462287877317,3.205948440474818e-5,3.2059483498043854e-5
773525511,0.3027325882124733,-0.6165053006920053,4.99954634473164,5.624470948201435e-6,5.6244707699349205e-6
773525837,2.806624334815117,-0.1730958484458829,4.9887465885484,0.00022610373211769767,0.00022610372574797914
773526012,0.6925447550802742,-2.7158567480863978,4.918870630400319,0.00010798984220546754,0.00010798983855106695
77352616x,2.4476539883420347,-0.10910194345216104,4.997081758196208,0.0002688497113240286,0.0002688497043296503
773526215,0.5938197742988097,-3.381220704545508,4.977963101900366,3.937129663741004e-5,3.937129664912507e-5
773526389,8.677442002533951,0.5869118278969742,4.850465603736702,0.005715024930467478,0.005715024772254156
773526485,0.2153493335089396,0.6353658825134152,4.99963891925265,1.2373836086043157e-5,1.2373835760360644e-5
773527066,0.545703156287067,-2.845136197548934,4.97619934897408,2.58725663617266e-5,2.587256561571671e-5
773527103,0.15902477389629296,-0.7309378273498112,4.999987447424032,1.124894189640287e-6,1.1248941588332462e-6
773527226,2.197035610625548,0.6558263618414416,4.979822140237268,0.000646814159043165,0.0006468141409800851
773527410,0.5290049294967606,1.2109563638347642,4.994669666728837,0.00019854382447151065,0.00019854381940411867
773527621,0.9089361705678877,0.2769316562797681,4.980543500665636,0.0001164265486277697,0.00011642654687742064
773527699,0.7000435416085448,0.5765279528475038,4.990265675510233,9.224132355050353e-5,9.224132164799528e-5
77352798x,0.2263569581377455,0.4490836591588526,4.999891921559378,1.124894189640287e-5,1.1248941626694182e-5
773528157,3.320458600211238,0.4463428028348049,4.6428997151911675,0.002442145285709063,0.00244214544668657
773528587,1.0999628474647682,0.3431641057376925,4.998372736744803,0.000141174220799856,0.0001411742174594188
773528667,1.1784139015601802,-0.889613049274036,4.99904822388632,2.3622777982446025e-5,2.3622777319651492e-5
773529213,0.6033387504572066,-0.9103781451016882,4.998729541762084,1.5186071560143873e-5,1.518607108722175e-5
773529459,1.2772184050607274,0.05361290090702131,4.9979751651359825,8.999153517122296e-5,8.999153273651599e-5
773529539,0.7853810995100784,0.8376597684899769,4.991769289956366,0.0001901071180492085,0.00019010711308883342
773529731,1.7818247813646995,-2.8142242965139133,4.938643609265752,0.0002081054250834531,0.00020810541811112798
773529782,0.3461002485211008,-0.9526719986924087,4.999772250023939,4.499576758561148e-6,4.499576619879152e-6
773531057,0.6692995802106603,-3.0835506885295674,4.953646481932577,7.536791070589923e-5,7.536790912830004e-5
773531209,0.13057949788565967,1.0835990945109613,4.99812062501932,1.5748518654964018e-5,1.574851812318106e-5
77353133x,0.8326854264470486,0.4040471862281271,4.999053667031199,9.786579449870497e-5,9.78657919069825e-5
77353184x,1.0777602851101213,0.08959242915687111,4.997914356345972,0.00011980123119669056,0.00011980122769521494
773532260,1.1250583950883093,0.5567797970830375,4.997984233041928,0.00016873412844604306,0.0001687341253057671
773532850,1.0733854182741072,0.26585419643196684,4.980363096168412,0.0002733492880825897,0.00027334927952223065
773533482,1.0071721786278662,-0.22968758903525913,4.999532587234455,3.5996614068489185e-5,3.5996613556737554e-5
773536368,0.39601095248524076,-1.9539445055225468,4.96812583152055,3.937129663741004e-5,3.937129501326808e-5
773536974,0.5902285736294305,0.9234692643322076,4.9775415412039195,0.00019741893028187035,0.00019741892512942498
773538806,0.18198489301475998,0.7354350730474564,4.998759227788104,1.4061177370503587e-5,1.4061177232662445e-5
773538873,0.09860191068285848,1.2807530913738439,4.998656428067932,1.462362446532373e-5,1.462362396975877e-5
773539905,0.1911882120573689,-0.604161574245988,4.999879119677459,2.8122354741007174e-6,2.8122353870761035e-6
773541386,0.45886165273685137,1.1488259121436322,4.999229263189464,8.999153517122296e-5,8.999153359966726e-5
773542573,0.3251792381462054,0.3214777717687353,4.997123373267782,1.7998307034244593e-5,1.7998307162445503e-5
773542987,0.3739771025209908,0.076809032035161,4.999869277994546,1.462362446532373e-5,1.4623624124492395e-5
773545037,0.42441815956624734,-0.7061187449072778,4.99914003503887,1.2373836086043157e-5,1.2373835700592759e-5
773545256,0.5624548080674104,-0.4082920184899315,4.999884213367313,1.3498730275683443e-5,1.3498729928936659e-5
77354822x,1.3416269942114767,-0.22240192433208997,4.991670654987152,9.786579449870497e-5,9.786579202661827e-5
773548262,0.23744078737724472,0.10788694254928954,4.999764303788479,6.749365137841721e-6,6.749364929374864e-6
773548457,1.1245297672369785,-0.1835196297953936,4.999417030094302,6.186918043021579e-5,6.186917879745472e-5
773548764,0.4356286254154765,0.03798753802138168,4.999615916229947,1.7998307034244593e-5,1.7998306610217e-5
773549054,1.8989492664578576,-0.13825794975862754,4.971822536013018,0.00019348180061812937,0.00019348179469193938
773549150,2.852607254275069,0.15518357596025342,4.995430603588559,0.0004921412079676255,0.000492141197405644
773549310,1.672626952346887,0.03876403060348489,4.983019569342924,0.00014679869174805745,0.00014679868774916083
776340002,2.0360973253236154,-0.7168607659351285,4.99737870512908,0.00010292781835208626,0.00010292781524142206
776800072,2.500370768527244,0.8349742774273728,4.936180297962433,0.0011383929199159704,0.0011383928930688927
776800101,0.6856522884242267,0.4188610310196005,4.998521699797899,7.874259327482009e-5,7.874259124370189e-5
776800654,2.2318662342746296,0.4249443627136422,4.907507635795042,0.0008886664098158267,0.0008886664771618598
776800830,0.5782553021199428,0.41664628352477767,4.999658197513637,4.668310887007191e-5,4.6683107849662266e-5
776801382,0.09574341328974295,1.224620040747882,4.999496506254904,1.0124047706762582e-5,1.012404738310028e-5
776801892,0.8364003756627344,0.27791397085477126,4.999038614402836,7.368056942143879e-5,7.368056788894279e-5
776802043,0.28990686826595535,0.45306106460898876,4.998672818418379,2.249788379280574e-5,2.249788322119336e-5
776802086,0.6090986862001695,0.4843719760419842,4.981860079578799,8.886664098158267e-5,8.886663944379103e-5
776802158,0.4682359885223415,0.5084361140234988,4.999329400973522,3.543416697366904e-5,3.5434166522308055e-5
776802190,1.0371837508998731,-0.33281449721916206,4.996242809160482,4.724555596489205e-5,4.72455567729666e-5
776802262,0.5424319222171324,0.10146456275329455,4.99622699254679,3.937129663741004e-5,3.9371295952107364e-5
776802449,1.1743815823950654,-0.8756572364463141,4.998811230260657,2.249788379280574e-5,2.2497883200594218e-5
776804225,1.7722928576505967,-0.29608471892379307,4.99871439744107,8.267972293856109e-5,8.26797209165473e-5
776805113,0.7719894957774561,-2.9639626729690765,4.959296438665596,6.018183914575535e-5,6.018183778793105e-5
776805164,0.851503747309938,0.7606625036770607,4.98314637951014,0.00020360584832489193,0.0002036058515630454
776805172,0.723308390453977,0.22299740240247382,4.992889506653883,5.680715657683449e-5,5.6807155659897834e-5
776806001,1.004744686664709,0.25216611296229574,4.998367516136795,8.999153517122296e-5,8.999153373743223e-5
776806511,1.6353226731553792,0.5656057951509641,4.9808294965501325,0.0003160952672889206,0.00031609526068610114
776806538,1.5649676373025554,-0.8658067254945937,4.999185110771773,4.6120661775251764e-5,4.612066039421958e-5
776806810,0.525164016449024,0.5926621138400031,4.995687829807359,7.874259327482009e-5,7.874259210667163e-5
776807004,0.6104464969374366,0.32511030740118424,4.999192133667154,6.186918043021579e-5,6.186917868423584e-5
776807469,1.18903430647038,-0.1255491901829146,4.974455551126415,8.15548287489208e-5,8.155482633171972e-5
776808162,0.8832692050661951,0.435430098348293,4.999211025084228,0.00010292781835208626,0.00010292781602637616
776809157,1.2278751465489164,0.3933532822316241,4.992841284912831,0.00016873412844604306,0.00016873412469869533
776809296,1.3043053266714357,0.433766519856575,4.998439355214015,0.00020135605994561136,0.00020135605545150228
776809544,0.5427159970628004,0.018419020048171596,4.998075765718886,3.3184378594388464e-5,3.318438129805721e-5
77680986x,0.6116242143096176,-0.30645869476628046,4.9998314337412175,1.7435859939424446e-5,1.743585953957369e-5
776809923,2.023406119118668,0.6254682306396785,4.955788884458504,0.0006316280874830211,0.0006316280737599788
77681006x,1.4155705050874714,0.05780192641556155,4.978167690495466,0.00011586410153294956,0.00011586410184538709
776810932,1.5168644039428654,0.42005987880417495,4.990819927834561,0.0002491640630053236,0.0002491640578292224
776811011,0.787183854640344,-2.5854406389366797,4.973167117835288,7.25556752317985e-5,7.255567281758299e-5
776811046,1.9507359545653544,-0.2947972274951743,4.996911473139172,0.00012486325505007184,0.00012486325228573862
776811097,0.1730037224164346,1.2134019466677262,4.996095458548004,5.961939205093521e-5,5.9619390223595976e-5
77681137x,0.4914619840600276,1.0785655241452965,4.957011336460012,0.0001631096574978416,0.00016310965835191214
776811484,1.0995664202815618,-0.3312746432242889,4.937834340034306,0.00010967718348992798,0.0001096771808275665
776811871,0.3136937200508515,0.3606200037162909,4.998283289922716,2.1372989603165453e-5,2.1372989249363884e-5
776812292,1.3957720092379542,-0.32799902704655215,4.999406214259636,4.555821468043162e-5,4.555821357238386e-5
776812479,0.3711644015636423,0.11103547300469921,4.9998664234768615,1.5186071560143873e-5,1.5186071171379854e-5
776812620,0.9796119107519733,0.08849002604777997,4.900610391609568,0.0001850450941958272,0.00018504508862932702
776812989,0.15902488334284753,-0.880242275767403,4.9999667673924355,1.124894189640287e-6,1.1248941557270375e-6
776814335,0.4406537746745503,-0.028159955556563546,4.999378492077851,1.7998307034244593e-5,1.799830718311854e-5
776814693,0.36147868295074426,0.018094466798812638,4.99970279963093,1.6873412844604303e-5,1.6873412351477558e-5
776814845,0.1774679004653881,1.6204561161843116,4.999178343629545,6.355652171467621e-5,6.355651994014165e-5
776814888,0.9221611390418648,-0.15233444601175475,4.999320218680061,5.399492110273377e-5,5.3994919590800865e-5
776815119,0.7124625504906728,0.6092181178245724,4.997366440826762,8.605440550748195e-5,8.605440373536544e-5
776815151,0.31559676079964466,0.11342092145176981,4.999678221967003,1.0124047706762582e-5,1.012404742925439e-5
776815290,1.2170413080491937,-0.17770787460495346,4.9941586999371355,0.00011136452477438841,0.00011136452125719726
776815944,0.6273925183696419,0.2795403935633996,4.997736066768935,5.624470948201435e-5,5.6244711002697844e-5
776816023,2.127608530988669,-0.14206145994774447,4.998111746142317,0.00011305186605884883,0.0001130518634419464
776817405,1.1941871895249636,-0.37690343920737535,4.9797869725059964,0.0001164265486277697,0.00011642655588732387
776817464,0.6223190916489935,-2.6267720920641984,4.953283134754325,7.030588685251794e-5,7.030588521815516e-5
776817894,0.9492843437308892,0.04002108424342998,4.99444593681581,9.730334740388482e-5,9.730336847534793e-5
776818213,1.2032626290979462,-3.236421955504453,4.909333904961932,0.0001619847633082013,0.00016198476335640042
776818483,0.46892883777074434,-0.2140686806617545,4.996983493545637,2.249788379280574e-5,2.249788319363742e-5
776818539,1.1663782298674858,-0.4077145470558058,4.999432167565793,4.555821468043162e-5,4.5558213574479526e-5
77681903x,0.1830030858518329,1.6882800420268822,4.997380316528319,6.86185455680575e-5,6.861854411307854e-5
776819195,0.3505132976426285,-0.42233258944627466,4.999297029155507,6.749365137841721e-6,6.7493649101815015e-6
776819275,0.1672798023729269,0.8681760329931245,4.998784680437251,2.0248095413525164e-5,2.0248094851040613e-5
776819662,0.5935632281457176,0.3858900162115101,4.993497519688446,6.243162752503592e-5,6.243162541917894e-5
776820460,2.062018985013401,-1.4214599900534093,4.273795923685413,0.0011749519810792797,0.001174951929931522
776820807,0.8221039378931393,-0.00947810202663606,4.998546679768264,6.693120428359708e-5,6.693120229011051e-5
776820962,1.440658124787679,-0.24417319874293972,4.9980581010377465,0.00011136452477438841,0.00011136452151991319
776821551,0.955569384760597,0.17999357165217078,4.9986246856759164,8.774174679194238e-5,8.774174456547935e-5
776822204,1.1296158721075233,-1.5240649154527894,4.970717723100785,4.4433320490791335e-5,4.443331945926388e-5
776822300,0.49860070488539215,0.9599393359467425,4.995664101976866,9.44911119297841e-5,9.449111000633912e-5
776822896,0.656643522853674,1.165542489006747,4.996204277763649,0.0001850450941958272,0.00018504508926057945
776823792,0.6296073761428229,-0.8808622672341905,4.999121088375268,1.3498730275683443e-5,1.3498729857258337e-5
776823813,0.3052513379765097,-0.3449823446983422,4.999942579435415,5.624470948201435e-6,5.6244708013592575e-6
776823856,0.6398085604039511,-0.0035645945450232096,4.999305073725942,2.6997460551366886e-5,2.6997459807825532e-5
776824509,0.9010174059918032,0.750976951352979,4.991871184802581,0.00016873412844604306,0.00016873412332682442
776824795,0.7988330990145339,-2.0259217155627303,4.9429882847994335,9.224132355050353e-5,9.22413195350739e-5
776824920,1.2445307466441977,-1.511139274802003,4.730690498741602,0.00022610373211769767,0.0002261037271440697
776825026,1.930987946759182,0.3735771475856316,4.983512757838638,0.0003374682568920861,0.0003374682482147306
776825034,0.6160654861651018,0.39120388990105787,4.999345014971897,5.680715657683449e-5,5.680715518237334e-5
77682527x,2.046196625250733,-2.890481546533743,4.615928347408181,0.000686185455680575,0.0006861854558847541
776825886,1.5917498313893494,0.030749940262310052,4.998607851603375,0.00012092612538633085,0.0001209261230376999
776826133,1.0144903392523636,0.8010021437826044,4.997451046577816,0.00025310119266906456,0.00025310118724472476
776826563,0.6106022450807063,0.4224360493497212,4.9981397878359894,4.780800305971219e-5,4.780800200058357e-5
77682658x,0.7218165196030355,0.8185271907075098,4.99690853301589,0.00014567379755841715,0.00014567379438389417
776826651,0.06727927286093119,1.0707469398696707,4.999671782025439,5.624470948201435e-6,5.624470784688246e-6
776826707,0.7103618374751189,0.30048315796173863,4.99856278769148,6.86185455680575e-5,6.861854385559217e-5
776826766,0.3793263807143217,-0.1460043880132968,4.999892507157638,1.0686494801582727e-5,1.0686494535339143e-5
776826782,2.0949383272169366,0.3108784378069445,4.993098212356832,0.0004972032318210068,0.0004972032175750864
776827734,0.20045637429854316,0.1488056787011683,4.99782039130041,7.311812232661865e-6,7.311812059492098e-6
776827961,0.5368122013092383,0.3391983659342321,4.99859751959369,3.543416697366904e-5,3.543416629416941e-5
776829940,0.20789619263642087,1.3483750770813814,4.99934830787338,3.5996614068489185e-5,3.599661363675815e-5
776830351,1.8097194937375927,-0.18839624029962415,4.998653467297159,0.00013779953823093516,0.00013779953454382045
776830394,0.0795124670322773,0.0565193414306099,4.999957256556211,1.124894189640287e-6,1.1248941611326885e-6
776830757,0.10980984012149064,0.751458677569849,4.9880650276730565,1.912320122388488e-5,1.9123200643903164e-5
776830861,0.4833060709305281,1.0175869760652383,4.991475005068722,7.705525199035966e-5,7.705525031931015e-5
77683087x,1.9649056797468232,-0.14159222665396706,4.993877390187745,0.0001591725278341006,0.00015917252381252345
776831020,0.7091141480328641,0.21747901995751517,4.998983418331744,5.624470948201435e-5,5.624470798352494e-5
776831303,0.9486019786064293,-0.36287492127686194,4.990139659080174,8.999153517122296e-5,8.999153219551068e-5
776832699,0.4719041002923264,-0.7675278351421875,4.999813531626678,8.999153517122296e-6,8.999153239844907e-6
776833077,0.5332054344015876,0.14628478065218883,4.999809220038297,2.3622777982446025e-5,2.3622777480777457e-5
776833819,2.09493433870399,0.31659166301414865,4.993155185550871,0.0004972032318210068,0.0004972032175987635
776834029,0.5271772922460487,-0.0893926921669271,4.994473117183663,2.249788379280574e-5,2.2497883280551936e-5
776834336,0.8646961253620755,0.1530518909155527,4.998218948646359,9.224132355050353e-5,9.224132081641972e-5
776834627,0.16692801920198577,0.9072015064355888,4.9960132537624276,3.1497037309928035e-5,3.149703634314192e-5
776835064,2.4267773358157223,-0.32883359033666304,4.998632466454417,0.0001631096574978416,0.00016310965343382513
776835726,0.1736537894533281,1.6905463963574427,4.996257581360251,6.018183914575535e-5,6.0181838163082334e-5
776835953,0.990886641130084,-0.5432766606678847,4.974972240646728,6.749365137841721e-5,6.749364973994502e-5
77683597x,0.5625898319958522,-0.2222456749103924,4.979486186025361,3.374682568920861e-5,3.3746825345750225e-5
776836016,1.2146965249877373,-2.2940346880418505,4.712123754013682,0.0004724555596489205,0.0004724555479359841
776836235,1.1580731781490865,-0.7685596637857763,4.997714397239715,3.374682568920861e-5,3.3746828506305776e-5
776836489,0.3571486857373529,0.38767533518325614,4.999486398664671,3.1497037309928035e-5,3.149703639444043e-5
776837131,2.0555515084962024,-1.1815004776477087,4.9893595951906295,9.111642936086324e-5,9.111642654324282e-5
776837764,1.434793463489308,-0.6169612222741405,4.9997380459659215,3.712150825812947e-5,3.712150743798184e-5
776837916,0.34263422283032513,-0.3780830107715308,4.995838757551592,1.912320122388488e-5,1.912320239507103e-5
776837932,0.43944961828144924,-0.45062241450045476,4.995882311109998,1.7998307034244593e-5,1.7998308488226855e-5
776838126,0.4296775863062983,-0.03386972982971616,4.999613421553393,1.3498730275683443e-5,1.349872987399846e-5
776839030,0.7920380063516756,-0.9380259462889848,4.9992992406788535,1.1811388991223012e-5,1.1811388691301465e-5
776839073,0.5818028584564711,0.2041337330652601,4.999158779839804,3.7683955352949614e-5,3.768395455175927e-5
776840349,2.0594649941420067,0.1639102089889157,4.985316686426261,0.00028684801835827316,0.00028684801021851833
776840373,0.9680432418509702,0.32938464655869615,4.993762196231867,0.0001124894189640287,0.00011248941653856936
776840883,2.6775843174072094,-0.5425108700717365,4.9964440166070885,0.00018392020000618692,0.00018392019455089695
776841800,0.33010678936598636,-0.0033405695684803134,4.9987989622509925,1.2373836086043157e-5,1.2373835697906247e-5
776842133,2.6222306308719614,-0.00997452736353673,4.9969386992354785,0.0003374682568920861,0.00033746824806128283
776842168,0.8940429733794052,-0.7267312939065901,4.899232911362361,0.00011923878410187041,0.0001192387810131132
77684223x,0.3942266644926589,-0.3562845651042184,4.998186995932105,2.0248095413525164e-5,2.024809478761011e-5
776842264,1.1181828456647787,0.01834237989742391,4.998161527231998,8.099238165410066e-5,8.09923796704032e-5
776842520,0.909234938255732,0.02393813401747866,4.998160405091175,7.143078104215822e-5,7.143077902758528e-5
776842600,1.0039655723794247,0.6214053926980088,4.986989412513766,0.0002081054250834531,0.00020810541966619807
776843312,0.12169268148007881,1.4660453700112914,4.999526699270794,2.4747672172086314e-5,2.4747671534255695e-5
776843427,0.3124741123290651,-0.46057145102742003,4.999895822172897,3.9371296637410044e-6,3.9371296070980215e-6
776844155,0.369640851735238,0.3041638057978454,4.999791112418117,2.0248095413525164e-5,2.024809492477489e-5
776844825,1.6132154497581042,0.2098374955141443,4.99174507965826,0.00019966871866115095,0.0001996687125197124
776845940,0.6570122482847623,0.658047142479077,4.99555089959149,9.280377064532368e-5,9.280376800137576e-5
776846599,1.8662559675887807,0.39006345063646747,4.9943511716528075,0.0003892133896155393,0.000389213379520742
776846855,0.40436708996151216,0.5270321420443119,4.9997269023743485,3.487171987884889e-5,3.487171904396372e-5
776847305,0.6488244280565474,0.4994011587080959,4.9901335587691396,8.324217003338124e-5,8.324216893600574e-5
776847700,0.26534373749784873,-0.24422630252950944,4.999748185499645,4.499576758561148e-6,4.4995766524100254e-6
77684792x,0.9599399815052503,0.6317782303347997,4.9968563183840375,0.00017267125810978403,0.00017267125403663927
776847946,2.1150501131762867,-0.6111469165217984,4.990832192256316,9.786579449870497e-5,9.786579152310929e-5
776848009,1.7411724775197432,0.4117923546570962,4.99754170854729,0.0002992218544443163,0.00029922184707724793
776848033,0.5387399022230327,-0.35846444435606795,4.999874621122191,1.29362831808633e-5,1.293628288090267e-5
776848869,0.3057223025682364,-0.8135332192599876,4.999731381222341,4.499576758561148e-6,4.499576614488999e-6
776849028,1.1300417141509635,-0.9774739043245045,4.9973100200036615,3.262193149956832e-5,3.262193050019726e-5
776849124,0.15812505273450175,1.2144323609262855,4.999804117481727,2.249788379280574e-5,2.249788331124292e-5
776849319,0.371164631051195,0.08531092774006613,4.999847883287972,1.5186071560143873e-5,1.5186071180946696e-5
780350705,1.5187278280001981,-2.6495971180944364,4.938146126192187,0.0002097927663679135,0.00020979275933905579
780350967,1.0257588728421103,0.28186210218395763,4.995019720755625,0.00011811388991223013,0.0001181138868202146
780351062,0.27136621118579474,-0.44758591961099814,4.999177241665655,6.749365137841721e-6,6.74936493268925e-6
780351580,0.4535464792386219,-0.9910557345473311,4.999683874995467,7.874259327482009e-6,7.874259085695704e-6
780352153,1.6202698584171757,0.5595967460523337,4.9844157727346605,0.00034196783365064725,0.00034196782892238113
780352209,0.12807747046678558,1.4586542242450604,4.999433465279407,2.8122354741007175e-5,2.8122353975438668e-5
780352233,0.18999248218720094,1.873063711449022,4.998759698335581,7.536791070589923e-5,7.536790883023793e-5
780352989,1.0799041704830108,0.42502708367170994,4.898991466284039,0.0002677248171343883,0.0002677248106027675
780353199,0.7213327120106388,0.44668163789962934,4.998873208019628,7.199322813697837e-5,7.199322704786694e-5
780353981,0.5476109510305087,-2.7495268843828162,4.942212598744354,6.805609847323736e-5,6.805609655924525e-5
78035399x,1.8151519567723442,-0.44064685582653984,4.9967743142398975,8.436706422302153e-5,8.436706237877379e-5
78035401x,0.4993325921025764,-0.672046777374313,4.998944827661516,1.124894189640287e-5,1.124894273874364e-5
780354028,0.3743954452526492,0.1285523970805932,4.998370716395885,2.4747672172086314e-5,2.474767569679183e-5
780354394,0.9237324289018931,-0.3209312134800711,4.987203921690572,8.15548287489208e-5,8.155483383899716e-5
780354837,1.4282198940064867,0.44290516815135117,4.993364722455614,0.00021316744893683438,0.00021316744445406863
78035532x,0.4283763520733882,-0.06711739427682221,4.9949305395143355,3.0372143120287746e-5,3.0372147017669418e-5
780355995,1.0022219603510885,0.1784466847782563,4.997717399972112,8.830419388676252e-5,8.830419196420365e-5
780356314,1.9261106451032857,-0.25341043979840217,4.99899630648307,0.00013217506728273372,0.00013217506422399472
780356824,0.8735760357158524,-0.3428513498401628,4.998571205864537,3.093459021510789e-5,3.093458942756132e-5
780356904,0.06727865668869366,1.2182462517984753,4.999946564315302,5.624470948201435e-6,5.624470806943003e-6
780357480,1.979678128195111,0.876272444991064,4.96962431958862,0.0007874259327482009,0.0007874259240705118
780358096,0.43392334520296755,-1.0660488507764192,4.999090046358814,5.624470948201435e-6,5.6244712441510645e-6
780359558,0.8934565788615364,0.2913386532050856,4.988757513969949,0.00012373836086043157,0.00012373835863890598
780359697,1.1770314834735736,0.06297901577970985,4.979369723519284,0.00011811388991223013,0.00011811388681519163
780360321,0.8652190220567927,0.48855898594007685,4.999256088894737,8.717929969712224e-5,8.71792980848724e-5
780360399,0.5394725755115696,-0.8613955898682525,4.985195166637571,2.5310119266906457e-5,2.5310118657032808e-5
780361367,2.897751428360498,-0.2286870786284237,4.958696076837222,0.00044039607524417235,0.00044039610821838625
78036180x,1.2008731550668956,-0.185718320465437,4.99885751283847,5.624470948201435e-5,5.6244708365922545e-5
780361850,1.3729599156406425,0.21217432780266604,4.998760230755402,0.0001631096574978416,0.0001631096537308837
780362124,1.0270352730280556,0.023604690022164868,4.954659621937381,0.0001164265486277697,0.00011642654533101453
780362394,0.7092811728416032,0.25394658610830956,4.9991423436753495,5.455736819755392e-5,5.4557366998741306e-5
78036252x,0.6423039566011867,0.0013203451482819606,4.99853892721119,3.374682568920861e-5,3.374682480866865e-5
780363637,3.753952430828764,-0.1806390117388329,4.986796955486281,0.0004105863792187047,0.00041058637171188187
780364066,0.19518706466589786,1.1957606266979925,4.993460810236942,3.712150825812947e-5,3.712150741142919e-5
780364074,0.4852238543582891,-0.5034469619552453,4.999821033997129,8.999153517122296e-6,8.999153314950267e-6
780365501,2.2046953657036372,0.4380455825961754,4.99393668688954,0.00045164501714057523,0.0004516450080692487
780367478,0.41617870230504755,-0.22477884959705446,4.9940327672381155,1.124894189640287e-5,1.124894162262395e-5
780368323,1.3036445182171705,-0.3815227550895258,4.958399619283482,0.00015354805688589916,0.0001535480519631976
780368702,0.18360970717191682,-0.8688088342218039,4.999241492746097,2.249788379280574e-6,2.2497883124533363e-6
780368825,0.49940344807037473,-3.3966018445013004,4.9947194552225955,1.124894189640287e-5,1.1248967536203851e-5
780368833,1.1603761926352327,-0.3688497500126986,4.999365552843289,4.780800305971219e-5,4.780800186236873e-5
780369019,0.8138503175631547,0.12665724687645924,4.9944658269394635,7.311812232661866e-5,7.31181210811548e-5
780369174,0.17638905551062006,-0.05599571113452497,4.999006426587815,6.749365137841721e-6,6.7493662315569455e-6
780369879,1.4460289172339085,0.298504168766773,4.997835717506398,0.00022047926116949625,0.0002204792553837205
780370044,0.8028284099974101,-0.050096771063075064,4.999595001010659,3.487171987884889e-5,3.4871719106729606e-5
780370132,2.4112119832613597,0.346148361453493,4.2690407344103,0.0009443486722030209,0.000944348645565079
780370255,0.3410616988740099,0.5552583283297371,4.972247290233509,6.018183914575535e-5,6.0181839266206484e-5
780370415,1.2479530603928743,0.3869489745959037,4.992327594915591,0.0001968564831870502,0.00019685647854430477
78037044x,0.3192599163278114,-0.4368568174323407,4.999733811590435,6.1869180430215785e-6,6.186917873850522e-6
780370597,1.452115555659428,0.7924606255204436,4.987828465077323,0.0004105863792187047,0.0004105863708833088
780371047,1.3859320122205805,0.6706655595685138,4.990227030628682,0.00031722016147856094,0.00031722015268680043
780371143,1.4745507928879784,-0.3559174001618003,4.9989788658383585,8.15548287489208e-5,8.155482647396805e-5
780371194,0.2740144263132673,-0.4053838779898916,4.999201194124456,8.999153517122296e-6,8.99915323616251e-6
780372373,0.4264403994883001,-1.5305754388469555,4.927144757761256,8.999153517122296e-5,8.999153145889867e-5
780372381,0.15902490503739333,-0.575967611499361,4.999962836752859,1.124894189640287e-6,1.1248941709111824e-6
780373093,0.5604030363060899,-2.9101922198261727,4.955605620681082,4.780800305971219e-5,4.780800181448975e-5
780373202,0.38795837472498784,-0.373338588750305,4.996875167270444,1.7998307034244593e-5,1.7998308156524962e-5
780374176,0.29172611051792097,-0.1625540201052238,4.998413189110405,6.749365137841721e-6,6.7493649617221316e-6
780374635,0.47727824192478047,-0.30227035574694416,4.980641010156794,3.374682568920861e-5,3.374682492087937e-5
780374731,2.985224622196853,-0.14136546831290378,4.996540979419044,0.0002317282030658991,0.0002317281972509966
780375013,2.8031573494673143,-0.11391993188295028,4.995693743065476,0.0001979813773766905,0.00019798137261123208
78037546x,0.5071245450794903,0.26544251421839304,4.999583465250287,2.4747672172086314e-5,2.4747671536217813e-5
780375734,0.1590251120719687,-1.1656792104397304,4.999923606196635,1.124894189640287e-6,1.1248941545637815e-6
780376542,1.373753425114684,0.5206825637832384,4.997870023143876,0.0002682872642292084,0.00026828725781962934
780376729,1.0255718247213996,0.19321454167049215,4.9970593907935115,0.0001164265486277697,0.00011642654533997591
780377211,0.15811913759556756,0.8312477338457727,4.99948423769678,1.124894189640287e-5,1.1248941667356262e-5
780377668,0.9348737715482565,0.432148786394011,4.99861745935193,9.955313578316539e-5,9.95531343481432e-5
780377852,1.0155802511880536,0.29610014061264855,4.99887811827688,0.00012261346667079127,0.00012261346357733737
780377959,0.5200339929911925,0.28505607124658694,4.9990630047856905,3.0372143120287746e-5,3.0372142738549757e-5
780378361,1.409926428495564,-0.0730983489760054,4.989672717698513,0.00011136452477438841,0.00011136452232442251
78037837x,1.436352962331469,-0.6716899298798717,4.9990493385838715,5.17451327234532e-5,5.1745131217713256e-5
780379452,1.0808580179169924,0.5181578925468006,4.986685572898261,0.00022441639083323726,0.00022441638513472775
78037976x,0.48058619134181535,0.22547412304614162,4.999662371547095,3.0372143120287746e-5,3.0372142355823852e-5
780381456,0.3209696602605501,0.1643875729177064,4.999779566731172,1.0686494801582727e-5,1.068649451674763e-5
780381616,1.0157773843212834,-0.6345856893638043,4.9996615383922,2.1372989603165453e-5,2.1372989120700504e-5
780381990,0.7458689818719442,0.6219181500825532,4.9967109661932545,9.111642936086324e-5,9.111642829699943e-5
780382213,0.33579162353823805,0.533233731237616,4.998298417124457,3.374682568920861e-5,3.37468247903037e-5
780382555,0.9483160501667752,-0.14179917575054105,4.968636654512577,0.00016873412844604306,0.00016873412321361577
780382707,0.5512690950948351,0.14032917404590234,4.994404826215981,3.7683955352949614e-5,3.768395456690496e-5
78038274x,1.4328629103102097,-2.5719565696967086,4.8840124890339975,0.0004330842630115105,0.00043308425413627857
780382803,1.0687636003097918,0.4675072917344515,4.99678186651473,0.00013273751437755386,0.00013273751080893938
780383523,0.26237942253149427,0.7518370474035276,4.99985420746702,1.7998307034244593e-5,1.7998306688871696e-5
780383582,0.46751146616316747,-1.2807180387044632,4.999982899734558,2.249788379280574e-6,2.2497883273225334e-6
780384665,0.4001005865983847,0.6818785236709796,4.998187662673653,4.162108501669062e-5,4.16210838289326e-5
780384702,0.7706212682522249,0.571144176416799,4.978785914356181,0.00010855228930028769,0.00010855228747983182
780386126,0.49133862072829937,0.2323421101943554,4.9998139739667025,2.081054250834531e-5,2.0810542193418667e-5
780386281,0.22163921294967218,0.6290751975247498,4.9993281619005545,1.2373836086043157e-5,1.2373835852059055e-5
780387196,1.0702082972991585,-0.13435197295976223,4.9988900365752125,7.593035780071936e-5,7.593035563474671e-5
780387209,0.4857120687979972,-0.4286544364267383,4.999816956015486,1.2373836086043157e-5,1.237383573364154e-5
780387356,0.5248130004371576,0.12442901114226143,4.959097186078332,6.974343975769779e-5,6.974343784010311e-5
780387882,0.5884788694226055,1.3499364228925637,4.992780458245453,0.0002249788379280574,0.00022497883342334152
780387962,0.8840637224140462,-0.6789272999076268,4.99949765282382,2.3622777982446025e-5,2.3622777294236e-5
780388084,0.9209444249703297,0.1799408940274767,4.995932439939307,7.25556752317985e-5,7.255567352069532e-5
780388578,0.12171539634118098,1.005135042884561,4.99395407977097,2.4747672172086314e-5,2.474771261021475e-5
780388666,1.2377602196406023,-1.1664669653008835,4.99795190512723,2.8684801835827318e-5,2.8684800946167163e-5
780389060,0.8147952161110162,-0.948080367212213,4.997697691105398,2.3622777982446025e-5,2.3622777245999107e-5
780389175,1.4044986600564304,0.6743649536720214,4.9789781091365315,0.00038246402447769754,0.00038246401225334813
780389247,0.46997249718626094,-0.11566822072764897,4.998402512977523,2.1372989603165453e-5,2.1372988959550484e-5
780389757,1.2364150412499821,0.3549254622878767,4.99499554757096,0.00015298560979107903,0.00015298560673669562
780391005,0.2566908430828789,-0.6430123914471432,4.999792650402693,4.499576758561148e-6,4.49957661973573e-6
780391486,0.597721689464145,-0.47445490206393315,4.987902034773293,3.262193149956832e-5,3.2621930707654945e-5
780391697,0.517670922277892,-0.16568729827584638,4.918565875455744,6.299407461985607e-5,6.299407266592482e-5
780391953,4.534561979159112,-2.7325245813004644,4.294051712638639,0.001375745593930071,0.0013757455547270315
780392577,0.8843973924256189,0.9027863434403358,4.979177937791952,0.00035884124649525155,0.0003588413375405802
780392809,0.7905295596494218,-0.113900571701757,4.982330315850184,0.00010124047706762583,0.00010124048324712911
780393123,1.9106755181153359,-0.9202707271377522,4.7660199480184575,0.00037965178900359683,0.00037965178142182037
780393609,0.6023787238217014,-0.023245358612023044,4.987004765011212,3.1497037309928035e-5,3.1497036377217035e-5
780393641,0.3462068250972578,-0.113518381423156,4.998691707174041,1.124894189640287e-5,1.1248941516198011e-5
780394476,0.8703855709595212,-3.1375096213716396,4.8667366827273995,0.00011811388991223013,0.0001181138874090608
780395161,0.4034314299673884,0.05758090563524958,4.994659126287306,3.5996614068489185e-5,3.599661291578857e-5
780395727,1.0867915520125557,-0.49289525407572404,4.997403422152485,4.499576758561148e-5,4.499577128394381e-5
780395735,0.2796510153678084,1.1184483564563235,4.999188901824536,4.499576758561148e-5,4.499576658247144e-5
780395997,0.4718983887865276,0.059978080944362924,4.997421327130472,2.4747672172086314e-5,2.4747671337313735e-5
780396754,0.49887805963048126,0.5888550805881314,4.999447074622732,5.849449786129492e-5,5.849449631121751e-5
780396973,0.27834678680098535,-0.05331607739986237,4.996004316790081,7.874259327482009e-6,7.874259119184391e-6
780397212,0.4873264006539072,0.5975071987515213,4.999511546421796,5.2870026913093485e-5,5.287002570906492e-5
780397220,0.841445392737263,0.17646230618489395,4.999253283851273,6.580631009395679e-5,6.580630878451844e-5
780397247,0.5863866180339318,0.9330141082000803,4.998825514272849,0.00010180292416244596,0.00010180292222743127
78039728x,0.4093022718536046,0.045472319221763126,4.991163959009859,4.330842630115105e-5,4.330842976268519e-5
780397300,0.6705480857294422,-1.200568715484781,4.994168102385712,3.655906116330933e-5,3.6559059930618445e-5
780399509,1.3947734030070436,0.5427695293664117,4.997176489515291,0.00023566533272964012,0.0002356653283491803
783700299,1.834258060598031,-0.5201515817827003,4.995220465195491,8.999153517122296e-5,8.999153299586564e-5
783700547,0.4757478235811574,-0.2281291162863867,4.979249552895303,3.5996614068489185e-5,3.5996613249715175e-5
783700563,1.3149383563538224,-0.4814864308698059,4.999212977877268,4.499576758561148e-5,4.499576659462689e-5
783700678,1.145024270351325,-2.5989538539503365,4.952493056067195,0.00029415983059093506,0.000294159820665257
78370074x,0.3629894025626245,0.4530299476791971,4.998194648900907,2.4747672172086314e-5,2.4747671593347394e-5
783701304,1.4003496976787824,-0.5414015909510572,4.993614979020238,5.849449786129492e-5,5.849449735491913e-5
783701857,1.1369732809656894,1.1505148052748932,4.993459910033062,0.0004088990379342443,0.00040889902752412594
783702331,1.2523106483298623,0.1751487856786292,4.99730050519292,0.00010574005382618697,0.00010574005079556967
783702729,0.4991313781974214,0.18299942395810423,4.984263054297227,5.849449786129492e-5,5.849449597339498e-5
783702753,1.6171436680201026,-0.5942989396092849,4.998302578969169,5.005779143899277e-5,5.005778995743034e-5
783703019,1.750832814788603,-0.5446246604901122,4.993375665318601,9.730334740388482e-5,9.730334448997418e-5
783703078,0.054849437915652555,0.8246336683154993,4.997573443297021,3.3746825689208607e-6,3.374682475837706e-6
783703115,3.432258986207774,-0.3250254695406725,4.996762896136281,0.00032846910337496377,0.00032846909476423185
783703721,0.4156472766203695,0.35268416303811934,4.996600840308348,3.262193149956832e-5,3.2621930399186335e-5
783703836,0.5049880930605853,0.05628992182338224,4.9863545797467745,3.824640244776976e-5,3.82464015229523e-5
783704361,0.7348720861209429,-3.2803449388163792,4.993532704905766,2.1935436697985596e-5,2.193543596306485e-5
783704425,0.16334208053244437,1.3517168313522174,4.984693871696869,3.937129663741004e-5,3.937129554404704e-5
78370445x,0.9902917472408563,-0.20344092578472422,4.999501926628462,5.0620238533812914e-5,5.0620237207928355e-5
783704951,0.1405289117809089,-0.0797538149695376,4.999916665508876,3.3746825689208607e-6,3.374682466363062e-6
783705049,0.07912558266264921,1.2780714880716626,4.999732026028606,8.436706422302152e-6,8.43670620700742e-6
783705380,1.574133199017386,-0.5634312651921008,4.996979189069015,5.849449786129492e-5,5.849449657808754e-5
783705452,0.22804726862836697,0.6543046658656496,4.999727904773937,1.29362831808633e-5,1.2936282820444489e-5
78370584x,0.9818035342149345,0.03994522194993796,4.996789316771051,7.424301651625894e-5,7.424301595877232e-5
783706164,0.6504827122947946,-0.7677829216163318,4.999677451926924,1.3498730275683443e-5,1.3498729867942057e-5
783706404,2.0491390258549305,1.050356316312905,4.983379080079178,0.001187888264260143,0.001187888235805523
783706826,0.48326420503097267,0.35230699457161263,4.999490404124249,3.262193149956832e-5,3.262193081111927e-5
783707191,0.14678895316185137,0.783596854943361,4.999906078574153,9.56160061194244e-6,9.561600382519584e-6
783707845,0.9573142925656175,-1.0059150460503243,4.999860182246654,1.3498730275683443e-5,1.3498729914963668e-5
783708688,1.0330619766150624,0.19832043771868663,4.998332360611195,8.605440550748195e-5,8.605440372113722e-5
783709162,0.645011055491964,-0.6284927212985422,4.996097360725257,3.262193149956832e-5,3.262193047723345e-5
783709410,0.5029066447987678,0.4971764548457848,4.992375902907094,4.499576758561148e-5,4.499576655090415e-5
783709541,0.1670953780887961,0.8467988495767915,4.999874767893314,1.3498730275683443e-5,1.3498729967455983e-5
783710796,0.8490889037701305,-0.2580186321790996,4.955953977784143,8.211727584374094e-5,8.211727337344796e-5
783711895,0.6601098268531237,0.17988358109681973,4.999471442194604,3.937129663741004e-5,3.937129584663433e-5
783711975,0.332880883976575,-0.40797772401895377,4.999620253534579,1.124894189640287e-5,1.124894154278992e-5
783712089,1.0049771518173745,0.5143321904882964,4.998988568253547,0.00013779953823093516,0.00013779953522611804
783712361,0.8430261518107006,-1.130301536636889,4.999313997200785,1.6873412844604303e-5,1.6873412328258115e-5
783712513,0.7324342829833123,-0.5437271682285818,4.999483038529305,2.249788379280574e-5,2.2497883126451953e-5
783712724,0.1482314270031766,1.4833082476616113,4.99904276469403,2.924724893064746e-5,2.9247248346820295e-5
783713727,0.6305457621717807,0.05550305189339259,4.99872554951298,3.3184378594388464e-5,3.318437754912925e-5
783714877,0.45876730046220354,-2.9057746304566456,4.986067442334461,2.3622777982446025e-5,2.3622777362881648e-5
783714906,2.0778212322135796,0.3047665507023648,4.990154589259081,0.00033071889175424437,0.00033071888504807533
783715343,0.15762803462555128,1.8219111833135038,4.996878957440144,4.724555596489205e-5,4.724555493831287e-5
783715933,0.3430923844341876,-0.4641551272627359,4.99994496493617,5.624470948201435e-6,5.624470800418313e-6
783716303,0.2951608762060243,-0.4415360488072128,4.999891143335392,5.624470948201435e-6,5.624470781779872e-6
783716661,2.062439323258276,-0.16170362274590994,4.9912165872937315,0.00015748518654964017,0.00015748518283127647
783716688,1.6213562038374885,0.6659872372688065,4.995662395731125,0.0004488327816664745,0.0004488327712296177
783717832,0.42830049408744486,-2.2946338397274983,4.926476508801069,9.786579449870497e-5,9.786579118690425e-5
783717859,2.7311134394366063,-0.12301625072988283,4.997865167948965,0.0002598505578069063,0.00025985055140918876
783717867,0.6032492700310323,-2.8204954664407254,4.988351617011227,3.1497037309928035e-5,3.149703626189644e-5
783717955,0.36737863991804454,0.44481343700714504,4.999646064567375,3.093459021510789e-5,3.0934589370893024e-5
783719563,0.22157435210040385,0.11004959032533586,4.999943939050876,6.1869180430215785e-6,6.186917893958797e-6
783720089,0.5872376814863914,-0.17102798611395714,4.999807151361983,1.6873412844604303e-5,1.6873412555804944e-5
783720812,0.422791069561563,0.11214918348621036,4.997948411720633,2.249788379280574e-5,2.2497883035622137e-5
783721516,0.34369317820211975,0.7097907836992257,4.997938073947752,4.274597920633091e-5,4.2745985112505063e-5
783722068,0.5065894106006333,0.5490720283173548,4.998630287202837,4.724555596489205e-5,4.72455552229176e-5
783722594,0.42767208134163914,-0.1339073720671213,4.996911761267962,2.3622777982446025e-5,2.3622779674183446e-5
783722607,0.42738045789680335,-0.13103013455392912,4.9961378325048384,1.912320122388488e-5,1.9123200547608918e-5
78372280x,0.11714197364212077,1.537982346813105,4.9991710869436075,2.249788379280574e-5,2.2497883325439705e-5
783722850,0.607032441887924,0.10333047158494173,4.976992228542195,5.849449786129492e-5,5.849449627783801e-5
78372299x,0.4069560781527263,0.21046821168433505,4.998475689815526,2.1935436697985596e-5,2.193543622417214e-5
783723079,0.9983186636856345,0.09737177986925605,4.991760094993538,0.00010124047706762583,0.00010124048449991423
783723212,0.45567187497091666,0.46453821781211435,4.998439555107102,5.0620238533812914e-5,5.062023706617653e-5
783723837,1.218264022192431,-0.05187727910348955,4.998049810453277,9.392866483496396e-5,9.392866244956698e-5
78372432x,0.5995158870873785,-0.5591125756879184,4.993799002794806,2.3060330887625882e-5,2.3060330143359105e-5
783725525,0.6388363678011592,0.043296737610627314,4.999646989401501,3.374682568920861e-5,3.374682492857091e-5
783725541,0.4676942504043512,-0.22143148483074365,4.999838318614835,1.124894189640287e-5,1.1248941663692404e-5
783725576,1.04757384823976,-2.6308293269073015,4.870455689304077,0.00021260500184201424,0.00021260499657119208
783725912,0.07951238702677499,0.04479904545667575,4.999987443871087,1.124894189640287e-6,1.1248941612811613e-6
783725998,0.5067937101884051,0.799855510260929,4.881576555023585,0.00020191850704043152,0.00020191850148870282
783726229,0.5460271583531136,0.47763300301197936,4.988464389901547,6.243162752503592e-5,6.243162601822136e-5
783726405,1.7607636107785463,0.5897236827518908,4.987389467689112,0.0003937129663741004,0.0003937129584854292
783726958,1.3159159401167593,0.4620228195982107,4.991703957120672,0.00029697206606503577,0.00029697205748554703
783727002,0.1686378051960853,-2.143639198865195,4.990906124679854,1.3498730275683443e-5,1.3498729924697467e-5
783727037,0.9846361621674469,0.5654635371749153,4.99726314726245,0.0001552353981703596,0.00015523539487054714
783727811,0.5615428084535602,0.5246102500609695,4.99877046946393,6.074428624057549e-5,6.074428479120031e-5
783728187,1.0618820776612568,-0.4957745846931905,4.999616515705999,3.543416697366904e-5,3.543416600717033e-5
783728590,0.6604583216966431,0.0844661406949703,4.998905814270582,5.399492110273377e-5,5.399491951168579e-5
783728742,0.3827629838311766,-0.210517693649268,4.99735906069292,2.418522507726617e-5,2.418522427914328e-5
783729147,0.6287640812818054,-0.6320152002279003,4.999310323382221,1.2373836086043157e-5,1.2373835711177467e-5
783729243,1.43565709714451,0.4318216868336674,4.989354266789677,0.0001901071180492085,0.00019010711422586004
783730180,1.979861926286634,0.19703075005650977,4.9812340956941386,0.0003700901883916544,0.00037009017854158397
783731255,0.09222492157560926,1.575936743696803,4.999814584937094,1.2373836086043157e-5,1.2373835774942128e-5
783732362,0.4039630734136907,-0.013663356165581291,4.999399574318756,1.5748518654964018e-5,1.5748518241970424e-5
783732573,0.8540892869332711,0.16551806379016892,4.969424621999027,0.00010011558287798554,0.00010011558006858493
783732581,0.7722858209760656,-0.0992179490280241,4.9996537945062665,3.374682568920861e-5,3.374682499510946e-5
783732805,0.8243083882419957,0.35152819474328467,4.997321387963484,7.76176990851798e-5,7.761769759309013e-5
783732944,3.5736770141407046,-0.3114378452176295,4.996253767119427,0.0003633408232538127,0.00036334081338572897
783734130,0.5324756272734354,0.14502687318161558,4.999473898226959,2.8684801835827318e-5,2.8684801160160472e-5
783734843,0.8532646976478973,-1.3576430186370128,4.999533463406055,1.0124047706762582e-5,1.0124047394405391e-5
783735037,2.1147347049455893,-1.018626361901862,4.995294904616805,9.786579449870497e-5,9.786579137589773e-5
783735408,0.8579380272378897,0.22440816425174362,4.99924814729848,7.199322813697837e-5,7.199322653090371e-5
783735571,0.6164320063903961,-0.3129776709789164,4.998459099198981,1.7998307034244593e-5,1.7998306653743237e-5
78373558x,0.5338071343646804,-0.3558290763785843,4.999670507101988,1.0686494801582727e-5,1.0686494580961168e-5
783735635,1.5501221371372966,-0.2827702272516917,4.997442167015706,7.930504036964023e-5,7.930503892124486e-5
783736531,0.3780629074846651,0.3561014322452035,4.9549539927557,5.2870026913093485e-5,5.287002554065179e-5
783737462,0.7380358806490211,0.12410832184116591,4.998840196627951,4.2183532111510764e-5,4.2183532522650616e-5
783738297,0.18458565533665114,0.11640845029987554,4.99995826537059,4.499576758561148e-6,4.4995766632073255e-6
783738422,0.408705608607967,-0.9180772919495975,4.980036806889962,2.3622777982446025e-5,2.362277737052212e-5
783738975,0.7697244074921725,0.3498715123338365,4.969401753747815,8.549195841266181e-5,8.549195603212106e-5
783740717,0.2021588741880614,-1.1589761915172363,4.99447386691431,1.0124047706762582e-5,1.0124048032593143e-5
783741525,1.0010998189864637,0.031552443783160876,4.9921427124974675,0.00010798984220546754,0.00010798983898375286
78374155x,0.3472254354636758,-0.3144196478322469,4.990946485369219,1.6873412844604303e-5,1.6873412337019396e-5
78374163x,2.2345332200254227,-0.3115017912069073,4.989155504781809,0.00015579784526517973,0.0001557978402542002
783743221,0.31797865091505384,0.5503720204307455,4.995249804363458,2.6997460551366886e-5,2.6997460743003682e-5
783743352,1.6972777480027303,-0.21452663608305658,4.989012563304746,0.00013611219694647473,0.00013611219230043412
783744056,0.6641047145314615,0.41370335187172547,4.9991122672188215,5.455736819755392e-5,5.4557367136916e-5
783744216,0.7824209139388362,0.4176556051823764,4.9983847862880975,8.492951131784166e-5,8.492950925416756e-5
783744267,1.1033736612688925,-0.11882859639575227,4.997053503209231,6.805609847323736e-5,6.805609669748177e-5
783744961,0.19235814983627425,-3.6415879387116212,4.9984428345164345,2.249788379280574e-6,2.2497883189259267e-6
783745323,0.09222576451658379,1.441997543660141,4.999540378637944,1.2373836086043157e-5,1.2373835735455839e-5
783745753,1.408607643905958,0.7726278057312184,4.996775870112996,0.00041733574435654647,0.0004173357344363338
78374585x,1.1213675369946337,-0.05317078459509204,4.959144467887025,0.00015186071560143873,0.00015186071070015994
783746326,0.7770301586183658,0.24928036419562427,4.917664437547446,0.00013611219694647473,0.00013611219274315355
783746369,0.7858962471624834,-0.1118865848988733,4.999612117976509,2.8684801835827318e-5,2.86848012968701e-5
783748313,0.46751238303299003,-1.1802165269132023,4.999924009938367,2.249788379280574e-6,2.2497883168730517e-6
787550486,0.10776525290988047,0.9528550309591747,4.9997644805672286,7.311812232661865e-6,7.311812099075206e-6
787550515,0.1310243382912122,1.0191562254713051,4.999853461774854,1.4061177370503587e-5,1.4061177001256892e-5
787550881,3.070873585298041,0.23066083929709405,4.986775305084632,0.0004336467101063306,0.0004336466992585109
787551948,1.1480600611953329,-0.32893171225385387,4.989057640922268,7.649280489553951e-5,7.649280218369065e-5
787552633,0.9676228369309058,0.8979867620970522,4.943613109426303,0.00024353959205712213,0.00024353958652951002
787552828,0.7162208554253805,0.17461754843642874,4.999604780921741,5.0620238533812914e-5,5.062023732985803e-5
787553660,1.0090254673153725,-0.40116611911368405,4.984003461559761,5.680715657683449e-5,5.680715560298616e-5
787553708,0.8873348688291356,-0.07184794831046418,4.998863322564838,4.330842630115105e-5,4.3308425434578895e-5
787554129,1.078080742365095,-0.11472236616166336,4.992875588632759,9.44911119297841e-5,9.44911194117535e-5
78755425x,0.5494968385365107,0.08330919942246237,4.999258047817188,3.824640244776976e-5,3.824640131820301e-5
787554671,2.35715060047222,-0.4416545465490751,4.998524214059894,0.000129362831808633,0.00012936282844997035
787554823,0.25213821504207434,0.4875387084420993,4.999491487199253,1.3498730275683443e-5,1.3498730009804425e-5
787554831,0.7054159777629786,0.5667562273300204,4.997206815604696,8.549195841266181e-5,8.549195670501597e-5
78755484x,0.8139975767652151,-1.474801609006023,4.999509751733424,8.999153517122296e-6,8.999153231805038e-6
787556458,0.3458992446055731,0.13563083509113827,4.999550074781027,1.29362831808633e-5,1.2936282797159316e-5
787558015,0.9604450296634188,0.9872333548040475,4.991015001389285,0.00027784886484115087,0.000277848857473737
787558410,0.35625783857652027,0.4005480844674946,4.999782204498434,1.6873412844604303e-5,1.687341262698897e-5
787558736,1.0690960661801554,0.2846902133005319,4.921348045686851,0.00020866787217827323,0.00020866786708686176
787558912,0.9339439020654731,-0.38852021325930763,4.996190796330842,3.655906116330933e-5,3.6559059930124245e-5
787559210,0.15837316515883795,1.6636507590079403,4.9974117704602,4.780800305971219e-5,4.7808002361323024e-5
787559958,0.15301026352857838,1.6040482267258551,4.999572837888903,4.387087339597119e-5,4.3870872230804075e-5
787560481,0.22784800189444235,-0.08622242975165366,4.999947274624222,4.499576758561148e-6,4.499576668778611e-6
787561273,0.6225575658744404,0.049202713493746664,4.99769918779748,4.162108501669062e-5,4.162108394879401e-5
787561388,0.5109240809487772,-0.6979391708371455,4.995866895063282,1.912320122388488e-5,1.9123202790941716e-5
787561580,1.0719889723503568,-0.4057712777663271,4.998900612588542,3.262193149956832e-5,3.262193059452165e-5
787561716,1.4929443589908589,-0.003427777696406233,4.9754739173814535,0.00014342400917913658,0.00014342400581470404
787561732,1.51229564748442,-0.549870632766227,4.99942507212253,5.7369603671654635e-5,5.736960211896089e-5
787562671,0.7138514038039514,0.16188265616476244,4.999682121451115,4.330842630115105e-5,4.330842535677999e-5
787562778,1.1149789506128889,0.3880734474419059,4.9845208492186,0.0001462362446532373,0.00014623624163893258
787563455,0.959719114054829,-0.8297674995763378,4.904461251079252,0.00011305186605884883,0.0001130518631303579
787563623,0.24560677622302624,1.2093075819404941,4.994479076570739,6.355652171467621e-5,6.355651951541684e-5
787564597,1.1082574156698055,0.5470349882377261,4.992430825713047,0.0001580476336444603,0.0001580476310569311
78756460x,1.104372383350972,-3.1402855987375675,4.981279384482327,5.0620238533812914e-5,5.06202368494764e-5
787564773,1.7223520770791074,-0.6459442978281299,4.991854379398697,0.00012373836086043157,0.00012373835706865554
78756479x,0.48100687325239144,-0.31020489474341745,4.999164201921261,1.2373836086043157e-5,1.2373835710482257e-5
787565290,0.7739048981842792,0.26141455443938144,4.999324637680148,6.524386299913664e-5,6.524386141939436e-5
787565602,0.2570664428340062,0.6462469751306783,4.998734800609297,2.1372989603165453e-5,2.1372989126951008e-5
787565610,1.4373810803234943,-0.1623590905646433,4.9874189221210194,0.00014061177370503587,0.00014061176978661042
787565725,1.5424449321222478,-0.5792375317534926,4.995827051167586,5.343247400791363e-5,5.3432472854310096e-5
78756639x,0.1171480568040854,1.5178955991457417,4.997614152832091,2.249788379280574e-5,2.2497883329335616e-5
787566840,2.2604935990406085,-2.857720870389792,4.5240030010473395,0.000850420007368057,0.0008504200076211048
787567595,0.4556486561313981,-0.10667316990198077,4.999396416290888,1.5748518654964018e-5,1.574851832145244e-5
787567624,0.49947501698770574,-0.3533720501795411,4.99989036826032,1.0686494801582727e-5,1.068649458178465e-5
787567907,1.7296176384768993,0.9183961658212072,4.994448978535676,0.00048539184282978383,0.0004853918354819154
787568539,0.5010511549259332,0.577855293903321,4.991332331386932,6.636875718877693e-5,6.63687549660616e-5
787568926,1.6782461998769778,-0.2690111004211966,4.994774849117621,9.336621774014381e-5,9.336621553750805e-5
787569013,0.6713573905341399,-0.14261091489022096,4.999475427679885,3.0372143120287746e-5,3.0372142348553775e-5
787569101,0.20616016969437523,0.16682506174615014,4.999293497372907,7.874259327482009e-6,7.874259059147695e-6
787569638,0.5212582781776667,0.7838379816439562,4.999359272553148,8.15548287489208e-5,8.155482680176842e-5
787570399,0.6302701600658723,-0.1763294840601827,4.998792361683272,2.3622777982446025e-5,2.3622777456632972e-5
787570663,0.35066041921715063,-0.3520022274039242,4.999958717071574,5.624470948201435e-6,5.624470825555842e-6
787570989,0.12677564659803647,-0.4298153657945652,4.9998293131056695,2.249788379280574e-6,2.2497883100855903e-6
787571199,0.5268492476287187,0.12876058245143412,4.998419986294285,2.4747672172086314e-5,2.4747671649711148e-5
787571244,2.1078074727182616,-0.6873208662659888,4.997884015223628,0.00010236537125726611,0.00010236536819350669
787572159,0.5746840192657372,0.6315864797118188,4.999289773053384,6.130673333539564e-5,6.130673231047487e-5
787572183,1.461190230819035,-3.3372646869748523,4.942910478873082,0.0001552353981703596,0.0001552353949918331
787572538,1.2017706767804301,-1.034453816343823,4.997662113211074,3.937129663741004e-5,3.937129542094507e-5
787573581,0.517531322168402,0.34344284196023017,4.999531654406383,3.262193149956832e-5,3.26219310310872e-5
787574250,0.9159117356959467,0.2417073684000572,4.984511459287357,0.00010911473639510784,0.00010911473430684035
787575165,0.33493064377350745,-2.480880926199638,4.992303747286113,2.081054250834531e-5,2.0810541815895917e-5
787575173,0.6346575669731199,-0.18722978569004312,4.9997624119659925,1.7435859939424446e-5,1.7435859659317562e-5
787575376,0.3791398342490082,-3.6119549089430665,4.984769906597417,1.3498730275683443e-5,1.3498729989606957e-5
787575675,0.4278083806742114,-0.014940223430434253,4.980163594427756,3.655906116330933e-5,3.6559061279834356e-5
787575886,1.8408854188611121,-0.3079969547792013,4.9929113181900755,0.00014173666789467617,0.00014173666411827795
787575915,0.4985126736456548,-0.30787008360067597,4.9928031686380985,1.7998307034244593e-5,1.7998306631084974e-5
787576803,0.5879450384939015,-0.7931059789171646,4.999946100926752,6.749365137841721e-6,6.749365000395127e-6
787577726,0.1847487543294041,0.6995341930364125,4.999643452052736,1.124894189640287e-5,1.1248941581726457e-5
787578833,3.3422489622505784,0.12126840427928727,4.973147675947993,0.0005590724122512226,0.000559072400675349
787578913,0.18769791661063182,0.8110217870757159,4.999734675045094,1.5748518654964018e-5,1.57485182810566e-5
787579449,0.8661565074772726,-0.5193502908473039,4.962592314661878,6.580631009395679e-5,6.580630837967924e-5
787579553,0.38091072503099266,0.02396249038678189,4.998301242712777,1.631096574978416e-5,1.6310965199606046e-5
787580271,1.0060397596263337,-1.1342736363708994,4.990405288657611,2.58725663617266e-5,2.5872565733655013e-5
787580335,0.4648924419929966,0.30551111310409496,4.998774144746021,2.8122354741007175e-5,2.8122354319336504e-5
787580343,0.19841171243575018,0.5373670097612532,4.987507484896088,1.7435859939424446e-5,1.7435859458939444e-5
787580431,1.0058468419157978,0.6954493269656504,4.996439852112368,0.00020023116575597108,0.00020023116113205398
787580503,0.46935307133199866,0.7865634073591433,4.989184438443823,0.00011530165443812942,0.00011530166307214821
787580749,0.6319770560162918,-0.08203368203009476,4.997636530660454,2.7559907646187032e-5,2.75599070637532e-5
787581418,0.19181283124719417,0.31621121738604385,4.993095774932515,1.2373836086043157e-5,1.2373835795976148e-5
787581434,0.7913396045669218,0.6192699094096014,4.998190129626859,0.00013217506728273372,0.00013217506413191766
787581688,0.34695840365303476,0.7620085850639474,4.997058701670484,3.937129663741004e-5,3.937129543586698e-5
78758204x,0.3994547019783286,-0.32082258760706617,4.999797404675448,1.124894189640287e-5,1.124894156112686e-5
787582234,0.6317448969334111,0.5005505643911676,4.931560849098471,0.00013273751437755386,0.00013273751102995643
787582437,0.7345583759449893,0.04643131217440222,4.999623069852124,3.262193149956832e-5,3.2621931042664174e-5
787582453,2.1044694807590436,-0.12571015365216312,4.998668948076092,0.0001681716813512229,0.00016817167725398282
787583018,0.5027141137127302,-0.6119251367246616,4.999801325020074,6.1869180430215785e-6,6.1869179092048546e-6
787583886,2.94421474716481,-0.1486920902476613,4.996670252871782,0.0002238539437384171,0.00022385393811821672
787584985,0.3489615643739578,0.03607995197020004,4.999439922097624,1.29362831808633e-5,1.2936282843322978e-5
787586075,0.4981923008700122,0.4482495861396556,4.983613170944056,6.186918043021579e-5,6.186917897928746e-5
787586315,0.7216681462397693,-0.15951210044589106,4.995878877598231,3.543416697366904e-5,3.54341657760238e-5
787587430,0.543548895119678,0.6896317791726815,4.981508737720377,7.874259327482009e-5,7.87425912199106e-5
787587502,0.7916366260535547,0.2635433184908379,4.934102335383593,0.00017773328196316534,0.0001777332776484542
787592205,0.5959483349516143,0.4970143355181705,4.994497330985118,0.00013273751437755386,0.00013273751018383643
787592264,0.4416424421875504,-0.22774105008426965,4.99761880363609,1.3498730275683443e-5,1.349872996786315e-5
787592774,0.24373032009603943,-0.3218913411874215,4.999833990691853,3.9371296637410044e-6,3.937129560673819e-6
787593101,1.5215083433698982,-0.8992635407750506,4.996436680016093,6.86185455680575e-5,6.861854345140421e-5
787594040,2.513672619750111,0.3574821111623121,4.916869087227431,0.0007424301651625894,0.0007424301395126936
787594403,0.9142195372446171,0.24284395555099197,4.999010169804733,8.605440550748195e-5,8.605440338809607e-5
787596206,0.22927852433747697,0.7962603001604756,4.999783852214785,2.3622777982446025e-5,2.3622777386465705e-5
787596644,0.4454886250439999,-0.12039493299683209,4.999668635562104,1.912320122388488e-5,1.9123200664447643e-5
787597313,0.47725865672932555,0.19601641300648082,4.99973736726735,2.0248095413525164e-5,2.0248094999093688e-5
787597479,1.6491725830180701,-2.736859996554959,4.938643609265752,0.0002081054250834531,0.00020810541811112798
787597970,0.4695710084157381,0.6694200578068764,4.999418542910929,5.2870026913093485e-5,5.287002571997113e-5
78759805x,1.089460493689596,-0.15850177894092318,4.872415772174059,0.00015748518654964017,0.00015748518184132337
787598156,0.6497262551964808,0.516438956596802,4.996974325143641,7.311812232661866e-5,7.311812007763185e-5
78759864x,0.47360670346784745,-0.2729798103849217,4.999279633550627,1.1811388991223012e-5,1.1811388745790949e-5
787598770,0.20396132734465242,1.9348539692185447,4.99839116145457,8.999153517122296e-5,8.999153360571452e-5
78759952x,0.8049361603909135,0.09197624158525794,4.994876052105858,6.918099266287765e-5,6.918099093646241e-5
787599554,0.3511882362622078,0.45788866133302414,4.999778197112025,2.418522507726617e-5,2.4185224537642002e-5
787599650,0.7141567214194915,-0.1702149880018672,4.927156908424871,9.730334740388482e-5,9.730334404550754e-5
787599685,1.0183935438770186,-3.7602297555674604,4.994175808757058,1.5748518654964018e-5,1.5748518130948227e-5
787599749,0.8984155564709367,-0.2036751588717447,4.92705771081659,0.0001968564831870502,0.00019685650035952898
790800642,1.0230643211702553,-1.108979289489724,4.99498914526754,3.5996614068489185e-5,3.599661286481727e-5
790800650,2.4777889457987294,0.6433901410891762,4.9854439295723445,0.0008582942666955389,0.0008582942457467661
790800757,1.5105778534630312,0.039282492410683975,4.99301687557571,0.0001203636782915107,0.0001203636797253829
790801514,1.094402477071769,0.24414989789088545,4.998932043769961,0.00011080207767956826,0.00011080207502333954
79080183x,0.10713846572949982,1.620235093540786,4.999385820383581,1.7998307034244593e-5,1.7998306715085766e-5
790802402,0.23489609033468106,0.6422891907784256,4.999677103189488,1.6873412844604303e-5,1.687341244550456e-5
790803106,0.646601991896712,-1.4930960398608,4.999279665069372,7.311812232661865e-6,7.311812001464869e-6
790803501,0.44056225429734525,0.17595412810497413,4.999795604174365,2.418522507726617e-5,2.418522448382723e-5
790804280,1.6368703120840473,0.7504686573786298,4.934126628870147,0.0006805609847323736,0.0006805609742304322
790804299,2.3884627884027223,-0.018960001971076414,4.971006759029084,0.00038471381285697814,0.0003847138063858812
790804408,0.18178589190781203,1.9065798154617977,4.999230803193176,6.749365137841721e-5,6.749365048717156e-5
790804424,0.5552348331254795,0.06477380117958374,4.99938761270677,2.6435013456546743e-5,2.6435012808068564e-5
790805099,0.4936558640074731,0.06878250076940555,4.998785512324342,2.4747672172086314e-5,2.4747671537472784e-5
790805128,0.9724987093933336,-2.821101940621888,4.805806204180287,0.00019235690642848907,0.00019235690249845864
790805224,1.3780346618106714,-0.688853234619492,4.996466723810366,4.162108501669062e-5,4.16210836117796e-5
790805275,0.28453092388428297,-0.37523654137824536,4.997712143811757,1.2373836086043157e-5,1.2373835690032708e-5
790806235,3.6299019375839188,0.6346347440543332,4.8998363568706775,0.0028786042312894944,0.002878604142526159
790806737,1.3445260427606616,-0.26479211703806904,4.997873580951626,9.561600611942439e-5,9.561600331257507e-5
790806761,0.10009781051020107,1.402229908688526,4.999824955745456,1.5186071560143873e-5,1.5186071200813986e-5
790806833,1.3677340112128744,-0.15465112709968382,4.991677456098563,0.00010067802997280568,0.00010067802656513254
790807094,1.683254748308824,0.043147388909923604,4.997859576885175,0.00014736113884287758,0.0001473611356152833
790807828,1.0817982497450447,-2.769459999747819,4.936505060002849,0.00012373836086043157,0.0001237383573344022
79080888x,1.4523961697406909,-0.9152755962663652,4.992170393296274,3.824640244776976e-5,3.8246401343946446e-5
790809356,0.616893837129962,-1.1728123474520906,4.9995569819217485,4.499576758561148e-6,4.4995766595956965e-6
790809364,1.185939433112997,0.12196652474515383,4.996939134005455,9.84282415935251e-5,9.842823863066789e-5
790810373,2.347544362050655,-2.7137341670014563,4.826968790706852,0.0002137298960316545,0.0002137298872148848
790810744,0.5731836982185754,-0.22167816394760703,4.999454104344175,2.0248095413525164e-5,2.0248094861164507e-5
790810998,1.039528957896442,0.07045707130169918,4.9979277205981365,7.311812232661866e-5,7.311812072011644e-5
790811093,0.8386301686174499,-0.9953715723544796,4.999898525520223,1.0124047706762582e-5,1.0124047434304451e-5
790811106,0.7653597694525847,0.17757016887683125,4.9912950674745735,5.230757981827334e-5,5.2307578548868324e-5
790812408,1.691889239616761,0.2071212653744366,4.963913799373217,0.00031497037309928034,0.0003149703621043434
790812619,1.6944962235485943,-0.7194305030155499,4.994990737159732,5.624470948201435e-5,5.6244707980822777e-5
790812897,2.1432111541290824,-1.1070339990138278,4.986050103380849,0.0001124894189640287,0.00011248941522209702
790813400,0.33839660640829816,0.5237648618240611,4.996353514189792,3.374682568920861e-5,3.374682514652279e-5
790813996,0.31475621266766013,-1.5059708464850847,4.999554541884932,2.249788379280574e-6,2.2497883101829386e-6
790814008,1.7231425287192113,-0.7684129190677554,4.852180084606796,0.00015073582141179846,0.00015073581701713102
790814649,0.8359946203386757,-3.52653854652507,4.98996696492087,2.1372989603165453e-5,2.1373038318787295e-5
790814884,0.683328868759813,0.36599296750791577,4.9993753363830455,5.118268562863306e-5,5.118268485376131e-5
79081522x,0.512452838275794,-0.18627071744353035,4.978556525934172,3.9933743732230185e-5,3.993374253092943e-5
790815326,0.19586714259125929,0.5987164319866523,4.998442011298728,1.5748518654964018e-5,1.57485181106263e-5
79081573x,0.5917229668270964,-2.7597799600148236,4.987519590193699,3.374682568920861e-5,3.374682456631762e-5
790816521,0.8271435799942023,-1.7876553599352079,4.977363707821074,3.374682568920861e-5,3.374682480506777e-5
790817620,0.0922251195897035,1.4732295034852565,4.9997501690698405,1.2373836086043157e-5,1.2373835765931188e-5
790818068,0.15158603520890004,1.5059571104156717,4.99691213060111,3.5996614068489185e-5,3.59966133078165e-5
790818658,0.12821955044660346,0.7384543555438106,4.989114364921732,1.8560754129064736e-5,1.8560753618737624e-5
790818869,0.7839551065379065,0.46875668139606336,4.996688152011215,8.999153517122296e-5,8.999153330106008e-5
790819204,0.16764246600214763,1.0670740156899654,4.9959673443187995,1.7435859939424446e-5,1.743585954361254e-5
790819685,0.5624742270538817,-1.7963337859466144,4.8812269903370265,0.00010517760673136683,0.00010517760345413283
790820483,2.7565828823463936,0.10209472542364902,4.996298879909301,0.0003054087724873379,0.0003054087654723861
790820774,1.1474826579807458,-0.2721764559498097,4.986472247190443,8.324217003338124e-5,8.324216708522329e-5
790821582,0.15737707426373826,-0.7792366497220398,4.999751226133515,2.249788379280574e-6,2.2497883048583273e-6
790822809,0.4073049152389754,-0.1576314791410321,4.993601564499485,2.5310119266906457e-5,2.5310118459949542e-5
790822825,1.0196150750850925,0.28302501802040925,4.998877377433106,0.00012148857248115099,0.00012148856940515817
790824943,2.3980377357065326,-0.8825619276010024,4.751182665167719,0.0003520918813574098,0.0003520918813254128
790825073,1.7255422312467341,0.5149394275604962,4.972059061453842,0.0004010247786067623,0.0004010247657083144
790825225,0.31751002235872017,-3.0107429619631123,4.997087904261194,7.874259327482009e-6,7.87425906547412e-6
790825305,1.5463527395949077,-2.6724853848335064,4.938643608483637,0.0002081054250834531,0.00020810541811112817
790825399,0.47817191214517785,-0.012124866613029273,4.9961258788693925,4.387087339597119e-5,4.387087202639887e-5
790825778,0.22162103326255433,0.09142566828094638,4.99846212338679,6.749365137841721e-6,6.749364965823567e-6
79082592x,0.9567939911133502,0.7677101807677932,4.997264129538012,0.0001889822238595682,0.0001889822214126746
790826404,0.20044338129649145,0.33242319883325355,4.999764171426979,7.311812232661865e-6,7.3118120991218685e-6
79082656x,1.2285063930300864,0.09777973969515961,4.999126075908439,0.00011023963058474813,0.00011023962794580214
790826703,0.2013815352971369,1.8114205173085316,4.9992796440444,8.717929969712224e-5,8.717929782508405e-5
79082672x,0.3188746862093301,0.43230997706032104,4.999657915711341,1.7998307034244593e-5,1.7998306686362256e-5
790826834,1.600274912909354,0.461653214238241,4.9387828858613405,0.0003599661406848918,0.00035996613213653384
790827351,1.9201204748220617,0.6866525299065505,4.989599630425852,0.0005849449786129493,0.0005849449659911689
790828602,1.3790825266113556,0.48522144768508857,4.979256961561678,0.0002817859945048919,0.0002817859858797973
79082883x,0.6371143020753074,0.09488050547245079,4.999652279749987,3.374682568920861e-5,3.374682499789974e-5
790829648,0.7180535365322516,-0.1871614108565224,4.996721198242389,5.849449786129492e-5,5.8494496040700295e-5
790829664,0.6118329498814813,-0.038818570041507336,4.995361579216456,3.205948440474818e-5,3.205948344456104e-5
790830497,0.7701507826646853,-2.1602285044108576,4.900717002913445,0.00019348180061812937,0.00019348179510470138
790830745,1.0681240592837948,0.07138930640809575,4.990450715011591,7.874259327482009e-5,7.874259163540305e-5
79083093x,0.6344814260643289,-0.48747625908127834,4.960561127353037,6.130673333539564e-5,6.130673191782008e-5
790831430,0.7119093269398802,0.4062371976798246,4.999358330072807,6.918099266287765e-5,6.918099119681264e-5
79083229x,0.48324879493469414,0.588354295319127,4.998777440250099,4.4433320490791335e-5,4.443331994625647e-5
790833962,0.5549054050323828,0.20479817686961316,4.985034627226098,3.487171987884889e-5,3.487171897395521e-5
790835300,0.4896932701026151,-2.2316897902522133,4.886537657269298,0.00018448264710100706,0.00018448264323942106
790835351,1.6067912411492833,0.458020473385656,4.982160540303459,0.0003048463253925178,0.000304846318460667
790835669,0.7510945815602811,0.4654142388987991,4.990889784596855,7.874259327482009e-5,7.874259112985847e-5
790835933,1.5495346458035355,0.342151721849122,4.996602498720952,0.00023060330887625884,0.00023060330367424082
790835941,1.1158122236003645,0.36309321739466754,4.9909124671234935,0.0001462362446532373,0.00014623624226477256
790836135,0.803254435940185,-1.0033593432957981,4.996729070764197,2.081054250834531e-5,2.0810543806422408e-5
79083616x,0.48912939603776145,0.5323343948746716,4.9996115136551715,4.8932897249352485e-5,4.8932896080309805e-5
790836565,0.6935502519339151,0.5798271913580372,4.999231207918799,8.999153517122296e-5,8.99915332284605e-5
790836821,1.7294044477716364,-0.03702929668981751,4.998204298811738,0.00017379615229942433,0.00017379614755437734
790837082,1.468257079918689,-0.3568729243352336,4.998015639767878,7.818014617999995e-5,7.818014418119356e-5
790837402,1.9737127513688137,0.13726215272376896,4.998012728901178,0.00025535098104834515,0.0002553509752270662
790838317,1.0029196141078691,0.43780014223365693,4.99891516831925,0.000133299961472374,0.00013329995826406163
79083915x,0.7967587983320457,-2.4433356731023785,4.9246978430808115,0.00012767549052417258,0.0001276754871755747
790839168,0.37747515947389093,0.3909205334251951,4.999747424483084,2.418522507726617e-5,2.4185224537725442e-5
790839715,0.749074504176613,0.30277091049473226,4.998251069850926,5.118268562863306e-5,5.11826847215997e-5
790840038,0.738131551543341,0.2782814063211287,4.9976172124663,6.243162752503592e-5,6.243162615961432e-5
790840564,0.23892745330416315,0.5273445504231056,4.99967485189523,1.2373836086043157e-5,1.2373835826897238e-5
790841495,0.49887945591096755,0.5552074462442607,4.999363121152609,5.849449786129492e-5,5.849449627872228e-5
790842084,1.3673441163118578,-0.3907851257822654,4.983232186177089,0.00010011558287798554,0.0001001155797439019
790842228,0.7537982602681885,0.1217197371440349,4.999436476320232,4.6120661775251764e-5,4.612066069203657e-5
790842535,0.8221337218727386,-0.15525511428693783,4.99765322969339,4.330842630115105e-5,4.330842564322566e-5
790842877,1.4471824635491097,0.18933691154628032,4.98597276160708,0.00020248095413525166,0.00020248094918936052
790843060,1.9886811299033362,0.9647538693682378,4.971121832981808,0.0008999153517122296,0.000899915333693367
790843087,0.7479833933185688,-2.819714277002049,4.971884178318649,6.693120428359708e-5,6.69312017703035e-5
790844514,0.6445384210700129,0.3943340664787976,4.991196287022463,6.411896880949636e-5,6.411896912197603e-5
790844960,0.6528151005536094,0.5428360169172824,4.998673020885713,7.143078104215822e-5,7.143078002702172e-5
790845920,1.0002688412530918,-3.6348894507933083,4.943192442629024,5.849449786129492e-5,5.8494496110803086e-5
79084635x,0.8597348930734725,-0.9359485440597766,4.99464492406863,2.1935436697985596e-5,2.1935436000181765e-5
790846712,0.10054630456510179,-0.17890571330785382,4.999798832232258,2.249788379280574e-6,2.249788305941135e-6
790846739,0.36385269214613064,0.7380010264545275,4.999072188612134,4.274597920633091e-5,4.274597823499753e-5
790847352,1.707790397978578,-0.5363394365193007,4.998171754190315,5.7369603671654635e-5,5.7369602520478936e-5
790847678,0.7441771055062143,-0.25828537908357874,4.9964455810378885,6.974343975769779e-5,6.974343760535233e-5
790848101,0.4305678124253994,-0.18888509183642505,4.9937250482952384,3.374682568920861e-5,3.3746828341614734e-5
790848224,0.08119607977216955,0.8001314791266921,4.999272609747473,8.999153517122296e-6,8.99915324126693e-6
790849032,1.1946459981315958,0.6672743522896907,4.996521120129278,0.00032509442080604295,0.0003250944119878772
790849411,0.12439630275146575,-0.020354294980452593,4.994331173442175,6.749365137841721e-6,6.749365145079493e-6
790849892,0.7273839833352953,0.3094052045736225,4.923315428740126,8.774174679194238e-5,8.774174479189635e-5
794000853,0.19972674536675958,0.5568196428967934,4.999888439122692,1.124894189640287e-5,1.1248941628790364e-5
794001653,0.15641686214034078,0.8046728709779323,4.9997554872350225,1.462362446532373e-5,1.4623624055545465e-5
794002357,2.3010180218892855,-0.618347927510848,4.972990027721915,0.00015748518654964017,0.00015748518094477543
79400300x,0.8134290589221563,-0.44042191983873585,4.999397895490718,2.5310119266906457e-5,2.5310118611703653e-5
794003229,2.8594144590570316,-0.38891199917340014,4.998039101226288,0.0002081054250834531,0.00020810541959143876
794003245,0.7963741230417752,-0.8074151475503178,4.987157797042007,2.1935436697985596e-5,2.193543613360167e-5
794003472,0.40253323305159905,0.5448592541320363,4.999641057881208,3.824640244776976e-5,3.8246401455930476e-5
794004053,2.1039268149851713,0.4966607536790539,4.991015026547401,0.0004218353211151076,0.0004218353163619697
794006868,0.09222709021086867,1.3662168917571471,4.999109247351088,1.2373836086043157e-5,1.2373835727457115e-5
794008783,0.1790349012682811,0.8848069160045992,4.999182367610979,1.3498730275683443e-5,1.3498729993590292e-5
794008847,1.8961519337321118,0.4317413069187575,4.951941516439982,0.0003464674104092084,0.00034646740482823294
794009751,0.28267915313872954,-0.7309917963086111,4.998541250568673,6.749365137841721e-6,6.749365690922349e-6
794010242,1.0328076813374139,-0.23506532227542926,4.993262673156817,8.099238165410066e-5,8.099237921016673e-5
794010779,1.2036780177065944,0.17297127171642973,4.99906635408198,0.00011867633700705028,0.00011867633417912667
794010795,1.9657794893899638,-0.4805685514822602,4.998648188561111,8.15548287489208e-5,8.155482754135163e-5
794011210,1.62225129256147,-0.07070695288228038,4.997718137572505,0.0001124894189640287,0.00011248941673068087
794011237,1.2723319651928857,0.2914799015170087,4.993917212037882,0.00015186071560143873,0.00015186071320858973
794011579,0.3937226976550518,0.583900852430532,4.9997335887019245,2.6997460551366886e-5,2.699746014278382e-5
794014307,1.2772009383159415,-3.187235951167569,4.953410893118191,6.749365137841721e-5,6.749364909696618e-5
794014462,0.6681221792438218,-0.3197696432105075,4.999815079663726,2.1372989603165453e-5,2.137298905703085e-5
794014518,0.46103672077227403,-0.3377202201327062,4.999836087282984,1.124894189640287e-5,1.1248941604905785e-5
794014542,0.12051886192645546,1.2737662023607572,4.999833197967708,1.7998307034244593e-5,1.7998306579395435e-5
794015131,0.4294709130453309,-0.43530276617134067,4.999697622717989,1.4061177370503587e-5,1.406117693617157e-5
794015203,0.5989903002888534,0.24188710339288413,4.997824462703698,4.330842630115105e-5,4.3308424913538545e-5
794015705,0.29080302846082184,0.21363870158461395,4.999348123946816,1.2373836086043157e-5,1.2373835881820578e-5
794016003,1.9742925551435782,-2.8917798741501435,4.760445838191005,0.0003931505192792803,0.00039315050953244373
794016118,2.0792953947631396,-0.08104778735817156,4.986672662528993,0.00027728641774633076,0.0002772864095512795
794016169,0.7174670175424563,-1.45611850999539,4.9980762036684885,7.874259327482009e-6,7.874272194480993e-6
794016185,1.2372065197882174,-0.5833144906251668,4.999667972162777,3.374682568920861e-5,3.374682488322216e-5
794016230,1.652795189512794,0.8412903175586187,4.994756187506559,0.0005810078489492082,0.000581007835189912
794016871,0.6907932864871352,-1.1759444505161873,4.983024998763161,2.081054250834531e-5,2.0810542414190246e-5
794017014,0.24967916591000128,0.4057300767177775,4.9973982866572895,1.124894189640287e-5,1.1248941641040356e-5
794017022,0.35074690262192365,2.1121139709832577,4.9889264972215015,0.00034871719878848894,0.0003487171885254109
794017030,0.6655824134464783,-0.007584276558349616,4.998499768056126,3.543416697366904e-5,3.543416604661068e-5
794017161,0.0811953394583629,0.89399495775914,4.999546075257928,8.999153517122296e-6,8.999153237772382e-6
794017807,0.5690099968758328,-3.080554385122584,4.956337397601639,6.074428624057549e-5,6.0744286221521974e-5
794018383,0.5929328569518799,0.6789423860759631,4.999259180246978,8.267972293856109e-5,8.267972112094833e-5
794018666,0.41120628646191765,-0.6460381539729523,4.999944706375758,5.624470948201435e-6,5.624470800484076e-6
794018965,0.10992038465641818,0.6193085323259342,4.9998120733806575,7.311812232661865e-6,7.311812012506841e-6
794019415,0.8134508159002817,-0.011466340785611274,4.969462909966797,8.099238165410066e-5,8.099237967803208e-5
794019888,0.723587215876487,-0.37768368238500105,4.999061101672999,2.1935436697985596e-5,2.1935436125111112e-5
794021347,1.4943226989927194,-0.12731398248849674,4.997368176979725,8.774174679194238e-5,8.774174439565288e-5
794022577,0.5448585218703345,0.29349288444695504,4.995585990846166,3.712150825812947e-5,3.712150742796468e-5
79402365x,0.5698601685891855,0.3474745050259632,4.998677684681091,3.937129663741004e-5,3.9371295812156264e-5
794023940,3.5444119001922973,0.6498920990574641,4.956964985887064,0.001340873874051222,0.0013408738412869156
794023983,0.6755348802055628,-2.752499372732733,4.918315498927278,6.749365137841721e-5,6.749364901633701e-5
794024097,0.9742223580373359,0.589870957300765,4.998443665948967,0.0001355497498516546,0.00013554974721589896
794024126,0.8858531149762054,0.5137830879432652,4.988275472605917,0.00022610373211769767,0.00022610372518834564
794024353,0.6604548895452073,-0.36031817256939175,4.977109297322945,3.7683955352949614e-5,3.768395418944602e-5
794025014,0.9539595019106392,0.3832743160786781,4.999164597550567,8.436706422302153e-5,8.436706295048071e-5
794025786,0.7606703191374367,0.08506078952714932,4.990080360493359,5.624470948201435e-5,5.6244708199377084e-5
794025938,0.19458317705616346,1.312429865169395,4.978435615709625,7.986748746446037e-5,7.986748488606736e-5
79402664x,0.29684905363208075,-0.1866239325342624,4.999191991763821,8.999153517122296e-6,8.99915328988356e-6
794026746,1.0679200776716593,0.17056840381397148,4.997429586329257,8.324217003338124e-5,8.324216898795522e-5
794027378,0.4753834244883411,-3.5164982274775993,4.973981923770587,2.3060330887625882e-5,2.3060330398911927e-5
794028709,0.128080369525646,1.0568820146446871,4.998754594812345,2.8122354741007175e-5,2.812235386343068e-5
794028960,1.5978857820906642,-3.5875109048111007,4.968829756731421,6.074428624057549e-5,6.074428450961558e-5
794029074,1.5286917202167134,-0.7130629915280737,4.99587412628284,4.387087339597119e-5,4.387087200175517e-5
79402955x,0.3540354361665918,0.6432445359517043,4.9994027819598825,2.8684801835827318e-5,2.868480127038064e-5
794029592,0.8547946067503723,0.5359542532541048,4.992956174548147,0.00013386240856719416,0.00013386240510073678
794029605,1.8498010568325325,0.6633760983185468,4.9768144868630655,0.0005185762214241723,0.0005185762249545392
794029808,2.5071497555742277,0.12092235671865845,4.99432272553896,0.000419585532735827,0.00041958552210661135
794029816,1.3790390356212594,-0.7412288130079537,4.9996057725683345,3.712150825812947e-5,3.712150724348716e-5
794030243,2.0670740421018627,0.24227238119355832,4.947551486074278,0.00040158722570158244,0.0004015872122522613
794030403,1.3280773386692528,0.04532062573635487,4.99924956554606,9.84282415935251e-5,9.84282395229504e-5
794030606,0.616512049182397,-1.9962813892983369,4.961065171590601,6.299407461985607e-5,6.299407187761152e-5
794031246,0.4303554683367531,-0.3248968782783085,4.997065071830942,2.1372989603165453e-5,2.137299099071989e-5
794031844,0.8608635377394478,-0.13806214755937646,4.996819192136791,5.5119815292374064e-5,5.511981982283124e-5
794032097,3.9281978039165844,-0.08058146153890114,4.962320360893939,0.0004589568293732371,0.0004589568168681122
794034586,0.9171932979512707,0.03574737975646702,4.851466141121183,0.00015748518654964017,0.0001574851818467199
794034850,1.7760812678003441,-0.2868691074492027,4.983482899646055,0.00011698899572258984,0.00011698899329217788
794037445,0.5731517985904073,0.4103050499907329,4.986056565112671,6.411896880949636e-5,6.411896738822801e-5
794038026,2.6412161690712828,-3.3224236721562646,4.7118226717066305,0.0002519762984794243,0.00025197629066449123
79403907x,0.4297629290517122,1.2865926530137766,4.914108108487203,0.00024747672172086314,0.00024747671486313966
794039475,0.5291531110848623,-1.0665891851387557,4.999800795368241,6.749365137841721e-6,6.749364931434085e-6
794039504,1.098547205604862,-0.627386919334674,4.998766581688452,4.162108501669062e-5,4.162108375931133e-5
794040150,0.26240550304313826,0.2231092609277603,4.99976797896586,1.0124047706762582e-5,1.0124047485597809e-5
794040177,0.38694666558789886,-0.17986294027211422,4.985155950461699,2.5310119266906457e-5,2.5310118571005858e-5
794040580,0.1771847337393662,0.7257541145758584,4.998123294666691,2.6997460551366886e-5,2.6997459724731444e-5
794041460,1.2374345349053146,0.3680261466295457,4.996510478828145,0.00019123201223884877,0.00019123200738693148
794042156,0.2898501695759999,0.7794180302314991,4.996454578965989,3.0372143120287746e-5,3.0372143367280843e-5
794042869,0.5024143714095948,-0.17062680315405238,4.999811651063065,1.6873412844604303e-5,1.6873412420623334e-5
794043220,1.2142816729489274,0.1542067903160477,4.961159808859065,0.00013498730275683443,0.00013498730026956826
794043247,0.5391932625301685,-0.3977134748327852,4.99060051424363,2.1372989603165453e-5,2.1372988829023364e-5
794043482,1.0229290880851605,0.9623690880558756,4.9941255019390765,0.0002755990764618703,0.00027559907335889216
794043538,0.4804038920660331,-0.13798597320250353,4.999584391696833,1.3498730275683443e-5,1.3498730104360358e-5
794043597,0.57789258386279,-0.014555382136256342,4.997940443040501,4.837045015453234e-5,4.837044866179898e-5
794043642,0.18622687921190387,-0.7235798119075341,4.955850686508279,7.143078104215822e-5,7.143077793264862e-5
794044258,2.3430402288548766,-0.1507193261523257,4.991674847541939,0.00033465602141798535,0.00033465601144014377
79404475x,1.5513220271161954,-0.11118584506419867,4.9965984549300195,0.00010574005382618697,0.0001057400518932181
794044856,0.4618324131428606,0.7359487506331964,4.997842942229077,6.749365137841721e-5,6.749365197903433e-5
794045007,0.8549547373765694,0.4371680285171327,4.974140834393664,0.00010855228930028769,0.00010855228677589692
794045568,0.7205641932468783,0.38368539674202146,4.989677319374701,7.143078104215822e-5,7.143077951882167e-5
794045576,0.6071377863817352,0.4415865716617093,4.985287086337859,6.186918043021579e-5,6.186917899090451e-5
79404627x,0.754176960398666,-2.8829557349262793,4.971138663649391,5.624470948201435e-5,5.6244707879273745e-5
79404651x,2.796513036479662,-0.3071008404263159,4.998507805072894,0.0001968564831870502,0.00019685647874239886
794047141,0.2826658991929351,-0.1035885692499365,4.999946228579139,6.749365137841721e-6,6.749364975541539e-6
794047897,0.9334640090193055,1.0733933772587254,4.997184163033848,0.00033409357432316524,0.00033409356713677557
794048742,0.11714222691134217,1.589271580065332,4.999106264821918,2.249788379280574e-5,2.2497883361905672e-5
794048750,0.36154346899489803,0.06306701652322477,4.99896749406095,1.2373836086043157e-5,1.2373835790718483e-5
794049577,0.2780627797343065,0.3469096076978052,4.999851855164095,1.4061177370503587e-5,1.4061176996432296e-5
79750052x,0.9162132693281362,0.4196777787152232,4.998953748973141,0.00011305186605884883,0.00011305186347354937
79750079x,0.8087040124023465,-0.9408611550091098,4.9999104736745,8.999153517122296e-6,8.999153303868992e-6
797501207,0.19879661743556223,-0.18218760539421255,4.999974343129787,3.3746825689208607e-6,3.374682491000276e-6
797502197,0.9005824751105548,0.38211324824649695,4.998638041789684,8.549195841266181e-5,8.549195628698956e-5
797502277,0.5386751855137241,-0.19924915405246496,4.994304059473205,1.8560754129064736e-5,1.8560753655240932e-5
797502699,0.8527690106838677,-3.577503252495505,4.9875762381587325,1.7998307034244593e-5,1.7998306425857615e-5
797503851,0.5786069683895317,0.0228242391964142,4.9991458407003355,2.58725663617266e-5,2.587256568265785e-5
797504168,0.39629469941976764,0.8111326569051245,4.996250369298787,5.0620238533812914e-5,5.062023726594969e-5
797504854,0.794479559328402,-0.36681902714337605,4.999676014805673,2.3622777982446025e-5,2.3622777409635217e-5
797505603,1.721699476533162,0.05096777680933094,4.9976501075060575,0.00016873412844604306,0.00016873412504159278
797505654,0.7375721607446639,1.1145375717361374,4.9933368246924665,0.00023510288563481998,0.00023510288046929713
797505689,2.989589947157738,0.4021049153899807,4.9933041396460665,0.0007851761443689203,0.0007851761255730514
797505697,1.3590466999759283,-0.3433539208097251,4.999481681278186,6.074428624057549e-5,6.0744284790209325e-5
797506534,1.142865256350232,0.2848249325097999,4.98827027557768,0.000125425702144892,0.00012542569898328564
797506817,0.9398334045651086,0.10689847291382759,4.998689789607945,6.86185455680575e-5,6.861854390239301e-5
79750730x,0.15762902502822052,1.1605027840697617,4.996026499984408,2.924724893064746e-5,2.9247247910509686e-5
797507393,0.7788345955846034,0.3207486229352534,4.98752630485409,7.311812232661866e-5,7.311812064342787e-5
797507940,0.498883067436768,0.573019254728072,4.999146016880751,5.849449786129492e-5,5.849449634625157e-5
797507991,0.07951269937569076,-0.023166244088465134,4.999869578735077,1.124894189640287e-6,1.1248941594715827e-6
797509022,0.1464671692098271,0.97692673201995,4.999706907089826,1.124894189640287e-5,1.1248941581517453e-5
797509065,0.2780159210500496,0.2804011254033024,4.999901678867199,1.1811388991223012e-5,1.1811388737523185e-5
797509380,0.489040265160271,0.24375528613753095,4.999645267269574,2.3060330887625882e-5,2.3060330527818473e-5
797509436,0.20565688476190278,-0.3420047296789834,4.99921320977544,3.3746825689208607e-6,3.37468248528659e-6
797509890,0.07951238214423147,0.036137201469542246,4.9999892888475825,1.124894189640287e-6,1.1248941615438325e-6
797510269,0.8821357000454688,-0.27793506430095793,4.998452134962892,3.5996614068489185e-5,3.599661312812207e-5
797511114,0.2680359285071955,1.2316100704769322,4.982891232028427,0.000125425702144892,0.00012542571029232485
797513523,0.7507155870212537,0.2407261950016692,4.999380723972265,5.399492110273377e-5,5.399491985764136e-5
797515086,0.25465195314190664,0.3211535330809562,4.999847247928287,1.124894189640287e-5,1.1248941624455051e-5
797515262,0.7907568652496842,0.5707163759924411,4.998312930941443,0.00010686494801582726,0.00010686494575750916
797515385,0.9012883643253354,0.6899261769197259,4.998075409845721,0.00014679869174805745,0.00014679868911464424
797515537,0.8595266748408131,-0.42151328321217374,4.99886883841372,2.1372989603165453e-5,2.137298899269512e-5
797515991,0.09222604236693382,1.4886196673682448,4.999450084122136,1.2373836086043157e-5,1.2373835807859141e-5
797516951,0.04663381220506305,0.9361333640598914,4.999973375784543,2.249788379280574e-6,2.2497883161301005e-6
797517196,0.07236936298355737,1.2713373024738195,4.999605388145071,6.749365137841721e-6,6.749364984339124e-6
797517225,0.36105131185686806,-0.3145180133373943,4.999381138949054,1.3498730275683443e-5,1.3498729857287382e-5
797518068,1.6724903521759429,-3.056428771943324,4.964889127952239,5.680715657683449e-5,5.680715410391765e-5
79751813x,1.016949809843741,0.3538774845460491,4.896858130718741,0.0001940442477129495,0.00019404424360919257
797518340,0.14618686083230614,0.958200498980798,4.999470776807651,1.2373836086043157e-5,1.237383572920215e-5
797518447,0.8688869937047844,-0.5566980081173337,4.999227249979641,1.8560754129064736e-5,1.8560753761802952e-5
797518527,0.9674050877369454,0.1537824484167377,4.994003133281923,0.00010180292416244596,0.00010180292157527463
797518586,1.0684574347540958,0.08062270741688936,4.9956194079314615,7.874259327482009e-5,7.874259166576834e-5
797519220,1.067858340397956,0.3973018467445372,4.998778959710582,0.00013948687951539557,0.00013948687597900838
797519298,0.9573315264576074,-0.7889481547143437,4.999320316726504,1.3498730275683443e-5,1.3498730048296018e-5
797519781,1.038742809875173,0.14573998731610396,4.999026077936909,8.211727584374094e-5,8.211727391083633e-5
797519845,0.6845427709858943,0.365733866507314,4.999519436040867,6.018183914575535e-5,6.018183791478164e-5
797520117,0.41768009650317955,0.9248909346275489,4.973575077245273,6.86185455680575e-5,6.861854395143388e-5
797520643,0.7742967918807551,0.10306936950987952,4.993156064884906,7.143078104215822e-5,7.143077979873687e-5
797521654,0.2609942545339985,0.5508531887808656,4.999837453581109,1.6873412844604303e-5,1.687341244142919e-5
797521670,0.1276569799495456,1.0861780012304985,4.999709148409778,1.0124047706762582e-5,1.0124047490175333e-5
797522139,1.2262410017102456,-0.07438336674756654,4.999027312589844,8.436706422302153e-5,8.436706222689206e-5
797522614,0.534860554204815,0.33227155661602703,4.99963436755117,3.3184378594388464e-5,3.3184378002690136e-5
797522905,0.8209163958274218,0.5323292476338324,4.999116206639256,0.00010686494801582726,0.00010686494569427244
797523289,0.5072664540506067,-0.6210032055998722,4.997368300238587,1.912320122388488e-5,1.9123200625955793e-5
797523772,2.0961625280490366,-0.522866390422276,4.980907664824834,9.561600611942439e-5,9.561600450326812e-5
797524169,0.26642708411557364,1.9285865077717,4.9972385623164675,0.00017548349358388477,0.00017548348911080352
797524476,0.9730887289548301,-0.8768444204336225,4.999418609782876,1.4061177370503587e-5,1.4061176938008785e-5
797524783,0.29967533785666034,-0.6845917648531071,4.996105246384291,1.0124047706762582e-5,1.0124047378034186e-5
797524871,1.0073440338249786,-0.8680495178128137,4.974173071994982,4.6120661775251764e-5,4.612066037921197e-5
797524900,0.812165291881833,0.3386091440412927,4.9974816141095015,8.717929969712224e-5,8.717929758114768e-5
797525604,0.6597652954967438,0.06782593069435515,4.989855062308216,6.355652171467621e-5,6.355651972534e-5
797525620,1.2711083548310689,-1.1863694503475386,4.973622547248264,9.05539822660431e-5,9.055397923531726e-5
797525962,0.3813408511956103,-0.051815803215568466,4.999593717471924,2.0248095413525164e-5,2.024809479734251e-5
797526279,1.1874195052047103,0.2659827296517285,4.989204020086577,0.00014286156208431644,0.0001428615574263877
797527394,0.6492433479753942,-2.3987104649761837,4.9332546958658625,7.25556752317985e-5,7.255567313972702e-5
797527941,1.3742107965341106,-1.1517585440261349,4.997068825978075,4.162108501669062e-5,4.162108372008679e-5
79752808x,1.3890550484967483,0.0019641029086384315,4.992165110113452,0.00015467295107553946,0.00015467298618932816
797528127,2.645616469067991,0.33428246929423383,4.991021946866852,0.000525325586562014,0.0005253255755779591
79752859x,0.4710975037814047,0.07299482075024007,4.999656405328447,1.6873412844604303e-5,1.6873412655552272e-5
797528610,1.4842334519205773,-0.09725243979597023,4.995020525631028,0.00010686494801582726,0.00010686494491721076
797528856,0.9171503021403872,-0.5296976423557943,4.998599836605615,2.3622777982446025e-5,2.3622777221216384e-5
797529058,0.5504628660200493,-0.5013246113068538,4.999670435363556,9.56160061194244e-6,9.56160042808281e-6
797529146,0.14401324271604865,-0.435894343917446,4.993378603603528,3.7683955352949614e-5,3.768395425110541e-5
797529381,0.5202312007369152,0.5489320497999044,4.998253898958691,5.2870026913093485e-5,5.287002603267466e-5
797529488,0.39543519341110056,-2.4199864021944864,4.98876763117433,3.0372143120287746e-5,3.0372142109685866e-5
797529998,0.1834560928497862,1.3546615276237213,4.995372557505776,3.0372143120287746e-5,3.0372142406029304e-5
797530331,0.8776678010074894,0.31572273230146886,4.997996892483697,9.05539822660431e-5,9.055398037845755e-5
797530411,1.0716581469853956,-0.7267333757514112,4.927611968411599,0.0001203636782915107,0.00012036367461442242
797530956,0.45722743171900576,-2.6782784850582737,4.979764618617048,3.430927278402875e-5,3.430927188418524e-5
797531174,0.5789392706115846,-0.24965322168767443,4.991098953354798,2.6997460551366886e-5,2.6997459622619965e-5
797531211,1.4207706418583008,0.5417771516721087,4.9767310213709575,0.00042127287402028745,0.0004212729659781952
797531385,0.44666209131363804,0.42651962936463156,4.9989617948946,3.0372143120287746e-5,3.0372142276445328e-5
797531844,1.4862007509947137,-0.29518253837807,4.999233005927693,8.15548287489208e-5,8.155482658880008e-5
797531959,1.335201364366066,0.003960740029058985,4.982900959707076,0.0001383619853257553,0.0001383619828614015
797532329,0.4427985278035611,2.1587013291428754,4.986189289928491,0.0006243162752503593,0.0006243162622367108
797532409,0.7491226351211827,-1.1967403592838315,4.999478020503313,7.311812232661865e-6,7.311812016831247e-6
797532417,1.7011811598852185,-1.1011697530376445,4.996272814238843,5.680715657683449e-5,5.6807154835764e-5
797532628,0.5829808014673908,0.6112784005566897,4.913035306701195,0.00012092612538633085,0.00012092612205087594
797532951,0.08877505353118377,1.4364178092021398,4.999833801835953,1.124894189640287e-5,1.124894164819301e-5
797534770,1.0664413619080808,-0.5713669958760687,4.998951587860844,2.3622777982446025e-5,2.3622777451188305e-5
797534826,1.4629918376676732,-0.20956188430112171,4.99901680313565,8.717929969712224e-5,8.717929795488132e-5
797535212,0.3270958841014333,1.9554517460683605,4.972699497890894,0.0002924724893064746,0.0002924724829329595
797535490,0.3978864645998578,-0.8460761924280857,4.999519944873545,6.1869180430215785e-6,6.186917856295857e-6
797535706,1.8747632853421663,0.6251451531323398,4.992679304420916,0.0004088990379342443,0.00040889903082618606
797536354,1.2200114869947667,-0.7636991278228782,4.998975925433233,2.4747672172086314e-5,2.474767141089077e-5
797536645,1.1259147477214735,-1.0562416134788228,4.998861432062195,2.0248095413525164e-5,2.0248094806079738e-5
797536813,0.2687590348651755,-0.07006253831330812,4.9990391005528645,1.462362446532373e-5,1.4623624017185701e-5
797537509,0.5644295033308775,0.08162236340620041,4.9996645856827175,3.3184378594388464e-5,3.3184377732397925e-5
797537592,2.422480558332356,-0.079497232911148,4.991432783467415,0.0003025965370132372,0.0003025965290411388
797537939,0.7402889862520542,0.623941415884451,4.998870667501353,0.00011136452477438841,0.00011136452230796469
797538165,0.35000385157411124,0.5566808427213681,4.9972676206372695,4.162108501669062e-5,4.162108377060747e-5
797539192,2.40505262716533,-0.4087640879765016,4.995026521661643,0.00013498730275683443,0.0001349872999526384
797540054,1.0306519145912882,0.6658894480786033,4.998652813736215,0.00018448264710100706,0.0001844826430913603
797540329,0.10977087320612466,1.376945987130408,4.9986868497150265,1.912320122388488e-5,1.9123200714767665e-5
797540951,0.500519358378848,0.7767228599660283,4.999462874320281,7.030588685251794e-5,7.030588526941578e-5
797541700,1.2307867821512446,-0.24700562416378843,4.999506244408874,5.793205076647478e-5,5.793204958513336e-5
797541727,1.5563983752355919,0.23171790489244087,4.99752597063129,0.00022722862630733797,0.00022722862015965185
797541874,0.7981863935548266,0.2286386617338289,4.9988633707624075,7.030588685251794e-5,7.030588497558366e-5
797542324,1.0537493429446994,0.32241871408573824,4.94668054262091,0.00014848603303251788,0.00014848602898887752
797542367,0.3327671321284093,-1.841524917490021,4.997430501601361,1.462362446532373e-5,1.4623624037742396e-5
797542658,0.34822827388326116,-0.2431803642581901,4.9990627546001525,8.999153517122296e-6,8.999153213575746e-6
79754344x,0.23190104966338154,1.136223616967099,4.968606024688193,0.00012373836086043157,0.00012373835688276648
797543976,1.2589284090439337,-0.8197620026256217,4.999733321108355,2.6997460551366886e-5,2.6997459821029942e-5
797544864,0.5343862055997232,0.5762752539236617,4.998449883374344,4.949534434417263e-5,4.949534327324113e-5
79754512x,0.2964877140822807,0.7902970828561396,4.999477151173273,2.249788379280574e-5,2.2497883417401774e-5
797545269,0.11105264395951062,1.4312123831193315,4.998263643204145,1.968564831870502e-5,1.9685648125640595e-5
797545744,1.0712171916569415,0.75870011491774,4.990164172145653,0.000258725663617266,0.0002587256579540694
797546421,1.2624485033059394,-0.5307351320438622,4.994384367544839,5.230757981827334e-5,5.230757801453909e-5
797546624,0.9737702624590296,0.04788115493911212,4.988331852003225,9.336621774014381e-5,9.336621557979528e-5
797547109,0.04663618549025487,-1.9194195059227241,4.998447029769842,2.249788379280574e-6,2.2497883032322014e-6
797547619,0.7914887871740419,-0.15599027026595094,4.999485465684207,3.9933743732230185e-5,3.9933742614236027e-5
797547686,0.3057478418545461,-1.757038410692602,4.9972269018871485,4.499576758561148e-6,4.499576668703064e-6
797547803,0.2697291963738078,0.11822591507282731,4.999403862455306,9.56160061194244e-6,9.561600448693264e-6
797548806,0.7758797728396745,0.046049972886677726,4.9992267382906554,4.162108501669062e-5,4.162108442522804e-5
798884908,0.8599517460087354,-0.5673922728680477,4.999852393485961,1.7998307034244593e-5,1.7998306592138748e-5
863576806,0.6775923550897857,-0.6979122389900814,4.996688866349609,2.249788379280574e-5,2.2497883101024583e-5
863577083,0.9899759322014955,0.5083279379489689,4.928957493221192,0.0003599661406848918,0.0003599661294031788
86359318x,1.5158033416886316,0.29104196503503565,4.987663556655957,0.0003436551749351077,0.0003436551644741153
86383588x,0.31779539717975047,0.21376451902594634,4.999340678425778,2.3622777982446025e-5,2.3622777259462303e-5
863862845,0.4182642406812494,0.4329941420919461,4.996072641335477,3.7683955352949614e-5,3.768395408181873e-5
863948737,2.129926950602594,0.6476521196593038,4.923020865068148,0.000580445401854388,0.0005804453882071428
86394981x,0.1260157705193675,1.631772980956041,4.9964195751194485,2.6997460551366886e-5,2.6997459916611264e-5
863980227,1.055301246497199,-0.541552088618786,4.999268962829111,3.1497037309928035e-5,3.14970365532815e-5
964950828,0.3578132425520065,0.2956974806262149,4.996783941339003,3.655906116330933e-5,3.6559060030869734e-5
965401564,0.4338341907955011,0.7146183207828888,4.999159899921841,4.780800305971219e-5,4.78080020388371e-5
965450542,0.331468967101729,-2.37844854990236,4.984878885818433,3.5996614068489185e-5,3.599661271680189e-5
f6792352x,0.529408415457909,0.686031048141221,4.995712104468018,7.030588685251794e-5,7.030588539161271e-5
f67923992,0.10054594690561458,-0.03888405178770531,4.999905568918818,2.249788379280574e-6,2.249788311082536e-6
l01609355,0.07236877832664769,1.2742412360114135,4.999847740203219,6.749365137841721e-6,6.749364990902567e-6
l10139199,0.10441745251812579,0.8540181123362233,4.996682532021159,1.6873412844604303e-5,1.6873412331592175e-5
l20234480,0.07951345619056031,-2.793789193562904,4.999583986345324,1.124894189640287e-6,1.124894152210589e-6
x14212127,0.9092211154229252,1.092635499167983,4.959785537388564,0.00034871719878848894,0.00034871720817363167
x14214202,0.08697692518193283,1.2733064365760252,4.998199963346805,1.0686494801582727e-5,1.0686494851318758e-5
x14217286,0.2651065295373109,-3.041465472932076,4.985987808468485,2.1372989603165453e-5,2.1372989444346223e-5
x14222691,0.2858341629713803,0.058068470180816886,4.967652015539155,4.6120661775251764e-5,4.612066177565727e-5
x14256154,0.09223317435262209,1.0250303430402155,4.99713157027157,1.2373836086043157e-5,1.2373835694528828e-5
x1426543x,0.6316640060217261,-0.23734705772785397,4.999826649434562,2.0248095413525164e-5,2.0248094929708642e-5
x14279313,0.15378398413351552,0.5589746523574569,4.997266316588853,6.749365137841721e-6,6.74936497377844e-6
x14291670,0.07698942414625372,0.6527702169031209,4.992872293921638,7.874259327482009e-6,7.874259123147647e-6
x14297642,0.9715800096240703,0.4193803000152327,4.997330354243512,0.000129362831808633,0.00012936282868789093
x14301592,0.26227697633615726,1.923322197129698,4.997574510442879,0.00016873412844604306,0.0001687341243716842
x14303168,0.683494754654018,0.4327358471245722,4.992621341182573,6.749365137841721e-5,6.749364967415724e-5
x18918303,0.20395811177017803,1.8317885365061695,4.998863864280081,8.999153517122296e-5,8.99915333718336e-5
