id,eta_seed,alpha,theta,sigma,amenity,productivity,wage_data,employment_data,employment_inverted,markdown_inverted
163560221,0.1,0.8,5.0,0.25,-0.21558957649214178,0.9246545881173192,0.9515133593994071,4.555821468043162e-5,4.55582146706138e-5,1.0501441550919575
163560395,0.1,0.8,5.0,0.25,0.3233244981886402,0.6844443717053235,0.5929998249240106,0.00010574005382618697,0.0001057400538051175,1.0539822720629664
163560635,0.1,0.8,5.0,0.25,0.06736381409586151,0.4488343649996182,0.7339361054486409,4.499576758561148e-6,4.499576757591365e-6,1.0500044397392077
163560758,0.1,0.8,5.0,0.25,0.9146593597621498,0.5148454650022609,0.3807714642696555,0.00023735267401410055,0.00023735267396270265,1.050343354229655
163560993,0.1,0.8,5.0,0.25,1.3759726525901967,0.3095659213554153,0.2420131011011175,0.0001799830703424459,0.00017998307030368484,1.0501843871896908
163561136,0.1,0.8,5.0,0.25,1.361256368228862,0.2491929202019827,0.20882690198670603,0.00012711304342935241,0.0001271130434024752,1.050289081114201
163561937,0.1,0.8,5.0,0.25,1.1850794889620677,0.33865693902154165,0.2508833813421493,0.00023510288563481998,0.00023510288558469013,1.0505920557828052
163562163,0.1,0.8,5.0,0.25,0.0946293438126963,0.8206778249681645,0.679432814581609,0.00013498730275683443,0.00013498730272731437,1.0504254050095745
163562198,0.1,0.8,5.0,0.25,-0.07544808972061919,0.5709564545494216,0.8609039312879074,6.749365137841721e-6,6.7493651363870185e-6,1.0500097487304751
163562358,0.1,0.8,5.0,0.25,-0.05677787721686333,1.395527020018236,0.9443899599693529,0.00035659145811597095,0.00035659145803673367,1.0581575166048298
163562569,0.1,0.8,5.0,0.25,0.3360286045323403,1.159802926999423,0.6640309618198871,0.0008492951131784166,0.0008492951130065409,1.0514333928486521
16356285x,0.1,0.8,5.0,0.25,-0.7848204068620092,2.883634176813024,1.944369086221344,0.0003768395535294961,0.0003768395534514527,1.0503348621546202
163563019,0.1,0.8,5.0,0.25,-0.7778946007070876,1.1680310285770463,1.497463591805286,1.5186071560143873e-5,1.5186071556841292e-5,1.050041925132431
163563166,0.1,0.8,5.0,0.25,1.5119537755009937,0.22431926388786597,0.21167089262930652,7.030588685251794e-5,7.030588683796217e-5,1.0500372643157636
16356365x,0.1,0.8,5.0,0.25,-0.03291675658033006,0.8086502266465391,0.7962089341457704,5.680715657683449e-5,5.680715656474165e-5,1.0501484022987535
16356445x,0.1,0.8,5.0,0.25,0.1331628710743502,1.2279133143779748,0.80095921381147,0.0004409585223389925,0.0004409585222331793,1.052144474733824
163565030,0.1,0.8,5.0,0.25,-0.4877500941388587,1.304885162705535,1.0949317725075305,0.00012598814923971214,0.00012598814921510376,1.0507923821187513
163565778,0.1,0.8,5.0,0.25,-0.41392323975836537,3.693467838495814,1.4505432836708403,0.005443362983669348,0.005443362982176553,1.0571285211178965
163566711,0.1,0.8,5.0,0.25,0.41935888113778697,0.7876964495422831,0.5642515213744219,0.00027841131193597103,0.00027841131186931374,1.050379879313395
163566834,0.1,0.8,5.0,0.25,0.6718038473293078,0.17222882358427286,0.3716132179486789,1.124894189640287e-6,1.1248941893973133e-6,1.0500016160470296
163567247,0.1,0.8,5.0,0.25,-0.3857472627626223,0.9256111091437978,0.8830538051375783,6.636875718877693e-5,6.636875717509736e-5,1.0506214786567487
163567343,0.1,0.8,5.0,0.25,-0.7236749958241052,4.525690026538608,1.9870912454815348,0.003144641707139422,0.0031446417063821807,1.0552379002243106
163567490,0.1,0.8,5.0,0.25,1.707320592080686,0.35266177441740326,0.19821034872723498,0.0009359119657807187,0.0009359119655860614,1.050467650913145
163567685,0.1,0.8,5.0,0.25,0.45802320367406385,0.39373224331234974,0.45775992491674505,2.4747672172086314e-5,2.4747672166610585e-5,1.050156346410345
16356787x,0.1,0.8,5.0,0.25,0.4093099194646996,0.8266642490475189,0.5424967658344311,0.00042858468625294935,0.0004285846861566519,1.051773665942971
163567984,0.1,0.8,5.0,0.25,-0.7919803974171785,2.8914059149870392,1.898393177828252,0.00042914713334776946,0.00042914713325543046,1.0509916789309406
16356867x,0.1,0.8,5.0,0.25,0.19651361279623153,0.649805356875559,0.6197752303498595,6.636875718877693e-5,6.636875717404492e-5,1.0508820039162845
163568709,0.1,0.8,5.0,0.25,-0.3857010668698729,2.09143616445767,1.3893804294520655,0.0004060868024601436,0.0004060868023863429,1.0502611025817212
163568848,0.1,0.8,5.0,0.25,-0.20827579770947632,0.983886225714948,0.966923008916724,5.7369603671654635e-5,5.7369603657325365e-5,1.0500602918909496
163569146,0.1,0.8,5.0,0.25,1.126177144230141,0.6069687484285294,0.33675874349560747,0.0009966562520212943,0.0009966562518061682,1.0508385375264315
163569381,0.1,0.8,5.0,0.25,0.09453067547178302,0.8466621641464986,0.8353864969375271,5.624470948201435e-5,5.624470946996711e-5,1.0500355088685829
163569824,0.1,0.8,5.0,0.25,-0.029598266399123194,2.1026654361211627,1.081366977123203,0.0014449265865929485,0.001444926586323825,1.052508317485781
163569832,0.1,0.8,5.0,0.25,-0.08951165879590568,2.16382833490915,1.1229042634356101,0.0013684337816974091,0.0013684337815903411,1.0544668607063703
163570278,0.1,0.8,5.0,0.25,0.6591519402853626,0.5126482157104444,0.4326395935047417,0.00012261346667079127,0.00012261346664622601,1.0504688390554138
163570649,0.1,0.8,5.0,0.25,-0.35962778613157614,0.8837460403651007,1.0581197453633224,2.1372989603165453e-5,2.137298959855961e-5,1.050067524965386
163570868,0.1,0.8,5.0,0.25,1.6417508075046132,0.4701200658213938,0.21193399769084245,0.0025383237389233074,0.00253832373836081,1.0727446958920084
163571449,0.1,0.8,5.0,0.25,0.17709217403698826,0.9864300634771975,0.7097505695926899,0.00027222439389294945,0.00027222439383474634,1.0504436553739396
16357173x,0.1,0.8,5.0,0.25,0.36089055869287545,1.1214079282404303,0.687034651286816,0.0006040681798368341,0.0006040681797895717,1.0518780891721127
163571887,0.1,0.8,5.0,0.25,-0.43958234508452215,0.9314928964417202,1.154323558253084,1.7998307034244593e-5,1.7998307030392016e-5,1.050033795346183
163571908,0.1,0.8,5.0,0.25,-0.5617478791620367,1.7798553304543796,1.1290644800312861,0.0004966407847261867,0.000496640784619107,1.056464972791131
163572492,0.1,0.8,5.0,0.25,0.4793869553133411,1.012318409622856,0.5411396342037121,0.0011811388991223013,0.0011811388988669513,1.054253901019135
163572572,0.1,0.8,5.0,0.25,-0.7882863586049317,1.91241078400066,1.617468135222583,0.00012092612538633085,0.00012092612535529159,1.0510879153742745
163572652,0.1,0.8,5.0,0.25,0.6978561394349201,0.25040947356658977,0.33445189615381105,1.2373836086043157e-5,1.2373836082876684e-5,1.050059337290179
163572767,0.1,0.8,5.0,0.25,-0.4286462667630751,2.159688579439261,1.055691552152628,0.0011597659095191359,0.0011597659087509353,1.157117969038088
163573196,0.1,0.8,5.0,0.25,-0.1669227960405667,0.6469091815507589,0.8175490794870937,1.631096574978416e-5,1.6310965745629532e-5,1.0501012276301567
163573292,0.1,0.8,5.0,0.25,-0.4653001955625082,1.94964063374052,1.3500041202722306,0.00032903155046978393,0.00032903155040003054,1.0509198255022818
163573794,0.1,0.8,5.0,0.25,-0.45612705560320765,1.3772554177108005,1.2160721614558385,9.786579449870497e-5,9.786579447753771e-5,1.0503319529435213
163573903,0.1,0.8,5.0,0.25,0.08215337594969695,0.6241472324840671,0.6575489518569231,4.049619082705033e-5,4.049619081669493e-5,1.050204185009438
163574148,0.1,0.8,5.0,0.25,-0.21683945351347406,1.6640776758243039,1.2067062733574456,0.00026210034618618684,0.0002621003461297983,1.0502099415615191
163574965,0.1,0.8,5.0,0.25,-0.4505528885246628,2.7439179420179425,1.4578048983137164,0.0012373836086043157,0.0012373836083017643,1.0509171096676917
163575108,0.1,0.8,5.0,0.25,-0.9658387226085298,1.7389464768750849,1.9870912454815348,2.6997460551366886e-5,2.6997460544646472e-5,1.0500293588519887
163575984,0.1,0.8,5.0,0.25,0.21310141323361256,1.1039174095019668,0.7024903016621439,0.0005028277027692082,0.0005028277026674577,1.0505338009388874
163576098,0.1,0.8,5.0,0.25,0.3762322217284171,0.7465306134337377,0.6092728588040885,0.000145111350463597,0.00014511135043425533,1.0502510709473767
16357624x,0.1,0.8,5.0,0.25,0.03850618566984503,2.168633973989399,0.9391233933240662,0.00340955428879971,0.003409554287965837,1.052741385920318
16357640x,0.1,0.8,5.0,0.25,-0.11832402557234505,1.4268720869029479,0.98194487616258,0.00033971804527136665,0.0003397180451998627,1.0506833030174951
163576776,0.1,0.8,5.0,0.25,-1.0453103845293203,2.1976069637082323,1.9666914810084553,8.774174679194238e-5,8.77417467692121e-5,1.0591809250607942
163576880,0.1,0.8,5.0,0.25,-0.15212848401830026,1.187166051603285,0.8161727394857723,0.00033409357432316524,0.00033409357425669584,1.055245185653222
163576944,0.1,0.8,5.0,0.25,-1.1743448678417854,3.9633477241214994,1.9870912454815348,0.0015135451321610061,0.0015135451318512361,1.0696529957437808
16357720x,0.1,0.8,5.0,0.25,-0.1964788450848404,1.1119093451140747,0.9619140187244604,0.0001074273951106474,0.00010742739508781405,1.052222870925015
163577402,0.1,0.8,5.0,0.25,-0.20452921709516653,2.5667789900195785,1.1983543887639914,0.0023420297028310774,0.0023420297023465683,1.0526460022170194
163577867,0.1,0.8,5.0,0.25,-0.6083045212380648,2.006227016782913,1.4602118276455152,0.0002564758752379854,0.00025647587516728124,1.0508785527499533
163578050,0.1,0.8,5.0,0.25,0.2061126716742386,0.7688190820368781,0.6805707156209133,9.674090030906468e-5,9.674090028921659e-5,1.050089923996047
163579002,0.1,0.8,5.0,0.25,-0.06312782257250661,0.798035902799044,0.8720523703541255,3.374682568920861e-5,3.374682568226768e-5,1.0501005787126634
163580118,0.1,0.8,5.0,0.25,-0.3107394221298113,0.7613666292442121,0.8851151255577259,2.4747672172086314e-5,2.4747672166998804e-5,1.050230978857043
163580986,0.1,0.8,5.0,0.25,-0.3602527718737666,1.4751706402129967,1.1760917454765771,0.0001631096574978416,0.00016310965746577284,1.0502743116094617
163581057,0.1,0.8,5.0,0.25,0.2299399806925902,0.5427172756626764,0.6812909231991101,1.6873412844604303e-5,1.6873412840972843e-5,1.0500212224533194
163582121,0.1,0.8,5.0,0.25,-0.08690400665507708,0.5228759993670196,0.7644614667973401,7.874259327482009e-6,7.874259325813246e-6,1.0500229361557962
163582594,0.1,0.8,5.0,0.25,-0.6064939192406176,1.3796453291004218,1.4232785963916017,4.499576758561148e-5,4.499576757611187e-5,1.0501245792680989
163584856,0.1,0.8,5.0,0.25,-0.36196116638881026,1.427093040947691,1.3360924401435184,7.311812232661866e-5,7.311812231095729e-5,1.0500461713661158
163585330,0.1,0.8,5.0,0.25,-0.623531171402625,1.6372944296370764,1.4261156231138639,0.00010461515963654668,0.00010461515961409977,1.0506322855349823
163587264,0.1,0.8,5.0,0.25,-0.18370904878076055,0.3977280958761931,0.6503231314101882,4.499576758561148e-6,4.4995767576437835e-6,1.0500750905163005
163587483,0.1,0.8,5.0,0.25,-0.2325171099149844,1.4593425668736835,0.9730662852888797,0.00039540030765856086,0.0003954003075568134,1.0519740928756438
16358790x,0.1,0.8,5.0,0.25,-0.30445452014255003,1.7993049601069464,1.2174004450908555,0.0003700901883916544,0.0003700901882918683,1.0505275030095877
163588160,0.1,0.8,5.0,0.25,1.0852385036953365,0.12159226177254927,0.21058081759761837,3.3746825689208607e-6,3.3746825682398386e-6,1.0501181478653283
163588187,0.1,0.8,5.0,0.25,-0.9476393217375912,3.108223172015618,1.9870912454815348,0.00047020577126963997,0.0004702057711797243,1.0598256176558996
163589614,0.1,0.8,5.0,0.25,-0.09912652473800622,0.8257354896481137,0.7853425958729017,6.749365137841721e-5,6.749365136103043e-5,1.050332569119068
163591415,0.1,0.8,5.0,0.25,-0.985276863928136,1.9977087983665527,1.9870912454815348,5.399492110273377e-5,5.3994921088956394e-5,1.0501259976444721
163592047,0.1,0.8,5.0,0.25,-1.1652900900961394,1.0578947601523705,1.9870912454815348,2.249788379280574e-6,2.2497883787896312e-6,1.050011226147446
163592661,0.1,0.8,5.0,0.25,-0.027307244288125768,1.1023803445097953,0.8730433379902608,0.00016873412844604306,0.0001687341284147817,1.050153277350398
163593461,0.1,0.8,5.0,0.25,-0.27771940939278594,0.6265371783867544,0.8918717230768294,8.999153517122296e-6,8.999153514825666e-6,1.0500300794116648
163594309,0.1,0.8,5.0,0.25,-0.0986658767112242,0.789602033111022,0.8028573694008914,4.837045015453234e-5,4.837045014401213e-5,1.0501502838868486
163595344,0.1,0.8,5.0,0.25,-0.11367995660554335,1.0771164038146388,0.9196524846968663,0.00011586410153294956,0.0001158641015086064,1.0501388653619712
163598908,0.1,0.8,5.0,0.25,0.4775843507369365,0.17222901937509608,0.3716132179486789,1.124894189640287e-6,1.1248941893951055e-6,1.0500028096959642
163604239,0.1,0.8,5.0,0.25,-0.8884001301804503,2.3043006580034118,1.9870912454815348,0.00011023963058474813,0.00011023963055823571,1.050150163053025
163604423,0.1,0.8,5.0,0.25,-0.24673419146279713,0.9726625496542491,0.8775789233587101,8.774174679194238e-5,8.774174677380814e-5,1.0505878530124475
163607085,0.1,0.8,5.0,0.25,-0.5025906893245895,1.3912313412154633,1.2690088714850292,8.324217003338124e-5,8.32421700121921e-5,1.0501797409002496
163608096,0.1,0.8,5.0,0.25,0.49555081450903404,0.6227525089739168,0.46692773998322473,0.0002210417082643164,0.0002210417082074872,1.0509174042360372
163608723,0.1,0.8,5.0,0.25,-0.8184536955011721,1.2867597298105733,1.6152788062514833,1.6873412844604303e-5,1.6873412840952805e-5,1.0500427957752587
163611420,0.1,0.8,5.0,0.25,-0.31700404511150315,0.6233027939567596,0.887226557852471,8.999153517122296e-6,8.999153514802138e-6,1.0500786494018997
163615667,0.1,0.8,5.0,0.25,-0.7572671360586134,4.889436920758941,1.9870912454815348,0.004421959059475968,0.004421959058489509,1.0649168878133433
163617398,0.1,0.8,5.0,0.25,0.5806558293799478,0.17222916808175248,0.3716132179486789,1.124894189640287e-6,1.1248941894078544e-6,1.0500037162911344
163618710,0.1,0.8,5.0,0.25,0.674255778849085,0.26188455616991047,0.343742226602528,1.3498730275683443e-5,1.349873027275201e-5,1.0500646500947082
163619107,0.1,0.8,5.0,0.25,-0.38295738046890687,0.963626612557708,0.8913292106466042,7.705525199035966e-5,7.705525197361649e-5,1.0517386091763603
163621493,0.1,0.8,5.0,0.25,-0.4748667972802257,3.2295596917317577,1.5836124960408382,0.0018341399762084878,0.0018341399758571512,1.052459810471348
163621733,0.1,0.8,5.0,0.25,-0.48615154630636254,2.1402936292223527,1.4539582626214873,0.00036277837615899253,0.00036277837608946444,1.0504871893356307
163631368,0.1,0.8,5.0,0.25,-0.0398157995293015,0.7043274613510424,0.7803877576922257,3.1497037309928035e-5,3.149703730334977e-5,1.0500448590269837
163633865,0.1,0.8,5.0,0.25,-0.36526467577507493,1.1530155477127697,1.0986010674497697,6.693120428359708e-5,6.693120426520276e-5,1.050187970113203
163637831,0.1,0.8,5.0,0.25,0.44809005085637016,0.42133896624934447,0.36083643604575916,0.0001124894189640287,0.00011248941894019009,1.0531652629453006
16363880x,0.1,0.8,5.0,0.25,0.09375775944125986,0.6239269034049166,0.6772950859566295,3.487171987884889e-5,3.487171987128592e-5,1.0501678886951828
163639909,0.1,0.8,5.0,0.25,0.535063292561534,0.5091145619061124,0.5640557873691872,3.1497037309928035e-5,3.149703730373573e-5,1.0501156688543598
163642438,0.1,0.8,5.0,0.25,-0.8847767072074507,2.8879233062053125,1.9870912454815348,0.00033971804527136665,0.0003397180451983225,1.0508524532626997
16364250x,0.1,0.8,5.0,0.25,-0.19883467854675155,1.3551757681446666,1.0069636016732602,0.0002317282030658991,0.00023172820301585172,1.0504701020149538
163643617,0.1,0.8,5.0,0.25,0.16147007051289913,0.8508060414766669,0.7045167493209026,0.00013498730275683443,0.00013498730272821417,1.0502151494989533
163644265,0.1,0.8,5.0,0.25,0.1505003839593495,0.6333017025172148,0.632533132409692,5.2870026913093485e-5,5.287002689852204e-5,1.0502267850742235
163644898,0.1,0.8,5.0,0.25,-0.5646537226074697,1.0091790420279347,1.3479425163336975,1.2373836086043157e-5,1.2373836083544247e-5,1.0500103967451575
163657189,0.1,0.8,5.0,0.25,-0.18667222615332274,1.1878944308129298,0.8369743416542641,0.00029697206606503577,0.00029697206600370386,1.0541931789983665
163660476,0.1,0.8,5.0,0.25,0.1564251550331112,0.6229611062061665,0.6193553396212661,5.399492110273377e-5,5.3994921087871846e-5,1.050625856209665
163660628,0.1,0.8,5.0,0.25,0.03490272243027215,0.7578910992025281,0.7356565658900907,6.074428624057549e-5,6.074428622401091e-5,1.0510617330708574
163661487,0.1,0.8,5.0,0.25,-0.7089154574245289,0.9060916969503449,1.1371364610988768,1.6873412844604303e-5,1.6873412840936224e-5,1.0503078208937222
163662076,0.1,0.8,5.0,0.25,-0.330092509891653,0.6304363883886392,0.8411972062437544,1.2373836086043157e-5,1.237383608261257e-5,1.051090713695909
163665605,0.1,0.8,5.0,0.25,0.08773190349878905,0.5852743937740049,0.6353387594707849,3.487171987884889e-5,3.4871719869907145e-5,1.0501639838169572
163666456,0.1,0.8,5.0,0.25,-0.08996026119721573,0.6160859631264748,0.7541562114089321,1.912320122388488e-5,1.9123201218618576e-5,1.0501842549160698
163668099,0.1,0.8,5.0,0.25,0.03137675638627158,0.8606346621323718,0.8543272970638576,5.455736819755392e-5,5.455736818577887e-5,1.0500778267279625
16367419x,0.1,0.8,5.0,0.25,-0.04761671399696126,0.4374741567593724,0.7153554445512069,4.499576758561148e-6,4.499576757331476e-6,1.0500108891820672
163700175,0.1,0.8,5.0,0.25,0.20642992992563167,0.31615576489269054,0.4618621524333004,7.874259327482009e-6,7.874259325847305e-6,1.0508589019036747
163700239,0.1,0.8,5.0,0.25,-0.46639619997682313,0.8659056739378502,1.0943368800556257,1.631096574978416e-5,1.631096574529022e-5,1.050077214404035
16371813x,0.1,0.8,5.0,0.25,0.2935189528371015,0.47204279746510774,0.5538806669196208,2.3622777982446025e-5,2.362277798375622e-5,1.0502594440326498
163719212,0.1,0.8,5.0,0.25,0.32935996811549095,0.5534488334008735,0.6272830807103477,2.8122354741007175e-5,2.8122354734969737e-5,1.0500287402494428
163741137,0.1,0.8,5.0,0.25,-0.044786841373416646,0.5462877169608991,0.5945811487178863,3.430927278402875e-5,3.430927277650968e-5,1.0508134369029865
163742818,0.1,0.8,5.0,0.25,0.21326425507841734,0.5141094794629016,0.5774297748802238,2.924724893064746e-5,2.924724892413493e-5,1.0513251486344324
163743423,0.1,0.8,5.0,0.25,-0.1741460987377553,0.7085043863285105,0.7641296794069711,3.5996614068489185e-5,3.599661406101445e-5,1.0503178944367586
163744872,0.1,0.8,5.0,0.25,0.9709427008086463,0.2527558777450251,0.27713528778948565,3.3184378594388464e-5,3.318437858718169e-5,1.0500749968696743
163747299,0.1,0.8,5.0,0.25,0.42476536646464125,0.5062315810769376,0.573770792919249,2.8122354741007175e-5,2.81223547349742e-5,1.050021233378864
163747424,0.1,0.8,5.0,0.25,0.033682343472070324,0.6077143851622381,0.684934134449904,2.8684801835827318e-5,2.8684801829541584e-5,1.0517631621857184
163749569,0.1,0.8,5.0,0.25,0.45173490342369965,0.22885896413771198,0.3963874442918569,3.3746825689208607e-6,3.3746825681868906e-6,1.0500236302873385
163751714,0.1,0.8,5.0,0.25,-0.31986489818052555,0.6482605161094842,0.7323877406670535,2.6997460551366886e-5,2.6997460545198914e-5,1.0620416325170514
163751757,0.1,0.8,5.0,0.25,-0.5099978867655326,0.9766369510888819,1.217932325581633,1.7435859939424446e-5,1.743585993569342e-5,1.0500716662227998
163781083,0.1,0.8,5.0,0.25,0.1649658073487303,0.5448190552688408,0.6100066043851823,2.9809696025467603e-5,2.980969601902241e-5,1.0506156418201575
163784946,0.1,0.8,5.0,0.25,1.4552023483433467,0.28328741904616367,0.19821034872723498,0.0003127205847199998,0.00031272058465278696,1.0506723137065173
163788170,0.1,0.8,5.0,0.25,0.4815390199284949,0.36545295200912586,0.43292938473429166,2.249788379280574e-5,2.249788378704059e-5,1.0504701024400018
163789202,0.1,0.8,5.0,0.25,0.5464871354508183,0.29044497521337154,0.4134197049679053,8.999153517122296e-6,8.999153515187832e-6,1.0500983661379715
163789376,0.1,0.8,5.0,0.25,0.0387625895479051,0.6823844672077128,0.5815927107710264,0.00011586410153294956,0.00011586410150892045,1.0520055193064919
163791468,0.1,0.8,5.0,0.25,0.42048295474189984,0.3562843498285289,0.460228661256534,1.462362446532373e-5,1.4623624462160777e-5,1.0500493236326518
163792030,0.1,0.8,5.0,0.25,1.3335715098911431,0.16726168811368683,0.19821034872723498,2.249788379280574e-5,2.249788378807495e-5,1.0501212245472826
163793201,0.1,0.8,5.0,0.25,-0.49781557863937353,2.260523656724555,1.4806914946875265,0.00043533405139079104,0.0004353340513127622,1.0504552768043998
163793981,0.1,0.8,5.0,0.25,0.06189266666400867,0.4858917472924966,0.66147149959681,1.124894189640287e-5,1.1248941893958627e-5,1.050034748867475
163794933,0.1,0.8,5.0,0.25,-0.16800421780415298,0.6578650345649257,0.8152264968749143,1.7998307034244593e-5,1.799830703032736e-5,1.0500495818799893
163795039,0.1,0.8,5.0,0.25,-0.03100806737976742,0.7794803537023229,0.7464299810121853,6.524386299913664e-5,6.524386298111062e-5,1.0502816683387715
163820679,0.1,0.8,5.0,0.25,0.23777871217170016,0.6105282711202301,0.6298844327748493,4.499576758561148e-5,4.499576757631013e-5,1.0500456767400308
163820812,0.1,0.8,5.0,0.25,0.1500154044442817,0.6382791875853205,0.6411348675801705,5.118268562863306e-5,5.118268561452738e-5,1.0510764205907288
163820927,0.1,0.8,5.0,0.25,-0.060673155455373336,0.6392271023412373,0.782573684442702,1.912320122388488e-5,1.912320121976235e-5,1.0500632068433058
163822340,0.1,0.8,5.0,0.25,1.0307268468301205,0.35924024448493935,0.2972905743589431,0.00013498730275683443,0.0001349873027285235,1.0508552044086776
163822404,0.1,0.8,5.0,0.25,0.4455472101758879,0.46246904889257257,0.5053939905861226,3.374682568920861e-5,3.374682568227309e-5,1.0500346569007948
16382328x,0.1,0.8,5.0,0.25,-0.32521200693724583,0.9333025386555185,1.0338810498101323,3.1497037309928035e-5,3.149703730315997e-5,1.0502569186200388
163825592,0.1,0.8,5.0,0.25,-0.2611860631655346,0.7142498299985077,0.791005308582015,3.1497037309928035e-5,3.1497037303445957e-5,1.050544435394917
163826034,0.1,0.8,5.0,0.25,0.4705105249868079,0.4427795370515918,0.48069968098779425,3.487171987884889e-5,3.487171987146555e-5,1.0500661399278992
163827272,0.1,0.8,5.0,0.25,0.8023234102656984,0.3493605524141803,0.323141922487582,7.76176990851798e-5,7.761769906973785e-5,1.0502338901087347
163829075,0.1,0.8,5.0,0.25,-0.1781679046502369,0.6175114797557407,0.7178891774808203,2.4747672172086314e-5,2.4747672166952908e-5,1.0502153913324561
163837251,0.1,0.8,5.0,0.25,-0.07129080603964667,0.8149577067247926,0.840774905608886,4.499576758561148e-5,4.4995767576118705e-5,1.0500708854238838
163837809,0.1,0.8,5.0,0.25,0.09781790347529284,0.5614087747709847,0.5643620581048813,5.118268562863306e-5,5.11826856181235e-5,1.0502541199018003
163858001,0.1,0.8,5.0,0.25,-0.6046102399219141,2.399856583283027,1.5637747146230914,0.00044602054619237376,0.00044602054608192153,1.0508427913173892
163858538,0.1,0.8,5.0,0.25,-0.1571030810219025,1.123985366670556,0.8011478952968709,0.0002829108886945322,0.00028291088863755247,1.0522420387790594
163859629,0.1,0.8,5.0,0.25,0.6265401520221971,0.369000751956111,0.42904436774065574,2.4747672172086314e-5,2.474767216722222e-5,1.0500640621721054
163860478,0.1,0.8,5.0,0.25,0.38685445235489213,0.9137895151443003,0.6315518752782525,0.00032903155046978393,0.000329031550407805,1.0529003084975626
163861606,0.1,0.8,5.0,0.25,1.136516372022316,0.6617418796468107,0.3279038618468759,0.0017492104648906461,0.001749210464560055,1.0514080453229784
16386230x,0.1,0.8,5.0,0.25,-0.46427163440726976,1.48055976415609,1.2287366442077226,0.00012992527890345315,0.00012992527887583695,1.055907855996668
163863767,0.1,0.8,5.0,0.25,-0.2876102868564865,1.6547226099969288,1.1557103884346605,0.00030990834924589903,0.0003099083491687829,1.05445281076469
163871812,0.1,0.8,5.0,0.25,-0.26600847905426606,1.9588813689178701,1.0086474882430094,0.0014061177370503586,0.0014061177367760552,1.056968408796611
163899452,0.1,0.8,5.0,0.25,0.18032556966075924,1.1315890727586395,0.7667447821131586,0.0003661530587279134,0.0003661530586539842,1.051242723402171
163901671,0.1,0.8,5.0,0.25,0.696759325275947,1.030836917595732,0.547284930644363,0.0012373836086043157,0.0012373836083500612,1.051654832737905
163904143,0.1,0.8,5.0,0.25,0.15483906650995669,0.7746330840568466,0.7035876595723538,8.436706422302153e-5,8.436706420592697e-5,1.0518186341816078
163906077,0.1,0.8,5.0,0.25,-0.022588543025753284,1.0701417005120228,0.8475259036398805,0.00016873412844604306,0.0001687341284043966,1.0501355008891031
163906085,0.1,0.8,5.0,0.25,-0.9896931490716078,2.0381351074585594,1.9870912454815348,5.961939205093521e-5,5.9619392039397046e-5,1.050352978722209
163907133,0.1,0.8,5.0,0.25,-0.858784665036876,1.3895126511034042,1.062813817509141,0.00016873412844604306,0.00016873412840893526,1.0873324442639227
163912215,0.1,0.8,5.0,0.25,-0.5179220480517664,1.7272331274816264,0.8819476581574247,0.0007750520966621577,0.000775052096427429,1.2007140392707536
16391224x,0.1,0.8,5.0,0.25,-0.23420650947382676,1.5330679458008412,1.1189686738500007,0.00025310119266906456,0.0002531011926169266,1.050708526784494
163912266,0.1,0.8,5.0,0.25,0.09864539662112615,1.42293269729412,0.8524954847765908,0.0006794360905427333,0.0006794360904124292,1.0506550911280803
163916726,0.1,0.8,5.0,0.25,-0.3294012206802808,1.3215738065423375,1.157544397989413,0.00010180292416244596,0.00010180292414203648,1.0505079283665217
163918035,0.1,0.8,5.0,0.25,-0.467951453750611,1.7680000710076968,1.2894650065010624,0.00025422608685870483,0.00025422608679420564,1.0505731931146478
163918190,0.1,0.8,5.0,0.25,-0.4020461157458641,1.6136925110044469,1.0380395557261648,0.0004724555596489205,0.0004724555595509061,1.0522824025321953
163922288,0.1,0.8,5.0,0.25,-0.30286086152691094,2.091686647975029,1.231971305465334,0.0007401803767833088,0.0007401803766035373,1.0505727657600263
16392454x,0.1,0.8,5.0,0.25,-0.038635334041463604,0.9066452826080141,0.702504761099793,0.00018785732966992793,0.00018785732963397389,1.05055822058207
163925577,0.1,0.8,5.0,0.25,-0.5426655699806063,2.6392389735412873,1.5329440748530465,0.0007930504036964023,0.0007930504035008913,1.050726938156453
163929332,0.1,0.8,5.0,0.25,0.14865645299288013,1.1128710077101889,0.7635622882384379,0.00034534251621956807,0.0003453425161499642,1.050383686120454
163931176,0.1,0.8,5.0,0.25,0.019920237489020137,0.638738236379093,0.8695749158239894,1.124894189640287e-5,1.124894189417097e-5,1.0500045883108315
163932822,0.1,0.8,5.0,0.25,-0.012888232282393485,1.1184502089573385,0.880566994500728,0.00017379615229942433,0.00017379615226434364,1.0501318738646745
163934342,0.1,0.8,5.0,0.25,0.35300631204001565,0.5763999322848297,0.5945811487178863,4.499576758561148e-5,4.499576757694249e-5,1.0502098144588357
163941227,0.1,0.8,5.0,0.25,0.025659129896455617,0.5947265480652474,0.6265811600680011,4.049619082705033e-5,4.049619082049116e-5,1.050158321912707
163941462,0.1,0.8,5.0,0.25,-0.593406581497775,1.5740619927776738,1.4519459908819923,7.874259327482009e-5,7.874259325570685e-5,1.0500912703879295
163942465,0.1,0.8,5.0,0.25,-0.2108936117953808,1.1785901899587337,0.9751750241589647,0.00013498730275683443,0.00013498730273023052,1.0510401060874424
163943855,0.1,0.8,5.0,0.25,0.11524392210865672,0.6717756957766863,0.6930586372983669,4.499576758561148e-5,4.4995767576903966e-5,1.0500684118790569
163945076,0.1,0.8,5.0,0.25,-0.04695943378371118,0.6221916942991146,0.6518296772299473,4.162108501669062e-5,4.162108500871123e-5,1.0503281865607648
163947426,0.1,0.8,5.0,0.25,0.3585581926660553,0.915637664147893,0.6096127264684379,0.00040046233151194217,0.00040046233143844296,1.0508843142694133
163948074,0.1,0.8,5.0,0.25,0.22881893707569811,0.7340818881453008,0.7756771706004648,3.9933743732230185e-5,3.993374372475563e-5,1.050009223658439
163948664,0.1,0.8,5.0,0.25,-0.03748978874528551,1.4573169006728603,0.9145020188303501,0.0005264504807516543,0.0005264504806118911,1.0555904385230046
163951206,0.1,0.8,5.0,0.25,0.33857943079501407,0.9874328845160141,0.7467655959007555,0.00021260500184201424,0.00021260500180099302,1.0500408856140395
16395137x,0.1,0.8,5.0,0.25,-0.42633258960986,1.210477364137395,0.8141209169315314,0.0003048463253925178,0.0003048463253216602,1.0986242645420061
163952196,0.1,0.8,5.0,0.25,-0.08914232290083067,1.296972371684229,0.9371866083546511,0.000266599922944748,0.00026659992287323856,1.050340874883918
16395241x,0.1,0.8,5.0,0.25,0.5743133310053877,0.3838342300787028,0.43164306182029544,2.924724893064746e-5,2.924724892281043e-5,1.0500247926723518
163952612,0.1,0.8,5.0,0.25,0.27690091617995616,1.2688590414775567,0.8265013851409655,0.00044827033457165436,0.0004482703344887928,1.050169529600409
163956031,0.1,0.8,5.0,0.25,-0.28905766079221623,1.3420700027866843,1.1527442190879051,0.0001124894189640287,0.00011248941894272022,1.050068188422949
163956373,0.1,0.8,5.0,0.25,0.06917356096072737,0.6511474309519193,0.6716909197940757,4.499576758561148e-5,4.499576757739608e-5,1.0502027259256768
163957202,0.1,0.8,5.0,0.25,-0.02752337937134098,1.1569606448189496,1.0160196041765466,0.00010067802997280568,0.0001006780299534894,1.050091581567715
16395778x,0.1,0.8,5.0,0.25,0.32586796152279324,0.6423618441523646,0.5606512631589973,0.0001034902654469064,0.00010349026542126136,1.0507627083282691
163959750,0.1,0.8,5.0,0.25,0.05411889350777865,0.6021154857362573,0.6205941023261323,4.499576758561148e-5,4.499576757732228e-5,1.051079195594995
163960022,0.1,0.8,5.0,0.25,-0.1500372250794709,0.8479461892308842,0.900488839119709,3.88088495425899e-5,3.8808849534561064e-5,1.050754901894131
163963047,0.1,0.8,5.0,0.25,0.06621082946827385,0.7339772859565981,0.7300651580548743,5.399492110273377e-5,5.3994921092676556e-5,1.0501420179566223
163963063,0.1,0.8,5.0,0.25,1.3726593393268867,0.17490624596953253,0.19821034872723498,2.8122354741007175e-5,2.812235473536966e-5,1.0501861262800414
163963717,0.1,0.8,5.0,0.25,-0.004550727225692447,0.8972976467750307,0.8099262624213762,8.774174679194238e-5,8.774174677085388e-5,1.0501405102836785
163964517,0.1,0.8,5.0,0.25,-0.019530866276614184,0.8007060269520806,0.8433555608312626,4.049619082705033e-5,4.049619081928924e-5,1.0504543161516675
163966141,0.1,0.8,5.0,0.25,0.3172752467075486,0.4285540869990894,0.5246304295086994,1.912320122388488e-5,1.912320121872786e-5,1.0501169427304387
163966344,0.1,0.8,5.0,0.25,-0.18049355082360224,1.090197418049655,0.9054711785837567,0.00013217506728273372,0.00013217506725792324,1.0514732538471652
163969078,0.1,0.8,5.0,0.25,0.3710928608807905,0.6476347091281939,0.5920358624140729,8.211727584374094e-5,8.211727582850817e-5,1.050734070681895
163972146,0.1,0.8,5.0,0.25,-0.1680973484753446,0.7381389489778928,0.7369010698422587,5.2870026913093485e-5,5.2870026902899606e-5,1.050714314397374
163973253,0.1,0.8,5.0,0.25,-0.026494742114679823,0.6366023595519338,0.7543748040839797,2.249788379280574e-5,2.2497883788412565e-5,1.0501476276781347
163977262,0.1,0.8,5.0,0.25,-0.06596148304842718,0.5089489202212063,0.6476687614076398,1.5748518654964018e-5,1.5748518651967656e-5,1.050197366916598
16397802x,0.1,0.8,5.0,0.25,-0.06762844932270697,1.0211437802643406,0.8333930791706531,0.000145111350463597,0.00014511135043882237,1.0502540143401828
163978206,0.1,0.8,5.0,0.25,0.43904753058421164,0.4522891094396242,0.4942455869597026,3.374682568920861e-5,3.37468256801003e-5,1.0500847823946227
163978361,0.1,0.8,5.0,0.25,0.07765955886490093,0.6877602775821627,0.7168223686766239,4.274597920633091e-5,4.274597919796116e-5,1.050132515714796
163978863,0.1,0.8,5.0,0.25,0.13270244528463873,0.5645952546152289,0.683355433201092,2.0248095413525164e-5,2.0248095409554758e-5,1.0500533293448184
163979276,0.1,0.8,5.0,0.25,0.5090925606974673,0.3579974517170259,0.4436132789262355,1.7998307034244593e-5,1.7998307029396793e-5,1.0500903960555648
16398581x,0.1,0.8,5.0,0.25,0.1400066542534473,1.0887934477884649,0.7913175332037999,0.00025816321652244586,0.00025816321647016563,1.0510259951879326
16398725x,0.1,0.8,5.0,0.25,0.1397481380548073,0.7012863066686452,0.5850253741809548,0.00011811388991223013,0.0001181138898874911,1.0706760338709738
163990088,0.1,0.8,5.0,0.25,0.05734235665139561,1.4599996454568764,0.8498097151128732,0.0007463672948263304,0.0007463672946800405,1.061299986282045
163997300,0.1,0.8,5.0,0.25,0.5906266246512635,1.3513832004635271,0.5507876585352527,0.004336467101063306,0.004336467099879755,1.0660184572414164
163999306,0.1,0.8,5.0,0.25,0.24108257430625293,0.5826714286836139,0.6282585965944854,3.5996614068489185e-5,3.59966140608033e-5,1.0505834931969424
163999824,0.1,0.8,5.0,0.25,-0.5268093181017185,1.2535340956825756,1.1087547822612478,9.617845321424453e-5,9.617845319447022e-5,1.0521622297459279
164000541,0.1,0.8,5.0,0.25,-0.16149655143540567,1.4015784332962598,0.9448265782826776,0.0003599661406848918,0.0003599661406035194,1.0602556472534026
164000787,0.1,0.8,5.0,0.25,-0.055621176643449316,1.5020441257994697,0.9813447386205474,0.0004387087339597119,0.00043870873386887344,1.0515343322345831
164033052,0.1,0.8,5.0,0.25,0.9962488881573235,0.44201132321861747,0.32621331259507275,0.00023847756820374083,0.0002384775681654305,1.0515739713061656
164035752,0.1,0.8,5.0,0.25,0.7401911626347,0.6485563755825808,0.4767609372601485,0.00024410203915194227,0.0002441020391071517,1.0508250248990523
164036659,0.1,0.8,5.0,0.25,-0.3022746542485132,1.0387690961212754,1.1137135188197214,3.712150825812947e-5,3.712150825132488e-5,1.0500694575985237
164039702,0.1,0.8,5.0,0.25,1.4132716772408327,0.1813780452494241,0.19821034872723498,3.374682568920861e-5,3.374682568457659e-5,1.05004866217585
164041001,0.1,0.8,5.0,0.25,-0.5861539828759101,0.8694221610777978,0.6811802801492562,0.00012598814923971214,0.0001259881492153712,1.1253829210148412
164055147,0.1,0.8,5.0,0.25,0.3536544941338374,0.6675184233224256,0.5950288951278331,9.336621774014381e-5,9.33662177260015e-5,1.0502310827881958
164055438,0.1,0.8,5.0,0.25,0.4574535610002761,1.993817546942972,0.687047551373346,0.009902443551403446,0.009902443550082024,1.0689263000747753
164057417,0.1,0.8,5.0,0.25,-0.19605729191745264,0.7952383201810367,0.8104707594802983,4.724555596489205e-5,4.7245555958159046e-5,1.0526533472786033
164064780,0.1,0.8,5.0,0.25,0.052405150204655714,0.6014497700287006,0.6993085165833863,2.4747672172086314e-5,2.4747672166751074e-5,1.0500773600026339
164065556,0.1,0.8,5.0,0.25,-0.15829096069836507,0.59023433076135,0.7407489813672217,1.6873412844604303e-5,1.6873412843818403e-5,1.05029291807934
164070259,0.1,0.8,5.0,0.25,0.2875841626856599,0.6744936826856351,0.6216558077993938,7.874259327482009e-5,7.874259326885096e-5,1.0509536635272099
164070582,0.1,0.8,5.0,0.25,0.45341156524772563,0.39671880220460687,0.4700907065291596,2.249788379280574e-5,2.2497883792889805e-5,1.0501961088678469
164071008,0.1,0.8,5.0,0.25,0.3143646294278607,0.46043089909084906,0.45503658906697847,5.5119815292374064e-5,5.511981529059147e-5,1.0525778124052203
164071411,0.1,0.8,5.0,0.25,0.21541110711795994,0.5709072249764605,0.6197549587853123,3.487171987884889e-5,3.487171988667673e-5,1.0501430812819508
164075332,0.1,0.8,5.0,0.25,1.3228624255656318,0.18143501823975952,0.19821034872723498,3.374682568920861e-5,3.3746825692813166e-5,1.050378494835033
164076271,0.1,0.8,5.0,0.25,0.16430191836876126,0.8237422907274592,0.6741915519522081,0.0001422991149894963,0.00014229911501865972,1.0513933775244462
164076466,0.1,0.8,5.0,0.25,0.5334666770173697,0.5361688580580528,0.47445501135310425,9.674090030906468e-5,9.674090038302677e-5,1.0504663437705817
164076511,0.1,0.8,5.0,0.25,0.7218840108803224,0.5893452006137413,0.45347585579583344,0.0001940442477129495,0.00019404424771573387,1.0510734055025692
164077231,0.1,0.8,5.0,0.25,-0.348844026337922,0.8520491565704447,0.6817673049659698,0.0001462362446532373,0.0001462362456560966,1.0695844859964734
164079237,0.1,0.8,5.0,0.25,0.7292417544544063,0.4152095325659735,0.34772378160635037,0.00012598814923971214,0.00012598814922419214,1.0528453963590179
164080967,0.1,0.8,5.0,0.25,0.23022139509348785,0.5735245392376557,0.6205350596223986,3.543416697366904e-5,3.5434166979537314e-5,1.0502649097120447
16408823x,0.1,0.8,5.0,0.25,-0.40660239267352927,1.659605467625538,0.9084414589470985,0.0007795516734207189,0.0007795516930561077,1.1187590130864757
164091121,0.1,0.8,5.0,0.25,0.05107519063927841,0.8482401476172117,0.8368729838315281,5.624470948201435e-5,5.624470947781768e-5,1.0501239426851374
164091543,0.1,0.8,5.0,0.25,-0.49836427999534505,1.0381621812872064,0.8755071127583073,0.00012261346667079127,0.00012261346664726205,1.0512245899826123
164092546,0.1,0.8,5.0,0.25,0.20006782365528633,0.7545211477914001,0.6519597412891925,0.00010855228930028769,0.00010855228930837226,1.0512849827521948
164092909,0.1,0.8,5.0,0.25,0.17074993641796316,0.42180914093578836,0.5330727564670565,1.631096574978416e-5,1.6310965752555307e-5,1.0501012710803639
164093186,0.1,0.8,5.0,0.25,0.23849942072120078,0.7303667118956002,0.6022039657836037,0.00013161262018791358,0.00013161262076925664,1.0600722659990651
164094349,0.1,0.8,5.0,0.25,0.14082696515854365,0.7188751812307638,0.5891207263766672,0.00013779953823093516,0.0001377995382124474,1.0568108306404453
164097160,0.1,0.8,5.0,0.25,0.3057993693152693,0.6433120401282277,0.5899359834935278,8.099238165410066e-5,8.099238163767667e-5,1.0503295370868642
164097195,0.1,0.8,5.0,0.25,-0.3590770694374509,0.5805622647687773,0.595498685092235,4.555821468043162e-5,4.5558214668527874e-5,1.053543029799185
164097259,0.1,0.8,5.0,0.25,-0.008746940561887835,1.2943773707757287,1.0241660088202722,0.00016873412844604306,0.0001687341284242635,1.0511085951096408
164097355,0.1,0.8,5.0,0.25,-0.2359612548669762,0.4996445504793902,0.5121011495867938,4.6120661775251764e-5,4.612066177774109e-5,1.0517776024666596
16409746x,0.1,0.8,5.0,0.25,-0.2557909926958942,1.064618921277596,0.9178256339813418,0.00010630250092100712,0.00010630250090810174,1.0580907586883095
164097523,0.1,0.8,5.0,0.25,-0.18036938060539434,0.6228154624230979,0.6713812468377582,3.374682568920861e-5,3.374682584516359e-5,1.0644890880233393
164097611,0.1,0.8,5.0,0.25,0.20917220643429713,0.6536081505837914,0.6645826885976338,4.837045015453234e-5,4.83704501580449e-5,1.0501468383499195
164097697,0.1,0.8,5.0,0.25,0.3851975219270974,0.8625232701104987,0.7029206825709925,0.0001462362446532373,0.0001462362446332759,1.0501494606330635
164098040,0.1,0.8,5.0,0.25,-0.12460829143151955,0.9867808431961259,0.8015411352972485,0.0001462362446532373,0.00014623624462692324,1.053613943271619
164098091,0.1,0.8,5.0,0.25,0.908462310783133,0.2994346012329651,0.32701963888279706,3.374682568920861e-5,3.3746825683853265e-5,1.0507010923043036
169650199,0.1,0.8,5.0,0.25,0.20478080978080113,0.7145198767425048,0.6317424705127541,9.561600611942439e-5,9.56160061003508e-5,1.053818310828784
16965355x,0.1,0.8,5.0,0.25,0.013848082478276777,0.9371686236722608,0.8572556875857749,8.211727584374094e-5,8.211727582929654e-5,1.0500695820939798
169655539,0.1,0.8,5.0,0.25,-0.019703822077398278,0.9286929894979785,0.8278468216382918,9.336621774014381e-5,9.336621771738581e-5,1.050223781634472
16965646x,0.1,0.8,5.0,0.25,0.5366809784812877,0.37137645357383364,0.4546797102995126,1.912320122388488e-5,1.912320122015794e-5,1.0500120695680595
169656937,0.1,0.8,5.0,0.25,0.5781786155392903,0.49025922263815347,0.477193054719107,6.018183914575535e-5,6.018183913483572e-5,1.0501133680845798
169657833,0.1,0.8,5.0,0.25,0.36065949773210415,0.457125794525748,0.517285602219745,2.8122354741007175e-5,2.8122354735248005e-5,1.051701809532401
169658641,0.1,0.8,5.0,0.25,0.28262450680603235,0.7223681375907958,0.7345842993569777,4.837045015453234e-5,4.837045014565041e-5,1.050022328474447
169661656,0.1,0.8,5.0,0.25,0.4767104720075026,0.5274502494969906,0.5931518616581147,2.924724893064746e-5,2.924724892510047e-5,1.0500167332266461
169662739,0.1,0.8,5.0,0.25,0.6271899006895865,0.3037877817736905,0.3415982960128707,2.924724893064746e-5,2.924724892565708e-5,1.0501110365786401
169663459,0.1,0.8,5.0,0.25,0.21451302369230546,0.43651551092395724,0.5729037228174794,1.3498730275683443e-5,1.3498730272340028e-5,1.0501638687539419
169671870,0.1,0.8,5.0,0.25,-0.05451677992516238,1.081492379988381,0.8611174915116164,0.0001631096574978416,0.0001631096574667821,1.0516294455777964
16967318x,0.1,0.8,5.0,0.25,-0.09139196845172523,0.8161938577694631,0.8918717230768294,3.374682568920861e-5,3.374682568295657e-5,1.0501273313620452
169674668,0.1,0.8,5.0,0.25,-0.16856983712971907,0.7152111207516973,0.7413206961911303,4.387087339597119e-5,4.3870873387455055e-5,1.0504865535874126
169674676,0.1,0.8,5.0,0.25,-0.8304575256628033,0.8606211989149221,0.9904300143971136,2.58725663617266e-5,2.5872566354793564e-5,1.0515210347159218
169675601,0.1,0.8,5.0,0.25,-0.11976558503308792,0.760706335248051,0.8621426939927737,2.8122354741007175e-5,2.8122354733728705e-5,1.050086716131061
169675791,0.1,0.8,5.0,0.25,0.3179912063892163,1.4150671413133802,0.696774783653773,0.0017998307034244592,0.0017998307029511303,1.0520488604307763
169676284,0.1,0.8,5.0,0.25,0.738403236341197,0.35547621931130674,0.3152154572312342,9.561600611942439e-5,9.561600610129404e-5,1.05073826165767
169677359,0.1,0.8,5.0,0.25,0.08030181920328874,0.8139840399422457,0.7823436092730508,6.411896880949636e-5,6.41189687973315e-5,1.0500709998684385
169677906,0.1,0.8,5.0,0.25,0.36182502792862375,1.2585613549969235,0.7785152605166717,0.000580445401854388,0.000580445401749782,1.0501530724439267
169677981,0.1,0.8,5.0,0.25,-0.25268427112648245,1.11197949088273,0.8921371671650439,0.00015748518654964017,0.00015748518652194696,1.051029298885367
194290738,0.1,0.8,5.0,0.25,0.5678034846952342,0.5254296387441004,0.4462897633628352,0.00011811388991223013,0.00011811388990861183,1.0515624442415437
264570613,0.1,0.8,5.0,0.25,-0.5045070971547606,1.5810340767930924,1.325915972981622,0.00012655059633453228,0.00012655059630922616,1.05043699599729
264574251,0.1,0.8,5.0,0.25,1.5231149565769655,0.3522940097810109,0.19821034872723498,0.0009280377064532368,0.0009280377062579445,1.0511469362617945
264575289,0.1,0.8,5.0,0.25,0.3963434658116287,0.46330387577137466,0.5777986322994677,1.7435859939424446e-5,1.7435859935671918e-5,1.0500219301787048
26458103x,0.1,0.8,5.0,0.25,-0.2509908207988467,1.730789517917264,1.1585777516241471,0.0003909007308999997,0.0003909007308210045,1.0502758889713215
264582788,0.1,0.8,5.0,0.25,-0.8914254592370184,3.074563908313296,1.9870912454815348,0.00046289395903697806,0.00046289395891847,1.051639844550902
264583369,0.1,0.8,5.0,0.25,0.021510159240843686,1.041711920198234,0.7954812842099601,0.00020079361285079122,0.0002007936128071489,1.0518778473479375
264583457,0.1,0.8,5.0,0.25,-0.14134992139843647,1.557854296299681,0.9458155612901159,0.0006276909578192801,0.0006276909576823093,1.0533406070781708
264583676,0.1,0.8,5.0,0.25,0.4831126728990346,1.1568531310402033,0.6381369441742643,0.001023091265477841,0.0010230912652561621,1.0514268971836234
264584097,0.1,0.8,5.0,0.25,-0.16382825857641278,1.8842900526505602,1.14648328258586,0.0006288158520089205,0.0006288158518870155,1.050686017765471
264585719,0.1,0.8,5.0,0.25,-0.3186295046816904,0.6100196393471093,0.8918717230768294,7.874259327482009e-6,7.874259325925474e-6,1.0500188601548053
264586826,0.1,0.8,5.0,0.25,0.6807610686145402,0.7901115845396265,0.508472433213447,0.0004752677951230212,0.0004752677950202855,1.0505844285388406
264586893,0.1,0.8,5.0,0.25,0.31530420142402993,1.4003189336108364,0.8179817994226208,0.0007728023082828771,0.0007728023081420146,1.0501885004264866
264588928,0.1,0.8,5.0,0.25,-0.13494238224246835,0.9359071209914553,0.8632043994660351,7.874259327482009e-5,7.874259325468356e-5,1.0502066984065073
264589111,0.1,0.8,5.0,0.25,1.0032013896346768,0.2023537836634187,0.2702641665626297,1.2373836086043157e-5,1.2373836082664126e-5,1.050073285504409
264589314,0.1,0.8,5.0,0.25,-0.9042233430795626,1.3610004244939795,1.0499895012675577,0.0001721088110149639,0.00017210881096648957,1.0737676195910089
264590489,0.1,0.8,5.0,0.25,0.1558344003422941,0.7173849778955873,0.6458877697909337,8.717929969712224e-5,8.71792996777098e-5,1.0541688092219872
264590884,0.1,0.8,5.0,0.25,0.5920813691599249,0.29368256782761426,0.4180648701922638,8.999153517122296e-6,8.999153515318448e-6,1.0500060013328008
264592433,0.1,0.8,5.0,0.25,-0.28351649998561596,1.8103003307216727,1.171172205334868,0.00046008172356287735,0.0004600817234690973,1.0518661941168546
264592783,0.1,0.8,5.0,0.25,0.8088650575161485,0.41854669413223283,0.3473638904560409,0.00013273751437755386,0.00013273751434860116,1.0513761711977185
264594113,0.1,0.8,5.0,0.25,-0.746596212640493,1.9859675622694648,1.6988553481774282,0.00011473920734330927,0.00011473920731866504,1.0501975481441037
264594121,0.1,0.8,5.0,0.25,-0.3396195446938571,1.341046031629335,1.06957743210828,0.00016254721040302148,0.00016254721036749163,1.0505897770857453
264594295,0.1,0.8,5.0,0.25,0.013285381271452679,0.5072892560305882,0.6407124251861095,1.631096574978416e-5,1.6310965746204142e-5,1.0507374297806784
264595044,0.1,0.8,5.0,0.25,-0.20917349832893534,1.135648275633877,1.0490721066524016,7.818014617999995e-5,7.818014616574131e-5,1.050066565004044
264595669,0.1,0.8,5.0,0.25,0.8275474386829835,0.5721262709671976,0.4057730369180265,0.0002924724893064746,0.0002924724892522463,1.050483706479542
264597859,0.1,0.8,5.0,0.25,1.2421414551633008,0.3198373810821428,0.24254755097726144,0.00020923031927309337,0.00020923031923026256,1.050521689270058
264598237,0.1,0.8,5.0,0.25,-0.8877891224622683,2.8050854082289725,1.9870912454815348,0.0002935973834961149,0.0002935973834310878,1.0509340492748185
264598405,0.1,0.8,5.0,0.25,0.05778726375697537,0.6244913033979809,0.6735489575319805,3.5996614068489185e-5,3.5996614060668774e-5,1.0502737625111318
264598616,0.1,0.8,5.0,0.25,1.3553998659194677,0.14842090318450932,0.19821034872723498,1.2373836086043157e-5,1.2373836083538482e-5,1.050184230925409
264598835,0.1,0.8,5.0,0.25,-0.03094213178812892,0.949623070506788,0.8528523635440567,8.999153517122296e-5,8.999153515308398e-5,1.0501097423260068
264604502,0.1,0.8,5.0,0.25,-0.013771153475767935,0.8578780967401626,0.8213933761526443,6.524386299913664e-5,6.524386298756873e-5,1.0504226312036382
264606188,0.1,0.8,5.0,0.25,-0.0924357402824837,0.5441145519446834,0.626895369318483,2.58725663617266e-5,2.587256635609688e-5,1.050328130845456
264607543,0.1,0.8,5.0,0.25,0.13546498258240844,0.618395079248075,0.6713012946531104,3.487171987884889e-5,3.487171987150244e-5,1.0501503634440237
264608204,0.1,0.8,5.0,0.25,1.0128069471874714,0.2469983727351979,0.26012925256407526,4.049619082705033e-5,4.049619081808861e-5,1.0505571533392446
264608853,0.1,0.8,5.0,0.25,-0.47128093638189233,2.4861504350880668,1.4437568458416865,0.0007930504036964023,0.0007930504034802989,1.050922788323252
26461118x,0.1,0.8,5.0,0.25,-0.12456125389815269,0.8441718866245534,0.8231583489805824,5.961939205093521e-5,5.961939203798478e-5,1.0501893477781212
264617290,0.1,0.8,5.0,0.25,-0.12931542753115416,1.0419411517093193,0.8470512229833325,0.00014736113884287758,0.00014736113881033049,1.0511254305668094
264618939,0.1,0.8,5.0,0.25,-0.8386433511229642,2.6195632804982116,1.9870912454815348,0.00020923031927309337,0.00020923031922977377,1.0502284544413263
264619384,0.1,0.8,5.0,0.25,-0.26604447513933444,1.0910750428937346,0.9666290003511929,9.617845321424453e-5,9.617845319316351e-5,1.0504535760423663
264627202,0.1,0.8,5.0,0.25,0.12255987333916238,1.3445963440018447,0.6714647430022219,0.0015180447089195672,0.001518044708604073,1.0732710619308943
264627210,0.1,0.8,5.0,0.25,0.5372798224843663,0.9896302843486049,0.5556032537489601,0.0009319748361169778,0.0009319748359153211,1.052506967298632
264627317,0.1,0.8,5.0,0.25,-0.1630335336873726,1.8742982832305044,1.0435208166687016,0.0009741583682284885,0.0009741583680172268,1.0519843945140879
264627595,0.1,0.8,5.0,0.25,-0.6195369481939405,1.9447795828035008,1.238196376891642,0.0004876416312090644,0.00048764163110264283,1.0564728059432327
264628176,0.1,0.8,5.0,0.25,-0.3674205630411981,0.8357841463580827,1.011613728469361,2.0248095413525164e-5,2.0248095409733608e-5,1.0500263529261165
264628221,0.1,0.8,5.0,0.25,0.1818772226909434,2.2483473922048054,1.0046625664583617,0.0029427232000989907,0.0029427231995596014,1.0507295145727447
264628467,0.1,0.8,5.0,0.25,0.13472239743624898,0.9331030235226705,0.7006198599948832,0.00021879191988503582,0.0002187919198251002,1.0515707976607338
264628678,0.1,0.8,5.0,0.25,-0.12149839617878584,1.1013607051069358,0.8438673115166854,0.00019854382447151065,0.0001985438244313771,1.050707317299048
26462882x,0.1,0.8,5.0,0.25,-0.5557248003555968,5.762501096951887,1.9870912454815348,0.010457578833990927,0.010457578832132898,1.0565853914892125
26462890x,0.1,0.8,5.0,0.25,0.25336772427501625,0.6121189519661379,0.6003537956808902,5.793205076647478e-5,5.793205075402727e-5,1.0501284024595392
264629398,0.1,0.8,5.0,0.25,-0.6402604396590617,2.219267263146066,1.4735814206215803,0.0004027121198912227,0.0004027121198104061,1.0525291917222603
264629734,0.1,0.8,5.0,0.25,-0.7850616060599791,2.330646113853952,1.8278651443070473,0.0001771708348683452,0.0001771708348202217,1.0501500504308747
264630065,0.1,0.8,5.0,0.25,0.061771860695169066,0.9674151169989745,0.74967959786462,0.00018785732966992793,0.00018785732962828456,1.0504349635619377
264630348,0.1,0.8,5.0,0.25,-0.7524136167076492,3.9263637426634577,1.9870912454815348,0.0015613531352207182,0.0015613531349359582,1.053101212627185
264630372,0.1,0.8,5.0,0.25,1.5198095564366096,0.3096556459290123,0.19821034872723498,0.0004808922660712227,0.0004808922659759752,1.053757646014422
264630866,0.1,0.8,5.0,0.25,0.5920539366769817,0.6799075725757648,0.478220206389163,0.0003042838782976976,0.00030428387823404216,1.0509057958057406
264631295,0.1,0.8,5.0,0.25,0.4752146585078473,0.6310737388923155,0.5408628139402886,0.00011361431315366898,0.00011361431313595613,1.0502773396409464
264631631,0.1,0.8,5.0,0.25,-0.49964616274803103,1.0112062746635768,1.2044079315672074,2.1935436697985596e-5,2.1935436693274118e-5,1.050109317810059
264706517,0.1,0.8,5.0,0.25,-0.06981207119780611,0.49702271553727034,0.7494199659033037,6.749365137841721e-6,6.749365136396364e-6,1.0500162346204682
264709865,0.1,0.8,5.0,0.25,-0.7666508132245703,1.0838563118080964,1.4347501755374379,1.29362831808633e-5,1.2936283178057264e-5,1.050101168757494
264713506,0.1,0.8,5.0,0.25,0.38235413430869214,0.5194416719699049,0.6219631417290328,2.1372989603165453e-5,2.1372989598758832e-5,1.0500179039905817
264715544,0.1,0.8,5.0,0.25,1.1436368637916083,0.22194870028039226,0.19821034872723498,9.224132355050353e-5,9.22413235306294e-5,1.0508453225926349
264715771,0.1,0.8,5.0,0.25,0.7340545809863942,0.19783897272931272,0.3716132179486789,2.249788379280574e-6,2.2497883787994844e-6,1.050001649987026
264715923,0.1,0.8,5.0,0.25,-0.12277973204932106,0.743957743462231,0.850065236057603,2.6997460551366886e-5,2.6997460545647682e-5,1.0500961101842174
26471850x,0.1,0.8,5.0,0.25,-0.5912429889383428,1.2768334011767526,1.1376737284389744,9.336621774014381e-5,9.336621772018699e-5,1.0506938075002374
264718649,0.1,0.8,5.0,0.25,-0.5549199101553122,0.5738476238505187,0.9383233753204143,4.499576758561148e-6,4.499576757595669e-6,1.0500436170770615
264723229,0.1,0.8,5.0,0.25,0.44570879738966906,0.36547199646644707,0.5202585051281505,8.999153517122296e-6,8.99915351517969e-6,1.0500070255755471
264724520,0.1,0.8,5.0,0.25,0.37738748197552663,0.4904368826293366,0.5181648990518796,3.9933743732230185e-5,3.9933743723559665e-5,1.0501340680122084
264726024,0.1,0.8,5.0,0.25,1.0896642117186095,0.18141629480551194,0.19821034872723498,3.374682568920861e-5,3.374682568196651e-5,1.0502700996606917
26472853x,0.1,0.8,5.0,0.25,1.3674853942755223,0.2167306827269066,0.19821034872723498,8.211727584374094e-5,8.211727582621763e-5,1.0502792535846215
264734905,0.1,0.8,5.0,0.25,0.17361196609764293,0.5260918887537198,0.70268677990314,1.2373836086043157e-5,1.2373836083387753e-5,1.0500175824696751
264740707,0.1,0.8,5.0,0.25,0.8360893041938052,0.4289303116187127,0.4003287751247682,7.424301651625894e-5,7.424301650027779e-5,1.050113951834552
264742921,0.1,0.8,5.0,0.25,0.04080458328543461,0.8902480479510811,0.752131464860485,0.00012205101957597113,0.00012205101954984144,1.0502836636084782
26474760x,0.1,0.8,5.0,0.25,-0.23662023501368362,1.1904800449918935,1.0935303411291124,8.042993455928052e-5,8.04299345443166e-5,1.050038830629675
264755124,0.1,0.8,5.0,0.25,0.5733317398336826,0.3107814129637245,0.3291431207089164,3.937129663741004e-5,3.9371296628957684e-5,1.0505867783861358
264760695,0.1,0.8,5.0,0.25,-0.2895618329003827,0.8204400261847926,0.846349089702197,4.499576758561148e-5,4.499576757697976e-5,1.0501723886162986
264762412,0.1,0.8,5.0,0.25,0.022318415679898104,0.8168687471151107,0.8043034549249904,5.680715657683449e-5,5.680715656565827e-5,1.0501452107748
264763001,0.1,0.8,5.0,0.25,-0.21769188329691208,1.1449006466628369,1.190127535778444,4.330842630115105e-5,4.33084262930158e-5,1.050164750189271
264763386,0.1,0.8,5.0,0.25,0.3907184265927427,0.8376747174527441,0.6936779832110018,0.00013498730275683443,0.00013498730273076628,1.0501625662132
264763407,0.1,0.8,5.0,0.25,-0.21161889898246788,1.0496878869766761,1.023689272655431,5.961939205093521e-5,5.9619392039408044e-5,1.050055235974593
26476360x,0.1,0.8,5.0,0.25,0.8733101015720157,0.3896952609824404,0.39441674343560307,4.949534434417263e-5,4.949534433433992e-5,1.050157725498168
264765250,0.1,0.8,5.0,0.25,0.4114341719810751,0.44220257523331774,0.6020134414286984,1.124894189640287e-5,1.1248941894304047e-5,1.0500025766048482
264766288,0.1,0.8,5.0,0.25,0.7135392150918463,0.7784534573820934,0.5295198812617712,0.0003610910348745321,0.00036109103480526535,1.0500854962897952
264766616,0.1,0.8,5.0,0.25,0.180707415614825,0.7368621167963059,0.6907972946574072,7.25556752317985e-5,7.255567521790473e-5,1.0502651229984012
264767109,0.1,0.8,5.0,0.25,-0.009569721060090526,1.668258221664165,0.9447337260114999,0.0008999153517122296,0.0008999153515348604,1.0507784135879148
264767600,0.1,0.8,5.0,0.25,-0.05749692444894841,0.7862489128680747,0.8535116146694192,3.487171987884889e-5,3.4871719872294335e-5,1.0501553983111476
264767678,0.1,0.8,5.0,0.25,0.6146145493827541,0.8747217529661849,0.5841295269630796,0.000395962754753381,0.0003959627546780597,1.050092410896125
264767889,0.1,0.8,5.0,0.25,-0.40699654664969886,2.0216001241483856,1.2371680557082467,0.0006051930740264744,0.0006051930739135512,1.0526533770822806
264771116,0.1,0.8,5.0,0.25,0.3378874129359668,0.5803336542067957,0.5574198269230184,6.411896880949636e-5,6.411896879608117e-5,1.0507409513599155
264771191,0.1,0.8,5.0,0.25,0.05530564930474595,0.6273156534344632,0.687799371251501,3.3184378594388464e-5,3.318437858525422e-5,1.0501110595226923
264773795,0.1,0.8,5.0,0.25,-0.22390731653919066,0.702898558940806,0.8324135940291215,2.249788379280574e-5,2.249788378784739e-5,1.0508065597129594
26477419x,0.1,0.8,5.0,0.25,1.502898570688004,0.15994391895692828,0.19821034872723498,1.7998307034244593e-5,1.7998307030486236e-5,1.0500082133072293
264777972,0.1,0.8,5.0,0.25,-0.011460648664134336,0.8788831793100714,0.7912068901539461,8.886664098158267e-5,8.886664096218755e-5,1.0502458140597117
264781242,0.1,0.8,5.0,0.25,-0.6130206529275933,0.7995972064584203,0.8184666158614424,4.555821468043162e-5,4.5558214670355365e-5,1.0557341722003335
264781429,0.1,0.8,5.0,0.25,-0.24390940927106444,1.4341832395109597,1.1468035874816254,0.00016085986911856104,0.00016085986908844977,1.050083121500093
264782683,0.1,0.8,5.0,0.25,-0.13058179146988588,0.774758711715201,0.8968265612575054,2.5310119266906457e-5,2.5310119261812282e-5,1.0500181059450893
264784267,0.1,0.8,5.0,0.25,0.08912681798253888,0.40665799000371716,0.6131618096153202,6.749365137841721e-6,6.749365136372676e-6,1.0500240534411382
264786203,0.1,0.8,5.0,0.25,-0.10387257202976521,0.6769907556774427,0.7871443552113293,2.4747672172086314e-5,2.4747672166700855e-5,1.050072058182727
264786422,0.1,0.8,5.0,0.25,-0.5436100556643927,0.6896912958845776,1.0233656364186385,7.311812232661865e-6,7.311812231143738e-6,1.0500658373948235
264797068,0.1,0.8,5.0,0.25,0.0012477680273312096,0.9783068047077333,0.8305204708910388,0.00011923878410187041,0.00011923878407739867,1.0501197951058578
264798845,0.1,0.8,5.0,0.25,0.02337634381781564,1.4362854974508947,0.8895491404646502,0.000575945825095827,0.000575945824977492,1.0504904876575365
264799725,0.1,0.8,5.0,0.25,0.3259375119961437,0.7669349248469368,0.5163960632859421,0.0003571539052107911,0.0003571539051406807,1.0631685764997794
264799784,0.1,0.8,5.0,0.25,0.6882203078148945,0.37471711695000137,0.3414824078728892,8.324217003338124e-5,8.324217000419283e-5,1.0511486536458923
264801493,0.1,0.8,5.0,0.25,0.4569152291286776,0.4525530267884526,0.5128262478571366,2.8122354741007175e-5,2.812235473547154e-5,1.0502350597124817
264801522,0.1,0.8,5.0,0.25,0.29207031295756386,0.5626413317880644,0.5797166341758584,4.499576758561148e-5,4.499576757588452e-5,1.0514270781245918
264808839,0.1,0.8,5.0,0.25,0.3818469317455565,1.1188772382595986,0.6223191699413428,0.0009825950746507907,0.0009825950744440203,1.051216002013548
264809196,0.1,0.8,5.0,0.25,-0.1588985416183671,0.5287169152915673,0.7525167663460748,8.999153517122296e-6,8.999153514757277e-6,1.0501813766244161
264809233,0.1,0.8,5.0,0.25,0.03306440976456514,1.0891076473210295,0.7736180474478032,0.000290222700927194,0.00029022270086431144,1.0504987961516286
264809305,0.1,0.8,5.0,0.25,-0.7184661606081892,1.9270272813133646,1.42336932227489,0.00023060330887625884,0.00023060330883057772,1.0577785963033277
264810226,0.1,0.8,5.0,0.25,0.13073639703313764,1.312283883643911,0.8361717011055484,0.0004983281260106472,0.0004983281259128599,1.051058454492496
264810373,0.1,0.8,5.0,0.25,0.05114280253376373,2.4704347206707147,1.0360798057675422,0.0038437634460008604,0.0038437634452673187,1.0612714061514128
264812715,0.1,0.8,5.0,0.25,0.8555814019599012,0.2883365495799827,0.3851264129868861,1.2373836086043157e-5,1.2373836083534906e-5,1.0500092882061351
264813734,0.1,0.8,5.0,0.25,0.238457161842083,0.426989114571603,0.4877423485576411,2.6997460551366886e-5,2.699746054572297e-5,1.0504112765928713
264813929,0.1,0.8,5.0,0.25,-0.38038423958688733,0.962333167682756,0.6689037923076221,0.00026997460551366886,0.00026997460545387424,1.0891679000089942
264813996,0.1,0.8,5.0,0.25,-0.07937218618612792,1.0452059553355688,0.7602240010110081,0.000250851404289784,0.00025085140423959174,1.0562691890878493
264821136,0.1,0.8,5.0,0.25,-0.19529010870873678,0.2912242812843957,0.4134197049679053,8.999153517122296e-6,8.999153515188605e-6,1.052915932636746
264821611,0.1,0.8,5.0,0.25,0.9211534645516878,0.20281051592372643,0.19821034872723498,5.849449786129492e-5,5.8494497847144084e-5,1.0518135490261808
264821953,0.1,0.8,5.0,0.25,-0.3547975288478364,2.8805910659207266,1.428192820563587,0.0017306497107615814,0.0017306497104201339,1.0530537745041664
264824265,0.1,0.8,5.0,0.25,0.5507998368200665,0.5372125905243926,0.5708840795999673,3.88088495425899e-5,3.8808849535165005e-5,1.0500493660943284
264826025,0.1,0.8,5.0,0.25,0.4010950087956936,0.27300432675480835,0.3716132179486789,1.124894189640287e-5,1.1248941894101664e-5,1.050155623774828
26482701x,0.1,0.8,5.0,0.25,-0.4122595339260607,1.0567301644068328,1.1472059709499278,3.487171987884889e-5,3.487171987134629e-5,1.0500878958172952
264833620,0.1,0.8,5.0,0.25,0.4627288670172021,0.40935865762146817,0.49548427878497253,2.0248095413525164e-5,2.0248095409466518e-5,1.0500135050250057
264834762,0.1,0.8,5.0,0.25,-0.04909588716149419,1.2020918896501416,0.7596259189772688,0.000517451327234532,0.0005174513271331834,1.0518688917557457
264835298,0.1,0.8,5.0,0.25,0.14276909941405586,1.0484785919131907,0.7619280173861119,0.00025928811071208613,0.00025928811066002806,1.0502355701946613
264835335,0.1,0.8,5.0,0.25,-0.3940367847388827,0.5939901778210389,0.8258071194950215,1.0124047706762582e-5,1.012404770462214e-5,1.0500921801771963
264835482,0.1,0.8,5.0,0.25,-0.30220281067169313,1.6036577938693868,1.1589001120282056,0.000266599922944748,0.0002665999228938489,1.0502466638792505
264836493,0.1,0.8,5.0,0.25,-0.6858169203041571,2.3742323554953697,1.7824162965921828,0.00022047926116949625,0.00022047926112767644,1.0501181046715948
26483755x,0.1,0.8,5.0,0.25,-0.6058726873186054,1.7751096363400123,1.5041652576372426,0.0001203636782915107,0.00012036367826201761,1.050093954297428
264843140,0.1,0.8,5.0,0.25,1.136914535303526,0.335737179210394,0.3046250532268351,8.549195841266181e-5,8.549195839491139e-5,1.0501380293156586
264850148,0.1,0.8,5.0,0.25,-0.13280443788646307,0.8341941324094607,0.5739359778184704,0.0003239695266164026,0.0003239695265433405,1.0609635623779983
264850826,0.1,0.8,5.0,0.25,0.5136262707222718,0.8663309317136649,0.6361543001060307,0.00024635182753122287,0.00024635182748301913,1.0500447699367397
264854843,0.1,0.8,5.0,0.25,1.3948886005119951,0.22014384867066597,0.19821034872723498,8.886664098158267e-5,8.886664096357234e-5,1.050098640710913
266970514,0.1,0.8,5.0,0.25,0.2678119408712437,1.2238186204755626,0.8161843637395686,0.00039821254313266157,0.0003982125430567999,1.0502759464426306
26697067x,0.1,0.8,5.0,0.25,0.18240911863311235,0.576616048527547,0.5591244812144891,6.130673333539564e-5,6.130673332479175e-5,1.0502052919614422
294295907,0.1,0.8,5.0,0.25,0.9158396889525655,0.2712274244739517,0.321445419349688,2.249788379280574e-5,2.2497883788662833e-5,1.050015342542311
427401006,0.1,0.8,5.0,0.25,-0.8936143313932746,2.5131883449742043,1.9870912454815348,0.00016985902263568333,0.0001698590225990972,1.0504783906024686
42800001x,0.1,0.8,5.0,0.25,0.10232089868518221,0.3783918475042978,0.5008699940316713,1.29362831808633e-5,1.293628317809852e-5,1.0501527485144944
428000079,0.1,0.8,5.0,0.25,-0.3996346645382006,2.441700925464498,1.3061914571587927,0.001187325817165323,0.0011873258169096527,1.0523719568234406
490713611,0.1,0.8,5.0,0.25,1.378781693219408,0.17199081608483452,0.19821034872723498,2.58725663617266e-5,2.587256635664689e-5,1.050046785562409
550801048,0.1,0.8,5.0,0.25,0.42567362815062976,0.47025362132965987,0.5372907658041989,2.6997460551366886e-5,2.699746054686769e-5,1.0501608146411936
550806906,0.1,0.8,5.0,0.25,1.1737854526282434,0.36256246801316894,0.2738202667895476,0.0002137298960316545,0.00021372989599010905,1.0503688179030957
550806973,0.1,0.8,5.0,0.25,0.21027860584664487,0.6082026018120256,0.5202585051281505,0.00010124047706762583,0.00010124047704544045,1.0768516267519583
550809592,0.1,0.8,5.0,0.25,1.140677470780172,0.09186314864047775,0.19821034872723498,1.124894189640287e-6,1.1248941893309845e-6,1.0500023878898703
550811027,0.1,0.8,5.0,0.25,0.9499338097906203,0.36020214900837266,0.3735189222151083,4.387087339597119e-5,4.3870873387803606e-5,1.0500163359243855
550813161,0.1,0.8,5.0,0.25,0.25494753993882224,1.0826808230544844,0.6507610255562466,0.0006681871486463305,0.000668187148530158,1.0507439689782434
550815300,0.1,0.8,5.0,0.25,0.7356742552725748,0.3169943951011528,0.40346576429865216,1.5748518654964018e-5,1.5748518651565583e-5,1.050012750118679
550818763,0.1,0.8,5.0,0.25,-0.9457297367556261,1.8785536521679542,1.9131522944105535,4.780800305971219e-5,4.7808003051818035e-5,1.0509246037243385
550818907,0.1,0.8,5.0,0.25,-0.06141174775394181,0.6927765892687626,0.6928788157625058,5.230757981827334e-5,5.23075798083285e-5,1.0510433163044586
550819272,0.1,0.8,5.0,0.25,-0.2768224666241062,0.3444679625275365,0.7432264358973578,1.124894189640287e-6,1.1248941893882393e-6,1.0500330600991008
550822076,0.1,0.8,5.0,0.25,0.5084583330787706,0.588365877312692,0.5760004878204523,5.849449786129492e-5,5.84944978493187e-5,1.0500240419413016
550827344,0.1,0.8,5.0,0.25,1.4165460194314397,0.2278157313263522,0.2350453532645798,4.499576758561148e-5,4.499576757726317e-5,1.0500145748547314
550828742,0.1,0.8,5.0,0.25,1.0015354309452813,0.2262041074734576,0.26543801028907077,2.3622777982446025e-5,2.3622777978473783e-5,1.0501922279394902
550829219,0.1,0.8,5.0,0.25,0.20102161592405138,0.47566122572517444,0.5970586032480224,1.6873412844604303e-5,1.6873412841950248e-5,1.0501173250666052
550833867,0.1,0.8,5.0,0.25,0.0036041129565340855,1.0749102877520202,0.8829530143516127,0.00014061177370503587,0.00014061177367977992,1.0500933512322979
550834173,0.1,0.8,5.0,0.25,-0.39199863711359983,1.1654971709145947,1.3678905864033166,2.3622777982446025e-5,2.362277797781176e-5,1.050004811863118
550834966,0.1,0.8,5.0,0.25,0.24421425331435356,0.8206142412248886,0.73496839588943,9.111642936086324e-5,9.111642934125915e-5,1.0503853760869533
550836013,0.1,0.8,5.0,0.25,0.13671134456499653,0.4895159861683861,0.7655232431501978,5.624470948201435e-6,5.624470947144556e-6,1.0500011681707324
550837040,0.1,0.8,5.0,0.25,0.9790740502739077,0.5000561942861941,0.3876348773404118,0.00018785732966992793,0.0001878573296341442,1.0500934676402822
553950639,0.1,0.8,5.0,0.25,1.3437174870732893,0.14839743884140869,0.19821034872723498,1.2373836086043157e-5,1.237383608357363e-5,1.0500182038855979
55395068x,0.1,0.8,5.0,0.25,1.049251561120522,0.21862943863207315,0.3112260700320186,8.999153517122296e-6,8.999153515414693e-6,1.05000159529214
553953821,0.1,0.8,5.0,0.25,-0.41188155930423165,0.708137387408569,1.1074073611352246,5.624470948201435e-6,5.624470947075489e-6,1.0500050864587285
553957144,0.1,0.8,5.0,0.25,0.8950598376446488,0.3338731743187252,0.3864777324907068,2.5310119266906457e-5,2.5310119262155917e-5,1.0500157938988401
553958278,0.1,0.8,5.0,0.25,0.14944276574416807,1.0972566842081624,0.86907946744572,0.00016873412844604306,0.00016873412841189684,1.0500398449557855
553967692,0.1,0.8,5.0,0.25,1.0003910126561497,0.3126539235457732,0.3516032699914734,2.924724893064746e-5,2.924724892536887e-5,1.0500055471598744
553972459,0.1,0.8,5.0,0.25,1.1943014158638185,0.6140387282506101,0.3464746704804216,0.0009179136587464742,0.000917913658587977,1.050416480053578
553974358,0.1,0.8,5.0,0.25,-0.2594024204948873,0.8016880361912668,0.9703233866705291,2.0248095413525164e-5,2.0248095409769823e-5,1.0500492960122674
553975043,0.1,0.8,5.0,0.25,0.024949413256708405,0.40983366048692,0.5698069223747083,1.0124047706762582e-5,1.0124047704852806e-5,1.0500420412033193
553975959,0.1,0.8,5.0,0.25,1.0056464138270729,0.24013713928803954,0.2842841152747192,2.249788379280574e-5,2.24978837885408e-5,1.051177424672626
553979079,0.1,0.8,5.0,0.25,1.259783526121706,0.3556306453675135,0.2898583170879292,0.0001462362446532373,0.00014623624462548895,1.0500259361168578
553980440,0.1,0.8,5.0,0.25,1.5266590775323619,0.1455996269159758,0.19821034872723498,1.124894189640287e-5,1.124894189417216e-5,1.0500481689203216
553981101,0.1,0.8,5.0,0.25,-0.21725183661291406,0.5539484553165879,1.040517010256301,2.249788379280574e-6,2.2497883788595153e-6,1.0500003831812148
553982841,0.1,0.8,5.0,0.25,1.548813232808533,0.16724302301110874,0.19821034872723498,2.249788379280574e-5,2.2497883788486667e-5,1.0500040391879844
553991270,0.1,0.8,5.0,0.25,0.23738917971553547,0.5903658301538245,0.6689037923076221,2.8122354741007175e-5,2.8122354735715343e-5,1.0503761172182682
553991799,0.1,0.8,5.0,0.25,0.28423029268183375,0.8764637813757609,0.6431702460680653,0.000246914274626043,0.000246914274574231,1.050258994475589
553993460,0.1,0.8,5.0,0.25,0.3837597241389319,0.6182144311090346,0.6551009832388557,3.937129663741004e-5,3.93712966297794e-5,1.0500078935899548
553993786,0.1,0.8,5.0,0.25,-0.29800615674881653,0.7689500966643602,1.0270038152180938,1.2373836086043157e-5,1.23738360836067e-5,1.0500811131435739
557702464,0.1,0.8,5.0,0.25,0.782008920812429,0.2606720992091017,0.2838881286899843,3.430927278402875e-5,3.4309272777630636e-5,1.0501773198900013
557715994,0.1,0.8,5.0,0.25,1.259059001197904,0.1456437255597294,0.19821034872723498,1.124894189640287e-5,1.1248941894014968e-5,1.0503662033928927
557718618,0.1,0.8,5.0,0.25,0.7401499353801377,0.1820499375379128,0.32701963888279706,2.8122354741007174e-6,2.812235473344138e-6,1.0500355029356325
557719063,0.1,0.8,5.0,0.25,-0.4202083257362667,0.655977179087541,0.9336782100960558,8.999153517122296e-6,8.999153515865365e-6,1.0501438550084519
557721307,0.1,0.8,5.0,0.25,-0.1634769862818933,0.9643443360490181,0.8694796536465368,8.774174679194238e-5,8.774174677565629e-5,1.0513058358920415
557722625,0.1,0.8,5.0,0.25,0.39069563101198984,0.5066671416839035,0.5537036805676123,3.374682568920861e-5,3.374682568281209e-5,1.050017082349679
557729368,0.1,0.8,5.0,0.25,1.416267000213137,0.1510010428136859,0.19821034872723498,1.3498730275683443e-5,1.3498730273276353e-5,1.0500081188625368
557737392,0.1,0.8,5.0,0.25,1.0676170844742365,0.13933794513517062,0.19821034872723498,8.999153517122296e-6,8.999153515597654e-6,1.0507523354305353
557739363,0.1,0.8,5.0,0.25,1.4332932088078072,0.22237856170004375,0.23432277121990627,4.049619082705033e-5,4.049619082063211e-5,1.0500094491307073
561153648,0.1,0.8,5.0,0.25,0.5108631070746881,0.2661513686667909,0.41620679701456076,5.624470948201435e-6,5.624470951777047e-6,1.0500278546588804
561162624,0.1,0.8,5.0,0.25,1.162905102851695,0.37957717532217117,0.30692498980799043,0.00015186071560143873,0.00015186071557351646,1.0504523844774911
610154744,0.1,0.8,5.0,0.25,0.20283528836522832,0.4484050027522518,0.5314069087545705,2.249788379280574e-5,2.2497883788813707e-5,1.0500561895895055
613750939,0.1,0.8,5.0,0.25,0.15952432791560592,1.7761748923960878,0.9505641398455037,0.0011901380526394235,0.0011901380523864683,1.05143505437113
613791351,0.1,0.8,5.0,0.25,-0.17122505409465197,0.9659554948950733,0.8740149554966009,8.66168526023021e-5,8.661685258537613e-5,1.0503049050542252
614070070,0.1,0.8,5.0,0.25,0.6354612267188717,0.9123862920106042,0.5548845700820841,0.0006265660636296398,0.0006265660634959114,1.0519142772939756
614071321,0.1,0.8,5.0,0.25,1.1185942996094211,0.14787504243971084,0.22296793076920735,6.749365137841721e-6,6.7493651363495255e-6,1.0500198619632064
614071508,0.1,0.8,5.0,0.25,0.24406749797564625,0.7518860820158899,0.7360800005985001,5.849449786129492e-5,5.8494497848922744e-5,1.0500298479589067
614071778,0.1,0.8,5.0,0.25,1.6798620740537853,0.2952939532811147,0.19821034872723498,0.0003858387070466184,0.00038583870697047316,1.050133927554456
61407192x,0.1,0.8,5.0,0.25,-0.3487944282343304,1.4525447041602029,1.0342382829755796,0.00028628557126345305,0.0002862855712075517,1.0508642698854895
614076384,0.1,0.8,5.0,0.25,1.2188665375444616,0.3606496893061147,0.28777521891181257,0.00016254721040302148,0.0001625472103685303,1.0501078026114499
614211697,0.1,0.8,5.0,0.25,-0.537463933444457,1.0091770052353013,1.3479425163336975,1.2373836086043157e-5,1.2373836083729861e-5,1.050008277540803
614211822,0.1,0.8,5.0,0.25,0.5624370791792812,0.6140642121917741,0.5068560594591917,0.000137237091136115,0.00013723709110869607,1.0501043650961992
614213713,0.1,0.8,5.0,0.25,0.47826521294285784,0.22751517528567713,0.42735520064098076,2.249788379280574e-6,2.249788378808217e-6,1.0500032959445118
614214134,0.1,0.8,5.0,0.25,0.24730279224683147,0.6237702191405903,0.6153914690767254,5.624470948201435e-5,5.624470947105034e-5,1.0501575264654996
614217642,0.1,0.8,5.0,0.25,0.8326589048925926,0.2773881260169678,0.353032557051245,1.5748518654964018e-5,1.5748518651557753e-5,1.0500809661387465
614219162,0.1,0.8,5.0,0.25,0.009900489395025403,0.5008188692530368,0.5964868884241138,2.1935436697985596e-5,2.1935436693693057e-5,1.050142281662422
614232666,0.1,0.8,5.0,0.25,-0.03975410797972369,0.7176912722409703,0.7024919318928592,5.849449786129492e-5,5.8494497850583485e-5,1.0501974049538385
614238240,0.1,0.8,5.0,0.25,-0.1359154423495587,0.619876404648038,0.6891735848649329,3.093459021510789e-5,3.093459020883577e-5,1.0502319565939982
614245109,0.1,0.8,5.0,0.25,0.04857068404367383,1.1647091248695203,0.8778632922991417,0.0002148547902212948,0.0002148547901815499,1.0513787632025524
614248019,0.1,0.8,5.0,0.25,0.2167185115990639,1.098602084735069,0.7259747674309042,0.0004167732972617263,0.00041677329717953283,1.0503560359720892
614249396,0.1,0.8,5.0,0.25,0.011475397977751227,1.1112849605534307,0.8918717230768294,0.00015748518654964017,0.00015748518651936242,1.0506854555069671
614256107,0.1,0.8,5.0,0.25,-0.20287306223878457,0.8128925770474741,0.783705702475512,6.299407461985607e-5,6.29940746071893e-5,1.0505526702737134
614257783,0.1,0.8,5.0,0.25,-0.19880089877978538,1.1715204625169182,1.0055853479228383,0.0001124894189640287,0.00011248941894436386,1.0507665216393984
614258591,0.1,0.8,5.0,0.25,-0.26440677267290136,0.9310724054424864,0.8827337128806019,6.86185455680575e-5,6.861854555545463e-5,1.0501783495912547
614258954,0.1,0.8,5.0,0.25,0.20949605531823048,0.7985524448908207,0.6966241645115953,0.00010405271254172655,0.00010405271252342421,1.0501512347583637
614260368,0.1,0.8,5.0,0.25,-0.10217566427512745,0.5757104278700923,0.6689037923076221,2.4747672172086314e-5,2.474767216725387e-5,1.050826912819074
614260982,0.1,0.8,5.0,0.25,0.48779774930776637,0.6350778048463482,0.6217375319739495,5.849449786129492e-5,5.8494497851148896e-5,1.050012494075651
614261838,0.1,0.8,5.0,0.25,0.163643400410261,1.2743287128340435,0.912359045115243,0.0002795362061256113,0.00027953620607636256,1.0500879948479642
614261918,0.1,0.8,5.0,0.25,-0.10559369109167567,0.5646306168225502,0.683355433201092,2.0248095413525164e-5,2.0248095409744585e-5,1.0501190971707353
614262275,0.1,0.8,5.0,0.25,0.4469711866801299,0.6445111465838207,0.546902464342626,0.00011923878410187041,0.00011923878407857206,1.0505933917870116
614262785,0.1,0.8,5.0,0.25,0.20299153922190677,0.2621293010605224,0.3081670484140855,2.3060330887625882e-5,2.306033088240518e-5,1.0533043649995728
614273783,0.1,0.8,5.0,0.25,0.3866603730322812,0.6302434795217547,0.6678420159547642,3.937129663741004e-5,3.937129663071822e-5,1.0500169248534106
614278947,0.1,0.8,5.0,0.25,-0.4508584634935134,1.1856007884297488,1.1805565221283039,5.343247400791363e-5,5.3432473999316013e-5,1.051207033584653
614279237,0.1,0.8,5.0,0.25,0.5091972134832197,0.5988226414386455,0.5122433340570095,0.00011473920734330927,0.00011473920733941265,1.0502124154378165
61427927x,0.1,0.8,5.0,0.25,-0.5500096663556251,1.5653922045975106,1.3712528309343022,0.00010124047706762583,0.0001012404770627112,1.0515560178495091
61428022x,0.1,0.8,5.0,0.25,-0.3989018869194937,1.8954781818032211,1.2411139228353223,0.0003942754134689206,0.0003942754134395672,1.0718766818388665
614281206,0.1,0.8,5.0,0.25,-0.424707024469262,0.9067751289364073,1.085501738374469,2.1372989603165453e-5,2.1372989604484416e-5,1.0502523009433193
614281230,0.1,0.8,5.0,0.25,0.49909353191738826,0.39196303967111185,0.4645165224358487,2.249788379280574e-5,2.2497883787603395e-5,1.050057877100914
614281265,0.1,0.8,5.0,0.25,0.818617466587271,0.2094896056793726,0.31587123525637706,6.749365137841721e-6,6.749365136268582e-6,1.050019672617563
614281476,0.1,0.8,5.0,0.25,0.2926426395453482,0.8087444161333287,0.669523138220257,0.00013498730275683443,0.00013498730275496196,1.0504726287338426
614287157,0.1,0.8,5.0,0.25,0.26274989786756364,0.8234750276776348,0.5968023026277331,0.00024466448624676243,0.00024466448618595143,1.065377146745787
614300075,0.1,0.8,5.0,0.25,0.06940793152086677,0.9846359691434003,0.6929412606868628,0.0003025965370132372,0.00030259653695095584,1.0514874758954604
614300091,0.1,0.8,5.0,0.25,-0.0756964393571573,1.1005740645994448,0.8715334608294746,0.00016648434006676248,0.00016648434002786017,1.0530722072312426
614300198,0.1,0.8,5.0,0.25,-0.21571336848736186,0.8223713546230025,0.9698198580182793,2.3060330887625882e-5,2.306033088302639e-5,1.0500292932961663
614300219,0.1,0.8,5.0,0.25,-0.5045332401084281,1.7138548949477528,1.4021815680656526,0.00014286156208431644,0.0001428615620520345,1.0509555221945104
614300251,0.1,0.8,5.0,0.25,0.5081157781125464,0.5883607326772331,0.5760004878204523,5.849449786129492e-5,5.849449784944351e-5,1.0500148605944715
614300366,0.1,0.8,5.0,0.25,-0.7717040798699771,2.758329039419807,1.9870912454815348,0.000270537052608489,0.0002705370525550597,1.0504624458549972
614300577,0.1,0.8,5.0,0.25,-0.9096152013794239,2.484020603699079,1.9870912454815348,0.0001602974220237409,0.00016029742198897005,1.0503878663884747
614300614,0.1,0.8,5.0,0.25,0.6408943014805951,0.2920738309345027,0.3976261361171268,1.124894189640287e-5,1.1248941894115493e-5,1.0500089706967954
614300649,0.1,0.8,5.0,0.25,-0.5470445018774586,1.9765044725335876,1.4413343229986975,0.000254788533953525,0.00025478853388979407,1.0502549009248363
614300665,0.1,0.8,5.0,0.25,-0.4253760957765202,1.481299424403534,1.2667638311512228,0.00011473920734330927,0.00011473920732014282,1.050515465307872
614300673,0.1,0.8,5.0,0.25,0.04806434171544685,0.45164757779837755,0.597812549514067,1.29362831808633e-5,1.2936283178186676e-5,1.0501960369958927
61430069x,0.1,0.8,5.0,0.25,0.32406084818569647,0.5417027648483026,0.5343798116629761,5.624470948201435e-5,5.624470947172502e-5,1.0502490423658135
614300788,0.1,0.8,5.0,0.25,-0.8027323274931488,2.2013022103722637,1.9870912454815348,8.774174679194238e-5,8.774174677527503e-5,1.0500699359042693
61430085x,0.1,0.8,5.0,0.25,0.16439986479684351,0.9803519095799468,0.8125734735846962,0.0001344248556620143,0.00013442485563335845,1.050076798371517
614300948,0.1,0.8,5.0,0.25,-0.6928781484339706,1.7289950141859773,1.519438818329627,0.00010011558287798554,0.00010011558285612355,1.0505284239639874
614301027,0.1,0.8,5.0,0.25,0.4147254377029653,1.1837310544072948,0.7063672738215976,0.0006918099266287765,0.0006918099267745646,1.0510484433937564
614301078,0.1,0.8,5.0,0.25,-0.2024618048230368,1.7681917684865194,1.2850884749467528,0.00025928811071208613,0.00025928811066155743,1.0501163858658409
614301270,0.1,0.8,5.0,0.25,-0.29768488634480794,0.878621138107673,0.9238717344269443,4.049619082705033e-5,4.049619081811915e-5,1.0522156392308355
614301350,0.1,0.8,5.0,0.25,-0.3735273619309298,1.5267297255892478,1.0792266968327562,0.00029697206606503577,0.0002969720660113483,1.0507610880151157
614301764,0.1,0.8,5.0,0.25,0.6188492362071462,0.8577088140289048,0.5632874171052916,0.000427459792063309,0.0004274597919839735,1.0515462747579747
61430181x,0.1,0.8,5.0,0.25,0.8479983892893996,0.7696861157452772,0.47617001406563747,0.0005793205076647478,0.000579320507564435,1.0504259666696247
614301860,0.1,0.8,5.0,0.25,-0.13334048251095762,0.9296910942886789,0.8587206270824949,7.818014617999995e-5,7.818014616618415e-5,1.0501832814442373
614301959,0.1,0.8,5.0,0.25,0.21986414272825913,0.8288252333589966,0.7858705779858816,6.86185455680575e-5,6.861854555627717e-5,1.0500772591829217
614302169,0.1,0.8,5.0,0.25,-0.309501793012698,0.4005083685833692,0.6936779832110018,3.3746825689208607e-6,3.3746825681821747e-6,1.0500372815865153
614302185,0.1,0.8,5.0,0.25,-0.5273684000437563,0.4688689974620751,0.5690990832860692,1.968564831870502e-5,1.9685648315750635e-5,1.0530071180705198
614302214,0.1,0.8,5.0,0.25,-0.35071482624210504,1.313791089111208,1.0952979365021143,0.00013048772599827328,0.00013048772597457238,1.050213822495227
614302257,0.1,0.8,5.0,0.25,0.13993707829180674,0.6689047054712971,0.6484480116895703,6.130673333539564e-5,6.130673332572931e-5,1.050473432318767
614302660,0.1,0.8,5.0,0.25,-0.2433978134443681,1.0927529890702572,1.0502963390400224,6.411896880949636e-5,6.41189687964583e-5,1.050051176125772
614302679,0.1,0.8,5.0,0.25,-0.7548591583399487,1.1501278860340294,1.798608031575283,5.624470948201435e-6,5.6244709470352474e-6,1.050003845566247
614302783,0.1,0.8,5.0,0.25,-0.49294306452565684,1.2484800128654698,1.32294299919362,3.937129663741004e-5,3.9371296629452866e-5,1.0500310417452863
614302943,0.1,0.8,5.0,0.25,0.08671516587000751,0.9718522730163534,0.815236845295977,0.00012655059633453228,0.00012655059630991804,1.050173937213476
614303102,0.1,0.8,5.0,0.25,0.1530896714579518,1.5237702090567713,0.9352727883744432,0.0006029432856471938,0.0006029432855318216,1.050324527047178
614303110,0.1,0.8,5.0,0.25,0.22960733968345487,1.41333167322418,0.8712541243403816,0.0005900070024663306,0.0005900070023540452,1.05032918136629
614303209,0.1,0.8,5.0,0.25,-0.1303491321656507,1.6325419218291786,1.1928039493354474,0.00025253874557424445,0.00025253874552734175,1.0500918558301509
614303380,0.1,0.8,5.0,0.25,-1.3582316895261686,2.1968334015004727,1.9870912454815348,8.605440550748195e-5,8.605440548849056e-5,1.0520159188903644
614303428,0.1,0.8,5.0,0.25,-1.6140582724147865,1.4606246760733579,1.9870912454815348,1.124894189640287e-5,1.1248941894231275e-5,1.0507420404848877
614303575,0.1,0.8,5.0,0.25,0.4033720520293893,0.3315870780972743,0.41620679701456076,1.6873412844604303e-5,1.687341284630562e-5,1.0501357972552605
614303831,0.1,0.8,5.0,0.25,-1.035939645950164,1.6943117325428563,1.9870912454815348,2.3622777982446025e-5,2.3622777977287072e-5,1.0507682330708779
614304025,0.1,0.8,5.0,0.25,1.4831745337721303,0.39357801821650557,0.20050992559443898,0.0015039835315490636,0.0015039835312256862,1.054008134721552
614304359,0.1,0.8,5.0,0.25,0.30265317722873536,0.527901669260454,0.518072542937876,5.7369603671654635e-5,5.736960365580169e-5,1.0515349441086392
614304578,0.1,0.8,5.0,0.25,0.324521431190175,1.2510012858658237,0.6741865195008695,0.0011473920734330926,0.001147392073198901,1.0517994580251075
614304893,0.1,0.8,5.0,0.25,-0.2873875595084039,0.5915074288164633,0.8918717230768294,6.749365137841721e-6,6.749365135983562e-6,1.0500327481157476
614304906,0.1,0.8,5.0,0.25,0.34471658564076546,0.8323337595796464,0.6627741248179595,0.00016367210459266175,0.00016367210456136381,1.050835296522334
614304981,0.1,0.8,5.0,0.25,-0.015449732284219907,0.5345544835605693,0.7432264358973578,1.0124047706762582e-5,1.0124047704631667e-5,1.0500200968746445
614305175,0.1,0.8,5.0,0.25,0.0644520524692446,1.1881016787062473,0.95963651553554,0.00015298560979107903,0.00015298560976181186,1.0500605631906055
614305183,0.1,0.8,5.0,0.25,0.06843296507484971,0.8197502011580045,0.8871528430722992,3.543416697366904e-5,3.5434166966956964e-5,1.0500168245859527
614305511,0.1,0.8,5.0,0.25,-0.24432295188803055,1.2939957764134649,0.8975099823252126,0.0003262193149956832,0.00032621931493523234,1.0509674295064948
614305554,0.1,0.8,5.0,0.25,-0.1731828430040639,1.3360903629371197,1.1079695072136302,0.00013386240856719416,0.00013386240853819964,1.0504464469315073
61430560x,0.1,0.8,5.0,0.25,1.5873403788473055,0.18541875652238377,0.19821034872723498,3.7683955352949614e-5,3.7683955346010246e-5,1.0500105498770786
614305685,0.1,0.8,5.0,0.25,-0.23895492408346047,1.899161682936394,1.0445297168427055,0.0009584098495735245,0.0009584098493575218,1.0683867806539555
614305706,0.1,0.8,5.0,0.25,0.027709985430428966,0.9144513070376202,0.8319181456508521,8.436706422302153e-5,8.436706420918921e-5,1.0501298912817156
614305976,0.1,0.8,5.0,0.25,-0.6550448885704128,1.6397350267144601,1.357626937337948,0.00013498730275683443,0.00013498730273059646,1.0503457042527615
614306127,0.1,0.8,5.0,0.25,0.1655667816311064,0.7255745653554493,0.7983277379185327,3.262193149956832e-5,3.262193149332622e-5,1.0500174512267573
614306258,0.1,0.8,5.0,0.25,0.4083047017597397,0.35068595244300116,0.30846045450304777,9.730334740388482e-5,9.73033473836573e-5,1.0555794803834166
614306434,0.1,0.8,5.0,0.25,-0.3395770783913353,1.8301593190967864,1.3530937618757735,0.0002379151211089207,0.00023791512105772897,1.0502053269783713
614306522,0.1,0.8,5.0,0.25,0.21099881720442043,1.542941654541041,0.8905463455052615,0.0008200478642477692,0.0008200478640828195,1.0503227145189011
614307007,0.1,0.8,5.0,0.25,-0.39286204427214516,1.872353643223406,1.3115129554912266,0.00031159569053035947,0.00031159569046718756,1.0502546829024413
614307154,0.1,0.8,5.0,0.25,0.43591979343888865,0.4760422230391059,0.5899359834935278,1.7998307034244593e-5,1.799830703069262e-5,1.0500062314368563
614307170,0.1,0.8,5.0,0.25,-0.4523568309446871,1.61870835960199,1.3132195944113942,0.00014961092722215816,0.00014961092718167088,1.050113429737015
614307330,0.1,0.8,5.0,0.25,-0.6988037239007616,2.1979406881310117,1.7587084892154217,0.0001602974220237409,0.00016029742199264916,1.0501090984644919
614307541,0.1,0.8,5.0,0.25,-0.3400695454590812,1.3975552335437949,1.1524560226492724,0.00013779953823093516,0.00013779953820123922,1.0502499915716959
614308114,0.1,0.8,5.0,0.25,-0.09495295370992533,1.188983070034432,0.9673290781240352,0.00014736113884287758,0.0001473611388119286,1.0503219800875607
614308317,0.1,0.8,5.0,0.25,-1.253158622391263,1.2154989763319473,1.9870912454815348,4.499576758561148e-6,4.499576757315839e-6,1.050267857736978
614308341,0.1,0.8,5.0,0.25,-1.1618592994520076,1.9392933548261972,1.9870912454815348,4.6120661775251764e-5,4.6120661765541575e-5,1.0520689743609994
614308499,0.1,0.8,5.0,0.25,-0.17451204028638934,2.6274228550613006,1.0066728535691598,0.004227914811763019,0.004227914909729535,1.1397615147407205
614308624,0.1,0.8,5.0,0.25,0.3675898080462293,0.5089380481971859,0.5561810996579503,3.374682568920861e-5,3.374682568024038e-5,1.0500252144295361
614308739,0.1,0.8,5.0,0.25,-0.029532544607612173,1.029692209959938,0.8607146118861395,0.00012880038471381285,0.00012880038468695188,1.0501768473447353
61430878x,0.1,0.8,5.0,0.25,-0.07389493491613121,1.0777884284201433,0.7582285986154371,0.00030372143120287746,0.00030372143114339005,1.051080280115146
614308878,0.1,0.8,5.0,0.25,0.3544908272608779,1.2581467501239427,0.6659606588296705,0.0012356962673198552,0.0012356962670510812,1.0551106313228462
614308886,0.1,0.8,5.0,0.25,1.3260202862030137,0.11443690532431769,0.19821034872723498,3.3746825689208607e-6,3.374682568382541e-6,1.0500036618908397
614309213,0.1,0.8,5.0,0.25,-0.8551561834742654,1.8644210554408183,1.9870912454815348,3.824640244776976e-5,3.8246402441034205e-5,1.050039631554749
61430923x,0.1,0.8,5.0,0.25,-0.4716260764508499,1.9565306095022108,1.1123655306569276,0.0008447955364198555,0.0008447955362375684,1.0599525451487344
614309424,0.1,0.8,5.0,0.25,0.03979870875402626,1.1591919184796184,0.7210116363374589,0.000560759753535683,0.0005607597534290783,1.0516114928643974
614309600,0.1,0.8,5.0,0.25,0.48880355729747305,0.27091031703914026,0.4236390542855747,5.624470948201435e-6,5.624470947008707e-6,1.0500520791935033
614309643,0.1,0.8,5.0,0.25,-0.05503293642734337,0.6681603337712728,0.8133020449552587,1.968564831870502e-5,1.9685648313468406e-5,1.0500174123453294
614309854,0.1,0.8,5.0,0.25,-0.3471272749368043,0.8880805085019392,1.1148396538460368,1.6873412844604303e-5,1.687341284143127e-5,1.050018532112544
614310011,0.1,0.8,5.0,0.25,-0.5060292259211235,1.2761670116635497,1.319932459219569,4.4433320490791335e-5,4.443332048150942e-5,1.0500540913677994
614310222,0.1,0.8,5.0,0.25,1.747120113294415,0.36727240386798143,0.19821034872723498,0.0011383929199159704,0.0011383929197020528,1.051964671089003
614310281,0.1,0.8,5.0,0.25,0.9949393403210622,0.10552545480299248,0.19821034872723498,2.249788379280574e-6,2.249788378806836e-6,1.050026339367242
614310345,0.1,0.8,5.0,0.25,0.9299604009773746,0.25293273460806903,0.3378301949133628,1.2373836086043157e-5,1.2373836083401429e-5,1.050033909041189
614310396,0.1,0.8,5.0,0.25,-0.37929506104096533,0.7884013749881392,0.8529408212802627,3.543416697366904e-5,3.5434166966371386e-5,1.0503684000392086
614310564,0.1,0.8,5.0,0.25,-0.08622013885903049,0.5090604986039514,0.7246457749999239,8.999153517122296e-6,8.99915351515605e-6,1.0500281016351072
614310716,0.1,0.8,5.0,0.25,-0.8804862078734492,1.788009680844046,1.9289048594148615,3.5996614068489185e-5,3.599661406110368e-5,1.0500363856912645
614310812,0.1,0.8,5.0,0.25,-0.15216525764593059,1.1725570074121923,1.013316469011731,0.00010911473639510784,0.00010911473637431869,1.0500495759650348
61431088x,0.1,0.8,5.0,0.25,1.2556489631707763,0.11443903725304339,0.19821034872723498,3.3746825689208607e-6,3.3746825682175985e-6,1.0500232231865352
614311081,0.1,0.8,5.0,0.25,-0.008385017453330437,0.6219223833374464,0.584308923221363,6.918099266287765e-5,6.918099265145248e-5,1.0580201312116806
614311268,0.1,0.8,5.0,0.25,-0.9169746036263055,2.405674798779828,1.9870912454815348,0.00013667464404129486,0.00013667464400378253,1.0502172285766433
614311452,0.1,0.8,5.0,0.25,-0.827221130368836,1.9556235818838177,1.705805092596501,0.00010405271254172655,0.00010405271251504305,1.0502744433581754
614311559,0.1,0.8,5.0,0.25,-0.7012734260846639,2.964813592731005,1.7935840857881962,0.0006456892648535247,0.0006456892647344951,1.0511593512056758
614311567,0.1,0.8,5.0,0.25,0.3204694961803941,0.42919965544902455,0.5318714181890467,1.7998307034244593e-5,1.7998307030383437e-5,1.0500355451723447
614311970,0.1,0.8,5.0,0.25,-0.055690927272547715,1.586319298332376,1.1242187964289414,0.00029415983059093506,0.00029415983053624514,1.0500759507576451
614312543,0.1,0.8,5.0,0.25,0.13749062954273766,0.3165431427092991,0.5945811487178863,2.249788379280574e-6,2.2497883788099206e-6,1.0500042583599378
614312674,0.1,0.8,5.0,0.25,0.016540733443341445,1.0348815197749945,0.858457734659748,0.00013386240856719416,0.0001338624085420433,1.050116800929467
614312690,0.1,0.8,5.0,0.25,0.2609958801196529,1.0893449422305546,0.7586125533886968,0.0003205948440474818,0.00032059484397818064,1.0503927359451115
614312914,0.1,0.8,5.0,0.25,-0.8212628756116199,2.86665201754969,1.9870912454815348,0.00032790665628014366,0.0003279066562116498,1.0505210058172538
614313124,0.1,0.8,5.0,0.25,-0.8698484051941808,2.351739164543985,1.9870912454815348,0.00012205101957597113,0.00012205101955039577,1.0501725917115332
614313255,0.1,0.8,5.0,0.25,0.6453299002254802,0.4948562471512846,0.5144671459517183,4.330842630115105e-5,4.3308426294241795e-5,1.0500368753771694
614313343,0.1,0.8,5.0,0.25,1.15635970912941,0.2700249559247404,0.25125491446615417,7.536791070589923e-5,7.536791068978885e-5,1.0501459542498564
61431352x,0.1,0.8,5.0,0.25,0.05759497398972691,1.3623931322095342,0.9547289540456088,0.00030990834924589903,0.00030990834917975544,1.0509288559424612
614313626,0.1,0.8,5.0,0.25,-0.043570225982816915,1.4152750230334763,0.8787689917809053,0.000564696883199424,0.0005646968830912328,1.0519634730316718
614313802,0.1,0.8,5.0,0.25,-0.29376841627431666,1.0122004146340553,0.9171317227333793,8.605440550748195e-5,8.605440549028324e-5,1.050213976570098
614313925,0.1,0.8,5.0,0.25,2.799777624325332e-7,0.8203422463860242,0.7016931897219411,0.00011473920734330927,0.00011473920732209496,1.0502750948516928
614314100,0.1,0.8,5.0,0.25,1.3051529705951785,0.4563812715963428,0.24350901498142888,0.0012047616771047474,0.0012047616768430182,1.0520349342720363
614314223,0.1,0.8,5.0,0.25,-0.910405166780577,1.3911596035314873,1.8580660897433947,1.2373836086043157e-5,1.2373836083695673e-5,1.0500562135060028
614314282,0.1,0.8,5.0,0.25,-0.4146821805320955,0.6160129774450911,0.7373588811548828,2.1372989603165453e-5,2.137298959864153e-5,1.050353558680625
614314338,0.1,0.8,5.0,0.25,-0.7649529048220962,3.027590507167859,1.9870912454815348,0.0004297095804425896,0.0004297095803847768,1.0510949214033813
614314362,0.1,0.8,5.0,0.25,1.1506850717344155,0.10552368645599723,0.19821034872723498,2.249788379280574e-6,2.2497883786599937e-6,1.0500087435229104
614314450,0.1,0.8,5.0,0.25,0.21983293345527838,0.8847665984577643,0.7338580670130938,0.00013386240856719416,0.00013386240853811263,1.0502254526452535
614314565,0.1,0.8,5.0,0.25,0.12865828129428636,0.9955929591075916,0.8444169119065424,0.00011980123119669056,0.00011980123117127902,1.0500990309859812
614314645,0.1,0.8,5.0,0.25,-0.8085485708500117,1.5551601100927817,1.349211544626192,0.00010630250092100712,0.00010630250089771403,1.0514387611090439
614314696,0.1,0.8,5.0,0.25,-0.4152841838247604,1.1043978829278775,1.1730052225752723,3.88088495425899e-5,3.880884953668162e-5,1.050599249230807
614314709,0.1,0.8,5.0,0.25,0.6123503170669512,0.9654508786386444,0.6035393373782527,0.0005506357058289204,0.0005506357057290974,1.0501451877846895
614314741,0.1,0.8,5.0,0.25,0.06483378876957455,0.7104543057390671,0.8918717230768294,1.6873412844604303e-5,1.6873412841677557e-5,1.0500036034195948
614314872,0.1,0.8,5.0,0.25,-0.016735957208268648,1.2966032684570243,0.9098770542909425,0.00030878345505625876,0.00030878345499385886,1.050246431953263
61431504x,0.1,0.8,5.0,0.25,-1.0384615752860897,1.4649099742229326,1.3054338960333358,9.167887645568339e-5,9.167887642980248e-5,1.0543864462444874
614315066,0.1,0.8,5.0,0.25,-0.6894883045263835,2.584245297356589,1.8272391357123583,0.00029697206606503577,0.00029697206601100434,1.0504922344600756
614315146,0.1,0.8,5.0,0.25,0.39022817663388876,0.9301642583831384,0.6151363025299771,0.0004128361675979853,0.00041283616759017625,1.0515510524911007
614315293,0.1,0.8,5.0,0.25,0.7726024498347712,0.703094405010247,0.42508691179958186,0.0006496263945172657,0.0006496263943886839,1.050511464190418
614315496,0.1,0.8,5.0,0.25,1.394776281990045,0.2477273360850421,0.19821034872723498,0.0001602974220237409,0.00016029742199549706,1.0501707538038207
614315621,0.1,0.8,5.0,0.25,-0.0676378700552355,1.2717212457248435,1.0639873001057976,0.0001282379376189927,0.0001282379375941815,1.0501462787085325
61431563x,0.1,0.8,5.0,0.25,-0.25324449511343045,0.9385514182008814,1.0256524957142732,3.374682568920861e-5,3.37468256820473e-5,1.050047302559949
614315699,0.1,0.8,5.0,0.25,-0.0991524534036075,0.7799771188890547,0.8950343706645808,2.6435013456546743e-5,2.6435013451577617e-5,1.0500352104290989
614315824,0.1,0.8,5.0,0.25,-0.36725969581319273,1.0959064745606275,1.130633187257017,4.499576758561148e-5,4.499576757346474e-5,1.050062262205677
614315955,0.1,0.8,5.0,0.25,-0.5298962871458824,1.6766828719153477,1.4485253415636399,0.00010911473639510784,0.00010911473637433287,1.050378367585162
614315963,0.1,0.8,5.0,0.25,-0.6672604733225075,3.1490040648100623,1.7717167380094525,0.0009280377064532368,0.0009280377062579464,1.0511469362617945
614316077,0.1,0.8,5.0,0.25,0.1753796816596258,1.372244486838515,0.9143146840572791,0.00040046233151194217,0.00040046233143275556,1.050076853989195
614316114,0.1,0.8,5.0,0.25,0.24616871382702543,0.7770848950992149,0.7098571016259573,8.267972293856109e-5,8.26797229206842e-5,1.0500629937294856
614316130,0.1,0.8,5.0,0.25,1.708970501560642,0.2947676546082289,0.19821034872723498,0.00038246402447769754,0.00038246402440570554,1.0501056671621303
614316261,0.1,0.8,5.0,0.25,0.2905682731066999,0.8924655299926451,0.7330779661760074,0.00014004932661021573,0.00014004932658254462,1.050951562086116
614316309,0.1,0.8,5.0,0.25,0.3457161850863993,1.4257163178268937,0.7905872607229258,0.0010000309345902152,0.0010000309343997022,1.0506988127709302
614316325,0.1,0.8,5.0,0.25,-0.6147458085277322,1.425825567963109,1.3234935918978254,7.593035780071936e-5,7.593035778431648e-5,1.0511364256564992
614316421,0.1,0.8,5.0,0.25,-0.6697308355314107,3.286730391361553,1.8166105984851397,0.0010124047706762582,0.0010124047705011726,1.0515478034005832
614316579,0.1,0.8,5.0,0.25,-0.31454043189778086,1.2613228024223972,1.0624760053530848,0.00012373836086043157,0.0001237383608330764,1.0505188863054458
614316616,0.1,0.8,5.0,0.25,1.5255102449349147,0.3836339445540425,0.19821034872723498,0.0012981278948448912,0.0012981278945702229,1.0703475648003928
614316667,0.1,0.8,5.0,0.25,0.08961491363420344,0.7291415742795988,0.6922447977734327,6.805609847323736e-5,6.80560984581338e-5,1.0504523848348564
614316704,0.1,0.8,5.0,0.25,-0.39633625417760926,1.670485625042984,1.43479865718132,0.0001124894189640287,0.00011248941894036142,1.0500913151708204
614316798,0.1,0.8,5.0,0.25,-0.8176095085591528,2.651270250225529,1.9870912454815348,0.00022160415535913653,0.00022160415531293095,1.0507955594763305
614316886,0.1,0.8,5.0,0.25,-0.2843971248972827,1.7398804063489646,1.2262544407446332,0.0003020340899184171,0.0003020340898595894,1.0503286974772303
614316915,0.1,0.8,5.0,0.25,1.2029956710479754,0.0918634978073625,0.19821034872723498,1.124894189640287e-6,1.124894189423499e-6,1.0500063788751741
614316931,0.1,0.8,5.0,0.25,-0.759823287332047,2.845060042270264,1.9870912454815348,0.0003160952672889206,0.00031609526722782945,1.0502861720366155
614316966,0.1,0.8,5.0,0.25,0.04191334222527552,0.9867696410138703,0.8246892773814753,0.00012880038471381285,0.00012880038468691745,1.0503634952220307
614317061,0.1,0.8,5.0,0.25,-0.9544317426285064,2.0230033770130667,1.9870912454815348,5.7369603671654635e-5,5.7369603659429e-5,1.0506064142164226
614317117,0.1,0.8,5.0,0.25,-0.5625039010140985,1.7940804738350056,1.4621550626581954,0.0001462362446532373,0.0001462362446136778,1.0501107445955185
614317133,0.1,0.8,5.0,0.25,-0.9157317428610344,2.029842495351435,1.9870912454815348,5.849449786129492e-5,5.849449784558921e-5,1.0500721663875943
614317168,0.1,0.8,5.0,0.25,-1.175850499622126,3.0868135499255205,1.9870912454815348,0.00041564840307208603,0.00041564840306992365,1.0788100530422167
614317213,0.1,0.8,5.0,0.25,-0.9753851323454239,2.162594343426111,1.9870912454815348,7.930504036964023e-5,7.930504035232099e-5,1.0526759834618808
614317221,0.1,0.8,5.0,0.25,-0.286695566895252,1.0296956465733496,1.0520193511469396,4.724555596489205e-5,4.7245555955143026e-5,1.0500514416162363
614317459,0.1,0.8,5.0,0.25,-0.18921767676159,1.0673302767144053,0.926870224869621,0.00010630250092100712,0.00010630250089782266,1.0504341246607292
614317635,0.1,0.8,5.0,0.25,-0.14284190968898086,1.29141118448445,1.1598977423463948,8.999153517122296e-5,8.999153515437336e-5,1.050031017801836
614317811,0.1,0.8,5.0,0.25,-0.5413580021395854,1.2312193499621136,1.3240864288414371,3.655906116330933e-5,3.6559061155483814e-5,1.0500686946791185
614317897,0.1,0.8,5.0,0.25,-0.045454667431235336,1.2831224749073538,0.9671620857951078,0.00021597968441093508,0.0002159796843738828,1.0502287152195917
614318216,0.1,0.8,5.0,0.25,-0.2494847976711115,1.8686515438169926,1.1588144894758523,0.0005675091186735248,0.0005675091185598259,1.0522464238944684
614318451,0.1,0.8,5.0,0.25,0.13475035060420332,0.742226200348241,0.6258034691371896,0.00012317591376561143,0.00012317591374283403,1.0504872266603296
614318638,0.1,0.8,5.0,0.25,-0.6382728609018894,1.6150548172218484,1.4854061219162775,7.986748746446037e-5,7.986748744266101e-5,1.0501846682411522
614318777,0.1,0.8,5.0,0.25,-1.0917792412837053,1.6818903695443412,1.2719662517618409,0.0001872948825751078,0.00018729488252235656,1.076997097944337
614318849,0.1,0.8,5.0,0.25,0.39911405306811,0.773129672401007,0.6513366387579528,0.00012373836086043157,0.00012373836083404372,1.0503730768202693
614318953,0.1,0.8,5.0,0.25,0.0212546013086741,0.8608502942150831,0.8034728169357287,7.424301651625894e-5,7.42430165011205e-5,1.0500813426994602
614319411,0.1,0.8,5.0,0.25,-0.684590358307936,1.4751146847949912,1.775708535114943,2.081054250834531e-5,2.0810542503986716e-5,1.0500138896995062
614319614,0.1,0.8,5.0,0.25,-0.048125417593145495,1.061771423794751,0.7469425822527639,0.0002924724893064746,0.00029247248922421415,1.0590694238285254
614319710,0.1,0.8,5.0,0.25,0.39833406019473433,1.1718986827043285,0.7553481227006315,0.0004724555596489205,0.00047245555956944855,1.0501911139415978
61431985x,0.1,0.8,5.0,0.25,-0.9360576637396489,1.8422580559463662,1.9870912454815348,3.5996614068489185e-5,3.599661406089865e-5,1.050214340176585
614319892,0.1,0.8,5.0,0.25,-0.1838559128193949,0.9357358825437098,0.6665396742519999,0.0002829108886945322,0.00028291088864024227,1.052919008798991
614319999,0.1,0.8,5.0,0.25,0.12616011526330112,0.7781922290129745,0.7273406881315666,7.368056942143879e-5,7.368056940705197e-5,1.0502097163099788
614320009,0.1,0.8,5.0,0.25,0.7990970917023036,0.7718998115987665,0.4782152093776225,0.0005736960367165463,0.0005736960365929413,1.0509905247037674
614320033,0.1,0.8,5.0,0.25,-0.7778153316993324,1.657713324913392,1.7057505153073353,4.555821468043162e-5,4.5558214670966116e-5,1.0502149542764194
61432013x,0.1,0.8,5.0,0.25,-0.09792194239748823,0.49459742727339456,0.9290330448716974,2.249788379280574e-6,2.2497883788910097e-6,1.050001640319336
614320172,0.1,0.8,5.0,0.25,0.29148011245863,0.8297121251790112,0.4693306646178315,0.0007576162367227332,0.0007576162548179362,1.0888204510172368
614320199,0.1,0.8,5.0,0.25,0.0634451284065122,0.8529782192282688,0.8938804508365084,4.162108501669062e-5,4.162108500825322e-5,1.05001001853576
614320244,0.1,0.8,5.0,0.25,0.5627712245828145,0.5604118507305131,0.55296047256041,5.624470948201435e-5,5.6244709470884594e-5,1.0500125924330204
614320359,0.1,0.8,5.0,0.25,-0.4972417433975087,1.2484765989390842,1.32294299919362,3.937129663741004e-5,3.937129662948572e-5,1.050028170470728
614320412,0.1,0.8,5.0,0.25,0.2623944687821786,0.9761011594561683,0.7741526213632406,0.00016760923425640276,0.0001676092342223806,1.050041035739925
61432048x,0.1,0.8,5.0,0.25,-0.0314368295036634,1.2520146625591997,0.8979142086630196,0.0002767239706515106,0.00027672397058340785,1.050419644333011
614320607,0.1,0.8,5.0,0.25,-0.1938145833343204,1.5334766230747305,1.0716070693488733,0.0003132830318148199,0.00031328303175262476,1.0516030459378622
61432064x,0.1,0.8,5.0,0.25,-0.853071798137997,2.239092212232623,1.3193997281736358,0.0006653749131722297,0.0006653749129711799,1.0727040611017833
614320797,0.1,0.8,5.0,0.25,-0.4893241392221753,1.5082860892723897,1.1777816568120134,0.0001799830703424459,0.00017998307451289725,1.051405455880324
614320914,0.1,0.8,5.0,0.25,0.19440971037894098,1.0734217657685703,0.7083049802257649,0.0004105863792187047,0.00041058637913182967,1.0550348714171036
614321060,0.1,0.8,5.0,0.25,-0.14711357110697507,1.3150054004014489,1.0062949944411834,0.00019910627156633078,0.00019910627153140828,1.0514360324576704
614321140,0.1,0.8,5.0,0.25,0.21890170508077586,0.41527514053117703,0.5450327314713285,1.3498730275683443e-5,1.3498730271972954e-5,1.0501525368772067
614321167,0.1,0.8,5.0,0.25,0.2083394953556453,0.8828147608846183,0.6991283406495435,0.00016873412844604306,0.0001687341284046751,1.0501944338314424
614321327,0.1,0.8,5.0,0.25,-0.5644956675324145,0.888903462876414,0.8742108667008265,5.680715657683449e-5,5.680715655966965e-5,1.051369580373453
614321335,0.1,0.8,5.0,0.25,-0.30105777565499475,1.8044447259839935,1.1214149413577565,0.0005658217773890644,0.0005658217772891017,1.0506037180791865
614321343,0.1,0.8,5.0,0.25,0.47397856220844464,1.0043145785914533,0.6631176073417212,0.0004190230856410069,0.0004190230855559976,1.0500965637417796
614321431,0.1,0.8,5.0,0.25,0.47528834580483076,0.8364943085285773,0.6276764624699178,0.0002210417082643164,0.00022104170821815247,1.0500982185484768
614321458,0.1,0.8,5.0,0.25,0.7111680668712118,0.5270145634714983,0.3649772575025102,0.00031497037309928034,0.00031497037311865937,1.059986885964388
614321503,0.1,0.8,5.0,0.25,-0.4669904670276573,1.2504662544776226,0.9589744292263247,0.0001968564831870502,0.0001968564831424006,1.05155653064335
614321538,0.1,0.8,5.0,0.25,0.15726130960639545,0.6103465663394319,0.6430973109634531,4.049619082705033e-5,4.049619082009826e-5,1.050061165693055
614321618,0.1,0.8,5.0,0.25,-0.055380035548583874,0.9648757646325694,0.8000613819648978,0.00013386240856719416,0.0001338624085409683,1.0505433626266925
614321693,0.1,0.8,5.0,0.25,-0.4123990508232945,1.3346505248653024,1.4142537809106956,3.937129663741004e-5,3.937129662927377e-5,1.0500304409001666
614321722,0.1,0.8,5.0,0.25,-0.02318891552101287,1.138430892901449,0.8209769585242706,0.0002682872642292084,0.0002682872641770041,1.0511224520446742
614321810,0.1,0.8,5.0,0.25,-0.985664160238542,1.6767127501167558,1.9870912454815348,2.249788379280574e-5,2.2497883788355008e-5,1.0500503961701266
614321829,0.1,0.8,5.0,0.25,-0.06507267800174801,1.5403139540479724,0.9682263429338368,0.0005348871871739564,0.0005348871870640574,1.0504552029160699
614322039,0.1,0.8,5.0,0.25,-0.38571444308125613,1.442229639923893,1.4202248198637963,5.680715657683449e-5,5.680715656543874e-5,1.050012159508315
614322071,0.1,0.8,5.0,0.25,-0.5363317778958401,2.7158460051049285,1.5181047225677118,0.0009522229315305029,0.0009522229313231543,1.052575609958375
614322194,0.1,0.8,5.0,0.25,-1.1557560184285172,2.022677911922717,1.9870912454815348,5.7369603671654635e-5,5.736960365960501e-5,1.0504373904190756
614322354,0.1,0.8,5.0,0.25,0.15627436832533573,1.3286929255914992,0.8032140355295683,0.0006473766061379851,0.0006473766060145356,1.0513796183239927
614322426,0.1,0.8,5.0,0.25,-0.9967613229002208,1.58293801008353,1.9870912454815348,1.6873412844604303e-5,1.6873412840978996e-5,1.050033442855442
614322557,0.1,0.8,5.0,0.25,0.12268919011053596,1.1744079032852437,0.9211289066881899,0.0001771708348683452,0.00017717083483430565,1.0500687341560442
614322565,0.1,0.8,5.0,0.25,-0.4672789839695108,1.3698360735085484,1.303123646470916,6.749365137841721e-5,6.749365136573376e-5,1.0500935927360553
614322653,0.1,0.8,5.0,0.25,-0.9392747820055224,1.0679037763895478,1.1168483816057158,4.162108501669062e-5,4.162108500753393e-5,1.0521383328919334
614322725,0.1,0.8,5.0,0.25,-0.13370069439031135,0.5422604698326742,0.5744078587309638,3.937129663741004e-5,3.9371296629854766e-5,1.0503867857029676
614322768,0.1,0.8,5.0,0.25,-0.3885135369305572,0.9408857291104779,1.1265748342105832,2.1372989603165453e-5,2.1372989598708203e-5,1.0500292595311052
614322848,0.1,0.8,5.0,0.25,-0.28170218880823755,1.353610019978666,0.9760518756450264,0.00026716237003956815,0.000267162376230082,1.052115020322426
614322856,0.1,0.8,5.0,0.25,-0.5744151884657688,1.5388267630669352,1.2658921538756924,0.00013892443242057543,0.00013892443563964246,1.0510779241847172
614322880,0.1,0.8,5.0,0.25,0.4328007784248905,0.8119154203856905,0.6557880191659752,0.00015298560979107903,0.00015298560976073912,1.0500616932247033
614322899,0.1,0.8,5.0,0.25,-0.22290605309151515,0.9351548468894813,0.7487610691759228,0.00015861008073928047,0.00015861008070322877,1.0516512352200844
614322901,0.1,0.8,5.0,0.25,0.1755927562009802,1.6846375682727972,0.907396410178972,0.001152454097286474,0.0011524540970416707,1.051434728568972
614322952,0.1,0.8,5.0,0.25,-0.09456915603503223,0.737075756021745,0.8353864969375271,2.8122354741007175e-5,2.812235473503303e-5,1.0500547870073833
614322987,0.1,0.8,5.0,0.25,0.15608691275328845,1.047636509427352,0.7029728499538833,0.0003852762599517983,0.0003852762598798433,1.050788335129652
614323023,0.1,0.8,5.0,0.25,-0.40848618167386014,1.5546696813068128,0.8492010011396861,0.0007739272024725175,0.0007739272022816439,1.1227555988756799
61432312x,0.1,0.8,5.0,0.25,1.0774840957894578,0.19653649670820333,0.2675615098350892,1.124894189640287e-5,1.1248941894352869e-5,1.050013439627947
614323154,0.1,0.8,5.0,0.25,0.483751200804866,0.46696592714196933,0.5230631398748948,2.9809696025467603e-5,2.9809696018979785e-5,1.0501641462827702
614323170,0.1,0.8,5.0,0.25,-0.024619852035377914,1.522000165787335,1.091878208618514,0.0002767239706515106,0.0002767239706004338,1.0500954221141052
614323218,0.1,0.8,5.0,0.25,-0.13725001854974522,1.3346954730056702,1.0142617193082404,0.0002069805308938128,0.00020698053091151524,1.0506156693061655
614323322,0.1,0.8,5.0,0.25,-0.9318901851333535,1.2684063570858224,1.0247234768453206,0.00013498730275683443,0.00013498730273151028,1.076442311131837
614323437,0.1,0.8,5.0,0.25,-0.3401904829077242,2.1111425190176485,1.3112427624700587,0.0005680715657683449,0.0005680715656576458,1.0503921280578208
614323509,0.1,0.8,5.0,0.25,-0.12219592795082306,0.8256130493283825,0.7571619315704333,8.099238165410066e-5,8.099238163763951e-5,1.0502593686895738
614323517,0.1,0.8,5.0,0.25,1.1632665630464132,0.09186372780664437,0.19821034872723498,1.124894189640287e-6,1.1248941893977313e-6,1.0500090077882982
61432355x,0.1,0.8,5.0,0.25,-0.8189213999956586,2.031813152072944,1.8199871606945817,9.111642936086324e-5,9.111642934212884e-5,1.0502525015595636
614323576,0.1,0.8,5.0,0.25,1.6443204182070943,0.3796562866486535,0.19821034872723498,0.0013498730275683444,0.0013498730273259704,1.051001428353659
614323621,0.1,0.8,5.0,0.25,1.3870053851930693,0.14702242581845007,0.19821034872723498,1.1811388991223012e-5,1.1811388989128984e-5,1.0500130196965467
614323760,0.1,0.8,5.0,0.25,-0.7277441846109173,1.303142679071307,1.577291595400307,2.0248095413525164e-5,2.0248095409302485e-5,1.0500277187020615
614324034,0.1,0.8,5.0,0.25,0.3282986076989337,0.2411204113298869,0.5202585051281505,1.124894189640287e-6,1.1248941893973957e-6,1.0500018699766123
614324368,0.1,0.8,5.0,0.25,-0.5723256461358397,1.3333275483483993,1.1704778688093276,0.00010067802997280568,0.00010067802995303617,1.0504716207495373
614324624,0.1,0.8,5.0,0.25,-0.7706506752474847,2.8918561690464104,1.9870912454815348,0.0003430927278402875,0.0003430927277772063,1.0502052775747641
614324683,0.1,0.8,5.0,0.25,-0.8088174727895943,1.198811445472938,1.5607755153844514,1.4061177370503587e-5,1.4061177367456932e-5,1.050034866298295
614324915,0.1,0.8,5.0,0.25,-0.7606139755717395,1.1379452588518066,1.4589259300090969,1.5186071560143873e-5,1.518607155727096e-5,1.0500177948535439
614324990,0.1,0.8,5.0,0.25,0.33294774212603373,0.8937363249713928,0.7401296354545868,0.00013498730275683443,0.00013498730273488123,1.0501241636717895
614325010,0.1,0.8,5.0,0.25,-0.3461987826316274,0.9006510398028322,1.090065462942657,2.0248095413525164e-5,2.0248095409401513e-5,1.0500857360618967
614325053,0.1,0.8,5.0,0.25,-0.5608934789448786,1.3386646478264044,0.8289754374504784,0.0004060868024601436,0.0004060868023571754,1.1266887993008645
614325061,0.1,0.8,5.0,0.25,1.3291164735396541,0.17346730792571108,0.19821034872723498,2.6997460551366886e-5,2.6997460545639767e-5,1.0500847467821488
614325133,0.1,0.8,5.0,0.25,0.20777369626023265,1.4735045263431688,0.9010515522348852,0.0006147546746384169,0.0006147546745250924,1.0501687414703678
614325221,0.1,0.8,5.0,0.25,0.7301267328646495,0.2535153630224592,0.3378301949133628,1.2373836086043157e-5,1.2373836083427311e-5,1.0524526532670686
614325299,0.1,0.8,5.0,0.25,-0.5217162591600546,1.0758079582801323,1.1755364747190145,3.374682568920861e-5,3.374682568054066e-5,1.0501459894000655
614325328,0.1,0.8,5.0,0.25,-0.45282095112719273,1.212979344307057,0.7860525967892286,0.0003689652942020141,0.00036896529411638355,1.0974944059865739
614325344,0.1,0.8,5.0,0.25,0.11794059468520576,1.1193163914729434,0.910877874190966,0.00014736113884287758,0.0001473611388109194,1.0500590857668295
614325432,0.1,0.8,5.0,0.25,-0.11261493981592205,0.8962337031928814,0.7467503567875469,0.00013048772599827328,0.00013048772597375728,1.050822880458175
614325520,0.1,0.8,5.0,0.25,-0.18223795228047585,0.9835143635148089,0.9661943666665652,5.7369603671654635e-5,5.7369603659304177e-5,1.0504550083267052
614325539,0.1,0.8,5.0,0.25,0.28775983262782545,1.219790793776993,0.8092682871287474,0.0004088990379342443,0.0004088990378532396,1.0501884355963724
61432558x,0.1,0.8,5.0,0.25,-0.019811270245750055,2.5686309771744593,1.105006456569113,0.0035327302025653213,0.003532730201941455,1.0522342309058395
614334814,0.1,0.8,5.0,0.25,1.5405502297254396,0.20092970895255843,0.19821034872723498,5.624470948201435e-5,5.62447094704587e-5,1.0502655349417256
614334865,0.1,0.8,5.0,0.25,-0.4203515519428942,1.4497952781242947,1.2481606305421595,0.00010911473639510784,0.00010911473636545208,1.0540401146585148
614334873,0.1,0.8,5.0,0.25,1.6637640281962955,0.254130067438063,0.19821034872723498,0.00018223285872172648,0.00018223285868782557,1.0500307284588946
614335163,0.1,0.8,5.0,0.25,1.204239000130365,0.10881229963299294,0.2043872698717734,2.249788379280574e-6,2.2497883788174364e-6,1.0500099934548681
614335198,0.1,0.8,5.0,0.25,-0.3685361852520572,1.8552941780036367,1.1964667233548252,0.0004578319351835968,0.000457831935082909,1.0562544727137693
614335243,0.1,0.8,5.0,0.25,-0.8242194363452828,2.6024163738576087,1.9870912454815348,0.00020248095413525166,0.00020248095409376618,1.0502187246497217
61433534x,0.1,0.8,5.0,0.25,-0.5564924935379095,1.4513501889439893,1.3087455325325497,8.774174679194238e-5,8.774174677688801e-5,1.051170989178876
614335358,0.1,0.8,5.0,0.25,-0.8562725649141629,2.7469325989366102,1.9870912454815348,0.00026435013456546744,0.0002643501345087256,1.0509738406238784
61433585x,0.1,0.8,5.0,0.25,0.02917119247369633,0.7700216408979631,0.7399666832626495,6.411896880949636e-5,6.411896879544565e-5,1.0502461034941895
614335972,0.1,0.8,5.0,0.25,-0.0942275658229056,0.825548412059072,0.7571619315704333,8.099238165410066e-5,8.099238163804041e-5,1.0501771438524383
614336799,0.1,0.8,5.0,0.25,0.13691849610410556,1.0433712224258471,0.7585473441600834,0.0002564758752379854,0.0002564758751806565,1.0520696154028004
614337329,0.1,0.8,5.0,0.25,-0.37332990591114185,0.39612706846548323,0.8547104012819615,1.124894189640287e-6,1.1248941893517376e-6,1.0500036682646476
614338129,0.1,0.8,5.0,0.25,0.2191322167814782,1.26498463287027,0.8276752930151999,0.00043758383977007164,0.0004375838396771202,1.050535235893277
614338321,0.1,0.8,5.0,0.25,0.39729025508426413,0.5976743152280313,0.5685682305494384,6.749365137841721e-5,6.7493651365842e-5,1.050091247561106
614338786,0.1,0.8,5.0,0.25,0.4227082015201947,0.513683972226447,0.5506632294039148,3.712150825812947e-5,3.7121508251155124e-5,1.0502252009326423
614339228,0.1,0.8,5.0,0.25,0.9493245595913893,0.38011652903833165,0.3312552263598265,0.00010461515963654668,0.00010461515961717558,1.050104964303217
614339287,0.1,0.8,5.0,0.25,0.2516805289335998,0.7205289843038003,0.7361481158905625,4.724555596489205e-5,4.7245555955106813e-5,1.05005410742072
614339527,0.1,0.8,5.0,0.25,-0.7544531410326739,3.5512798749939005,1.9870912454815348,0.0009533478257201432,0.0009533478255232208,1.0512703948491775
614339543,0.1,0.8,5.0,0.25,0.10966336161975265,0.6549728134425068,0.7927748885837138,2.0248095413525164e-5,2.0248095409257372e-5,1.0500117834375475
614340069,0.1,0.8,5.0,0.25,0.09407130515676214,0.6287181080601895,0.7097083962328802,2.8684801835827318e-5,2.868480183038545e-5,1.0501305065372524
614340093,0.1,0.8,5.0,0.25,-0.21079173319675718,1.3010642522452338,1.0547134846030228,0.00015017337431697832,0.0001501733742922806,1.0501305141987862
614340472,0.1,0.8,5.0,0.25,-0.8664782596941999,2.5148728787407397,1.9870912454815348,0.00016985902263568333,0.00016985902259966253,1.0511825027004602
614340683,0.1,0.8,5.0,0.25,1.0746728041604778,0.16642253680896477,0.19821034872723498,2.1935436697985596e-5,2.19354366933616e-5,1.0501568638644942
614340704,0.1,0.8,5.0,0.25,-0.8939371878453104,1.4876928646905765,1.9870912454815348,1.2373836086043157e-5,1.2373836083844686e-5,1.050007058218889
614341096,0.1,0.8,5.0,0.25,-1.0231036691700894,1.9986354041820853,1.9870912454815348,5.399492110273377e-5,5.3994921088820543e-5,1.0506130820775543
614341205,0.1,0.8,5.0,0.25,-0.8851953704894482,1.582934186283915,1.9870912454815348,1.6873412844604303e-5,1.6873412840936766e-5,1.0500309063589923
614341723,0.1,0.8,5.0,0.25,-0.33392646571725393,0.8602420991234085,0.9369527056867984,3.430927278402875e-5,3.430927277780105e-5,1.050070216022636
614341942,0.1,0.8,5.0,0.25,-0.48634112850924616,1.2299336026040746,1.1819908416394143,6.411896880949636e-5,6.411896879304008e-5,1.0501899783715043
614342144,0.1,0.8,5.0,0.25,-0.04339233679195675,1.0507022938542596,0.8672003075881121,0.0001355497498516546,0.00013554974982192062,1.0527812297044827
614342371,0.1,0.8,5.0,0.25,-0.6359766521324045,1.153086904171925,1.3880256368480253,2.081054250834531e-5,2.0810542503869134e-5,1.050039150421044
614344238,0.1,0.8,5.0,0.25,-0.3446843923250165,1.441074775028815,1.2816231714827193,9.44911119297841e-5,9.449111190937444e-5,1.050136113092654
614344799,0.1,0.8,5.0,0.25,-0.6145482133911797,2.6104602814559033,1.6744709241742062,0.00048201716026086296,0.00048201716017396405,1.0510529588200954
614345660,0.1,0.8,5.0,0.25,-0.6735248356239044,2.495088837869327,1.7737662924166113,0.00028909780673755375,0.00028909780667680433,1.0504569928913587
614346532,0.1,0.8,5.0,0.25,-0.4087795636401963,1.4446017177444879,1.084616381336849,0.0002199168140746761,0.00021991681403153447,1.0505528385795566
614370014,0.1,0.8,5.0,0.25,0.1637084833006095,2.3190940912138767,0.8425396657980352,0.005732460790406902,0.0057324607891353725,1.1309864838563768
614370022,0.1,0.8,5.0,0.25,0.2745370234671402,0.6919468319446946,0.6497424857571433,7.199322813697837e-5,7.199322812261266e-5,1.0501969442268355
614370049,0.1,0.8,5.0,0.25,0.06447062732126005,1.5847189726937594,0.8587147440760005,0.0010804608691494955,0.0010804608689165378,1.058715202333141
614370102,0.1,0.8,5.0,0.25,-0.6342871353662918,1.6902264580897874,1.5524596376259274,8.042993455928052e-5,8.042993453947177e-5,1.0501193352373681
614370137,0.1,0.8,5.0,0.25,-0.431223525581559,1.774653167200032,1.1671709103634709,0.0004105863792187047,0.0004105863791314147,1.0585119029342565
614370209,0.1,0.8,5.0,0.25,-0.4799673125929985,0.9887484373936302,1.2411882046522646,1.6873412844604303e-5,1.6873412841322932e-5,1.0500384543879169
614370233,0.1,0.8,5.0,0.25,0.30084785032302325,0.741350002987732,0.6525276286149,9.955313578316539e-5,9.955313576541515e-5,1.050052516551827
61437025x,0.1,0.8,5.0,0.25,-0.35545014507806605,1.7084848842787546,1.2131697837457702,0.0002907851480220142,0.00029078514794347166,1.0504435816950857
614370268,0.1,0.8,5.0,0.25,1.2634903816594558,0.26761894229118016,0.19821034872723498,0.00023454043853999982,0.0002345404384913153,1.0513434124942262
614370321,0.1,0.8,5.0,0.25,0.14678000618991066,0.2374108017778892,0.4459358615384147,2.249788379280574e-6,2.2497883788041587e-6,1.0500194937681933
614370348,0.1,0.8,5.0,0.25,-0.04053081934391952,1.5706979739326767,0.8439765369746128,0.001129393766398848,0.0011293937661939672,1.058256277182679
614370372,0.1,0.8,5.0,0.25,-0.09824424174317668,1.5093832385330486,1.0124299779005699,0.00038696360123625874,0.0003869636011631779,1.050263139931711
614370620,0.1,0.8,5.0,0.25,-0.26266715877204805,2.0559514408521147,1.1821678279914225,0.000830734359049352,0.0008307343588763104,1.051571730243045
614370639,0.1,0.8,5.0,0.25,0.010330428143214224,0.9736683063906061,0.8002369507249799,0.00014004932661021573,0.00014004932657192104,1.0503495357927253
614370655,0.1,0.8,5.0,0.25,0.1971364465213542,0.7724894955514207,0.7930769774232251,4.6120661775251764e-5,4.612066176653413e-5,1.0500156059514452
614370735,0.1,0.8,5.0,0.25,0.27010863752246334,1.3819458890536773,0.7474178299460824,0.001117019930312805,0.0011170199300958585,1.05369039231607
614370778,0.1,0.8,5.0,0.25,-0.2337248193256695,0.5560580881515537,0.8695749158239894,5.624470948201435e-6,5.624470946992934e-6,1.0500124374192648
614370815,0.1,0.8,5.0,0.25,0.363143174841681,1.496881340901502,0.7882363971518154,0.0012649435162505028,0.001264943515996188,1.0556362215334847
614370831,0.1,0.8,5.0,0.25,0.19050961756083726,2.5124658478260433,0.9189605580776008,0.007789892263258987,0.007789892261828187,1.0565611198201008
614370911,0.1,0.8,5.0,0.25,0.051855904285896974,1.7970027113286073,0.922787205723668,0.0014657371291012938,0.0014657371288108539,1.0510746702044498
614370970,0.1,0.8,5.0,0.25,-0.2614791378297891,2.1710975664060106,1.318101922765036,0.0006130673333539564,0.0006130673333711256,1.0583427325650454
61437105x,0.1,0.8,5.0,0.25,-0.27140902990454485,1.2637682122176341,1.0986309786394164,0.00010574005382618697,0.00010574005380463585,1.05042560887813
614371105,0.1,0.8,5.0,0.25,0.0771226512849357,0.3295476587027452,0.5388391660255845,4.499576758561148e-6,4.499576757629131e-6,1.0500799406417884
614371199,0.1,0.8,5.0,0.25,0.2827796440219065,0.9461329404696862,0.7311681863327897,0.00019066956514402863,0.00019066956510335436,1.0502101742661638
614371367,0.1,0.8,5.0,0.25,-0.5298255201856426,2.5038266361982475,1.4914196886271696,0.0006985592917666182,0.000698559291620822,1.0508998948490091
614371674,0.1,0.8,5.0,0.25,-0.44857045852017724,1.4903239849099226,1.133927954412307,0.00020585563670417253,0.00020585563666694143,1.0504618786351592
614371690,0.1,0.8,5.0,0.25,-0.5809892462102003,0.8953182495168032,1.2591130875245558,9.56160061194244e-6,9.561600609886135e-6,1.050036024599521
614371770,0.1,0.8,5.0,0.25,-0.118206087774952,1.254689302794111,0.9202494326570645,0.00024747672172086314,0.00024747672167791757,1.0503193974872023
614371789,0.1,0.8,5.0,0.25,1.5471973762867843,0.48496379914007576,0.2486764919510617,0.0014764236239028766,0.0014764236236493701,1.0510660588843994
614372028,0.1,0.8,5.0,0.25,0.3300581205527582,1.069692497694545,0.7549176709121865,0.00030034674863395664,0.0003003467485746825,1.050104190807374
614372108,0.1,0.8,5.0,0.25,-0.8112390601092343,1.9401689467296828,1.8107698362300733,7.424301651625894e-5,7.424301650069339e-5,1.0501293485595462
614372191,0.1,0.8,5.0,0.25,-0.9227750168937771,1.6849995199351342,1.9870912454815348,2.3060330887625882e-5,2.3060330886096737e-5,1.0500415507193677
614372204,0.1,0.8,5.0,0.25,-0.016056424182940482,1.3981665556023783,1.027702758917395,0.00024466448624676243,0.00024466448619547344,1.050448633059922
614372212,0.1,0.8,5.0,0.25,0.3567784836827356,1.5198517705332755,0.7903408832461212,0.001379682723593812,0.00137968272332018,1.0505786256019962
61437228x,0.1,0.8,5.0,0.25,-0.04870172467190762,1.0185640952838533,0.8867048840235635,0.00010517760673136683,0.00010517760671031676,1.0500796102979846
614372298,0.1,0.8,5.0,0.25,0.05374362763803184,1.6361937581884287,1.0015010529441515,0.0006085677565953952,0.0006085677564665547,1.0512818189875734
614372319,0.1,0.8,5.0,0.25,0.041490907655764346,1.6223609523753861,0.9742511795005435,0.0006693120428359707,0.0006693120426918658,1.0513527064516437
614372538,0.1,0.8,5.0,0.25,-0.2929738817277006,1.1779950860372348,1.26691522996896,3.655906116330933e-5,3.6559061156094274e-5,1.0500126592331218
614372597,0.1,0.8,5.0,0.25,-0.5089987478884017,0.8877933188453961,1.1857839632364227,1.2373836086043157e-5,1.2373836083433948e-5,1.0500332420030727
614372829,0.1,0.8,5.0,0.25,-0.29300994199681424,1.8730980032161233,1.0579450271583961,0.0009066647168500713,0.0009066647166769119,1.0519756235391142
614372933,0.1,0.8,5.0,0.25,-0.33618928555899397,2.013082745416004,1.0877895191048557,0.0011203946128817259,0.001120394612656966,1.053998939978009
614372992,0.1,0.8,5.0,0.25,0.1533372990600371,0.6804950445075915,0.5906487487141111,0.00010630250092100712,0.00010630250089943425,1.050956165632064
614373012,0.1,0.8,5.0,0.25,-0.18284438599533168,1.0055378908727934,0.934263179404476,7.593035780071936e-5,7.593035778418613e-5,1.0501316265612246
614373290,0.1,0.8,5.0,0.25,1.7744029707208966,0.4422148996664767,0.19821034872723498,0.0027807384367907893,0.0027807384362732107,1.0594309051881026
614373338,0.1,0.8,5.0,0.25,-0.54424245102895,1.9214780801036258,1.4797745962295445,0.0001940442477129495,0.00019404424767281424,1.050164498600557
614373418,0.1,0.8,5.0,0.25,-0.39749863835156724,1.9959025778613335,1.4879246157326822,0.00022722862630733797,0.00022722862626901533,1.0511469196502436
614373514,0.1,0.8,5.0,0.25,-0.01003009673670164,1.6467179515727817,0.8673462486769328,0.0012885662942329487,0.001288566293992121,1.0514847592580958
614373776,0.1,0.8,5.0,0.25,-0.06796789872483877,0.8102521663319538,0.8536781108411724,4.049619082705033e-5,4.049619082001725e-5,1.0501246193623888
614373805,0.1,0.8,5.0,0.25,0.5584452577149502,0.8095535143757717,0.4878548699167974,0.0006501888416120859,0.0006501888414678504,1.0537671009173817
614373928,0.1,0.8,5.0,0.25,-0.027002124757940057,2.4932963678476727,1.2099169773115013,0.001951691419025898,0.0019516914186529122,1.0503492344835388
614373952,0.1,0.8,5.0,0.25,0.5760271017104269,1.7208295993161309,0.7052574411024356,0.004399461175683162,0.004399461174860083,1.0570801380430292
614374226,0.1,0.8,5.0,0.25,1.0939556267021717,0.145601716363806,0.19821034872723498,1.124894189640287e-5,1.1248941894116113e-5,1.050063237784624
614374269,0.1,0.8,5.0,0.25,0.07342373402410847,0.8270020006044779,0.8978655143803485,3.487171987884889e-5,3.487171987204656e-5,1.0500215576103407
614374330,0.1,0.8,5.0,0.25,0.42196736241487354,0.8431086801040337,0.6599378777712569,0.0001771708348683452,0.0001771708348321443,1.052203345969632
61437439x,0.1,0.8,5.0,0.25,-0.4832688200412904,1.940608926457239,1.2151714235458173,0.0005416365523117981,0.0005416365522031423,1.0518565215103302
614374541,0.1,0.8,5.0,0.25,0.4280949709497136,0.8819583324949772,0.6661655717426285,0.0002137298960316545,0.00021372989599025192,1.0502445797350142
614374648,0.1,0.8,5.0,0.25,-0.09423546720213422,0.49427643085148054,0.7729554649814137,5.624470948201435e-6,5.624470947015788e-6,1.0500179284241042
614374656,0.1,0.8,5.0,0.25,-0.1715016039741307,0.8682756930780322,0.9761993052053698,2.924724893064746e-5,2.924724892428468e-5,1.0502671089189477
614374664,0.1,0.8,5.0,0.25,0.21217554194842805,0.3490693852584293,0.4662056895355236,1.2373836086043157e-5,1.2373836083449435e-5,1.050100681295269
614374760,0.1,0.8,5.0,0.25,-0.12803249662252986,0.8441991031484232,0.8231583489805824,5.961939205093521e-5,5.9619392037866044e-5,1.0502232064084043
614374971,0.1,0.8,5.0,0.25,-0.07529416225327915,1.212974545457726,0.9447639207195316,0.00018335775291136678,0.00018335775287527882,1.0501858247251203
614374998,0.1,0.8,5.0,0.25,1.1925504178840978,0.1520843745750943,0.23783246303113434,5.624470948201435e-6,5.624470946988357e-6,1.050013172045042
614375018,0.1,0.8,5.0,0.25,1.4700697565933516,0.27467930426919235,0.19821034872723498,0.00025816321652244586,0.00025816321646742233,1.0585670230509108
614375149,0.1,0.8,5.0,0.25,0.3708261710006033,1.3421926378915496,0.7497920129043819,0.0009550351670046036,0.0009550351668319169,1.052610722950775
614375237,0.1,0.8,5.0,0.25,0.22559926363931476,0.4174091414224552,0.5525726902889491,1.29362831808633e-5,1.2936283178370158e-5,1.050045834293898
61437535x,0.1,0.8,5.0,0.25,1.4549601625075221,0.2117237382973295,0.19821034872723498,7.311812232661866e-5,7.311812231463063e-5,1.0501125334651773
614375659,0.1,0.8,5.0,0.25,0.16730355707609243,0.8786467148987279,0.76288850679583,0.00010630250092100712,0.00010630250090207695,1.0506114780315687
614375704,0.1,0.8,5.0,0.25,-0.6102520225892133,1.432712232006715,1.3625818463982202,6.749365137841721e-5,6.749365136598627e-5,1.05036781440504
614375894,0.1,0.8,5.0,0.25,0.3701175746972732,0.43151562876006194,0.5574198269230184,1.462362446532373e-5,1.4623624462141206e-5,1.0500276433285394
614375923,0.1,0.8,5.0,0.25,0.09291548251654821,0.621196268740438,0.7068235257831027,2.7559907646187032e-5,2.755990764061223e-5,1.0501707331997574
614376037,0.1,0.8,5.0,0.25,-0.13035877287045203,1.2645603817027113,0.9949643948124256,0.00017435859939424447,0.00017435859935884814,1.0501249511897321
614376272,0.1,0.8,5.0,0.25,-0.7332430625474862,1.2339979050571779,1.2282794708114655,5.343247400791363e-5,5.3432473971725196e-5,1.0516077855339794
614376678,0.1,0.8,5.0,0.25,-0.1647936294565028,1.2140097436803774,0.9783562422009516,0.00015467295107553946,0.00015467295103357585,1.0501223407032927
614376707,0.1,0.8,5.0,0.25,0.1764170444368328,0.5815915348763515,0.6270973052883957,3.5996614068489185e-5,3.599661405874493e-5,1.0505783140554867
614376790,0.1,0.8,5.0,0.25,0.23192153163338763,0.6314921837747093,0.6599850835824054,4.2183532111510764e-5,4.218353210399405e-5,1.0500328625489088
61437682x,0.1,0.8,5.0,0.25,1.6651986640341554,0.21547573080497548,0.19821034872723498,7.986748746446037e-5,7.986748745000497e-5,1.0500153606207212
614376838,0.1,0.8,5.0,0.25,-0.17440363932886851,0.9143319458736904,0.7829633095836673,0.00011361431315366898,0.00011361431312784534,1.0511712965131608
614377013,0.1,0.8,5.0,0.25,0.03094566024943634,1.9406231885696006,1.0790312109061087,0.0009887819926938123,0.000988781992493514,1.0502307260746906
61437703x,0.1,0.8,5.0,0.25,-0.05353289222633361,1.3082921039243285,1.024808461481307,0.00017829572905798548,0.00017829572901997741,1.0501019133621259
614377048,0.1,0.8,5.0,0.25,1.2261473386172042,0.27921194121328546,0.19821034872723498,0.000290222700927194,0.00029022270086772516,1.0511362331359089
614377056,0.1,0.8,5.0,0.25,0.43304605843430677,0.6969136075486521,0.5234981988371006,0.00021935436697985596,0.00021935436693156394,1.0505872255662665
614377363,0.1,0.8,5.0,0.25,-0.5025674247969836,1.2373339360973075,1.276491346950035,4.499576758561148e-5,4.4995767575950065e-5,1.050104057078291
614377857,0.1,0.8,5.0,0.25,-0.017668889543181462,0.7278295604225741,0.926378674869149,1.5748518654964018e-5,1.5748518651801376e-5,1.0500036758437405
614377881,0.1,0.8,5.0,0.25,-0.32117616458963466,1.4194881815405729,1.061565769577157,0.00022441639083323726,0.0002244163907927466,1.0504407963275468
614377937,0.1,0.8,5.0,0.25,-0.20286874020863072,1.476483268866357,1.0361769816940956,0.00030822100796143865,0.00030822100787775174,1.0505573426409751
614378139,0.1,0.8,5.0,0.25,-0.3264935797040783,2.0979487326953277,1.2776798560211111,0.0006243162752503593,0.0006243162751234003,1.051210069310352
614378163,0.1,0.8,5.0,0.25,-0.24305391774582086,0.781384787151758,0.8165581118509584,4.2183532111510764e-5,4.218353210345289e-5,1.0501392379569223
614378534,0.1,0.8,5.0,0.25,0.05771688437818566,0.9846157749893901,0.8023987075331114,0.0001462362446532373,0.00014623624461459507,1.0501786478922606
614378665,0.1,0.8,5.0,0.25,-0.24492556222156053,1.7852623712959441,1.175756626745181,0.0004240851094943882,0.0004240851094117852,1.0502474396830463
614378876,0.1,0.8,5.0,0.25,0.043173580361168466,1.3488370900085784,0.9958536502278431,0.00023960246239338113,0.00023960246234778465,1.0501790364972032
614378948,0.1,0.8,5.0,0.25,0.06494110044323177,0.6814407702810232,0.7350973967547305,3.5996614068489185e-5,3.599661406090808e-5,1.0500948259961072
614379334,0.1,0.8,5.0,0.25,-0.44502435351811576,0.9100569048113698,1.0233656364186385,2.924724893064746e-5,2.9247248924999296e-5,1.0500702034496632
614379342,0.1,0.8,5.0,0.25,-0.2524153544344342,1.2595902118415052,1.070105201582471,0.00011867633700705028,0.00011867633697551542,1.0503344145622806
614379764,0.1,0.8,5.0,0.25,0.1279628346920592,1.1339110623271769,0.8645653585949552,0.00020360584832489193,0.00020360584827997237,1.0505596889435138
614379844,0.1,0.8,5.0,0.25,-0.680055163877364,4.136125928635574,1.9870912454815348,0.002046182530955682,0.002046182530564912,1.0509563738544951
614379967,0.1,0.8,5.0,0.25,0.4607856148921107,0.5870097973178722,0.5215856901294246,9.44911119297841e-5,9.449111191490912e-5,1.0510880779523297
614380386,0.1,0.8,5.0,0.25,-1.008708445221342,2.5717284345902947,1.9870912454815348,0.00018673243548028763,0.00018673243544295543,1.054777761023158
614380423,0.1,0.8,5.0,0.25,-0.8795397574951649,2.7679424389276477,1.9870912454815348,0.00027503662936705016,0.0002750366293068911,1.0506516749200074
614380597,0.1,0.8,5.0,0.25,-0.3222338297975031,0.8444486349577951,0.9078796672666746,3.655906116330933e-5,3.6559061156219256e-5,1.0503730285104504
614380677,0.1,0.8,5.0,0.25,-0.32256092742234505,0.9122203298323709,0.9191233685103454,5.0620238533812914e-5,5.0620238523658154e-5,1.050167856580918
614380730,0.1,0.8,5.0,0.25,0.16592907771065624,0.48101041158780994,0.5644981823696118,2.3622777982446025e-5,2.3622777977676823e-5,1.0500823418983993
614380765,0.1,0.8,5.0,0.25,-0.7070660036645093,1.836100798967652,1.6616420007588621,8.66168526023021e-5,8.661685258432422e-5,1.0501133962454579
614380829,0.1,0.8,5.0,0.25,-1.0446300699881106,1.295123749532855,1.9870912454815348,6.1869180430215785e-6,6.18691804170674e-6,1.0500166965110325
614380853,0.1,0.8,5.0,0.25,0.5742006784223663,0.5796050222441821,0.5179925553134301,9.224132355050353e-5,9.224132353067048e-5,1.0500769775166183
614380917,0.1,0.8,5.0,0.25,-0.9876007287898098,2.6913063093468588,1.9280168798321777,0.00027728641774633076,0.00027728641769037075,1.0511487988760282
614381055,0.1,0.8,5.0,0.25,-0.9242194845477204,1.8361517387841293,1.9870912454815348,3.543416697366904e-5,3.543416696499161e-5,1.050035381091106
614381063,0.1,0.8,5.0,0.25,0.15569649749032646,1.3864171703011479,0.9028097915011729,0.0004471454403820141,0.0004471454402920489,1.0510068014992182
614381100,0.1,0.8,5.0,0.25,0.0014499713488499363,1.0278510727200079,0.8540805651890714,0.00013273751437755386,0.00013273751434238516,1.0500989831341707
614381119,0.1,0.8,5.0,0.25,-0.22387191955565738,1.0691495588329007,0.8578956594609387,0.00015748518654964017,0.00015748518651931018,1.0508813117137983
614381135,0.1,0.8,5.0,0.25,0.3328807473910014,1.431144885054257,0.793596950141821,0.0010000309345902152,0.0010000309343854367,1.050699548975301
614381493,0.1,0.8,5.0,0.25,-0.22501508287092511,1.3243229238560235,1.0370001773257438,0.00017829572905798548,0.0001782957290247755,1.0504720416870719
614381581,0.1,0.8,5.0,0.25,0.15084188175665006,1.0177042677974064,0.8656818539961713,0.00011811388991223013,0.00011811388988851039,1.050027582008384
614381602,0.1,0.8,5.0,0.25,0.34740824915350327,1.8004649094155336,0.7359402969141554,0.004492264946328486,0.004492264945483723,1.0554717784695324
614381821,0.1,0.8,5.0,0.25,-0.5854089555591738,1.0267248401495706,0.8568574860136551,0.00012655059633453228,0.0001265505963063838,1.05557781687338
614381856,0.1,0.8,5.0,0.25,0.1409124943438425,1.0522502968673981,0.9170455331442554,0.00010461515963654668,0.00010461515961990163,1.0500424408923936
614382162,0.1,0.8,5.0,0.25,-0.07373231331519128,2.0543537229312934,0.9890343242659972,0.001916257252052229,0.0019162572516407822,1.06260221606093
614382197,0.1,0.8,5.0,0.25,-0.6587119335721082,2.2869972950126782,1.6829757669365166,0.0002418522507726617,0.00024185225071926458,1.051660062802219
614382330,0.1,0.8,5.0,0.25,-0.881809563420612,1.8699083492133053,1.9870912454815348,3.88088495425899e-5,3.880884953622697e-5,1.0500596662881783
61438239x,0.1,0.8,5.0,0.25,-0.4978348622994463,1.6808449396950915,1.4151569287269916,0.0001243008079552517,0.00012430080793084014,1.050088442995249
614382488,0.1,0.8,5.0,0.25,1.3595605223745575,0.1881260870081005,0.19821034872723498,4.049619082705033e-5,4.0496190817169825e-5,1.05011649898567
614382517,0.1,0.8,5.0,0.25,0.2564473923770782,0.8532092531299087,0.6670457545697172,0.0001799830703424459,0.00017998307030548654,1.050149720735231
614382568,0.1,0.8,5.0,0.25,-1.3323726203232185,2.78613619000285,1.9870912454815348,0.00026941215841884875,0.0002694121583701439,1.061936903708112
614382832,0.1,0.8,5.0,0.25,0.219126581836499,0.827895067174242,0.6805916251018274,0.00013948687951539557,0.00013948687948459908,1.0509441635930692
614382840,0.1,0.8,5.0,0.25,-0.18807751988929072,0.6222258596884706,0.8310622745253008,1.2373836086043157e-5,1.2373836083345493e-5,1.050053039847768
614382867,0.1,0.8,5.0,0.25,0.6543905476245679,0.6610629436692355,0.5371499989259094,0.00014848603303251788,0.00014848603300381182,1.0500445692808247
614382998,0.1,0.8,5.0,0.25,0.19510155107735758,1.681582595653198,0.8770072085348015,0.0012655059633453229,0.0012655059631009945,1.065760994683064
614383026,0.1,0.8,5.0,0.25,-0.4555005351492083,1.7744227634901575,1.4851374882462287,0.00012711304342935241,0.00012711304340224628,1.0515986894025162
614383114,0.1,0.8,5.0,0.25,0.34385851436752735,0.7151321853458658,0.6909997267844942,6.243162752503592e-5,6.243162751216434e-5,1.050086650753463
614383229,0.1,0.8,5.0,0.25,0.4543107154388125,2.3345794778207516,0.8042310868571488,0.010530696956317547,0.01053069695426173,1.0561704300746413
614383368,0.1,0.8,5.0,0.25,-0.060488991219435344,1.3751717799505165,0.8197621531229601,0.0006799985376375534,0.0006799985533940405,1.055759772317951
614383501,0.1,0.8,5.0,0.25,1.6423473363603036,0.22960893601950505,0.19821034872723498,0.00010967718348992798,0.00010967718346939377,1.0501149050256973
614383894,0.1,0.8,5.0,0.25,-0.4690189058860307,1.5811482014866225,1.3559261105446785,0.00011305186605884883,0.00011305186603682045,1.0506997467993473
61438394x,0.1,0.8,5.0,0.25,0.11931395744548627,0.654125142966122,0.7874183048511021,2.081054250834531e-5,2.0810542503966848e-5,1.050016868199345
614383966,0.1,0.8,5.0,0.25,-0.13998339125699824,1.4404130538281628,1.0392731442204999,0.0002688497113240286,0.00026884971127137897,1.0501541401991206
614384133,0.1,0.8,5.0,0.25,0.2786072038438725,0.6657854934889302,0.6261828876162849,7.143078104215822e-5,7.143078102789423e-5,1.050155650820412
614384416,0.1,0.8,5.0,0.25,-0.1832848299751142,1.136536463509623,1.021819468904537,8.94290880764028e-5,8.942908805811504e-5,1.050294425218259
614384854,0.1,0.8,5.0,0.25,-0.0776125598451365,1.6465434658355955,1.1352783524813757,0.0003374682568920861,0.0003374682568234308,1.0500787682548869
614384977,0.1,0.8,5.0,0.25,0.9985298321762075,0.24915452084740403,0.2760555257390619,3.1497037309928035e-5,3.149703730307765e-5,1.0500645721009667
614385101,0.1,0.8,5.0,0.25,-0.01040183952472382,0.6707931759607771,0.6277404667453939,7.311812232661866e-5,7.3118122311227e-5,1.0505122569866452
614385355,0.1,0.8,5.0,0.25,0.11539530103352855,1.0653727174028356,0.7008181811053836,0.0003864011541414386,0.00038640115406066497,1.0712384391399574
614385398,0.1,0.8,5.0,0.25,-0.12108807998121365,2.246378977293355,0.9123350878116873,0.002669936359111221,0.0026699363581750273,1.1787618901324124
614385478,0.1,0.8,5.0,0.25,0.11195800597063033,1.4441341868959947,0.8426492456539443,0.0007694276257139563,0.0007694276257674509,1.0522641581057441
614385531,0.1,0.8,5.0,0.25,-0.1481080484625698,0.6346856482278674,0.8401690268195517,1.29362831808633e-5,1.2936283178422285e-5,1.050092914950454
614385566,0.1,0.8,5.0,0.25,-0.5501867688514457,1.7015120943536957,1.2711030800378686,0.0002249788379280574,0.00022497883788445767,1.051050433380776
614385582,0.1,0.8,5.0,0.25,-0.09414084985193283,0.6910383550320861,0.7588733194235543,3.205948440474818e-5,3.205948439822811e-5,1.0556967442616276
614385590,0.1,0.8,5.0,0.25,1.1435193042294045,0.1795440032099518,0.19821034872723498,3.205948440474818e-5,3.205948439880373e-5,1.050148924709
614385910,0.1,0.8,5.0,0.25,0.19071684327564803,1.9800503075837756,0.9617894123941316,0.0019359429003709338,0.0019359428999929957,1.0510305604047052
61438597x,0.1,0.8,5.0,0.25,-0.14730832137803998,1.4466093280203491,1.036605307094651,0.00027784886484115087,0.0002778488647889979,1.0504459911345687
614386163,0.1,0.8,5.0,0.25,-0.388014474102828,1.593511571306302,1.2585952411938495,0.00017098391682532363,0.00017098391679085969,1.050208923118174
614386374,0.1,0.8,5.0,0.25,-0.0995186998185327,0.9889481776801387,1.0479493029671132,3.937129663741004e-5,3.9371296629639965e-5,1.0500136332858034
614386411,0.1,0.8,5.0,0.25,-0.06146623297558576,0.9811628163627765,0.8938669837132077,8.380461712820138e-5,8.38046171112032e-5,1.0500554074697288
614386550,0.1,0.8,5.0,0.25,0.3039177155546965,1.511038279831586,0.8180873391415397,0.0010872102342873373,0.0010872102340693168,1.0583046611230864
614386921,0.1,0.8,5.0,0.25,-0.20667944997296833,0.9184854885227406,0.9153420129263259,5.343247400791363e-5,5.343247399616906e-5,1.0503292650442322
614387078,0.1,0.8,5.0,0.25,-0.8200584660272371,2.362574216884972,1.9870912454815348,0.00012486325505007184,0.00012486325502722204,1.0502152971311411
614387107,0.1,0.8,5.0,0.25,0.30519443577811156,0.6229498997346588,0.70606511410249,2.8122354741007175e-5,2.8122354736398906e-5,1.0500153546773838
614387123,0.1,0.8,5.0,0.25,-0.4020578893702097,0.712890745204534,1.1148396538460368,5.624470948201435e-6,5.624470947143767e-6,1.0500061758448287
614387529,0.1,0.8,5.0,0.25,-0.23426641806744,1.2281245035591795,1.0834117825974086,9.84282415935251e-5,9.842824157427479e-5,1.050080314263191
614387713,0.1,0.8,5.0,0.25,-0.3325489727426731,1.1856339219112155,1.295691353760104,3.374682568920861e-5,3.3746825682234687e-5,1.0500260899309972
614387908,0.1,0.8,5.0,0.25,0.5141958360378381,0.4941864243607392,0.4208025946000831,0.0001164265486277697,0.00011642654860405167,1.0519609470269287
614387959,0.1,0.8,5.0,0.25,0.38316294767716996,2.473284024641365,0.8837302800048462,0.008882726968494526,0.008882726966911525,1.0535195858778201
614388046,0.1,0.8,5.0,0.25,-0.19227683268911439,1.6877911523268494,1.1334748211530399,0.00038358891866733787,0.0003835889185896883,1.0508270369628498
614388214,0.1,0.8,5.0,0.25,-0.21901544758336086,0.7439967536949508,1.059097671153735,8.999153517122296e-6,8.99915351522891e-6,1.0500072929600404
614388505,0.1,0.8,5.0,0.25,-0.2603200722640347,1.2581832228271446,1.0312639624752478,0.00014004932661021573,0.0001400493265811755,1.0532111867658058
614388863,0.1,0.8,5.0,0.25,0.23690563508399803,0.696391524442384,0.7466047700967078,3.712150825812947e-5,3.712150825062048e-5,1.0501110148866135
61438896x,0.1,0.8,5.0,0.25,0.45568726670202625,1.6079012270945274,0.7402468703068983,0.0025113262783719404,0.0025113262778766053,1.0526882578334873
614389073,0.1,0.8,5.0,0.25,0.06931405220160274,0.8460065797149949,0.7694871136947387,8.436706422302153e-5,8.436706420424076e-5,1.0503533434290517
614389225,0.1,0.8,5.0,0.25,-0.4229747499309123,1.7978641135418805,1.5635427965839357,0.00010574005382618697,0.00010574005380598288,1.0500181482324558
614389233,0.1,0.8,5.0,0.25,0.012129609669809577,1.1074543576947,0.938410202825905,0.0001203636782915107,0.00012036367826584369,1.0501023860193988
614389399,0.1,0.8,5.0,0.25,-0.32978317055889217,0.9595994850642436,1.0791076191109403,2.924724893064746e-5,2.9247248924548037e-5,1.0500400479925631
614389428,0.1,0.8,5.0,0.25,-0.27802533500952664,1.0990355965268452,1.1050388485446307,5.118268562863306e-5,5.118268561925275e-5,1.0500433256284067
614389436,0.1,0.8,5.0,0.25,-0.6870669161234744,1.3178541931789072,1.307159105407739,5.455736819755392e-5,5.455736818680556e-5,1.0509107825320176
614390082,0.1,0.8,5.0,0.25,-0.554678035856303,2.61470852567888,1.3606583159133168,0.0012677557517246033,0.0012677557514561846,1.067738013991738
614390285,0.1,0.8,5.0,0.25,0.08728506841849956,1.427526370149185,0.8696487723633538,0.0006226289339658988,0.0006226289338405112,1.0514581985751077
614390656,0.1,0.8,5.0,0.25,-0.1355756982437389,0.977840689061451,0.7303413758417292,0.0002238539437384171,0.0002238539436923039,1.052317686223031
614390875,0.1,0.8,5.0,0.25,0.04934338478578049,0.6939934945172656,0.8654991972764573,1.7435859939424446e-5,1.7435859935957503e-5,1.0500202526650637
614390904,0.1,0.8,5.0,0.25,-0.19489431146459513,1.4762908494144313,1.0546101421515899,0.0002817859945048919,0.00028178599444582327,1.0507362696043665
614391106,0.1,0.8,5.0,0.25,0.5689124168672354,0.28116981379764955,0.3483873918268865,1.7998307034244593e-5,1.799830703096439e-5,1.050165030771503
614391130,0.1,0.8,5.0,0.25,-0.504571680591889,2.7789095865782527,1.4749590364556353,0.0012401958440784165,0.0012401958437383033,1.051463070068868
614391149,0.1,0.8,5.0,0.25,-0.42822186919042116,2.544771663918434,1.3633703110276723,0.001183951134596402,0.0011839511342717115,1.0513948666302648
614393013,0.1,0.8,5.0,0.25,-0.21916393378732932,1.4433043823181826,0.9716299102694762,0.0003768395535294961,0.0003768395534324671,1.0520185042260537
614393179,0.1,0.8,5.0,0.25,-0.2062037646638839,1.3906059290072872,1.002725852368543,0.0002654750287551077,0.00026547502868651284,1.0534519938158793
614393208,0.1,0.8,5.0,0.25,-0.399882411436075,1.4340481025657978,1.203761367889586,0.00012598814923971214,0.00012598814921256185,1.0504006906018202
614395393,0.1,0.8,5.0,0.25,-0.4575842419332482,1.3536088742027457,1.3355778542742427,5.624470948201435e-5,5.624470947111678e-5,1.0500386095772842
661251413,0.1,0.8,5.0,0.25,-0.4134166655541495,0.78807847215009,0.8509942549265554,3.374682568920861e-5,3.374682568213509e-5,1.0626588670128556
661251974,0.1,0.8,5.0,0.25,-0.41384725678150935,0.9478779138467816,0.9706716181272441,4.668310887007191e-5,4.6683108861313213e-5,1.0501364640876791
661252387,0.1,0.8,5.0,0.25,0.37111936269810736,0.5052398128037104,0.6342199250428903,1.6873412844604303e-5,1.687341284129066e-5,1.0500614555618406
661252483,0.1,0.8,5.0,0.25,-0.1896634194199968,0.612747652063954,0.8175490794870937,1.2373836086043157e-5,1.2373836083392974e-5,1.0511496990299964
661253734,0.1,0.8,5.0,0.25,0.07530758130533201,0.6421151930999367,0.6964751047205364,3.487171987884889e-5,3.487171986960743e-5,1.051018341940651
661253961,0.1,0.8,5.0,0.25,0.02337403416131975,0.5498530514705675,0.7215489745571528,1.3498730275683443e-5,1.3498730272971186e-5,1.050315711203948
661254243,0.1,0.8,5.0,0.25,-0.8332470271384593,0.8934939207587909,1.3972656427833556,5.624470948201435e-6,5.624470947134674e-6,1.050011138640071
661254374,0.1,0.8,5.0,0.25,-0.03053416168140872,0.6277446190773455,0.6542348345718382,4.274597920633091e-5,4.2745979198438437e-5,1.0501900529693153
661255262,0.1,0.8,5.0,0.25,0.36201684125929334,0.5266376601588068,0.6486339997503113,1.8560754129064736e-5,1.8560754125508122e-5,1.050003385965553
661255756,0.1,0.8,5.0,0.25,-0.8659848050979075,1.5439287631224687,1.526241700225127,5.5682262387194207e-5,5.568226237680575e-5,1.05016656816645
661256759,0.1,0.8,5.0,0.25,-0.2949251222131256,1.05579044168489,1.0077646828708569,6.636875718877693e-5,6.636875717717878e-5,1.050082629850296
66125709x,0.1,0.8,5.0,0.25,0.09718983148982704,0.45443893522247847,0.6317424705127541,1.0124047706762582e-5,1.0124047704111752e-5,1.0501763716393733
661258164,0.1,0.8,5.0,0.25,0.7526961304758892,0.34287861184702023,0.41496810518929084,2.0248095413525164e-5,2.0248095409347344e-5,1.0501382129821815
661258199,0.1,0.8,5.0,0.25,-0.11794916376829515,1.1446495783653277,0.9366409063425915,0.00014286156208431644,0.00014286156204864034,1.0507852619866624
661258789,0.1,0.8,5.0,0.25,-0.8663594619806311,2.589264198061555,1.9870912454815348,0.00019741893028187035,0.0001974189302327271,1.0502154853133459
661259116,0.1,0.8,5.0,0.25,-0.08073012859505455,0.5064301000963758,0.7770094234928758,6.1869180430215785e-6,6.186918041336232e-6,1.0500161334670666
661264185,0.1,0.8,5.0,0.25,0.370428212837593,0.3583115376693567,0.5316927661665248,7.311812232661865e-6,7.3118122314753795e-6,1.0500081140783974
661264441,0.1,0.8,5.0,0.25,0.21872451403318416,0.6200554476025714,0.6689037923076221,3.5996614068489185e-5,3.59966140634607e-5,1.0500552702411052
661264492,0.1,0.8,5.0,0.25,-0.27685543087491443,1.1801291351518337,1.2692020892645945,3.655906116330933e-5,3.655906115658837e-5,1.0500195068367597
661264652,0.1,0.8,5.0,0.25,0.12760115388394225,0.7844889260901332,0.8361297403845276,3.824640244776976e-5,3.8246402440344896e-5,1.0500080974279273
661265516,0.1,0.8,5.0,0.25,-0.7902743419400178,0.8839978116307496,1.3824011991209242,5.624470948201435e-6,5.6244709470635985e-6,1.0500219374375694
661266287,0.1,0.8,5.0,0.25,-0.358348849135541,0.6446729422719751,0.8318418792052129,1.462362446532373e-5,1.4623624463015049e-5,1.0511998166427725
66126779x,0.1,0.8,5.0,0.25,-0.3775057407604507,1.8340219047301725,1.2315854369429737,0.00038133913028805727,0.00038133913046161933,1.0521443302412778
661268442,0.1,0.8,5.0,0.25,-0.015878227421188603,0.6812013456878545,0.6681605488606216,5.624470948201435e-5,5.624470947107709e-5,1.0562724495785876
661268848,0.1,0.8,5.0,0.25,0.22551066930997532,0.9426924803041113,0.7987947635786783,0.0001203636782915107,0.00012036367826853652,1.0501065404861367
661269058,0.1,0.8,5.0,0.25,-0.31268273192209883,1.1992354733902384,1.1695299250881581,5.961939205093521e-5,5.961939204098735e-5,1.0500578821247735
661269269,0.1,0.8,5.0,0.25,-0.22754910123371236,0.5971799369205886,0.7972792869297829,1.2373836086043157e-5,1.2373836082616114e-5,1.050488918813515
661269656,0.1,0.8,5.0,0.25,0.8025215776006853,0.3336034393300164,0.4134197049679053,1.7998307034244593e-5,1.7998307030789393e-5,1.0500032312981802
661270550,0.1,0.8,5.0,0.25,0.363290344694859,0.3077617181776207,0.4328200883967679,9.56160061194244e-6,9.561600610049265e-6,1.0500227018638744
661271166,0.1,0.8,5.0,0.25,0.552390258928076,0.4539184300827934,0.42809844408798126,7.030588685251794e-5,7.030588685218607e-5,1.0505904505810566
661271406,0.1,0.8,5.0,0.25,-0.38633767663836804,0.8417583370246944,1.0790546720524903,1.5186071560143873e-5,1.5186071561972482e-5,1.0501528339013788
661271588,0.1,0.8,5.0,0.25,-0.0684830133582216,1.0055180261266026,0.9040250930596576,8.94290880764028e-5,8.942908805875416e-5,1.0502948476423577
661272214,0.1,0.8,5.0,0.25,0.16614967845403802,0.8872373778993121,0.8413079910528009,6.86185455680575e-5,6.861854555521522e-5,1.050011689669812
661272281,0.1,0.8,5.0,0.25,-0.5171448235719749,1.4138212444548746,1.3319089846095813,7.086833394733808e-5,7.08683339282017e-5,1.0500914688433913
661272476,0.1,0.8,5.0,0.25,-0.4214949933821196,0.9004308641970398,1.2026754924739798,1.2373836086043157e-5,1.2373836083632078e-5,1.0500226325885045
661273145,0.1,0.8,5.0,0.25,0.06085333673816092,1.3628165407827038,0.9874747605081915,0.00026322524037582717,0.0002632252403256861,1.0501310649297475
661273516,0.1,0.8,5.0,0.25,0.5781754086351345,0.3023979899984614,0.38488510340121823,1.5748518654964018e-5,1.57485186519684e-5,1.0500197695179967
661273903,0.1,0.8,5.0,0.25,-0.054770881851376234,0.7449734221047651,0.7197913732072319,6.243162752503592e-5,6.243162751419409e-5,1.0501487760134163
661273997,0.1,0.8,5.0,0.25,0.07720316927700394,0.49575283248643315,0.6621471947885185,1.2373836086043157e-5,1.2373836083530212e-5,1.0500437858596026
661274201,0.1,0.8,5.0,0.25,1.1647812296510343,0.2124580300286158,0.2837773616008369,1.2373836086043157e-5,1.237383608363242e-5,1.0500068977713455
661274711,0.1,0.8,5.0,0.25,-0.16634404474815576,0.5459454920550125,0.7432264358973578,1.124894189640287e-5,1.1248941894433267e-5,1.0500341433555853
661275650,0.1,0.8,5.0,0.25,1.1547128780005367,0.1292320606619319,0.19821034872723498,6.1869180430215785e-6,6.1869180417397695e-6,1.050380598408846
661275749,0.1,0.8,5.0,0.25,1.0483593635202422,0.1958243476620704,0.2570324698412032,1.3498730275683443e-5,1.3498730271978834e-5,1.0500687528884836
661275773,0.1,0.8,5.0,0.25,-0.15359634022297303,1.0167335385340701,0.9686925889184228,6.693120428359708e-5,6.693120427093286e-5,1.0502509058816984
661276637,0.1,0.8,5.0,0.25,-0.25760713090140996,1.140346111055633,1.0883858291486868,6.636875718877693e-5,6.636875717671881e-5,1.0501677815777357
661277445,0.1,0.8,5.0,0.25,-0.4722618200912555,1.3738385300127738,1.3449539490345055,5.849449786129492e-5,5.849449785002382e-5,1.0500328703343782
661277656,0.1,0.8,5.0,0.25,0.3862182581036877,0.45779507662760643,0.6114726779554434,1.2373836086043157e-5,1.2373836083563072e-5,1.0500036520666987
66127771x,0.1,0.8,5.0,0.25,-0.022174448487054788,0.46827150845999643,0.70606511410249,6.749365137841721e-6,6.749365136386651e-6,1.050021074468777
66127907x,0.1,0.8,5.0,0.25,-0.2610950742841786,1.3035611911681528,1.1433299911048227,0.00010124047706762583,0.00010124047704857393,1.050235296837316
661279459,0.1,0.8,5.0,0.25,-0.17812547771491422,0.6848114781896191,0.8596652394626375,1.6873412844604303e-5,1.687341284192427e-5,1.050022724593404
661279803,0.1,0.8,5.0,0.25,0.1547435637882956,0.651351711122994,0.6736077875969253,4.4433320490791335e-5,4.4433320478656084e-5,1.0501814076048115
661279897,0.1,0.8,5.0,0.25,0.3095310347390635,0.7047629135861285,0.7150350687758453,4.8932897249352485e-5,4.893289724061068e-5,1.0500092721134702
66127990x,0.1,0.8,5.0,0.25,1.1498591960166145,0.1917148115446264,0.19821034872723498,4.4433320490791335e-5,4.443332048200802e-5,1.0504737578697383
661280337,0.1,0.8,5.0,0.25,-0.05080562840217318,0.7926903708923211,0.9541420709880878,2.081054250834531e-5,2.0810542504196943e-5,1.0501019786667083
661280716,0.1,0.8,5.0,0.25,-1.2302689197808423,1.8773063047590162,1.9870912454815348,3.937129663741004e-5,3.937129661133138e-5,1.0511846375221023
661281161,0.1,0.8,5.0,0.25,-0.8671723938920497,2.4089847245001974,1.9870912454815348,0.00013667464404129486,0.00013667464401371547,1.051662204007999
661281284,0.1,0.8,5.0,0.25,0.6573531947056314,0.29774478955634326,0.4353183460884236,7.874259327482009e-6,7.874259325817647e-6,1.0500086507690225
661281778,0.1,0.8,5.0,0.25,-0.0266921411783721,0.5454181019351692,0.8918717230768294,4.499576758561148e-6,4.499576757709493e-6,1.0500027586025438
661281954,0.1,0.8,5.0,0.25,-1.0247740976909543,1.5829371446654377,1.9870912454815348,1.6873412844604303e-5,1.6873412841006826e-5,1.0500328687846436
661282201,0.1,0.8,5.0,0.25,0.43123693515476197,0.8543602353979769,0.6870834164490834,0.0001563602923599999,0.000156360292331133,1.0500352667147375
661282543,0.1,0.8,5.0,0.25,-0.26557250746403077,1.5148384463796176,1.3202259007483295,0.00010461515963654668,0.0001046151596167663,1.0500180529458285
661282666,0.1,0.8,5.0,0.25,1.460857359928097,0.19115752563032518,0.19821034872723498,4.387087339597119e-5,4.3870873386414574e-5,1.0500922148096692
661282869,0.1,0.8,5.0,0.25,0.14099044405006014,0.8514362553953774,0.8469684356148319,5.399492110273377e-5,5.399492109257813e-5,1.0500547685298078
661283108,0.1,0.8,5.0,0.25,0.2257037065367334,1.0703152315443383,0.8317379697170093,0.00018560754129064736,0.0001856075412549051,1.0500347562719792
661284274,0.1,0.8,5.0,0.25,0.5170692405312629,0.5883599695544705,0.5760004878204523,5.849449786129492e-5,5.8494497849501613e-5,1.0500134986912726
661284733,0.1,0.8,5.0,0.25,-0.20073444720632688,0.8274229734320813,0.7571619315704333,8.099238165410066e-5,8.099238163699497e-5,1.0525617665858478
661286181,0.1,0.8,5.0,0.25,-1.10112650536484,1.3780557797148143,1.9870912454815348,8.436706422302152e-6,8.436706420732137e-6,1.0500549333377993
661286210,0.1,0.8,5.0,0.25,0.18268005183640715,0.7482933811230472,0.7998004032912515,3.7683955352949614e-5,3.7683955346120956e-5,1.0501627487906835
661286528,0.1,0.8,5.0,0.25,-0.3921579143736663,0.7613120831359705,1.2449042801280743,4.499576758561148e-6,4.499576757634392e-6,1.0500018150282169
661286640,0.1,0.8,5.0,0.25,-0.5023300584772237,1.2575232769458036,1.178710675680966,7.199322813697837e-5,7.199322812013544e-5,1.052078404861794
661287571,0.1,0.8,5.0,0.25,-0.24415351069462704,0.981388623174367,0.9214846513821148,7.199322813697837e-5,7.199322812256931e-5,1.0502488238857572
661287803,0.1,0.8,5.0,0.25,0.4442325332237532,0.5230500370579599,0.5976779491606574,2.6997460551366886e-5,2.699746054603291e-5,1.05004773164077
661287811,0.1,0.8,5.0,0.25,0.7319605844677595,0.3496880402179893,0.332593822976108,6.749365137841721e-5,6.74936513666207e-5,1.050295815836213
661288080,0.1,0.8,5.0,0.25,0.08142183470981977,0.6778253131933362,0.7457893003410583,3.262193149956832e-5,3.262193149330571e-5,1.0500193946541327
66128870x,0.1,0.8,5.0,0.25,0.11800215800833884,0.7406386703691635,0.7989684185896597,3.5996614068489185e-5,3.5996614060725654e-5,1.0500792108878176
661288726,0.1,0.8,5.0,0.25,-1.0704236825416156,1.0727614823582867,1.8580660897433947,3.3746825689208607e-6,3.374682568326154e-6,1.050009065807009
661289614,0.1,0.8,5.0,0.25,-0.10479130397691541,0.7683562892077739,0.8632861236405909,2.924724893064746e-5,2.9247248922847724e-5,1.0509656123012485
661289649,0.1,0.8,5.0,0.25,0.5755786763767806,0.206674324457154,0.4459358615384147,1.124894189640287e-6,1.1248941894188936e-6,1.0500002755947109
66128969x,0.1,0.8,5.0,0.25,1.3259019241951844,0.22056044620666046,0.22471670760938656,4.780800305971219e-5,4.780800304925801e-5,1.0504847881161108
661290682,0.1,0.8,5.0,0.25,0.31558661968488677,0.7368838358690869,0.6385521568495006,0.0001074273951106474,0.00010742739509004822,1.0504545462193242
661291394,0.1,0.8,5.0,0.25,-0.10558634916236927,0.8357669554537447,1.011613728469361,2.0248095413525164e-5,2.0248095409437204e-5,1.0500047553640008
661292290,0.1,0.8,5.0,0.25,0.49056776668442464,0.3663577604744733,0.4459358615384147,1.968564831870502e-5,1.9685648314703773e-5,1.050027497112839
661292397,0.1,0.8,5.0,0.25,-0.7583541016743137,2.1774592167836246,1.8684194723777032,0.00011305186605884883,0.0001130518660374033,1.0500687106543285
661292768,0.1,0.8,5.0,0.25,0.19509905832925326,0.7530822047959788,0.8003148474013344,3.88088495425899e-5,3.8808849535477195e-5,1.050008894253687
661292813,0.1,0.8,5.0,0.25,-0.15497896874695177,0.9340715486914354,1.0861240612301493,2.4747672172086314e-5,2.474767216710058e-5,1.0500052204237238
66129283x,0.1,0.8,5.0,0.25,-0.08994910440135201,0.9186867705173118,1.021598537202811,3.093459021510789e-5,3.09345902088428e-5,1.0500160720548264
661292995,0.1,0.8,5.0,0.25,0.19775464328756787,0.6478844403036252,0.6391747632235663,5.624470948201435e-5,5.624470946691688e-5,1.0501690510978288
661293015,0.1,0.8,5.0,0.25,-0.27370356644208627,0.8505861642091365,0.8728378580405322,4.6120661775251764e-5,4.612066176675099e-5,1.0505174077206083
661293891,0.1,0.8,5.0,0.25,-0.1862206180602555,0.6390633987444472,0.9343417848767938,7.874259327482009e-6,7.874259326071516e-6,1.050011004735043
661294640,0.1,0.8,5.0,0.25,-0.8378789256775482,0.6101447472541363,1.2139365592187488,1.6873412844604303e-6,1.6873412841195163e-6,1.0500111707994737
661295467,0.1,0.8,5.0,0.25,-0.407946081511689,1.5402172521004147,1.2640818889857064,0.00014004932661021573,0.00014004932658307013,1.0518363848076144
661295985,0.1,0.8,5.0,0.25,-0.49794002825768474,2.1066745399100557,1.5049595343935926,0.000282348441599712,0.0002823484415465144,1.0502995153021781
661296398,0.1,0.8,5.0,0.25,-0.32384092811656445,0.9527822267573621,1.0754924053006925,2.8684801835827318e-5,2.8684801830664015e-5,1.0501553485259885
661297585,0.1,0.8,5.0,0.25,0.0748952555395441,0.9994317378662753,0.8932312646138231,9.224132355050353e-5,9.224132353129317e-5,1.0500300693082933
661298422,0.1,0.8,5.0,0.25,0.5394535040136097,0.16327692437833802,0.23225826121792434,8.999153517122296e-6,8.999153514687487e-6,1.050777896504285
661298801,0.1,0.8,5.0,0.25,-0.40198479112380436,0.8563953423618506,1.1241299842947536,1.3498730275683443e-5,1.3498730273251108e-5,1.0500181372139854
661298895,0.1,0.8,5.0,0.25,-0.3719639151092252,1.081229095800834,1.0001242876652523,7.76176990851798e-5,7.761769907122877e-5,1.0501932369720681
661298983,0.1,0.8,5.0,0.25,-0.9228147799847317,2.427470088817239,1.9870912454815348,0.00014286156208431644,0.00014286156204803432,1.050390096740028
661352011,0.1,0.8,5.0,0.25,-0.3907939239363732,1.1585835816907526,0.9940653580127161,0.0001124894189640287,0.00011248941894583594,1.0512057210335861
66353998x,0.1,0.8,5.0,0.25,0.6991700193929249,0.5058415613074467,0.3993603472002625,0.00016873412844604306,0.00016873412840641655,1.0534322302122314
664501203,0.1,0.8,5.0,0.25,0.13397592496093963,0.6525980601385756,0.7084626164479784,3.487171987884889e-5,3.487171987252086e-5,1.0501027273633583
664502724,0.1,0.8,5.0,0.25,-0.14640655341354303,1.0512574085045943,0.9137313449795742,0.00010517760673136683,0.00010517760670289543,1.0517281769334859
664503612,0.1,0.8,5.0,0.25,0.2500797707625456,1.1030365961373483,0.8289833050856698,0.00021935436697985596,0.00021935436694433852,1.0500560954674298
664504607,0.1,0.8,5.0,0.25,0.4100056809763001,0.3159330436876105,0.4688043836151633,7.311812232661865e-6,7.311812230704878e-6,1.050016204986565
664506397,0.1,0.8,5.0,0.25,1.2176961573464617,0.18487817813534613,0.19821034872723498,3.712150825812947e-5,3.712150825231111e-5,1.0501028196129214
664507197,0.1,0.8,5.0,0.25,-0.21323020738575646,1.0462754724208598,1.190679120796998,2.7559907646187032e-5,2.7559907641278757e-5,1.0500098540382359
66450739x,0.1,0.8,5.0,0.25,-0.11042146899759564,1.4354488988894851,0.9706196633831423,0.000368402847107194,0.0003684028470086925,1.0521355035076412
664507859,0.1,0.8,5.0,0.25,-0.25013748758340887,0.7107553252186293,0.8700121011740847,1.912320122388488e-5,1.9123201218597658e-5,1.0502201099808905
664508050,0.1,0.8,5.0,0.25,-0.029348125097181228,0.7746311328448895,0.6953812199105461,8.999153517122296e-5,8.999153515448445e-5,1.0505803608077429
664509205,0.1,0.8,5.0,0.25,0.5980793591988155,0.28105273905744815,0.31056245981148245,3.1497037309928035e-5,3.149703730372825e-5,1.0528888908361569
66450931x,0.1,0.8,5.0,0.25,-0.8050725507916777,1.3662619310572222,1.1088134705669999,0.00014567379755841715,0.00014567379752806797,1.0553507080610316
664509993,0.1,0.8,5.0,0.25,-0.1771342434649043,0.7104717187951585,0.8918717230768294,1.6873412844604303e-5,1.6873412841066687e-5,1.050029338751053
664510281,0.1,0.8,5.0,0.25,-0.24843184696187634,0.710567247429366,0.8918717230768294,1.6873412844604303e-5,1.687341284130634e-5,1.050170523634048
664510417,0.1,0.8,5.0,0.25,0.28793675544869746,0.9960529653246091,0.7796866167254387,0.0001788581761528056,0.0001788581761183265,1.0501666289746017
664510839,0.1,0.8,5.0,0.25,-0.8724628212366972,2.1899109697695893,1.9870912454815348,8.549195841266181e-5,8.549195839188129e-5,1.050077168981129
664511399,0.1,0.8,5.0,0.25,-1.257956619310349,2.4320956208096964,1.9870912454815348,0.00014286156208431644,0.00014286156205614318,1.052391609751625
664512500,0.1,0.8,5.0,0.25,-0.31508446491647707,0.5703222803856628,0.8918717230768294,5.624470948201435e-6,5.624470946650442e-6,1.0500240055465024
664512893,0.1,0.8,5.0,0.25,-0.9087030793217172,1.760145047451599,1.9870912454815348,2.8684801835827318e-5,2.8684801830242504e-5,1.0500207883495147
664513597,0.1,0.8,5.0,0.25,-0.22002985506152398,0.6303990217016682,0.7469425822527639,2.249788379280574e-5,2.2497883788316803e-5,1.050261868701923
664513642,0.1,0.8,5.0,0.25,0.24795188643981944,0.5265716278455241,0.564176424442122,3.712150825812947e-5,3.71215082515264e-5,1.0507877920939752
664513677,0.1,0.8,5.0,0.25,-0.14596355585342963,0.843354161089306,0.9216007521608852,3.374682568920861e-5,3.374682568335851e-5,1.050069891058443
664513722,0.1,0.8,5.0,0.25,-0.15790084313369987,0.6738155842111306,0.8918717230768294,1.29362831808633e-5,1.2936283178151908e-5,1.0502057066146573
664513781,0.1,0.8,5.0,0.25,0.8868482531561576,0.5316321060524856,0.4281630508400259,0.0001552353981703596,0.00015523539814234246,1.0500294566954194
66451408x,0.1,0.8,5.0,0.25,0.07247985832854875,0.4861174744961537,0.5760004878204523,2.249788379280574e-5,2.2497883788465112e-5,1.0502378549548956
664514573,0.1,0.8,5.0,0.25,-0.36421634920076257,0.8022926335125923,0.6862826896494683,0.00011305186605884883,0.0001130518660333531,1.0533478981911064
664514602,0.1,0.8,5.0,0.25,0.1391946099442008,0.9836835857315541,0.8688060848427178,9.786579449870497e-5,9.786579448052896e-5,1.050035556683649
664514872,0.1,0.8,5.0,0.25,0.19834162123424928,0.7947090446276018,0.7841039040476318,5.624470948201435e-5,5.6244709471118944e-5,1.0500641319353148
664515103,0.1,0.8,5.0,0.25,0.11418760473207039,1.0101075571895721,0.7937277229970294,0.00017548349358388477,0.00017548349355163637,1.0501381514060795
664517045,0.1,0.8,5.0,0.25,0.028463077512695067,0.8175245322698187,0.7297132408591507,9.280377064532368e-5,9.280377062790212e-5,1.0501058135658208
66451803x,0.1,0.8,5.0,0.25,-0.8316970635923638,2.1692833573972696,1.9870912454815348,8.15548287489208e-5,8.1554828733867e-5,1.0500407620770873
664518187,0.1,0.8,5.0,0.25,0.025130773223159663,1.000862539797481,0.9688970056742067,6.186918043021579e-5,6.186918041854885e-5,1.0500248290560867
664518427,0.1,0.8,5.0,0.25,-0.12276153138721624,0.6570360502417731,0.8361297403845276,1.5748518654964018e-5,1.5748518652020405e-5,1.0501835377539304
664518689,0.1,0.8,5.0,0.25,-0.48925800060196123,1.865220857433014,1.4872217736555837,0.0001631096574978416,0.00016310965746777696,1.0501617914468557
664518865,0.1,0.8,5.0,0.25,-0.1517863281684213,0.7983942879863511,0.8389295553187223,4.105863792187047e-5,4.105863791416266e-5,1.05004675931157
664518937,0.1,0.8,5.0,0.25,0.04373247499070442,0.9521445597995558,0.8023467527890097,0.00012373836086043157,0.00012373836082743756,1.0501166379227056
664519606,0.1,0.8,5.0,0.25,-0.1992606103704809,0.8220184007243628,1.0702460393403568,1.4061177370503587e-5,1.4061177367576416e-5,1.0500045783820804
664519809,0.1,0.8,5.0,0.25,-0.6035789002955054,1.33655261722752,1.408001208201016,4.049619082705033e-5,4.049619081620762e-5,1.0502624017012987
66452080x,0.1,0.8,5.0,0.25,-0.39806018553386846,0.7697768619098776,1.125457204735826,7.874259327482009e-6,7.874259325983958e-6,1.0500054289895935
664523293,0.1,0.8,5.0,0.25,-0.5626519361819914,0.7585927738483661,0.720460972753657,6.243162752503592e-5,6.243162751151668e-5,1.068353384254901
664523621,0.1,0.8,5.0,0.25,0.29382837721272415,1.0244169376104864,0.6649524674516297,0.0004443332049079133,0.000444333204840244,1.0557036299015274
664524923,0.1,0.8,5.0,0.25,0.6184925696378739,0.19783907323538652,0.3716132179486789,2.249788379280574e-6,2.249788378823759e-6,1.0500021834061677
664525491,0.1,0.8,5.0,0.25,0.3256028541320506,0.8727906696471391,0.7227877372620191,0.00013498730275683443,0.00013498730273105964,1.050118610735201
664526152,0.1,0.8,5.0,0.25,-0.30062639403219904,1.085999522946947,1.016505058531735,7.311812232661866e-5,7.31181223124348e-5,1.0502984011455094
664526515,0.1,0.8,5.0,0.25,1.2572726506493277,0.2864551187953202,0.24905991512734904,0.00010574005382618697,0.00010574005380517469,1.0502736414164553
664527286,0.1,0.8,5.0,0.25,0.5210274140894867,0.5843830917771269,0.5677424123727264,6.074428624057549e-5,6.074428622762535e-5,1.0501294461446116
664527446,0.1,0.8,5.0,0.25,-0.013449660571776136,0.7074229535771159,0.6726199386630282,6.749365137841721e-5,6.74936513663769e-5,1.0506412438308395
664527833,0.1,0.8,5.0,0.25,-0.06915826547314977,0.5703106601231729,0.8918717230768294,5.624470948201435e-6,5.624470947018915e-6,1.0500026113930019
664528246,0.1,0.8,5.0,0.25,-0.557367190761895,1.737481218294119,1.4392985192332248,0.00013386240856719416,0.00013386240853420278,1.051562604109342
664528529,0.1,0.8,5.0,0.25,-0.02070685788051956,0.776983156031152,0.7976088770526659,4.6120661775251764e-5,4.6120661764562215e-5,1.050122924110333
664529388,0.1,0.8,5.0,0.25,-0.1462321201557642,0.7960460234051995,0.755511145772165,6.805609847323736e-5,6.80560984603509e-5,1.0508035032017495
664529433,0.1,0.8,5.0,0.25,-0.6996787519070019,1.116020032037063,1.366225057649014,1.912320122388488e-5,1.9123201220113566e-5,1.0501110895719532
66453067x,0.1,0.8,5.0,0.25,1.2496240665995704,0.14560047463069822,0.19821034872723498,1.124894189640287e-5,1.1248941893306964e-5,1.0500542825599146
664530768,0.1,0.8,5.0,0.25,1.1172830669441922,0.21147611052758702,0.22098599549693695,4.2183532111510764e-5,4.218353210413808e-5,1.0501844756165672
664532202,0.1,0.8,5.0,0.25,-0.30224110741690363,0.7231328281931185,0.9098117033031364,1.631096574978416e-5,1.6310965746290455e-5,1.0547954400695385
664533846,0.1,0.8,5.0,0.25,-0.07825624430081277,0.9223612110897711,0.7574964123854624,0.00014061177370503587,0.0001406117736771464,1.050300889771071
664533854,0.1,0.8,5.0,0.25,-0.752665589549203,1.2084563526959133,1.0804310120538114,9.111642936086324e-5,9.111642933333131e-5,1.052233705870879
664534259,0.1,0.8,5.0,0.25,-0.24987731849328707,0.4735613776043791,0.602544258725531,1.5748518654964018e-5,1.574851865148848e-5,1.0503571614866698
664535219,0.1,0.8,5.0,0.25,-0.29584976851029443,1.2457363387736784,1.1204844340172813,8.886664098158267e-5,8.886664096465151e-5,1.051163259146606
66453665x,0.1,0.8,5.0,0.25,-0.1398021381645017,0.6920298680612529,0.8010329285916417,2.5310119266906457e-5,2.531011926208205e-5,1.0500579118640943
664536721,0.1,0.8,5.0,0.25,0.4106655725149122,0.514799515263566,0.5486759781619205,3.824640244776976e-5,3.824640244099846e-5,1.050029945445189
664537206,0.1,0.8,5.0,0.25,-0.1052517928524109,0.8314288155011953,0.995532282138133,2.1372989603165453e-5,2.137298959869656e-5,1.0500120664435886
664537951,0.1,0.8,5.0,0.25,0.22381152768652682,0.7376357287121884,0.6470199295829362,0.00010124047706762583,0.00010124047704030945,1.0501493547466891
66453796x,0.1,0.8,5.0,0.25,0.3260379510611925,0.7130116289592672,0.7049389790761745,5.5682262387194207e-5,5.5682262376341194e-5,1.050024260669831
664538030,0.1,0.8,5.0,0.25,0.17584382393525327,1.0523942235001806,0.842062504355616,0.0001602974220237409,0.00016029742199077755,1.0501381566124577
664538129,0.1,0.8,5.0,0.25,0.06357882518874432,1.4093419669668557,0.9980469484563366,0.00029528472478057533,0.00029528472472478175,1.0500617456166375
664538858,0.1,0.8,5.0,0.25,-0.20104656593126,1.4714066659614082,1.0425572085567456,0.00028684801835827316,0.00028684801833896297,1.055601680786199
664542283,0.1,0.8,5.0,0.25,-0.1791090653210648,0.47561794765314036,0.7297132408591507,6.1869180430215785e-6,6.18691818638085e-6,1.0500470358578664
664542478,0.1,0.8,5.0,0.25,-0.8262260222152822,1.3505327759388608,1.7314423843442566,1.5186071560143873e-5,1.5186071556036685e-5,1.0500394497516519
664546428,0.1,0.8,5.0,0.25,-0.09207248520001723,0.659165180482983,0.8274587558484455,1.6873412844604303e-5,1.687341284000704e-5,1.0500378063737175
664546604,0.1,0.8,5.0,0.25,-0.557701304401009,2.1980549778415734,1.5923784592359875,0.00026322524037582717,0.00026322524033047846,1.0503266153505
664547105,0.1,0.8,5.0,0.25,0.5139224556387203,0.33268073422196925,0.5202585051281505,5.624470948201435e-6,5.624470947134491e-6,1.050001083218138
664547623,0.1,0.8,5.0,0.25,-0.6181556140972738,2.669426757790085,1.59836679281059,0.0006805609847323736,0.0006805609845608931,1.0509105979512958
664547834,0.1,0.8,5.0,0.25,-0.23214042503492044,0.7570618354289884,0.9324113790710472,1.8560754129064736e-5,1.8560754124006048e-5,1.05003139658181
664547850,0.1,0.8,5.0,0.25,-0.31138703029053744,0.7866049984916177,1.0506519419747544,1.2373836086043157e-5,1.2373836082858167e-5,1.0500127741889165
664548044,0.1,0.8,5.0,0.25,-0.16430386654364912,0.9394984619316378,0.8285912700384297,9.84282415935251e-5,9.842824157528811e-5,1.0503387664756276
664548108,0.1,0.8,5.0,0.25,0.486520622534983,0.6812557852966208,0.5790087950872193,0.00011811388991223013,0.0001181138898863335,1.0509026043566363
667850441,0.1,0.8,5.0,0.25,-1.1690819233343501,2.0173159422208053,1.6942184049862428,0.00012373836086043157,0.0001237383608361659,1.0536618933270845
667851719,0.1,0.8,5.0,0.25,0.19095936323578744,0.6266938993311072,0.7672719845505789,1.912320122388488e-5,1.912320122035826e-5,1.0500056284555523
667851962,0.1,0.8,5.0,0.25,0.1290401575774351,0.49063783932278265,0.5559333754688156,2.8122354741007175e-5,2.8122354735582633e-5,1.0503295282513703
667852746,0.1,0.8,5.0,0.25,-0.9070390239078021,2.359014436263254,1.9870912454815348,0.00012373836086043157,0.0001237383608300226,1.050532607463816
667852922,0.1,0.8,5.0,0.25,-0.9149019243510551,1.3809548850221025,1.5778077406207016,2.6997460551366886e-5,2.699746054650187e-5,1.0501671893593993
667853503,0.1,0.8,5.0,0.25,0.3991249951133146,0.8244075543208426,0.6886154789235175,0.000129362831808633,0.00012936283178422936,1.0500280465716156
667854469,0.1,0.8,5.0,0.25,0.18102914274149176,0.9160609218109428,0.8226587895857265,8.999153517122296e-5,8.999153515342896e-5,1.0501755497172534
667856579,0.1,0.8,5.0,0.25,-0.119220828944129,1.1787971847944776,0.9897519801787266,0.00012598814923971214,0.00012598814921597454,1.0501332063713962
667857694,0.1,0.8,5.0,0.25,0.5304071290684896,0.45089506461441337,0.477788407888388,3.937129663741004e-5,3.937129662996126e-5,1.0500296185019855
667857985,0.1,0.8,5.0,0.25,-0.21498690427946307,0.8329332984283742,0.9132867172718654,3.3184378594388464e-5,3.318437858527259e-5,1.0500596373823068
66785846x,0.1,0.8,5.0,0.25,-0.2444883285061017,0.64309341212657,0.7129468141090964,3.0372143120287746e-5,3.037214311381005e-5,1.0571082460997234
667859366,0.1,0.8,5.0,0.25,-0.17510370641225353,1.5200102908125854,1.2486203556038842,0.00014061177370503587,0.00014061177367961973,1.0500486001843556
667859948,0.1,0.8,5.0,0.25,0.49545204497491013,0.8069054701671652,0.5556913925269827,0.0003385931510817264,0.00033859315101921795,1.0506328511342877
667860252,0.1,0.8,5.0,0.25,-0.2635642515188548,0.48004525898015793,0.75065872860817,5.624470948201435e-6,5.624470947159501e-6,1.0500764785722512
667860519,0.1,0.8,5.0,0.25,0.9343065593455033,0.25416998385750766,0.3076131598086511,2.0248095413525164e-5,2.0248095409895177e-5,1.0501229137776393
667860535,0.1,0.8,5.0,0.25,0.5906065842312052,0.2066743145963266,0.4459358615384147,1.124894189640287e-6,1.124894189422268e-6,1.0500002254965592
667861888,0.1,0.8,5.0,0.25,0.008613022269603442,0.7196904424696284,0.8918717230768294,1.7998307034244593e-5,1.7998307030625502e-5,1.050012887253181
667862071,0.1,0.8,5.0,0.25,-0.2738108143428889,0.6257302046917721,0.7963140485871114,1.5748518654964018e-5,1.5748518651700478e-5,1.0501526195101212
667863672,0.1,0.8,5.0,0.25,-0.7197463715382446,3.3676456653827906,1.8850248606849207,0.0008993529046174094,0.0008993529044813861,1.0632145210923967
667863760,0.1,0.8,5.0,0.25,0.07720502992309211,0.7582531168133557,0.7989684185896597,4.049619082705033e-5,4.049619081982916e-5,1.0500243645000915
667864077,0.1,0.8,5.0,0.25,-0.46641144264652834,0.9683188966132932,1.2414633592451747,1.5186071560143873e-5,1.5186071557228506e-5,1.0500090266744597
66786494x,0.1,0.8,5.0,0.25,-0.2809967634714858,0.8189748620530392,1.1148396538460368,1.124894189640287e-5,1.1248941894231058e-5,1.0501067478021653
667866355,0.1,0.8,5.0,0.25,-0.7095422640090309,1.9759830223207981,1.7234818968816756,0.00010405271254172655,0.00010405271259696723,1.0503243200046541
667867534,0.1,0.8,5.0,0.25,0.35233718557173754,0.719230984081641,0.6975418426451366,6.130673333539564e-5,6.130673332433085e-5,1.0500116291147321
667870821,0.1,0.8,5.0,0.25,0.44261800331233847,0.5206510818501852,0.5901217943552779,2.8122354741007175e-5,2.8122354735217993e-5,1.050007508167048
667871592,0.1,0.8,5.0,0.25,1.3460139405537699,0.15460393339354092,0.19821034872723498,1.5186071560143873e-5,1.5186071556043658e-5,1.0500325090127003
667871728,0.1,0.8,5.0,0.25,-0.665542012212938,1.851812364210161,1.883128406205811,4.837045015453234e-5,4.837045014516038e-5,1.0500225820209623
667871891,0.1,0.8,5.0,0.25,0.0054519019826829215,0.492912809266884,0.7432264358973578,6.749365137841721e-6,6.749365136536368e-6,1.0500113435053628
667872077,0.1,0.8,5.0,0.25,-1.0276237135922615,2.016694754598823,1.9870912454815348,5.624470948201435e-5,5.624470947203195e-5,1.0514863598029187
66787251x,0.1,0.8,5.0,0.25,-0.7990998120512638,0.9559772101052837,1.3006462628203763,1.124894189640287e-5,1.1248941894188927e-5,1.050663456326542
667872747,0.1,0.8,5.0,0.25,-0.23737784914597465,0.9051297639989926,0.9246090948674502,4.724555596489205e-5,4.7245555954705184e-5,1.0502147477809873
667873459,0.1,0.8,5.0,0.25,0.2868704770631806,1.353336530064779,0.7328584520662076,0.001124894189640287,0.001124894189433567,1.0508990251857562
667873707,0.1,0.8,5.0,0.25,-0.6730773831169137,1.0563880637504057,1.438143181813226,1.124894189640287e-5,1.1248941893399037e-5,1.0500177585768709
66787390x,0.1,0.8,5.0,0.25,-0.31356392872608874,1.0844266002515193,1.1592114152152384,3.7683955352949614e-5,3.7683955345768536e-5,1.050035148771605
667874152,0.1,0.8,5.0,0.25,0.8128924750469648,0.5094841870462669,0.44845527678957164,9.955313578316539e-5,9.955313576289696e-5,1.0500215249762062
667874304,0.1,0.8,5.0,0.25,0.16296638135880365,0.6272221933999178,0.521895575724531,0.00012767549052417258,0.00012767549053018993,1.056851370045653
667874320,0.1,0.8,5.0,0.25,-0.4630351429414974,2.082169063453831,1.4071903456191273,0.000372339976770935,0.0003723399766717594,1.0504438174469999
667874531,0.1,0.8,5.0,0.25,0.24443896260149733,0.4094658970223091,0.5574198269230184,1.124894189640287e-5,1.1248941895253829e-5,1.0500515250792337
667875446,0.1,0.8,5.0,0.25,0.21046394177447209,0.7339062579542874,0.7571619315704333,4.499576758561148e-5,4.499576759858321e-5,1.0500623993667402
66787681x,0.1,0.8,5.0,0.25,-1.0349591211222677,1.3591954734206797,1.9870912454815348,7.874259327482009e-6,7.87425932549049e-6,1.050073713564287
667877580,0.1,0.8,5.0,0.25,0.158043797536973,1.16748770139889,0.8896256904286747,0.00020473074251453223,0.00020473074247634503,1.0500403939180882
667877847,0.1,0.8,5.0,0.25,0.32683886184585303,0.9996189320939983,0.752037903793344,0.00021822947279021568,0.0002182294727486686,1.0500492812345592
667878380,0.1,0.8,5.0,0.25,-0.5564582103044995,1.156138482413222,0.9574505179054673,0.00013386240856719416,0.00013386240853610566,1.0518635643534644
667878719,0.1,0.8,5.0,0.25,0.1698324947029437,1.5617344233947825,0.8281618105643331,0.0012486325505007185,0.0012486325502712586,1.05099989560512
667878866,0.1,0.8,5.0,0.25,-0.577795863579842,1.4812184539919757,1.2432452722966332,0.00012598814923971214,0.00012598814921628167,1.0504949732844802
667879367,0.1,0.8,5.0,0.25,0.3062514829362831,0.6093889700485171,0.6012701979816979,5.624470948201435e-5,5.62447094709171e-5,1.0500408509077368
667879711,0.1,0.8,5.0,0.25,-0.5258423092675446,1.170289021206729,1.3317404329295348,2.7559907646187032e-5,2.7559907640725787e-5,1.0500636234656733
667879818,0.1,0.8,5.0,0.25,1.354881690488062,0.1510019695798742,0.19821034872723498,1.3498730275683443e-5,1.34987302720559e-5,1.0500145632874949
667879973,0.1,0.8,5.0,0.25,-0.9532616964537958,1.8644228135182348,1.9870912454815348,3.824640244776976e-5,3.824640244014238e-5,1.050040621706672
667880464,0.1,0.8,5.0,0.25,-0.6965247282207825,0.9017413993548279,0.9290330448716974,4.499576758561148e-5,4.49957675823558e-5,1.0515117600984325
667880886,0.1,0.8,5.0,0.25,1.3696241921333125,0.14841468822419132,0.19821034872723498,1.2373836086043157e-5,1.2373836083665658e-5,1.0501402556260941
66788123x,0.1,0.8,5.0,0.25,-0.7743294300745649,2.2870141207824997,1.8216736698093947,0.0001631096574978416,0.00016310965746840598,1.0512353339928626
667881416,0.1,0.8,5.0,0.25,-0.9339960388446645,1.9675536000811376,1.9259569770039566,5.849449786129492e-5,5.849449784873268e-5,1.0501579090550597
667881715,0.1,0.8,5.0,0.25,1.2617139281677123,0.09186310504572709,0.19821034872723498,1.124894189640287e-6,1.1248941894184025e-6,1.0500018895824192
66788211x,0.1,0.8,5.0,0.25,0.016304871658903625,0.8184161762776901,0.832240789573296,4.837045015453234e-5,4.837045014566323e-5,1.0500423168727357
667882961,0.1,0.8,5.0,0.25,1.4698685617269327,0.16278415692253434,0.21367760032049038,1.3498730275683443e-5,1.3498730273199453e-5,1.050006948516088
667883526,0.1,0.8,5.0,0.25,-0.6524904344135776,1.9237525232825956,1.5222561405241126,0.0001692965755408632,0.0001692965755044466,1.050338907604676
667884254,0.1,0.8,5.0,0.25,0.9100282188566515,0.25180050993967423,0.35412552042648315,9.56160061194244e-6,9.561600610006769e-6,1.0500038217507313
667884270,0.1,0.8,5.0,0.25,-0.7408577699002977,1.7236819375917976,1.6566126681224551,6.411896880949636e-5,6.411896879205116e-5,1.0501140445184225
667884879,0.1,0.8,5.0,0.25,0.2953969645573639,0.7267190633435738,0.7356252371085177,4.949534434417263e-5,4.949534433525274e-5,1.0500130162384067
66788502x,0.1,0.8,5.0,0.25,-0.1538444089979966,0.7877981438250866,0.7306571444433301,7.649280489553951e-5,7.64928048794806e-5,1.0504486345093762
667885193,0.1,0.8,5.0,0.25,0.27768438089233605,1.654704590484761,0.7766530408825841,0.002249788379280574,0.0022497883789087017,1.055510871993972
66788561x,0.1,0.8,5.0,0.25,0.16502444426474103,0.6709904618476114,0.7130665297472791,3.88088495425899e-5,3.8808849535670284e-5,1.050020459442056
667886276,0.1,0.8,5.0,0.25,-0.43736218480360367,1.1678137752840712,0.9238304825018866,0.00016873412844604306,0.00016873412840777197,1.051328262035555
66788676x,0.1,0.8,5.0,0.25,0.06814867508907638,0.9650429850166479,0.8080541196438038,0.00012767549052417258,0.00012767549050130242,1.0502249282220124
66788756x,0.1,0.8,5.0,0.25,0.749915425790449,0.7089395103948369,0.4874978493901389,0.00034196783365064725,0.000341967833579532,1.0501154436940723
667888714,0.1,0.8,5.0,0.25,-0.8193517157797225,2.302431007723995,1.9870912454815348,0.00010967718348992798,0.00010967718346864585,1.050372100564134
667888730,0.1,0.8,5.0,0.25,-0.8263798407170615,2.4566416583923445,1.9870912454815348,0.00015186071560143873,0.00015186071557185278,1.0501045345099818
667889127,0.1,0.8,5.0,0.25,-0.15975800179827795,0.8965861103236071,0.9798201893833232,3.374682568920861e-5,3.374682568319157e-5,1.0500177898696899
667889274,0.1,0.8,5.0,0.25,0.487813890239961,0.5174263156432952,0.5053939905861226,5.9056944956115064e-5,5.905694495249426e-5,1.05041729492185
667889346,0.1,0.8,5.0,0.25,-0.5861563442757275,1.8537402819585733,1.5237634660194312,0.00014004932661021573,0.00014004932658321113,1.0502017696820547
66788940x,0.1,0.8,5.0,0.25,-0.18994096487113915,0.8801751070835997,1.1049299774846848,1.6873412844604303e-5,1.6873412841222392e-5,1.05000498022323
667889493,0.1,0.8,5.0,0.25,0.07424787366766068,0.7574540407759373,0.8655490965122659,2.6997460551366886e-5,2.6997460546229255e-5,1.0500201092340313
667889653,0.1,0.8,5.0,0.25,0.6779495973218941,0.7321369886756381,0.5332975511067821,0.0002564758752379854,0.00025647587518914103,1.050052649848575
66789169x,0.1,0.8,5.0,0.25,-0.04132926466461149,0.6256781285632835,0.7963140485871114,1.5748518654964018e-5,1.574851865188593e-5,1.0500652210053285
667891710,0.1,0.8,5.0,0.25,-0.26283438925957403,0.7233742249960441,0.9661943666665652,1.2373836086043157e-5,1.2373836082719854e-5,1.0500144540886103
667892860,0.1,0.8,5.0,0.25,-0.1497438086857858,0.9371031118820039,0.9282746331910846,5.5119815292374064e-5,5.511981527789601e-5,1.0501394332555745
667894057,0.1,0.8,5.0,0.25,-0.10017029600944502,0.5143700276063106,0.6750973223135679,1.3498730275683443e-5,1.349873027298576e-5,1.0501426693155462
667894794,0.1,0.8,5.0,0.25,-0.8432019731815334,2.115926925960197,1.9870912454815348,7.199322813697837e-5,7.199322812546798e-5,1.0500794169828098
667896052,0.1,0.8,5.0,0.25,-0.39419502338852097,1.0085974700534903,1.117494023848585,3.1497037309928035e-5,3.1497037301358745e-5,1.05006538972399
667896108,0.1,0.8,5.0,0.25,-1.1295584418348468,1.270751777948148,1.9870912454815348,5.624470948201435e-6,5.62447094712616e-6,1.0500843852497135
671751147,0.1,0.8,5.0,0.25,0.30484038625724225,0.48604787919623,0.6379360005187,1.3498730275683443e-5,1.3498730272868735e-5,1.0501249508624895
671752385,0.1,0.8,5.0,0.25,0.1548769801561606,0.4442487092145354,0.5881183116857266,1.29362831808633e-5,1.2936283178569253e-5,1.0500190785015338
671752692,0.1,0.8,5.0,0.25,-0.522975874224681,1.3482271077201322,1.1052496444640834,0.00013948687951539557,0.00013948687948591186,1.0538859614242428
671754022,0.1,0.8,5.0,0.25,0.3132952781918271,1.655253957992057,0.8381581726719832,0.0015456046165657543,0.0015456046162705456,1.0546699929910437
671755252,0.1,0.8,5.0,0.25,0.8170975035898286,0.30905266125251996,0.40567777474057387,1.3498730275683443e-5,1.3498730273213852e-5,1.050002440621588
671755543,0.1,0.8,5.0,0.25,1.542573013882811,0.1680710552892644,0.19821034872723498,2.3060330887625882e-5,2.3060330883154585e-5,1.0500043892677802
67175564x,0.1,0.8,5.0,0.25,0.030509538520114475,0.6569297384498639,0.7785297199543209,2.249788379280574e-5,2.249788378853469e-5,1.0500573336854637
671755826,0.1,0.8,5.0,0.25,0.2860281116693195,0.5954195569320301,0.6748495981244332,2.8122354741007175e-5,2.8122354735033468e-5,1.0500340570525384
671755850,0.1,0.8,5.0,0.25,-0.21746213280306562,1.3401248468153057,1.0170783327067627,0.00020866787217827323,0.00020866787212587472,1.0502612919402925
671757581,0.1,0.8,5.0,0.25,1.518425188631899,0.24706693533858415,0.2202815763488202,9.336621774014381e-5,9.336621772258208e-5,1.0500164899344444
671762751,0.1,0.8,5.0,0.25,0.07184852831360622,0.6029861295865105,0.6545187782346918,3.487171987884889e-5,3.487171986990521e-5,1.0502390395069428
671763551,0.1,0.8,5.0,0.25,-0.4633534067878105,0.8745248593246053,1.2449042801280743,8.999153517122296e-6,8.999153515701482e-6,1.0500101257554397
671764570,0.1,0.8,5.0,0.25,0.0111776901500445,0.7838547365062346,0.7747572243198413,5.5682262387194207e-5,5.568226237189241e-5,1.0503261977842564
671764693,0.1,0.8,5.0,0.25,-0.23434142283825846,0.6500244864256796,0.6635950523025256,4.724555596489205e-5,4.724555595495435e-5,1.0508772852683193
671765039,0.1,0.8,5.0,0.25,-1.2389527815413754,1.1832964930212644,1.9870912454815348,3.9371296637410044e-6,3.937129662878722e-6,1.0501164070038425
671766365,0.1,0.8,5.0,0.25,-0.426872285685041,1.1750304905100541,1.231345438629838,4.162108501669062e-5,4.162108500821231e-5,1.050035956211433
671767325,0.1,0.8,5.0,0.25,0.27920941145735934,0.6770245483791205,0.6309042484066864,7.480546361107908e-5,7.480546360927548e-5,1.0501514118984512
671769590,0.1,0.8,5.0,0.25,-0.8698568239394872,1.9719055315636902,1.9870912454815348,5.0620238533812914e-5,5.062023852405701e-5,1.050028478357988
671771180,0.1,0.8,5.0,0.25,0.2546601626573978,0.42310855457647284,0.5760004878204523,1.124894189640287e-5,1.124894189335218e-5,1.0500361243670682
671771295,0.1,0.8,5.0,0.25,-0.009689149121133448,1.1820202763922782,1.0312768625617779,0.00010405271254172655,0.00010405271252293211,1.050017630484093
671771949,0.1,0.8,5.0,0.25,-0.8671520985425427,2.053399119962825,1.9870912454815348,6.186918043021579e-5,6.186918041835656e-5,1.0504086974623554
671773493,0.1,0.8,5.0,0.25,0.30889318440140767,0.8018349761587524,0.7275795523711615,8.549195841266181e-5,8.549195839578638e-5,1.0500671635850902
671773530,0.1,0.8,5.0,0.25,0.3260153552680286,0.7970086299929336,0.7194050794072936,8.774174679194238e-5,8.774174677900536e-5,1.050136827125203
671776694,0.1,0.8,5.0,0.25,0.2878244149397433,0.9406175358814846,0.7745202029497507,0.00013892443242057543,0.00013892443239422688,1.0500795827022238
671776803,0.1,0.8,5.0,0.25,0.5442764653635506,0.323756157296375,0.43242266650020755,1.2373836086043157e-5,1.2373836083562352e-5,1.0500411878726896
671777486,0.1,0.8,5.0,0.25,0.2214325207242544,0.6718130285193132,0.6798832544162159,4.949534434417263e-5,4.949534433460249e-5,1.0502648416488218
671779334,0.1,0.8,5.0,0.25,-0.0938755512197651,0.7835469665703233,0.8082587490383767,4.499576758561148e-5,4.49957675774942e-5,1.0502142491113375
671779561,0.1,0.8,5.0,0.25,-0.14960355208221524,0.6508717517369327,0.7317922102987817,2.924724893064746e-5,2.9247248925821124e-5,1.0502392789252981
671779676,0.1,0.8,5.0,0.25,0.1658615518360837,0.9732254581096857,0.8436203670031102,0.0001074273951106474,0.00010742739508928663,1.0501250439658893
671779967,0.1,0.8,5.0,0.25,-0.11404488684648009,0.4748133456709158,0.8918717230768294,2.249788379280574e-6,2.2497883788082266e-6,1.0500012322986256
67178001x,0.1,0.8,5.0,0.25,-0.9127528266840814,2.1944677389379827,1.9870912454815348,8.605440550748195e-5,8.605440548929389e-5,1.0508830543422052
671780028,0.1,0.8,5.0,0.25,-0.664189975682151,1.9200159719070635,1.6146761879235798,0.00012486325505007184,0.00012486325501649315,1.050340448540174
671780642,0.1,0.8,5.0,0.25,-0.6687736198862766,0.8805486655348125,1.1049299774846848,1.6873412844604303e-5,1.687341283812266e-5,1.0504506168527952
671781071,0.1,0.8,5.0,0.25,-0.1342171001310116,0.6346363045172044,0.8330329399417564,1.3498730275683443e-5,1.349873027305785e-5,1.050030161008481
671781776,0.1,0.8,5.0,0.25,0.5880705788833752,0.3632014121564667,0.4558455378997666,1.6873412844604303e-5,1.687341284079643e-5,1.050235886497035
67178263x,0.1,0.8,5.0,0.25,-0.6469049366559397,1.538852137750003,1.3239190112349317,0.00011136452477438841,0.0001113645247540441,1.0504701597012365
671783130,0.1,0.8,5.0,0.25,-0.4311987607292189,0.9646021685516155,1.1215962513651403,2.4747672172086314e-5,2.4747672167791803e-5,1.0500317571718243
671783261,0.1,0.8,5.0,0.25,0.6102908571055454,0.4084160882185235,0.4459358615384147,3.374682568920861e-5,3.3746825682738265e-5,1.0509486017914624
671783579,0.1,0.8,5.0,0.25,-0.05659073263501407,0.7023897694951227,0.7138430866045495,4.837045015453234e-5,4.837045014816192e-5,1.0506474572292066
671783587,0.1,0.8,5.0,0.25,-0.29631691608221533,1.2903813154215587,1.1269574422715127,0.0001034902654469064,0.00010349026542176501,1.0500942246013476
67178378x,0.1,0.8,5.0,0.25,-0.10818056606934086,1.4625504740361752,0.9541702101878264,0.0004415209694338126,0.00044152096931497474,1.0517011835591759
671784192,0.1,0.8,5.0,0.25,-0.8057213730987642,1.9842874746815808,1.775485406145731,9.111642936086324e-5,9.111642933778378e-5,1.0513946571769832
671784395,0.1,0.8,5.0,0.25,0.3943778423374971,0.7770346989419057,0.6894517872804847,9.561600611942439e-5,9.561600610124181e-5,1.0500935995673901
671786614,0.1,0.8,5.0,0.25,-0.23119477206794356,0.5170194569707078,0.8454200708332446,4.499576758561148e-6,4.4995767576040475e-6,1.050020118512869
671786657,0.1,0.8,5.0,0.25,-0.9819578599282707,1.2441575687703144,1.9870912454815348,5.062023853381291e-6,5.0620238524218255e-6,1.0500025616085609
671786788,0.1,0.8,5.0,0.25,-0.1939499752709443,1.9075808573363306,1.0139706876857548,0.0011794515578378408,0.001179451558463798,1.060520709291149
671786868,0.1,0.8,5.0,0.25,0.7737430718874172,0.39618733008050483,0.42735520064098076,3.5996614068489185e-5,3.599661406089341e-5,1.0501634021431931
671788871,0.1,0.8,5.0,0.25,0.6801926888394412,0.4917647946517205,0.4676132874388216,6.749365137841721e-5,6.74936513644879e-5,1.0505473375881973
671789268,0.1,0.8,5.0,0.25,1.3555933657644932,0.19938783594324602,0.19821034872723498,5.399492110273377e-5,5.399492109338794e-5,1.0507499356865289
671790971,0.1,0.8,5.0,0.25,-0.24603588629651646,0.7729049232246425,0.732078067710736,6.749365137841721e-5,6.749365137729717e-5,1.0546630065895162
671792387,0.1,0.8,5.0,0.25,0.028454604635720245,0.6494867327339661,0.7303629232390101,2.924724893064746e-5,2.9247248922806842e-5,1.0500553250410987
671792678,0.1,0.8,5.0,0.25,-0.2865067228380832,0.8138692632890311,0.8244628170712364,4.837045015453234e-5,4.837045014646018e-5,1.054059598845031
671792694,0.1,0.8,5.0,0.25,-0.8520702635717902,1.3998177895243245,1.466365735957119,4.162108501669062e-5,4.162108500723038e-5,1.0504228125274542
67179493x,0.1,0.8,5.0,0.25,0.050909040456536866,0.782951043418115,0.8874123332744229,2.8122354741007175e-5,2.8122354735716183e-5,1.0500172422540222
67179530x,0.1,0.8,5.0,0.25,1.6224827064290523,0.27477021420620784,0.19821034872723498,0.0002682872642292084,0.00026828726417194737,1.050802108204999
671795537,0.1,0.8,5.0,0.25,0.28574824956027645,0.6145018737613344,0.6308360622350275,4.6120661775251764e-5,4.6120661766883356e-5,1.0500868342132834
671795633,0.1,0.8,5.0,0.25,-0.26625723890033004,0.9323173797883485,0.9850367150336087,3.9933743732230185e-5,3.993374372362111e-5,1.0501249495427125
671795705,0.1,0.8,5.0,0.25,0.12069787835740478,0.8784385291083278,0.7197404816570748,0.00014061177370503587,0.0001406117736780343,1.0527584323590153
671795713,0.1,0.8,5.0,0.25,1.133064839827275,0.14840230183721553,0.19821034872723498,1.2373836086043157e-5,1.2373836083648554e-5,1.0500526130639083
671796505,0.1,0.8,5.0,0.25,-0.47237964174432046,0.8729057047517833,1.0367056017234422,2.1935436697985596e-5,2.1935436693594994e-5,1.05312579333706
67179709x,0.1,0.8,5.0,0.25,-0.03620182430251268,0.8667060893227534,0.9290330448716974,3.712150825812947e-5,3.7121508250468465e-5,1.0502995600293328
671797196,0.1,0.8,5.0,0.25,1.1129656692730225,0.3382429070530143,0.32124582240645383,6.805609847323736e-5,6.805609845996077e-5,1.0500631549587078
671797700,0.1,0.8,5.0,0.25,0.2593924425290443,0.7547625960716328,0.7605684049695218,5.0620238533812914e-5,5.0620238525102955e-5,1.0500376515400165
671798789,0.1,0.8,5.0,0.25,-0.8879039883289928,1.1608470575046856,1.7208550990420954,7.311812232661865e-6,7.311812231204586e-6,1.0510498533233221
671799191,0.1,0.8,5.0,0.25,0.24044300505686333,0.7026283701956286,0.7533613676158114,3.712150825812947e-5,3.712150825124536e-5,1.050013379677204
671799562,0.1,0.8,5.0,0.25,-0.1284651943441029,0.9720636173845312,1.0024266695924806,4.499576758561148e-5,4.499576758300544e-5,1.0505225111772551
675250390,0.1,0.8,5.0,0.25,-0.4585334232648792,0.9224480188767364,1.2108396878963812,1.3498730275683443e-5,1.3498730273632161e-5,1.0500120696479038
675250956,0.1,0.8,5.0,0.25,0.18857936637606112,0.4585845055536013,0.6243101778019421,1.124894189640287e-5,1.1248941894711848e-5,1.0500119633387863
675252046,0.1,0.8,5.0,0.25,0.43330264579863476,0.42208564947050675,0.3756186239366626,9.392866483496396e-5,9.392866481365947e-5,1.0507307924692761
675252118,0.1,0.8,5.0,0.25,0.2821880669939195,0.723137242987386,0.7093122501690535,5.793205076647478e-5,5.7932050754409824e-5,1.050018880769034
675252556,0.1,0.8,5.0,0.25,-0.494154093637919,0.9997405190017871,1.09818110584158,3.262193149956832e-5,3.262193149309763e-5,1.0517415044093523
675253399,0.1,0.8,5.0,0.25,0.18027509690192353,1.0004289356721319,0.7514000583060698,0.0002199168140746761,0.0002199168140342621,1.050173253260782
675253575,0.1,0.8,5.0,0.25,0.23623190908596073,0.6227042473421297,0.7308393050058698,2.3622777982446025e-5,2.362277797782347e-5,1.0500049791100468
675254826,0.1,0.8,5.0,0.25,1.3253039985031152,0.17493509104373683,0.19821034872723498,2.8122354741007175e-5,2.8122354791435715e-5,1.0503593197719066
675255407,0.1,0.8,5.0,0.25,0.3220954551179662,0.5881209119565769,0.6720005927503931,2.6997460551366886e-5,2.6997460546049453e-5,1.0500984149246961
675257277,0.1,0.8,5.0,0.25,0.322721079880984,0.5225521335096416,0.4624520124338667,9.617845321424453e-5,9.617845319556102e-5,1.0515865288601496
675257285,0.1,0.8,5.0,0.25,0.9384448155030961,0.17829427349395133,0.24774213939248627,1.0124047706762582e-5,1.0124047704658478e-5,1.0506650708982233
675257496,0.1,0.8,5.0,0.25,0.6262041400747205,0.45179720009126795,0.510057371866735,2.8684801835827318e-5,2.8684801830224893e-5,1.0500059393772394
675257728,0.1,0.8,5.0,0.25,-0.5337705292933363,1.1985941954515855,1.3873559664220037,2.5310119266906457e-5,2.5310119263419205e-5,1.050081592965737
675257912,0.1,0.8,5.0,0.25,0.030271456121709204,0.7319949259266774,0.7179711851737614,5.793205076647478e-5,5.793205075582282e-5,1.0500618865810505
675258923,0.1,0.8,5.0,0.25,-0.13668457623665486,0.8411959139190759,0.7287531058474143,0.00010686494801582726,0.0001068649479935322,1.051834230277377
675259651,0.1,0.8,5.0,0.25,0.0056181162103292916,0.6928587594498364,0.718452244993978,4.387087339597119e-5,4.3870873387948564e-5,1.0500480426492693
675260249,0.1,0.8,5.0,0.25,-0.25416026165719374,1.3814507989848563,1.162044543559703,0.00012486325505007184,0.00012486325502827688,1.0500822943383097
675262535,0.1,0.8,5.0,0.25,0.31980400418804633,0.7369051111032562,0.6987546634177502,6.86185455680575e-5,6.861854555417361e-5,1.050016606834692
675262949,0.1,0.8,5.0,0.25,0.2626994335988804,0.40986337771542497,0.547284930644363,1.2373836086043157e-5,1.2373836082922472e-5,1.050321784195126
675263159,0.1,0.8,5.0,0.25,-0.39486484137748495,0.4204495587191854,0.687484453205056,4.499576758561148e-6,4.499576757516164e-6,1.0500604630326347
675263175,0.1,0.8,5.0,0.25,1.0215231827162485,0.20472610837142086,0.2787099134615092,1.124894189640287e-5,1.124894189438801e-5,1.050016442812788
675263319,0.1,0.8,5.0,0.25,0.3201351841186201,0.9088892017300851,0.7565664012021616,0.00013161262018791358,0.00013161262016705435,1.0500307227384413
675263335,0.1,0.8,5.0,0.25,-0.17341665956843194,0.9438013464708587,1.1185558002014429,2.249788379280574e-5,2.2497883788643473e-5,1.0500070733992262
675264151,0.1,0.8,5.0,0.25,0.023345115015898733,0.5308755328870217,0.6664263377774859,1.6873412844604303e-5,1.6873412841400245e-5,1.0500200479303476
675264573,0.1,0.8,5.0,0.25,-0.061147412786778335,0.6087471233312843,0.8286974476737154,1.124894189640287e-5,1.124894189421054e-5,1.0500650555514017
675265592,0.1,0.8,5.0,0.25,0.3031885553809387,0.7169243205590844,0.5783402587347389,0.00015186071560143873,0.00015186071557318393,1.0529273826345251
675266552,0.1,0.8,5.0,0.25,0.4731744151177392,0.3393704050306163,0.4830971833332826,8.999153517122296e-6,8.999153516026976e-6,1.0500180129349719
675267029,0.1,0.8,5.0,0.25,-0.4844737854084894,1.5283931297096558,1.2730543953245292,0.00013105017309309342,0.00013105017305989878,1.0502633642506853
675267299,0.1,0.8,5.0,0.25,-0.7271749463896414,1.3129263265046351,1.476447933255911,2.924724893064746e-5,2.9247248925328253e-5,1.0500327298546346
675268099,0.1,0.8,5.0,0.25,0.33306873770201684,1.1426049721658744,0.7750790176871293,0.0003661530587279134,0.0003661530586595356,1.0500626622387663
675269104,0.1,0.8,5.0,0.25,0.2511049847920264,1.0491783832870218,0.8070539376601472,0.00019516914190258978,0.00019516914186633061,1.050176178531294
675269251,0.1,0.8,5.0,0.25,0.7050219742773464,0.17712287097609145,0.2286850612883945,1.462362446532373e-5,1.4623624461717084e-5,1.0505662929315074
675270084,0.1,0.8,5.0,0.25,-0.20247454802587508,0.7104621401882594,0.8918717230768294,1.6873412844604303e-5,1.687341283999865e-5,1.0500151822286212
675270869,0.1,0.8,5.0,0.25,-1.213659415733128,1.7245097761766206,1.9870912454815348,2.58725663617266e-5,2.5872566356276122e-5,1.0502134330069364
675271976,0.1,0.8,5.0,0.25,1.5186335782691234,0.14972041437574626,0.19821034872723498,1.29362831808633e-5,1.2936283178318047e-5,1.0500026911212164
675272055,0.1,0.8,5.0,0.25,0.08534172948573561,0.9136747520504795,0.8365141913149615,8.15548287489208e-5,8.155482873189782e-5,1.0505724192489005
675272602,0.1,0.8,5.0,0.25,-0.3421677876552298,0.5791777389668967,0.8732910621793954,6.749365137841721e-6,6.749365136467355e-6,1.0500207492382652
675272856,0.1,0.8,5.0,0.25,-0.31087102642105546,1.1901459864119959,1.3006462628203763,3.374682568920861e-5,3.374682568278517e-5,1.0500067075945867
675273680,0.1,0.8,5.0,0.25,0.33556174744137135,0.4469491598258022,0.5409036760275664,2.0248095413525164e-5,2.0248095408013978e-5,1.0501684740633517
675273971,0.1,0.8,5.0,0.25,-0.3558189365776075,0.5918738399047364,0.8653279521717507,7.874259327482009e-6,7.874259325787055e-6,1.0500357604488793
67527443x,0.1,0.8,5.0,0.25,0.04304322579929348,1.2996982445456196,0.9952953316476388,0.00019966871866115095,0.00019966871862395577,1.0500891694993106
675275555,0.1,0.8,5.0,0.25,-0.5175371184742331,1.1082211829500848,1.3006462628203763,2.3622777982446025e-5,2.362277797840492e-5,1.0500226715262193
675275934,0.1,0.8,5.0,0.25,-0.442149050637571,0.9914494273673278,1.2286462018428197,1.7998307034244593e-5,1.7998307030804006e-5,1.0500138140544266
675276398,0.1,0.8,5.0,0.25,0.44282068130110036,0.353988976672324,0.4645165224358487,1.3498730275683443e-5,1.3498730273345437e-5,1.0503344454758774
67527670x,0.1,0.8,5.0,0.25,-0.5963929449700176,0.8093058563744443,0.917141433238075,2.8122354741007175e-5,2.812235473552051e-5,1.0501797818933205
675277585,0.1,0.8,5.0,0.25,1.2508772845434497,0.20973890447239493,0.19821034872723498,6.974343975769779e-5,6.974343974536297e-5,1.0501458419543295
67527996x,0.1,0.8,5.0,0.25,-0.9460477474939404,0.9402076973733506,1.08252543324544,2.58725663617266e-5,2.5872566355947003e-5,1.0510307248771837
675281744,0.1,0.8,5.0,0.25,-0.872975099692771,1.9953076779231744,1.826799256937603,8.15548287489208e-5,8.155482872657957e-5,1.0505742008444507
675282122,0.1,0.8,5.0,0.25,-0.04545567175546871,0.5885348864095694,0.6752291583627211,2.6435013456546743e-5,2.643501345144086e-5,1.0502259288998539
675283651,0.1,0.8,5.0,0.25,0.4170254259786564,0.5205362131471373,0.6168779559707263,2.249788379280574e-5,2.249788379157397e-5,1.050076606670462
675284101,0.1,0.8,5.0,0.25,-0.20247614982953066,1.349162141693263,1.075628068848047,0.0001631096574978416,0.00016310965746825889,1.0502766357023798
675285251,0.1,0.8,5.0,0.25,0.07749179014400451,0.607075641209632,0.7432264358973578,1.912320122388488e-5,1.9123201220045654e-5,1.050043182687923
675285534,0.1,0.8,5.0,0.25,-0.9949325689606535,1.3178539247224428,1.9870912454815348,6.749365137841721e-6,6.7493651364692815e-6,1.0500125735788923
675285542,0.1,0.8,5.0,0.25,-0.8179716797353608,1.5224804309742284,1.6251144843142784,3.7683955352949614e-5,3.768395534463459e-5,1.051560058970921
675286721,0.1,0.8,5.0,0.25,-0.1584839926179747,0.8108170314613106,0.8856781930708836,3.374682568920861e-5,3.374682568271407e-5,1.0505045682993617
675289404,0.1,0.8,5.0,0.25,1.0608411022328503,0.10553907322553752,0.19821034872723498,2.249788379280574e-6,2.249788378831073e-6,1.050161848872137
67528956x,0.1,0.8,5.0,0.25,-1.0155738509069188,0.8089668598830984,1.099975139304009,1.124894189640287e-5,1.1248941893316857e-5,1.051291483916036
675289631,0.1,0.8,5.0,0.25,-0.06124096901758342,0.7640197681871636,0.8406147177212052,3.262193149956832e-5,3.262193149372125e-5,1.0500338313808886
675290544,0.1,0.8,5.0,0.25,-0.6620713708133683,1.1886365862906025,1.4639308800643704,1.8560754129064736e-5,1.8560754125615546e-5,1.0500428412570613
675291416,0.1,0.8,5.0,0.25,-0.9330144531797779,0.8638161990779215,0.9593126666599586,3.0372143120287746e-5,3.0372143114645392e-5,1.0552702573419832
675291491,0.1,0.8,5.0,0.25,-0.09716299786560752,0.7380635346187662,0.6906288847365535,7.311812232661866e-5,7.311812231143011e-5,1.050610228272491
675293972,0.1,0.8,5.0,0.25,-0.4317615828973695,0.7740603652090232,1.0886081075627432,9.56160061194244e-6,9.561600610020239e-6,1.050013218362665
67529457x,0.1,0.8,5.0,0.25,-0.42011019703164487,0.8838489234421754,1.1505144887469037,1.4061177370503587e-5,1.4061177367690679e-5,1.050217444633847
675295935,0.1,0.8,5.0,0.25,0.1741550485082375,1.064086515605643,0.8582366611988291,0.00015411050398071933,0.00015411050395106824,1.050028409354577
675296735,0.1,0.8,5.0,0.25,-0.3581164692564777,1.1919591994179273,1.1225078338533983,7.086833394733808e-5,7.086833393636523e-5,1.0504591897580078
675296751,0.1,0.8,5.0,0.25,1.0067262674114528,0.34258105020404833,0.31508613740775027,7.986748746446037e-5,7.986748745004356e-5,1.0501652799879007
675297527,0.1,0.8,5.0,0.25,-0.06205310991112631,1.2794435217110347,0.9300024651105515,0.000258725663617266,0.00025872566354751735,1.0504290846581783
675299725,0.1,0.8,5.0,0.25,-0.26811549884334474,0.918977306625265,1.1781515065456059,1.5186071560143873e-5,1.5186071557152805e-5,1.0500553107653494
678204218,0.1,0.8,5.0,0.25,-0.4865623209497233,1.367194076365518,1.2957725817774854,6.86185455680575e-5,6.861854555239747e-5,1.0505354214548335
679050249,0.1,0.8,5.0,0.25,0.22843554796742271,1.0250230492806542,0.8054001749188335,0.00017548349358388477,0.00017548349354989107,1.0502006372096906
679050986,0.1,0.8,5.0,0.25,0.18137715477435945,1.0700466498714818,0.8476261273890754,0.0001681716813512229,0.0001681716813180998,1.0506194183696966
679051276,0.1,0.8,5.0,0.25,-0.2637362824374036,0.616137998033214,0.9290330448716974,6.749365137841721e-6,6.74936513656431e-6,1.050006207890997
67905395x,0.1,0.8,5.0,0.25,0.15321489565393215,0.6028136045476905,0.7848471474946322,1.4061177370503587e-5,1.4061177367630131e-5,1.0500047016345502
679054717,0.1,0.8,5.0,0.25,0.11348343586667431,0.4966654930306756,0.6154843922274995,1.7998307034244593e-5,1.7998307030903864e-5,1.0500215974580311
679055517,0.1,0.8,5.0,0.25,-0.2722552481393819,0.9003982040722207,0.95963651553554,3.824640244776976e-5,3.824640244127014e-5,1.0500436597297274
679056018,0.1,0.8,5.0,0.25,-0.7931432856146977,1.3958878441012588,1.9870912454815348,8.999153517122296e-6,8.999153515435349e-6,1.050001702638901
679057184,0.1,0.8,5.0,0.25,1.5580306760821183,0.35885815350426775,0.23193326054890287,0.00046626864160589893,0.0004662686415212282,1.0500988024047009
679057408,0.1,0.8,5.0,0.25,0.125134085523302,0.6658061482777341,0.6468822814068849,6.074428624057549e-5,6.0744286229057525e-5,1.05007200198106
67905846x,0.1,0.8,5.0,0.25,1.1098664544276173,0.329737758191469,0.3197919401267596,6.130673333539564e-5,6.130673332321487e-5,1.0500189865494685
679058558,0.1,0.8,5.0,0.25,1.255921264382541,0.2550314005637061,0.2787099134615092,3.374682568920861e-5,3.374682568368872e-5,1.0500071924313756
679059171,0.1,0.8,5.0,0.25,-0.3819553556959008,0.8246529150800204,1.0219363493588671,1.7998307034244593e-5,1.7998307031029937e-5,1.0500225851584817
679060076,0.1,0.8,5.0,0.25,1.1074227282076936,0.3279488969525749,0.27634510432982295,0.00012373836086043157,0.00012373836083521766,1.050149543135839
679060527,0.1,0.8,5.0,0.25,-0.4718739366694935,0.8699124417045693,1.0994625380634302,1.631096574978416e-5,1.6310965746752918e-5,1.0500181134823607
679061538,0.1,0.8,5.0,0.25,-0.9670935223579133,1.9987358916531721,1.9870912454815348,5.399492110273377e-5,5.3994921105322195e-5,1.050665904780052
67906208x,0.1,0.8,5.0,0.25,-0.0909337153512497,0.4815373445168971,0.489655069904106,4.780800305971219e-5,4.7808003049922755e-5,1.0525366260853548
679062899,0.1,0.8,5.0,0.25,1.4645155474566685,0.2672569919673016,0.19821034872723498,0.0002317282030658991,0.00023172820301804687,1.052457559201608
67906347x,0.1,0.8,5.0,0.25,-0.12994075775853425,0.5920263856689719,0.70606511410249,2.1372989603165453e-5,2.1372989599481118e-5,1.0541948109800143
679065395,0.1,0.8,5.0,0.25,0.2455286502259732,0.704492550265344,0.6207630084041603,9.899068868834526e-5,9.899068866129173e-5,1.0500967800387953
679065643,0.1,0.8,5.0,0.25,0.1601618993527986,0.56646007039893,0.5800791833110298,4.6120661775251764e-5,4.6120661766727855e-5,1.0526900920980142
679066857,0.1,0.8,5.0,0.25,0.17747729708150448,0.8167988254333275,0.8159677556932179,5.2870026913093485e-5,5.2870026903186825e-5,1.050020604167711
679067155,0.1,0.8,5.0,0.25,-0.9580017839316068,1.2240613533818105,1.8456790297315029,6.749365137841721e-6,6.7493651362034606e-6,1.0500066361908962
679068270,0.1,0.8,5.0,0.25,-0.079952433937702,0.7091508681628241,0.8208522813143455,2.5310119266906457e-5,2.5310119260137498e-5,1.0500558799943054
67906830x,0.1,0.8,5.0,0.25,-0.7009631568649229,1.8879636176444183,1.7168530952747352,8.436706422302153e-5,8.436706420557123e-5,1.0505664268052182
679069177,0.1,0.8,5.0,0.25,0.1718053471212127,0.6161618251740242,0.6689037923076221,3.487171987884889e-5,3.487171987207026e-5,1.0501082639343728
679069820,0.1,0.8,5.0,0.25,1.5207526102629525,0.14839517775122377,0.19821034872723498,1.2373836086043157e-5,1.237383608366891e-5,1.0500022050508924
679069871,0.1,0.8,5.0,0.25,-0.6210009208120517,1.9177856913212121,1.5278284108683229,0.00016367210459266175,0.0001636721045603031,1.050335825785675
679069919,0.1,0.8,5.0,0.25,-0.7666311446325299,1.6034564148350838,1.9870912454815348,1.7998307034244593e-5,1.7998307030779452e-5,1.0500032379426778
67907008x,0.1,0.8,5.0,0.25,-0.08899034795234605,0.5583153886599571,0.7762587376882618,1.0124047706762582e-5,1.0124047704243858e-5,1.0500255823742628
679071189,0.1,0.8,5.0,0.25,0.004729447062634414,0.535591534594254,0.6482586214082061,2.0248095413525164e-5,2.0248095409740628e-5,1.0500408313429028
679071314,0.1,0.8,5.0,0.25,-0.3763055824103158,1.2791410602249458,1.2089416740661525,6.974343975769779e-5,6.9743439743973e-5,1.0500501440036285
67907227x,0.1,0.8,5.0,0.25,-0.30613985757923806,0.9561313270821842,0.9806963320734217,4.6120661775251764e-5,4.6120661763158085e-5,1.0509970836245366
679072288,0.1,0.8,5.0,0.25,0.5765064788997035,0.46123326688691596,0.5315684787943795,2.58725663617266e-5,2.5872566356884434e-5,1.0500044069385865
679072472,0.1,0.8,5.0,0.25,0.15151728306389683,0.5038422729974547,0.44910818419106363,9.224132355050353e-5,9.224132354129052e-5,1.052824900870633
679073774,0.1,0.8,5.0,0.25,-0.018777830937745005,0.6781286819278114,0.6689037923076221,5.624470948201435e-5,5.624470947093611e-5,1.050339600812157
679074400,0.1,0.8,5.0,0.25,0.14862211374813,0.5853746654978798,0.6689037923076221,2.6997460551366886e-5,2.699746054564069e-5,1.0500338544969592
679077193,0.1,0.8,5.0,0.25,-0.1307082698310262,1.7123774804976937,1.0531405246015126,0.0005894445553715103,0.0005894445552596736,1.0529850643866026
679078030,0.1,0.8,5.0,0.25,0.16828978173196288,0.5393881140535253,0.6817180436465281,1.631096574978416e-5,1.6310965746557267e-5,1.0500216847095543
679079770,0.1,0.8,5.0,0.25,0.04514226107400904,1.4099209541480928,1.039134291091311,0.0002418522507726617,0.00024185225073071177,1.050051698692081
679082072,0.1,0.8,5.0,0.25,0.6988801523142751,0.27822558240452305,0.3716132179486789,1.2373836086043157e-5,1.2373836082692373e-5,1.0500322925683667
67908211x,0.1,0.8,5.0,0.25,0.49698821607346055,0.3591590027442371,0.4797188845737308,1.2373836086043157e-5,1.2373836083603099e-5,1.0500178697725373
679082187,0.1,0.8,5.0,0.25,0.05861213374130067,0.6511342738329976,0.8547104012819615,1.3498730275683443e-5,1.3498730273119076e-5,1.0500031527450724
679082515,0.1,0.8,5.0,0.25,-0.2098117935288765,0.7737974466861431,0.7706084289085043,5.343247400791363e-5,5.34324740156237e-5,1.0510662736706193
679082902,0.1,0.8,5.0,0.25,-1.116618607047257,1.3591594597635757,1.9870912454815348,7.874259327482009e-6,7.87425932546405e-6,1.050045890492157
679084879,0.1,0.8,5.0,0.25,-0.8402028923055112,1.146570450145195,1.1120082974914802,5.9056944956115064e-5,5.9056944932470464e-5,1.0578793548349483
679085193,0.1,0.8,5.0,0.25,1.529822031353355,0.14839586644826588,0.19821034872723498,1.2373836086043157e-5,1.2373836083696359e-5,1.0500070780754382
67908537x,0.1,0.8,5.0,0.25,-0.16499033927752724,0.7514605817910962,0.8660203749481905,2.58725663617266e-5,2.5872566355208617e-5,1.0500447618525093
679086962,0.1,0.8,5.0,0.25,-0.25200032645897036,0.9906114134286004,1.0169513164701591,4.6120661775251764e-5,4.612066176566181e-5,1.0500782875099954
679087690,0.1,0.8,5.0,0.25,-0.28038005418314094,0.9064832019142828,1.054030205294508,2.4747672172086314e-5,2.4747672167117365e-5,1.0500197145762575
679087949,0.1,0.8,5.0,0.25,0.27286134063915596,0.4258374651623552,0.5797166341758584,1.124894189640287e-5,1.1248941897219733e-5,1.0500340716628265
679088060,0.1,0.8,5.0,0.25,0.6145118826346596,0.44173288979723246,0.5047746092336894,2.6997460551366886e-5,2.6997460546201e-5,1.0500144415255153
679088327,0.1,0.8,5.0,0.25,-0.2015133112723289,1.127409398978656,1.1631493438275264,4.499576758561148e-5,4.499576757668824e-5,1.0500487402739782
679089020,0.1,0.8,5.0,0.25,1.5239625288496286,0.25046375458945497,0.1985262537720588,0.00016760923425640276,0.00016760923424424083,1.050666707284163
679089338,0.1,0.8,5.0,0.25,0.6325869991200366,0.17222874826130397,0.3716132179486789,1.124894189640287e-6,1.1248941894256082e-6,1.0500011568315097
679089362,0.1,0.8,5.0,0.25,0.284535739530242,0.6647746737123904,0.736590475451189,3.1497037309928035e-5,3.149703730422948e-5,1.050006640853
679090558,0.1,0.8,5.0,0.25,-0.48003269071837706,1.343155674516627,1.353497917333984,5.0620238533812914e-5,5.0620238524455754e-5,1.050029600392627
679092043,0.1,0.8,5.0,0.25,0.2575542989476539,0.6082989801750157,0.7209296286445178,2.249788379280574e-5,2.249788378846666e-5,1.0500101571620784
679092297,0.1,0.8,5.0,0.25,-0.702277467572508,1.4461858187857826,1.4882879445434132,4.555821468043162e-5,4.555821467268638e-5,1.0500776510636198
679092617,0.1,0.8,5.0,0.25,-0.3372367734324911,1.3972337197850637,1.1662192100236963,0.000129362831808633,0.0001293628318258976,1.050810937335948
679092780,0.1,0.8,5.0,0.25,-0.49150328900113677,0.5947098983337127,0.9496782157711132,5.062023853381291e-6,5.062023852520345e-6,1.050174511812215
679093177,0.1,0.8,5.0,0.25,1.3318725367835096,0.21845006808486117,0.19821034872723498,8.549195841266181e-5,8.54919583968848e-5,1.0501187809851653
67909388x,0.1,0.8,5.0,0.25,-0.10990877796806245,0.5984226757982178,0.7456239382428462,1.7435859939424446e-5,1.7435859934656684e-5,1.0509865179184934
67909484x,0.1,0.8,5.0,0.25,-0.023477757063065156,0.7156624280786893,0.6934507432252034,6.130673333539564e-5,6.130673333243075e-5,1.0509658021524915
679095025,0.1,0.8,5.0,0.25,-0.1920934065415728,1.444080518008079,1.0665736256958795,0.000239040015298561,0.00023904001525086322,1.0502775134935258
679095156,0.1,0.8,5.0,0.25,0.5170692405312629,0.5883599695544705,0.5760004878204523,5.849449786129492e-5,5.8494497849501613e-5,1.0500134986912726
67909599x,0.1,0.8,5.0,0.25,0.7490383055127413,0.3029092632195074,0.42116163519523675,1.0124047706762582e-5,1.0124047704733425e-5,1.0500029880148902
679097522,0.1,0.8,5.0,0.25,-0.521163155562055,0.662760739720701,1.2449042801280743,2.249788379280574e-6,2.249788378850158e-6,1.050001936860679
679098082,0.1,0.8,5.0,0.25,0.1788090566837996,0.7905262469305419,0.7983421264765854,5.005779143899277e-5,5.005779143222101e-5,1.0500996908274223
679098154,0.1,0.8,5.0,0.25,0.1632448850010984,0.9061023193188283,0.6671753933513845,0.0002418522507726617,0.00024185225070596912,1.0510534815968302
682552266,0.1,0.8,5.0,0.25,-0.31395703367378247,0.8516921849563578,0.877936227403754,4.499576758561148e-5,4.4995767578930245e-5,1.0509522374439613
68255363x,0.1,0.8,5.0,0.25,-0.29932777157671997,0.8958546073537944,0.9492062994188216,3.937129663741004e-5,3.937129662959616e-5,1.0501191935952099
682555272,0.1,0.8,5.0,0.25,0.0007820701365442589,1.209193530600738,0.8692048534516081,0.0002710994997033092,0.0002710994996386608,1.052314486805469
682556611,0.1,0.8,5.0,0.25,1.5051722825262386,0.23868720910599653,0.19821034872723498,0.00013273751437755386,0.00013273751435564926,1.0507555794637586
682557075,0.1,0.8,5.0,0.25,0.4054084639136647,0.5215006700662386,0.5450327314713285,4.2183532111510764e-5,4.2183532103427074e-5,1.0500290597309667
68255718x,0.1,0.8,5.0,0.25,-0.6592579861550592,1.3282565752743003,1.1846578990897034,9.280377064532368e-5,9.280377062545384e-5,1.0509293368665609
682557374,0.1,0.8,5.0,0.25,0.14224357454688477,0.7059641472746837,0.8067103842567893,2.6997460551366886e-5,2.6997460546242658e-5,1.0500211223194842
682557921,0.1,0.8,5.0,0.25,0.22540454064869692,0.5201430895921125,0.6047160804363398,2.4747672172086314e-5,2.4747672167453816e-5,1.0501759416367553
682558449,0.1,0.8,5.0,0.25,0.19678200624139253,0.8069408630383093,0.7726992352407206,6.524386299913664e-5,6.524386298802253e-5,1.050318252488187
682560282,0.1,0.8,5.0,0.25,-0.058454437949104744,0.4538873991225353,0.6635950523025256,7.874259327482009e-6,7.874259325877246e-6,1.050027477705498
682561840,0.1,0.8,5.0,0.25,-0.04193504266255603,0.8438491218463932,0.8224572080137954,5.961939205093521e-5,5.9619392037323584e-5,1.050682752542441
682564670,0.1,0.8,5.0,0.25,0.1041995295199204,0.8133302943282253,0.874720349239167,3.655906116330933e-5,3.6559061156490855e-5,1.0500170041389156
682564865,0.1,0.8,5.0,0.25,0.39238736221183784,1.017388680168089,0.6850272702394671,0.00037852689481395656,0.0003785268948231885,1.0508901277890677
682565171,0.1,0.8,5.0,0.25,0.07617933519676648,0.8824512443254422,0.9104523839742633,4.499576758561148e-5,4.499576757707583e-5,1.050018061659689
682565200,0.1,0.8,5.0,0.25,0.8608693516633098,0.3050156017321252,0.3391815144171835,3.093459021510789e-5,3.093459020699896e-5,1.050022550237855
682567409,0.1,0.8,5.0,0.25,0.0316830216801314,0.8555637342872495,0.6700835123087546,0.0001771708348683452,0.00017717083483912387,1.0515807056608104
682569527,0.1,0.8,5.0,0.25,-0.998099888729775,1.2706557195973498,1.9870912454815348,5.624470948201435e-6,5.624470946736375e-6,1.0500050075478657
682570245,0.1,0.8,5.0,0.25,-0.06309120282351896,0.5978133421186278,0.8138329331316876,1.124894189640287e-5,1.1248941894165666e-5,1.0500394807925073
682570982,0.1,0.8,5.0,0.25,-0.04391128515101824,0.6499393793225515,0.7956894575843488,1.912320122388488e-5,1.9123201218695538e-5,1.050061531311838
682572224,0.1,0.8,5.0,0.25,0.4995738172747205,0.691477109160946,0.6210585763208104,8.999153517122296e-5,8.999153515491882e-5,1.0500319946177687
682572670,0.1,0.8,5.0,0.25,1.2445591028960123,0.15104360270204276,0.19821034872723498,1.3498730275683443e-5,1.3498730273038748e-5,1.0503040653542843
682573243,0.1,0.8,5.0,0.25,-0.34861473272706833,0.7051380464966183,1.0462341584953871,7.311812232661865e-6,7.3118122311006665e-6,1.0501174300241816
682575214,0.1,0.8,5.0,0.25,-0.47106383603729596,1.974849815743505,1.3885444754930798,0.0003048463253925178,0.00030484632531630883,1.0508862414653979
682577762,0.1,0.8,5.0,0.25,0.33034389477603154,0.9192497482387397,0.7381831399804758,0.00015748518654964017,0.00015748518651889586,1.0500719949233919
682579792,0.1,0.8,5.0,0.25,-1.0032318586703197,1.3959179953888357,1.9870912454815348,8.999153517122296e-6,8.999153514702228e-6,1.0500243827756381
682580734,0.1,0.8,5.0,0.25,-1.0361716093880697,1.4194494141139256,1.9323887333331304,1.124894189640287e-5,1.1248941893961771e-5,1.0500275853743526
682581614,0.1,0.8,5.0,0.25,0.231739868285678,0.6087586723613171,0.6211249196229649,4.724555596489205e-5,4.7245555955897956e-5,1.0514572865595901
682583601,0.1,0.8,5.0,0.25,-0.2445141093292084,1.3530297982497896,1.173515413909576,0.00010686494801582726,0.0001068649480157013,1.0506283784268602
682584452,0.1,0.8,5.0,0.25,1.5105873480081249,0.21848022801123018,0.21553567349819341,5.624470948201435e-5,5.624470947096894e-5,1.0502054410626118
682585033,0.1,0.8,5.0,0.25,0.4051697902980213,0.9782455665200273,0.7242918731755034,0.00023622777982446026,0.00023622777978018306,1.0501847379419935
682585615,0.1,0.8,5.0,0.25,-0.7249995357229493,1.7803647191200973,1.9870912454815348,3.0372143120287746e-5,3.0372143114566594e-5,1.050010645144107
682586087,0.1,0.8,5.0,0.25,1.3970153088259227,0.14559427299031388,0.19821034872723498,1.124894189640287e-5,1.1248941894255592e-5,1.0500095570077521
682586271,0.1,0.8,5.0,0.25,0.07126831022270891,0.6532522757079787,0.6581682977695581,5.0620238533812914e-5,5.062023852582727e-5,1.0502114631786388
682587901,0.1,0.8,5.0,0.25,-0.43205520627978056,0.9820450257076273,1.2783495264471325,1.4061177370503587e-5,1.406117736744888e-5,1.0502073854871206
682588162,0.1,0.8,5.0,0.25,-0.8230315592621944,1.378003663398857,1.9870912454815348,8.436706422302152e-6,8.436706420609512e-6,1.05001522159951
682593850,0.1,0.8,5.0,0.25,-0.9131193846813572,1.686003877672792,1.6841194801027193,5.2870026913093485e-5,5.2870026903912075e-5,1.050125933108832
686751377,0.1,0.8,5.0,0.25,-0.19513322680869222,0.8496427960651434,0.8949685235196005,4.049619082705033e-5,4.0496190815834596e-5,1.050372646626274
686751932,0.1,0.8,5.0,0.25,-0.7606964976498197,0.44913872020518786,0.7339361054486409,4.499576758561148e-6,4.499576757725244e-6,1.0507164492002026
686754498,0.1,0.8,5.0,0.25,-0.25540991012564096,0.8262670380160514,0.9792008434706883,2.249788379280574e-5,2.2497883787516723e-5,1.050069236586488
686756186,0.1,0.8,5.0,0.25,-0.0800272570114515,0.3444573141569288,0.7432264358973578,1.124894189640287e-6,1.1248941894226786e-6,1.0500006009313256
686756231,0.1,0.8,5.0,0.25,0.3741985249223474,0.7051703648738449,0.6461941114062242,8.099238165410066e-5,8.099238163729815e-5,1.0510898508104345
686756346,0.1,0.8,5.0,0.25,-0.6437221471130997,1.0557147607226802,1.3635346099319396,1.462362446532373e-5,1.4623624462380321e-5,1.0501879790547102
686756397,0.1,0.8,5.0,0.25,-0.2759716733781266,0.9752812809674091,1.0521299233171972,3.5996614068489185e-5,3.599661406190813e-5,1.050039909825411
686757656,0.1,0.8,5.0,0.25,0.9320365874270203,0.23002387715355527,0.3468389916055009,6.749365137841721e-6,6.749365136546561e-6,1.0500017909883883
686758376,0.1,0.8,5.0,0.25,-0.7675609235721208,0.9618847897292435,1.0504266866176528,3.374682568920861e-5,3.3746825681760965e-5,1.0507716455185343
686758456,0.1,0.8,5.0,0.25,0.18313301990529798,0.5397116981882629,0.5958850497717696,3.205948440474818e-5,3.2059484398820174e-5,1.0500395455959672
686759221,0.1,0.8,5.0,0.25,0.35052982015955514,0.5901628657537075,0.6689037923076221,2.8122354741007175e-5,2.812235473583721e-5,1.0500150039082208
68675958x,0.1,0.8,5.0,0.25,1.1932882732316858,0.2772669609810917,0.2595575377401666,7.311812232661866e-5,7.311812231220446e-5,1.0501639137529173
686761233,0.1,0.8,5.0,0.25,-0.25501329350319957,1.2556044642427475,0.9891185292264242,0.0001732337052046042,0.000173233705170768,1.0502088042115483
686767272,0.1,0.8,5.0,0.25,-0.16007731258588262,1.0758590145656721,1.1368223936075874,3.9933743732230185e-5,3.993374372477428e-5,1.0500073957163127
686767766,0.1,0.8,5.0,0.25,0.05226725718188643,0.9862542094131317,0.7743939663887066,0.00017435859939424447,0.00017435859938682454,1.0522909976919066
68676862x,0.1,0.8,5.0,0.25,-0.17173277926428088,0.2988491071574233,0.5945811487178863,1.6873412844604303e-6,1.6873412840933023e-6,1.0500206994460202
686768910,0.1,0.8,5.0,0.25,0.22470884098055288,0.762158920800465,0.7345996802293788,6.299407461985607e-5,6.299407460704048e-5,1.0508300469637204
686769681,0.1,0.8,5.0,0.25,-0.006020348708438456,0.6965177898274363,0.7893064664174425,2.8122354741007175e-5,2.8122354735775442e-5,1.0502044064021683
686770412,0.1,0.8,5.0,0.25,1.4673780378415109,0.11443666853390096,0.19821034872723498,3.3746825689208607e-6,3.3746825683086825e-6,1.0500014892501341
68677160x,0.1,0.8,5.0,0.25,1.1373349363319565,0.15790668951651207,0.19821034872723498,1.6873412844604303e-5,1.6873412841280892e-5,1.0501013981551055
686773955,0.1,0.8,5.0,0.25,0.17511326648613934,0.8591692610666724,0.8317379697170093,6.186918043021579e-5,6.186918041837807e-5,1.050013663002233
686777999,0.1,0.8,5.0,0.25,-0.3547329799602229,2.4862958980615897,1.3392984660442169,0.0011496418618123733,0.0011496418616044936,1.0518663170040419
686778430,0.1,0.8,5.0,0.25,-0.4135004131654722,1.3102047821444285,1.3517430802883195,4.499576758561148e-5,4.499576757592141e-5,1.0500459696541924
686781656,0.1,0.8,5.0,0.25,-0.14147652740285271,0.9007776793107548,0.8082587490383767,8.999153517122296e-5,8.999153515939987e-5,1.0510526941306317
686782624,0.1,0.8,5.0,0.25,-0.6823472127222819,2.0977325640130804,1.9701307007810431,7.199322813697837e-5,7.199322812350462e-5,1.0500122647126262
686785243,0.1,0.8,5.0,0.25,1.0005484616466285,0.3744588696663951,0.3556430525836718,6.805609847323736e-5,6.805609846024233e-5,1.050059729323985
686786852,0.1,0.8,5.0,0.25,-0.4450779031280871,1.4598071480990455,1.1263078307712497,0.00018954467095438836,0.00018954467092278192,1.0531583772516748
686787054,0.1,0.8,5.0,0.25,0.13438903427077728,0.9436389855859578,0.8518518271624184,8.774174679194238e-5,8.774174677413234e-5,1.0500214733989468
686787329,0.1,0.8,5.0,0.25,0.6119176414857815,0.358935203666381,0.453624419429718,1.631096574978416e-5,1.6310965746774463e-5,1.0500774076712736
686788065,0.1,0.8,5.0,0.25,0.37963431759144406,0.679701224105399,0.6556318714152846,6.299407461985607e-5,6.299407460706929e-5,1.0500154149320025
686790851,0.1,0.8,5.0,0.25,-0.8483145884515173,2.283221658483729,1.9870912454815348,0.00010517760673136683,0.00010517760671065852,1.050372223912282
686792646,0.1,0.8,5.0,0.25,-0.6754058097363098,1.0921153666825836,1.6756377440888088,6.1869180430215785e-6,6.186918041777508e-6,1.0500044292440958
686793083,0.1,0.8,5.0,0.25,-0.1849955968089174,0.6390592266796589,0.9343417848767938,7.874259327482009e-6,7.874259326078045e-6,1.05000414983761
686794836,0.1,0.8,5.0,0.25,1.029749501780011,0.17113929082968513,0.2133779036673548,1.7435859939424446e-5,1.7435859936016457e-5,1.0502899980850593
686795919,0.1,0.8,5.0,0.25,-0.14212787436317714,1.079304959705424,0.9513298521245374,9.84282415935251e-5,9.842824157354749e-5,1.0509612966760866
686796006,0.1,0.8,5.0,0.25,-0.6350530337633243,2.2179387885005353,1.9870912454815348,9.111642936086324e-5,9.111642934440442e-5,1.050050117366117
686796743,0.1,0.8,5.0,0.25,-0.5199270464813714,0.8940034759306987,1.1548595497604477,1.462362446532373e-5,1.4623624462598197e-5,1.0500177782726678
686797981,0.1,0.8,5.0,0.25,-0.5376393855756745,1.8966559363192126,1.3705784824549239,0.000266599922944748,0.00026659992289642797,1.0502924935494282
686799565,0.1,0.8,5.0,0.25,-0.2894978529916833,0.5086472009565403,0.754660661495934,7.311812232661865e-6,7.311812231190475e-6,1.050165051075393
689643910,0.1,0.8,5.0,0.25,-1.0065523901011364,1.9128658381856924,1.9870912454815348,4.330842630115105e-5,4.330842630760122e-5,1.0508720485378178
690300894,0.1,0.8,5.0,0.25,-0.16413147041192838,0.8707371425690891,0.922662528513743,3.937129663741004e-5,3.9371296626630816e-5,1.050040049119348
690302478,0.1,0.8,5.0,0.25,0.13690466476728455,0.809642345780268,0.8439531467078276,4.274597920633091e-5,4.2745979198621775e-5,1.050010020766991
690305521,0.1,0.8,5.0,0.25,0.16286730810801597,1.038153368133019,0.8830238230683353,0.00011811388991223013,0.00011811388989360284,1.0500899991155228
690309258,0.1,0.8,5.0,0.25,-0.8729426016423079,1.885862396505967,1.9870912454815348,4.049619082705033e-5,4.049619081942035e-5,1.0500427390699403
690309418,0.1,0.8,5.0,0.25,0.4596988262594821,0.41618078902692596,0.5037423542326985,2.0248095413525164e-5,2.0248095409807164e-5,1.0500122024008036
690311892,0.1,0.8,5.0,0.25,-0.9825880039598228,2.0534690018485695,1.9870912454815348,6.186918043021579e-5,6.186918041888972e-5,1.0504444452797912
690315519,0.1,0.8,5.0,0.25,1.415029913221734,0.16724737961596797,0.19821034872723498,2.249788379280574e-5,2.2497883788619133e-5,1.0500313913155064
690316052,0.1,0.8,5.0,0.25,-0.8714830036858002,1.723336469309489,1.945504435595181,2.8684801835827318e-5,2.8684801830435265e-5,1.05003820935135
690316482,0.1,0.8,5.0,0.25,0.11315997176888393,1.0197774708847378,0.898628320595933,9.899068868834526e-5,9.899068866998767e-5,1.050035695058823
690317565,0.1,0.8,5.0,0.25,0.19795236909436845,1.0086761795186452,0.8499807475787908,0.00012373836086043157,0.00012373836083690124,1.050121195580469
690319499,0.1,0.8,5.0,0.25,-0.6278526214642599,1.68378265972485,1.2646283706733257,0.00021935436697985596,0.00021935436693537366,1.0507308299353444
69031951x,0.1,0.8,5.0,0.25,-0.20435943494177256,1.2922605241453564,1.2174757192221464,7.086833394733808e-5,7.086833393366597e-5,1.0500184850221106
69032241x,0.1,0.8,5.0,0.25,1.0871173339350384,0.2042924693717861,0.2531615047275375,1.7998307034244593e-5,1.7998307029435468e-5,1.0500403268992782
690322743,0.1,0.8,5.0,0.25,0.5265499293008994,0.27094467833208724,0.4236390542855747,5.624470948201435e-6,5.624470947041675e-6,1.0501852640318057
690323287,0.1,0.8,5.0,0.25,-0.49441422842367466,0.8389881917968475,1.1539568272217298,1.0686494801582727e-5,1.0686494799346256e-5,1.0500182606999846
69032372x,0.1,0.8,5.0,0.25,-0.5329705611839369,1.1868698775060096,1.1668654901829325,5.624470948201435e-5,5.6244709470570006e-5,1.053813108176177
690327464,0.1,0.8,5.0,0.25,0.3932359647574172,0.19784239126036005,0.3716132179486789,2.249788379280574e-6,2.249788378822369e-6,1.0500197933425441
690328512,0.1,0.8,5.0,0.25,-0.6360853462789344,1.1985305882365693,1.393549567307546,2.4747672172086314e-5,2.4747672166731067e-5,1.0500680650477645
690331623,0.1,0.8,5.0,0.25,0.6753432256469933,0.6289130772206696,0.5319574305791798,0.00012148857248115099,0.00012148857246129469,1.0500362200599407
690331762,0.1,0.8,5.0,0.25,-0.3715869507133405,0.835780917519527,1.011613728469361,2.0248095413525164e-5,2.0248095409748332e-5,1.050022296417369
690332116,0.1,0.8,5.0,0.25,-0.1775272351198605,1.18540026707165,0.8912849817785011,0.0002137298960316545,0.00021372989599430532,1.0550498918019378
690335122,0.1,0.8,5.0,0.25,0.45813654944170423,0.5875057837226163,0.615672719314919,4.162108501669062e-5,4.1621085008934726e-5,1.0500190460947103
690336328,0.1,0.8,5.0,0.25,-0.1249971265921421,0.492904430997069,0.6033249974789842,1.912320122388488e-5,1.9123201219746567e-5,1.0502601894490384
69033682x,0.1,0.8,5.0,0.25,0.22790376812327873,1.0839701248812765,0.8231735172141946,0.0002081054250834531,0.00020810542504285054,1.050187543067548
690336870,0.1,0.8,5.0,0.25,-0.8884814997286046,1.78047082372663,1.5725796615962162,9.561600611942439e-5,9.561600609965998e-5,1.0549058653929813
690337822,0.1,0.8,5.0,0.25,0.5793915721051366,0.1722287835070747,0.3716132179486789,1.124894189640287e-6,1.12489418934237e-6,1.0500013717246486
690338585,0.1,0.8,5.0,0.25,0.3596230581347003,0.3883158922436646,0.5527746616986599,8.999153517122296e-6,8.999153515405642e-6,1.0500121523782382
690339086,0.1,0.8,5.0,0.25,0.5202412677504854,0.5883588178002822,0.5760004878204523,5.849449786129492e-5,5.8494497849937666e-5,1.0500114432177046
690339705,0.1,0.8,5.0,0.25,0.5220067988443357,0.3181606613746509,0.5202585051281505,4.499576758561148e-6,4.499576757659797e-6,1.0500030949393655
690341143,0.1,0.8,5.0,0.25,-0.6224515637603458,1.3459264858938087,1.35169204697897,5.118268562863306e-5,5.118268561432663e-5,1.051275605983875
690342576,0.1,0.8,5.0,0.25,-0.49858682808537746,1.0425834503886986,1.2356139496793574,2.249788379280574e-5,2.2497883786732645e-5,1.050019369271752
690344221,0.1,0.8,5.0,0.25,0.35778104840730685,0.4863700129642278,0.6332289574067551,1.4061177370503587e-5,1.4061177367754456e-5,1.0500241959870924
690345160,0.1,0.8,5.0,0.25,-0.2977179295252931,0.6406218722381486,0.6969271039062624,3.430927278402875e-5,3.430927364821251e-5,1.0513074036641403
690347772,0.1,0.8,5.0,0.25,-0.1459828113143496,0.6223700528120685,0.8472781085711494,1.124894189640287e-5,1.1248941893347325e-5,1.0500210051581078
690347780,0.1,0.8,5.0,0.25,-0.4230841756684061,1.9773583787157591,1.3938268482883456,0.0003014716428235969,0.00030147164276921767,1.0505697444525375
69375033x,0.1,0.8,5.0,0.25,-0.02423863529143613,0.578900453968996,0.7216489147879626,1.7435859939424446e-5,1.743585993585386e-5,1.0504777861212244
693751180,0.1,0.8,5.0,0.25,0.22962606084792134,1.6457233301505962,0.8944502519113163,0.0011023963058474813,0.0011023963056367343,1.0513097820992034
693751447,0.1,0.8,5.0,0.25,0.03147663289632212,0.740946672527697,0.6972172140939958,7.086833394733808e-5,7.086833393559174e-5,1.0512984554918041
693751842,0.1,0.8,5.0,0.25,0.4490225429213073,0.6828567372985638,0.6317424705127541,7.76176990851798e-5,7.76176990704518e-5,1.0500137627429356
693754402,0.1,0.8,5.0,0.25,0.10611642980335505,0.724916558776492,0.6112104234490633,0.00012317591376561143,0.00012317591374566057,1.0504846959524201
693756336,0.1,0.8,5.0,0.25,1.4106645619407512,0.1483991992422239,0.19821034872723498,1.2373836086043157e-5,1.2373836083855525e-5,1.0500306599778768
693758470,0.1,0.8,5.0,0.25,0.8336669071852867,0.2978820574821504,0.353032557051245,2.249788379280574e-5,2.2497883788512193e-5,1.0500231468054353
693760095,0.1,0.8,5.0,0.25,-0.095243265478639,0.7347079541415515,0.9726572391385231,1.29362831808633e-5,1.2936283178233036e-5,1.0500032312680279
693760351,0.1,0.8,5.0,0.25,-0.44426919029412426,0.8591992790908777,1.1374596011784948,1.29362831808633e-5,1.2936283177348345e-5,1.0500104962010466
693760917,0.1,0.8,5.0,0.25,-0.1782805029698872,1.1787824350959466,1.022427899359339,0.00010630250092100712,0.00010630250090042047,1.051695190467165
693761389,0.1,0.8,5.0,0.25,-0.016803756645304337,1.0045946822369476,0.9932207567429795,5.5682262387194207e-5,5.5682262376341194e-5,1.050024260669831
693763982,0.1,0.8,5.0,0.25,1.1968067730485703,0.09186329958302314,0.19821034872723498,1.124894189640287e-6,1.1248941894144812e-6,1.0500041131584195
693766761,0.1,0.8,5.0,0.25,0.7884333420052613,0.5948736403934226,0.4705460016161143,0.00016985902263568333,0.00016985902260224173,1.0500319981459705
693768716,0.1,0.8,5.0,0.25,0.45618147864602054,0.6153093740578064,0.5396649842022965,0.00010124047706762583,0.00010124047705586152,1.0502581852750439
693769014,0.1,0.8,5.0,0.25,-0.9594134070600286,1.3779915409610042,1.9870912454815348,8.436706422302152e-6,8.436706420670609e-6,1.0500059845076923
693774331,0.1,0.8,5.0,0.25,-0.24376780385291336,0.6593056774458613,0.8274587558484455,1.6873412844604303e-5,1.6873412843040698e-5,1.0502616153705782
693775043,0.1,0.8,5.0,0.25,0.40270052186338817,0.25746311601430855,0.4459358615384147,3.3746825689208607e-6,3.374682568193328e-6,1.0500105350141902
69377629x,0.1,0.8,5.0,0.25,-0.05859375684050042,0.6444397064413628,0.8202034494896419,1.5748518654964018e-5,1.5748518652032996e-5,1.0500509640207898
693776644,0.1,0.8,5.0,0.25,0.04523685770369239,1.4431181674167541,0.858685541682317,0.000694059715008057,0.0006940597148217252,1.0533822505716273
693777604,0.1,0.8,5.0,0.25,-0.78742979247355,2.7609643159485127,1.9870912454815348,0.00027222439389294945,0.0002722243938402437,1.0501593317349733
693778244,0.1,0.8,5.0,0.25,0.12716939776981803,0.6438638172948956,0.6083668049243435,6.974343975769779e-5,6.974343974462609e-5,1.0503292462512595
693779378,0.1,0.8,5.0,0.25,0.1335565502434349,0.8468093726193039,0.8441487743936679,5.343247400791363e-5,5.343247399777706e-5,1.0500336705330249
693788661,0.1,0.8,5.0,0.25,0.4121345583978432,0.4927844013561508,0.6033249974789842,1.912320122388488e-5,1.9123201220051675e-5,1.05000443529644
693788936,0.1,0.8,5.0,0.25,-0.11986119443455526,0.6036801504493415,0.8593555665063201,8.999153517122296e-6,8.99915351540746e-6,1.0500048126337829
693791182,0.1,0.8,5.0,0.25,1.0351179494868206,0.1827436645738826,0.26012925256407526,8.999153517122296e-6,8.999153515387993e-6,1.0500510766149813
693791596,0.1,0.8,5.0,0.25,0.22280496598488503,0.49280041419531045,0.6033249974789842,1.912320122388488e-5,1.9123201219893964e-5,1.0500385547875326
693794092,0.1,0.8,5.0,0.25,0.31238157527006544,0.9419705431567821,0.7170910023466727,0.00020473074251453223,0.00020473074246967144,1.0510516456389818
693794260,0.1,0.8,5.0,0.25,1.4888285630790603,0.2024672647384716,0.19821034872723498,5.849449786129492e-5,5.8494497850902105e-5,1.0500333836907578
693794316,0.1,0.8,5.0,0.25,-0.4329006171262284,0.9580473539140881,1.118296522638108,2.418522507726617e-5,2.4185225072132254e-5,1.0507940251125956
693795618,0.1,0.8,5.0,0.25,0.1932099307125814,0.5663962742063808,0.711019952283166,1.6873412844604303e-5,1.6873412840981184e-5,1.0500153152579617
693796207,0.1,0.8,5.0,0.25,-0.4912434915597254,1.2051996129227138,1.2807191731112675,3.88088495425899e-5,3.880884953452028e-5,1.0500658597272101
693796864,0.1,0.8,5.0,0.25,-0.2573418567668896,1.1923612588145505,1.2015493574476643,5.0620238533812914e-5,5.0620238523170304e-5,1.05002351236102
695453937,0.1,0.8,5.0,0.25,0.6892613726127751,0.2706702266963735,0.36147832167002353,1.2373836086043157e-5,1.2373836088725292e-5,1.050158804485698
697150833,0.1,0.8,5.0,0.25,0.23610131123728753,0.6271145363361972,0.7432264358973578,2.249788379280574e-5,2.2497883788547467e-5,1.0500137960573463
69715210x,0.1,0.8,5.0,0.25,-0.10026618978749668,0.41373746338865186,0.7432264358973578,2.8122354741007174e-6,2.8122354733362003e-6,1.050004069913969
697153495,0.1,0.8,5.0,0.25,0.23233440266666566,0.7367145743168961,0.6729485364715627,8.267972293856109e-5,8.267972293293556e-5,1.0501110444395954
69715456x,0.1,0.8,5.0,0.25,-1.0380900589512918,1.2441619236904427,1.9870912454815348,5.062023853381291e-6,5.062023852022173e-6,1.0500062369452166
697154930,0.1,0.8,5.0,0.25,0.15393156918553685,0.7405890135755178,0.7989684185896597,3.5996614068489185e-5,3.5996614061182455e-5,1.050008807368873
697155431,0.1,0.8,5.0,0.25,0.7965355183111278,0.7962980233521705,0.4924968101195234,0.0005736960367165463,0.0005736960366032449,1.0527699157864276
697156055,0.1,0.8,5.0,0.25,0.1593738308107331,1.086429463024823,0.7366047222500492,0.0003661530587279134,0.0003661530586571088,1.0505872428222511
697156696,0.1,0.8,5.0,0.25,0.0445600524557142,0.7170449430132437,0.7086926916176296,5.5682262387194207e-5,5.568226237301416e-5,1.050370869626278
69715747x,0.1,0.8,5.0,0.25,-0.1884352602174832,0.849787423152389,0.8311272711151253,5.849449786129492e-5,5.8494497865413514e-5,1.0510354954281145
697158907,0.1,0.8,5.0,0.25,-0.400219385393796,1.5285802697089639,1.45424645906012,6.749365137841721e-5,6.749365136521473e-5,1.0500144359070187
697160855,0.1,0.8,5.0,0.25,-0.2315702475049183,0.8386232187464252,0.8322587929907609,5.399492110273377e-5,5.399492109206634e-5,1.0525325322094052
697162789,0.1,0.8,5.0,0.25,-0.04634507762592838,0.6357099519483989,0.9433258445898166,7.311812232661865e-6,7.311812231349001e-6,1.0500014318107085
697162893,0.1,0.8,5.0,0.25,0.028967727681987625,0.5513004637969606,0.8621426939927737,5.624470948201435e-6,5.624470947086636e-6,1.0500028797124352
697167213,0.1,0.8,5.0,0.25,0.014538212306908858,0.547381638833217,0.718452244993978,1.3498730275683443e-5,1.3498730271980491e-5,1.05010168543639
697172434,0.1,0.8,5.0,0.25,0.5318726299692244,0.49972994188979974,0.40001509747125874,0.00015748518654964017,0.00015748518652018248,1.053437239635024
697175969,0.1,0.8,5.0,0.25,-0.5679232250081997,1.3673196196191542,1.3717375056139312,5.17451327234532e-5,5.174513271094769e-5,1.0500808814444649
69717750x,0.1,0.8,5.0,0.25,1.531017198660168,0.14839517157118043,0.19821034872723498,1.2373836086043157e-5,1.2373836083801025e-5,1.0500021613204156
697177710,0.1,0.8,5.0,0.25,0.31755549816070966,0.5868814695323247,0.6824169873458292,2.4747672172086314e-5,2.474767216747029e-5,1.0500048793159062
69717777x,0.1,0.8,5.0,0.25,-0.15221212402421216,1.351134089508945,1.0051684341372902,0.00023060330887625884,0.0002306033088159986,1.0502292821199823
697177841,0.1,0.8,5.0,0.25,1.4446298496974574,0.20904764610432694,0.19821034872723498,6.86185455680575e-5,6.861854556317679e-5,1.0500942356950793
697179361,0.1,0.8,5.0,0.25,-0.2891903098986959,0.5719623089374314,0.7634962284546686,1.2373836086043157e-5,1.2373836083579858e-5,1.0506480601760502
697182368,0.1,0.8,5.0,0.25,0.43651024236573227,0.35550017693344416,0.4889647735155558,1.0686494801582727e-5,1.0686494798774543e-5,1.0500084962029144
697183651,0.1,0.8,5.0,0.25,-0.8442133284164871,1.3936223650549346,1.8614443530631481,1.2373836086043157e-5,1.2373836083793426e-5,1.0500060416910486
697185382,0.1,0.8,5.0,0.25,-0.22030498547628047,0.9912868036486135,1.142306702372766,2.58725663617266e-5,2.5872566356400816e-5,1.0501378644636994
697186086,0.1,0.8,5.0,0.25,-0.31388679027617067,1.2015314142697486,1.2882592028084845,3.712150825812947e-5,3.712150825102109e-5,1.0500364471959223
697186625,0.1,0.8,5.0,0.25,-0.5765077298322232,1.1813193226784753,1.5926280971742228,1.1811388991223012e-5,1.1811388988841312e-5,1.0500025651035048
69718761x,0.1,0.8,5.0,0.25,-0.4067966995524837,1.0791096178859791,1.2134601065722928,2.924724893064746e-5,2.9247248932256267e-5,1.0500758631822291
697190878,0.1,0.8,5.0,0.25,0.8133149340884721,0.22788429713166516,0.19821034872723498,0.00010124047706762583,0.0001012404770517808,1.0590460825863306
697191758,0.1,0.8,5.0,0.25,1.5476215780330003,0.2162116111197816,0.19821034872723498,8.099238165410066e-5,8.099238163738582e-5,1.050658246237469
697193833,0.1,0.8,5.0,0.25,0.614770781732704,0.5144004119046706,0.5255672805730451,4.724555596489205e-5,4.7245555955846646e-5,1.0500220395047946
697194094,0.1,0.8,5.0,0.25,-0.06450914328021007,0.8634134699845993,0.8821389621878896,4.724555596489205e-5,4.724555595566197e-5,1.0500433835043927
697197068,0.1,0.8,5.0,0.25,0.5332603134323509,0.3903394419938349,0.5314069087545705,1.124894189640287e-5,1.1248941894308125e-5,1.0500029664725872
704943461,0.1,0.8,5.0,0.25,1.4053983621471675,0.2148856140401503,0.19821034872723498,7.874259327482009e-5,7.874259325796043e-5,1.0501145925043054
706400014,0.1,0.8,5.0,0.25,-0.15404834583117283,0.889114709261218,0.8659289402689391,5.961939205093521e-5,5.961939204119693e-5,1.051467012463087
706400030,0.1,0.8,5.0,0.25,0.5273588585768478,0.5883603331387199,0.5760004878204523,5.849449786129492e-5,5.849449784954394e-5,1.0500141475598228
706400110,0.1,0.8,5.0,0.25,-0.3650421985657651,1.5225465846146737,1.2260542767646285,0.0001552353981703596,0.00015523539813823182,1.0501718213839812
706400225,0.1,0.8,5.0,0.25,0.5769202495185799,1.1763168777056212,0.6554844418549411,0.0009719085798492079,0.0009719085796699557,1.051561015607339
70640113x,0.1,0.8,5.0,0.25,0.09844482063945749,0.9595177198629795,0.8200869234332935,0.00011530165443812942,0.00011530165441721402,1.0500829931492892
706401332,0.1,0.8,5.0,0.25,-0.11788135725045372,1.627608855836208,1.040177638749126,0.0004927036550624457,0.0004927036549671422,1.050323286449541
706402458,0.1,0.8,5.0,0.25,-0.0040193688321727575,1.3989629986724483,0.9345403895056794,0.0003909007308999997,0.00039090073082398197,1.0524281982910944
706403354,0.1,0.8,5.0,0.25,0.013847550162365344,0.6553531425346334,0.8532239143879605,1.4061177370503587e-5,1.406117736750374e-5,1.0500395317419582
706403418,0.1,0.8,5.0,0.25,-0.5767863396147824,1.4203887492477585,1.1790846364311447,0.00013273751437755386,0.0001327375143499809,1.0511413652562724
706405763,0.1,0.8,5.0,0.25,0.5009882552593571,0.5883617476508661,0.5760004878204523,5.849449786129492e-5,5.849449784924012e-5,1.050016671962512
706406088,0.1,0.8,5.0,0.25,-0.403658089746623,0.9268642865517022,0.9604772184274789,4.387087339597119e-5,4.38708733871975e-5,1.0507307547909945
706406395,0.1,0.8,5.0,0.25,-0.32030700987420097,1.4793385072547356,1.1715726041744738,0.00016873412844604306,0.0001687341284147825,1.0501597964056213
706407152,0.1,0.8,5.0,0.25,0.8981991510254723,0.5113158195410156,0.40481066919900605,0.00016873412844604306,0.00016873412841547037,1.0504957818105023
706407793,0.1,0.8,5.0,0.25,0.6353236021651032,0.5294062126402813,0.4925261897121976,7.536791070589923e-5,7.536791068968577e-5,1.0503161167376898
706408681,0.1,0.8,5.0,0.25,-0.2465641550729202,1.0094393388525786,1.004129906292025,5.399492110273377e-5,5.399492109236264e-5,1.0500678492933282
70640869x,0.1,0.8,5.0,0.25,0.21344539400313173,0.8818284555869226,0.6974515420394263,0.00016985902263568333,0.0001698590226010675,1.0501466856440835
706409713,0.1,0.8,5.0,0.25,-0.10543822420274004,1.161973357530023,0.9543027550329429,0.00014061177370503587,0.00014061177367706665,1.0502755988112071
706409967,0.1,0.8,5.0,0.25,1.027830501338883,0.1694744761662465,0.22634622952875916,1.2373836086043157e-5,1.237383608352331e-5,1.0500930501084003
706409991,0.1,0.8,5.0,0.25,0.2368141443354756,0.809505988446938,0.6859216289858195,0.0001203636782915107,0.00012036367826887657,1.0501324969377879
706411194,0.1,0.8,5.0,0.25,0.38855041306796684,1.4579278282967478,0.681861787467863,0.0023065955358574086,0.002306595535542057,1.0540058072708867
706411725,0.1,0.8,5.0,0.25,-0.941105817582196,1.147251181628633,1.9870912454815348,3.3746825689208607e-6,3.374682568192619e-6,1.05000589704226
706412373,0.1,0.8,5.0,0.25,-0.9552041603470318,1.386421273689853,1.265608493731224,7.874259327482009e-5,7.874259324329402e-5,1.0610882621251791
706413202,0.1,0.8,5.0,0.25,-0.49189940605057936,1.5621701319285832,1.4046511549605973,8.94290880764028e-5,8.942908805997716e-5,1.0501750813028183
70641351x,0.1,0.8,5.0,0.25,0.043761924045997144,1.013816522137663,0.8606702412588438,0.00011923878410187041,0.00011923878408191098,1.0501145840688684
706413552,0.1,0.8,5.0,0.25,-0.7729588835800104,2.926375728509184,1.9870912454815348,0.0003639032703486328,0.00036390327027655786,1.0502984015134496
706413966,0.1,0.8,5.0,0.25,0.0025495952481749775,0.6969681235246817,0.72836192135533,4.2183532111510764e-5,4.2183532103498456e-5,1.0501098077530895
706414395,0.1,0.8,5.0,0.25,-0.766634073540551,2.457903260551957,1.6330045174581183,0.0003993374373223019,0.00039933743725546094,1.0536758211591826
706414635,0.1,0.8,5.0,0.25,0.33675956095081,0.7604563729560255,0.6648424623181427,0.00010292781835208626,0.00010292781832986597,1.050138597540152
706414774,0.1,0.8,5.0,0.25,-0.5024116265160478,1.923856552695046,1.4639124513693276,0.00020585563670417253,0.00020585563669274308,1.050370823314053
706417270,0.1,0.8,5.0,0.25,0.2641663091111734,1.1710557775769816,0.8063514499810301,0.00033971804527136665,0.0003397180452021269,1.0500914119635667
706418863,0.1,0.8,5.0,0.25,-0.3991685187096414,1.0542014181943384,1.1077128521953594,4.105863792187047e-5,4.105863791465662e-5,1.050057579334113
706419946,0.1,0.8,5.0,0.25,0.06155283149098919,2.168284637716052,1.06957743210828,0.001788019314433236,0.0017880193140645871,1.0515434947062083
706421691,0.1,0.8,5.0,0.25,0.3225089982918793,0.5151050528609094,0.5032704733202051,5.9056944956115064e-5,5.9056944944965196e-5,1.0501172281339854
706421747,0.1,0.8,5.0,0.25,-1.2066429335360116,0.9209540660894912,1.9870912454815348,1.124894189640287e-6,1.1248941893919795e-6,1.050014859461345
706422053,0.1,0.8,5.0,0.25,-1.044512353763445,2.5274754197516702,1.9870912454815348,0.00017435859939424447,0.0001743585993599978,1.0509403735420353
70642346x,0.1,0.8,5.0,0.25,1.650520251046413,0.24752039861642938,0.19821034872723498,0.00015973497492892074,0.00015973497489802838,1.050031400806965
70642442x,0.1,0.8,5.0,0.25,-0.7113207957555412,1.77319392893945,1.5676492768762702,9.730334740388482e-5,9.7303347379198e-5,1.0502178443619408
706424745,0.1,0.8,5.0,0.25,-0.5090020768065965,0.9129464745097858,1.05182698392253,2.58725663617266e-5,2.5872566356357458e-5,1.0503419854035858
706424825,0.1,0.8,5.0,0.25,-0.6439215392370852,0.657579129083546,0.9909685575699451,6.749365137841721e-6,6.749365136364702e-6,1.0505898025086833
706426142,0.1,0.8,5.0,0.25,-0.29502075662767113,0.939010029356497,0.9661943666665652,4.555821468043162e-5,4.5558214667871444e-5,1.050243520046348
706426409,0.1,0.8,5.0,0.25,0.27830887356298706,0.8640186772378263,0.5456156452714555,0.000478080030597122,0.0004780800305653889,1.0693843275565336
706426601,0.1,0.8,5.0,0.25,-0.1821796206212828,2.0169171670645603,1.08543085877815,0.001148516967622733,0.0011485169673756334,1.0530670766788386
706427006,0.1,0.8,5.0,0.25,-0.3594783351085755,1.7334501180484874,1.185112662579686,0.00035096698716776954,0.0003509669870927245,1.0507419634853412
70642821x,0.1,0.8,5.0,0.25,0.04498962032817604,1.7953557482549376,1.067737114269455,0.0007064335510941002,0.0007064335509638757,1.0501940036666555
706429095,0.1,0.8,5.0,0.25,0.17919827490477486,2.0650568880583933,0.9815040759530724,0.002159796844109351,0.0021597968437056404,1.0508844172957066
706429829,0.1,0.8,5.0,0.25,0.08612638180188523,1.7266983995132155,0.9181415443421354,0.0011552663327605748,0.001155266332495571,1.0645548533002893
706430117,0.1,0.8,5.0,0.25,0.34384260145687184,0.7570766629950425,0.5948193750411143,0.00017548349358388477,0.00017548349354667856,1.0502800558719225
706431005,0.1,0.8,5.0,0.25,0.2512122070342739,1.0536890586343188,0.784861748691474,0.0002289159675917984,0.0002289159675433345,1.050465296424999
706433123,0.1,0.8,5.0,0.25,0.06536347550225471,1.0386042963430584,0.9216007521608852,9.561600611942439e-5,9.561600610008207e-5,1.0500229575714721
70643349x,0.1,0.8,5.0,0.25,0.4601232781957231,0.4000384964730257,0.42116163519523675,4.049619082705033e-5,4.049619082914846e-5,1.0509154294791447
706439103,0.1,0.8,5.0,0.25,-0.5827748174391106,0.864207287046205,1.2634849410255082,7.874259327482009e-6,7.874259325796166e-6,1.050034410027215
706439373,0.1,0.8,5.0,0.25,-0.9423746303319611,1.2911125915441082,1.6430613398614282,1.5748518654964018e-5,1.574851865174676e-5,1.050170991523892
70643998x,0.1,0.8,5.0,0.25,0.16796118436947916,0.5725906151549719,0.5677637116914201,5.455736819755392e-5,5.4557368186238055e-5,1.0512440044574727
706440403,0.1,0.8,5.0,0.25,-0.14532092268539382,1.1563738985411067,0.6370512105178506,0.0008779799150142439,0.0008779799147953552,1.0854870307900446
706441377,0.1,0.8,5.0,0.25,-0.0283888400816343,0.7214689668728719,0.8051619485956055,3.0372143120287746e-5,3.037214311273735e-5,1.0501152018267268
706441641,0.1,0.8,5.0,0.25,-0.21127862817323426,1.0555128030217573,1.063639635685853,5.0620238533812914e-5,5.062023852437294e-5,1.0500301650826436
706442345,0.1,0.8,5.0,0.25,0.49331268788414845,1.1872706423686443,0.7060354864312286,0.0007058711039992801,0.0007058711038665509,1.0504508543294824
706443401,0.1,0.8,5.0,0.25,-0.36025771960236697,1.680958460143607,1.2476868713203635,0.0002328530972555394,0.0002328530972094796,1.0505883783899967
706445116,0.1,0.8,5.0,0.25,0.44585919819324227,0.6074203848202514,0.5767682910475773,6.805609847323736e-5,6.805609845820355e-5,1.050297173894053
706445394,0.1,0.8,5.0,0.25,-0.00651127116960221,0.5429182167062786,0.7828652122223618,8.436706422302152e-6,8.436706420478248e-6,1.0500511422292962
706445861,0.1,0.8,5.0,0.25,-0.039628139547541234,0.575388901744718,0.7432264358973578,1.462362446532373e-5,1.4623624462099611e-5,1.0500910260761762
706446573,0.1,0.8,5.0,0.25,0.20123524849579072,0.4338819878777596,0.5311883160795229,1.912320122388488e-5,1.9123201220522747e-5,1.0500466859475595
706446645,0.1,0.8,5.0,0.25,-0.1756650204678137,0.9477271879055643,1.0417984424781512,3.262193149956832e-5,3.262193149254781e-5,1.0509821056157287
706447023,0.1,0.8,5.0,0.25,0.24789680062518116,0.572079147798569,0.5764133969088083,5.0620238533812914e-5,5.06202385209337e-5,1.0501584583579724
706447218,0.1,0.8,5.0,0.25,-0.3147079422651908,1.4737666425373135,1.1707706015421249,0.00016592189297194232,0.00016592189293755235,1.0504461535827627
70644798x,0.1,0.8,5.0,0.25,-0.7876431030600024,3.1493588860122714,1.9870912454815348,0.0005242006923723737,0.0005242006922637409,1.0507573720904504
706448878,0.1,0.8,5.0,0.25,-0.31692140054730567,1.1500509381167159,1.2330802876293403,3.712150825812947e-5,3.7121508250190346e-5,1.050021565972366
706449272,0.1,0.8,5.0,0.25,-0.07894327583396697,1.359831213360022,0.8728569246519419,0.0004814547131660428,0.00048145471307462016,1.0505784198767698
70645002x,0.1,0.8,5.0,0.25,0.539945394910351,0.407988607518031,0.4587994096365606,2.924724893064746e-5,2.9247248922840046e-5,1.0500398992940765
70645029x,0.1,0.8,5.0,0.25,-0.6704401125074353,1.845577959644318,1.6258078285254702,9.899068868834526e-5,9.899068866883643e-5,1.0503690965238262
706450994,0.1,0.8,5.0,0.25,0.13561838143986216,0.49937369413040794,0.5484498368098649,3.262193149956832e-5,3.262193149108173e-5,1.051924172994382
706451743,0.1,0.8,5.0,0.25,-0.07667564424251469,2.1901502621545945,1.2136728871204423,0.0010045305113487763,0.0010045305111535975,1.0504545233688956
706453669,0.1,0.8,5.0,0.25,-0.040867496738147414,0.6078548192088881,0.7630457886200617,1.6873412844604303e-5,1.6873412840977613e-5,1.05004109957778
706455613,0.1,0.8,5.0,0.25,0.5811132082413206,0.8854615014770129,0.5357072447428373,0.0006440019235690643,0.0006440019234484548,1.051628508891786
706455648,0.1,0.8,5.0,0.25,0.3433112769897531,0.8686396428346866,0.7333395118864243,0.00012261346667079127,0.0001226134666477568,1.0500852214790612
70645619x,0.1,0.8,5.0,0.25,-0.9490478942745184,2.185805759168315,1.9123788562555213,0.00010236537125726611,0.00010236537123103216,1.0505207607059572
706456843,0.1,0.8,5.0,0.25,0.1771090077502022,0.43407154906550777,0.6178069748396787,8.999153517122296e-6,8.999153515461397e-6,1.0501849790207916
706458726,0.1,0.8,5.0,0.25,-0.09971989780237894,0.6906414169387117,0.7707533068033803,3.0372143120287746e-5,3.037214311368791e-5,1.0501219946818638
706459446,0.1,0.8,5.0,0.25,-0.0780743452218878,0.8340551216292048,0.5460438997924145,0.0003858387070466184,0.0003858387069310359,1.0766725859950215
706460105,0.1,0.8,5.0,0.25,0.03333436208951665,0.6067923391646421,0.719071590906613,2.249788379280574e-5,2.249788378800642e-5,1.050115924583323
706460498,0.1,0.8,5.0,0.25,-0.4846073973285975,2.0992389214347504,1.4819907176880527,0.0002997843015391365,0.0002997843014823142,1.050152158016107
706460738,0.1,0.8,5.0,0.25,-0.23639674158066243,1.541707469309184,1.0909603178461837,0.0002958471718753955,0.00029584717179527474,1.050454287949664
706460973,0.1,0.8,5.0,0.25,1.4035687559406738,0.22495158601512963,0.19821034872723498,9.899068868834526e-5,9.899068866916113e-5,1.0501261779206401
706461757,0.1,0.8,5.0,0.25,0.5170029342276034,0.5883595203400008,0.5760004878204523,5.849449786129492e-5,5.8494497849434095e-5,1.0500126970032946
706462207,0.1,0.8,5.0,0.25,0.14532726306171345,0.6219249814201033,0.6842809080902286,3.262193149956832e-5,3.2621931492899915e-5,1.0500240941995684
706462741,0.1,0.8,5.0,0.25,0.5945629677139148,0.26614526276350364,0.41620679701456076,5.624470948201435e-6,5.6244709471138885e-6,1.0500037656518522
706463760,0.1,0.8,5.0,0.25,0.2066407492698863,1.1329427964841723,0.8514707075730115,0.00021935436697985596,0.0002193543669383213,1.0500419109457455
706463904,0.1,0.8,5.0,0.25,0.7183948248630788,0.8849811652834455,0.5402036691343205,0.0006203791455866183,0.0006203791454610716,1.0501290684675535
706464122,0.1,0.8,5.0,0.25,0.23797767280303975,0.7431143038509392,0.6592855728463336,9.561600611942439e-5,9.561600609997561e-5,1.0502037120470566
706464253,0.1,0.8,5.0,0.25,-0.3721962886011496,1.0936162211349867,0.9457845160269281,0.00010855228930028769,0.0001085522892789761,1.0503706220168492
706465280,0.1,0.8,5.0,0.25,-0.49769610895515964,2.871346371405639,1.5114963342845111,0.00129362831808633,0.0012936283177684518,1.0512698370035056
706465758,0.1,0.8,5.0,0.25,-0.10711782495455295,1.3543290653808322,0.8855828600138346,0.0004387087339597119,0.00043870873387425607,1.050648296255158
706465811,0.1,0.8,5.0,0.25,-0.00618199960856402,1.024308251746857,0.840645337706815,0.000141174220799856,0.00014117422077053164,1.0501815954171916
70646590x,0.1,0.8,5.0,0.25,-0.09457081969180844,1.3355589720432541,1.1079695072136302,0.00013386240856719416,0.00013386240854034077,1.05002866255377
706466013,0.1,0.8,5.0,0.25,1.3819454391866075,0.2881047439303713,0.2175058959171721,0.00021429234312647468,0.00021429234308296272,1.0502088289189648
706466080,0.1,0.8,5.0,0.25,0.5457669205783361,0.33848065606116146,0.4608003760804426,1.124894189640287e-5,1.1248941894445492e-5,1.0500169618009725
70646611x,0.1,0.8,5.0,0.25,-0.6043804496458096,0.673345792517701,0.6756603898267256,4.949534434417263e-5,4.949534433340897e-5,1.0592401677663856
706466179,0.1,0.8,5.0,0.25,0.35158573119232633,1.0761062634304985,0.6402585831308792,0.0007019339743355391,0.0007019339741922692,1.0510856755656874
706466304,0.1,0.8,5.0,0.25,-0.7621642616832187,2.704690688323059,1.8348188579835139,0.00036502816453827313,0.00036502816446710475,1.0506468334615262
706466515,0.1,0.8,5.0,0.25,-0.48653775476172684,1.6438443476509916,1.3457079661801465,0.00014286156208431644,0.0001428615620492049,1.0503267118855815
70646697x,0.1,0.8,5.0,0.25,1.3819454391866075,0.2881047439303713,0.2175058959171721,0.00021429234312647468,0.00021429234308296272,1.0502088289189648
706467702,0.1,0.8,5.0,0.25,-0.6216267390688814,1.865301902954086,1.5862575808162687,0.00011811388991223013,0.00011811388989000744,1.050298749155528
706467745,0.1,0.8,5.0,0.25,0.009387774860491542,1.0443889036488736,0.8259165575917379,0.00016985902263568333,0.00016985902260441315,1.0502821200391137
706468588,0.1,0.8,5.0,0.25,0.16604305057436336,1.2327642688570193,0.8895394299599545,0.0002688497113240286,0.000268849711272497,1.0500513552289108
70646902x,0.1,0.8,5.0,0.25,0.7331916589661118,0.5323491051809653,0.47459039138207343,9.336621774014381e-5,9.336621772162637e-5,1.0501159481022515
706469337,0.1,0.8,5.0,0.25,0.22878745723983482,1.7911565614669576,0.9261178379546954,0.001419616467326042,0.0014196164670565261,1.0505838334823274
70646937x,0.1,0.8,5.0,0.25,-0.24301063747302215,0.7227342330861828,0.7201038104678058,5.0620238533812914e-5,5.0620238522894144e-5,1.0619799066153797
706469927,0.1,0.8,5.0,0.25,0.09033697843756004,0.709438675880322,0.7117201009356044,5.17451327234532e-5,5.174513271337981e-5,1.0500968319693822
706470602,0.1,0.8,5.0,0.25,0.186429472109571,1.172675971752531,0.8642167727402587,0.0002418522507726617,0.00024185225072638434,1.0501296700602372
706470733,0.1,0.8,5.0,0.25,-0.33254671049157647,1.2290649372894809,0.9728834159303769,0.00016873412844604306,0.0001687341284185604,1.0506814447111081
70647120x,0.1,0.8,5.0,0.25,0.23079924775820776,0.9199738832867006,0.6971021056295739,0.00020754297798863293,0.0002075429779473959,1.053064846386162
706471242,0.1,0.8,5.0,0.25,0.29929784273886434,1.0395162653315846,0.777686819794896,0.00022441639083323726,0.00022441639079151396,1.0500579224515303
706472093,0.1,0.8,5.0,0.25,-0.3279305348778355,1.3988614666510026,0.9641924433481329,0.00033409357432316524,0.0003340935742572185,1.0525312020230677
706473678,0.1,0.8,5.0,0.25,0.25998624427894745,1.1734690870074986,0.8247768136829292,0.0003065336666769782,0.0003065336666203167,1.0501158026186772
706474937,0.1,0.8,5.0,0.25,-0.13862158210566664,1.8437280803111,1.0511051461136178,0.0008132984991099275,0.0008132984989429028,1.0651194950516443
706475083,0.1,0.8,5.0,0.25,-0.4721693239824566,1.3301692834171608,0.9272569439471371,0.00030597121958215805,0.0003059712195135769,1.0591764721786112
706475921,0.1,0.8,5.0,0.25,0.5198555206005537,0.4506466621826083,0.4830971833332826,3.712150825812947e-5,3.712150825075128e-5,1.050205167253519
706476158,0.1,0.8,5.0,0.25,0.2822119115022599,0.76526429694008,0.6735227320813425,9.955313578316539e-5,9.955313576424106e-5,1.050136672630424
706477986,0.1,0.8,5.0,0.25,0.29853857502692477,1.6557547219857132,0.7676499854377479,0.002384213234942588,0.0023842132344725543,1.0562369531214981
706478655,0.1,0.8,5.0,0.25,1.1383819222107174,0.24455991141594385,0.26298780896371926,3.655906116330933e-5,3.6559061156130656e-5,1.0501425719316333
706479279,0.1,0.8,5.0,0.25,0.5332660063305894,0.525596146853978,0.4998197710530135,6.749365137841721e-5,6.749365136551557e-5,1.0504702970069466
706479519,0.1,0.8,5.0,0.25,0.5460497559930492,1.0049983503894866,0.554532511127168,0.0010062178526332366,0.0010062178524227231,1.054623761973298
706479789,0.1,0.8,5.0,0.25,-0.05749830254200088,1.6466132212992624,0.9387099526387378,0.0008380461712820138,0.0008380461711007894,1.0587762884182441
706481029,0.1,0.8,5.0,0.25,0.465135905118517,0.3810399653783091,0.45151004563172564,2.249788379280574e-5,2.2497883788612004e-5,1.0502009286148162
706481184,0.1,0.8,5.0,0.25,0.7385747313790371,0.28076648853326075,0.3749915167082307,1.2373836086043157e-5,1.2373836084303787e-5,1.0500756210516473
706481803,0.1,0.8,5.0,0.25,-0.3302807174376139,0.6697083471527322,0.8398458867399337,1.6873412844604303e-5,1.6873412841837806e-5,1.051097845818576
706482056,0.1,0.8,5.0,0.25,0.02915671296599907,0.6431898959024845,0.6288838963932111,5.849449786129492e-5,5.84944978558122e-5,1.0513404060892781
706482443,0.1,0.8,5.0,0.25,0.11348853354839594,1.2190557434306695,0.9099901781266675,0.00022610373211769767,0.00022610373207610908,1.0508069439468308
706483024,0.1,0.8,5.0,0.25,0.05968806421716489,1.1428862867293121,0.8186262367123527,0.0002716619467981293,0.0002716619467286631,1.0556239151630378
706483251,0.1,0.8,5.0,0.25,1.2960169867555835,0.18260071083271798,0.19821034872723498,3.487171987884889e-5,3.487171987330292e-5,1.0502170988410202
706483382,0.1,0.8,5.0,0.25,-0.6320522921537627,0.9134207600318726,1.1310977321312914,1.7998307034244593e-5,1.7998307031380215e-5,1.0508047691580782
706486081,0.1,0.8,5.0,0.25,0.12121221938416293,0.8512160302480698,0.7269117248146443,0.00011530165443812942,0.00011530165443642855,1.0509659172995938
70648609x,0.1,0.8,5.0,0.25,0.08815511621040742,0.6891948142610291,0.696774783653773,4.949534434417263e-5,4.949534433628039e-5,1.0513185466197674
706486188,0.1,0.8,5.0,0.25,0.1114972720511995,1.3686565987011075,0.8384007226505866,0.0006074428624057549,0.0006074428623625497,1.0508467492109375
706486268,0.1,0.8,5.0,0.25,0.40430808975375376,0.45187750574305113,0.510057371866735,2.8684801835827318e-5,2.868480184043194e-5,1.0501925748357017
706486399,0.1,0.8,5.0,0.25,-0.2667842475751646,0.9360949788343771,0.8389168678709812,8.999153517122296e-5,8.99915351829222e-5,1.0523453272188448
706486487,0.1,0.8,5.0,0.25,-0.1514406828066675,1.233296720027109,0.9831091444117149,0.0001631096574978416,0.0001631096575252117,1.050430989522773
706486962,0.1,0.8,5.0,0.25,-0.013635448902048765,1.6024919794919001,0.924584145249546,0.0007986748746446038,0.0007986748744717478,1.0562653621815312
706487041,0.1,0.8,5.0,0.25,0.9175701830574223,0.22450312867309058,0.25049483711502796,3.0372143120287746e-5,3.0372143122977994e-5,1.050330921255988
70648705x,0.1,0.8,5.0,0.25,0.01307016404630914,0.8514213425803128,0.6876221013811074,0.00015186071560143873,0.00015186071560594034,1.0517275173047114
706488431,0.1,0.8,5.0,0.25,0.0109508722245464,0.5853774401344851,0.4712606097062019,0.00015186071560143873,0.00015186071557908047,1.0550750959827255
706488677,0.1,0.8,5.0,0.25,0.008386691082784569,0.7558208545738409,0.6606457522996942,0.00010124047706762583,0.0001012404770864076,1.0538456501838873
706488781,0.1,0.8,5.0,0.25,0.23388283184801667,0.6509494890815384,0.6446351855647853,5.5119815292374064e-5,5.511981528879398e-5,1.0504354100017261
706489266,0.1,0.8,5.0,0.25,0.06288590311933366,0.8171318683783083,0.7772909572494546,6.749365137841721e-5,6.749365137633979e-5,1.0501553965496695
706489469,0.1,0.8,5.0,0.25,-0.04944895661084573,0.7720807994570381,0.7708997440493752,5.2870026913093485e-5,5.2870026917005104e-5,1.0505592829720023
706489987,0.1,0.8,5.0,0.25,-0.5679250723238743,1.5168519177843292,1.341696606306072,9.674090030906468e-5,9.674090029084194e-5,1.0509074211408465
70649046x,0.1,0.8,5.0,0.25,0.382214059432045,0.9888739507891554,0.6830903435108592,0.00033296868013352497,0.00033296868014129864,1.0509443844005408
706490830,0.1,0.8,5.0,0.25,-0.2325577859495866,0.8913067816697791,0.8381942503865095,7.086833394733808e-5,7.086833394193255e-5,1.0519369469441704
706490929,0.1,0.8,5.0,0.25,-0.30035708114774434,0.6004818388064426,0.8547104012819615,8.999153517122296e-6,8.999153516281811e-6,1.0501181768770163
706491075,0.1,0.8,5.0,0.25,0.045087735333333684,0.5553408006574541,0.45767100646316294,0.0001282379376189927,0.00012823793847879358,1.0661062661301979
706491374,0.1,0.8,5.0,0.25,0.2370010225302209,1.0397394379546085,0.7775005482157697,0.00022441639083323726,0.0002244163908390683,1.0505349823892867
706491745,0.1,0.8,5.0,0.25,1.5321469628465672,0.23394600729515197,0.19821034872723498,0.0001203636782915107,0.00012036367826550943,1.050238275317763
706491913,0.1,0.8,5.0,0.25,-0.2104868992944519,0.8839737960721503,0.9534201622995794,3.5996614068489185e-5,3.599661406928943e-5,1.050268521680444
706492297,0.1,0.8,5.0,0.25,-0.3236922952681328,0.3523426475477582,0.4545115484572459,1.462362446532373e-5,1.462362446562824e-5,1.051494258948808
706492748,0.1,0.8,5.0,0.25,-0.12208794186311674,0.9279747217896154,0.8456711263634062,8.324217003338124e-5,8.324217003652479e-5,1.051147313729945
706492836,0.1,0.8,5.0,0.25,0.20992847204505752,0.5406012689870587,0.5574198269230184,4.499576758561148e-5,4.499576758839288e-5,1.050649687843774
70649302x,0.1,0.8,5.0,0.25,-0.9191717183223593,2.2436473664648138,1.323445677290714,0.0005821327431388485,0.0005821327429771791,1.1006308833591103
706493636,0.1,0.8,5.0,0.25,0.5265350296635878,0.3562346337868926,0.4103902401416372,2.58725663617266e-5,2.587256635692089e-5,1.050434154926544
706493783,0.1,0.8,5.0,0.25,-0.5166438226206658,2.2138007873601446,1.4709689404604565,0.0004049619082705033,0.000404961908162332,1.0506300545175005
706494460,0.1,0.8,5.0,0.25,0.28360554419082745,0.590155999337968,0.7143231541104178,2.0248095413525164e-5,2.0248095410258527e-5,1.0500086653818967
706494487,0.1,0.8,5.0,0.25,-0.34346907838621443,1.056202640123222,1.1068047428073209,4.162108501669062e-5,4.162108500557467e-5,1.0500528979931172
706494612,0.1,0.8,5.0,0.25,-0.7547126074322956,3.519971236844166,1.9870912454815348,0.000913414081987913,0.0009134140818243214,1.0509580576872546
706494786,0.1,0.8,5.0,0.25,0.058070804781777105,1.2871610938999325,0.8396194973092909,0.00044320831071827305,0.0004432083106005383,1.0510573902554394
706496319,0.1,0.8,5.0,0.25,-0.28033673835860357,0.9403505245605166,0.9059327465149857,6.243162752503592e-5,6.243162751353922e-5,1.0531991542408852
706496343,0.1,0.8,5.0,0.25,0.5168112092759769,0.27839855252612006,0.37515237795207657,1.1811388991223012e-5,1.1811388988897997e-5,1.0505015436160212
706496538,0.1,0.8,5.0,0.25,0.9116663082531021,0.25740882027533524,0.19821034872723498,0.0001850450941958272,0.0001850450941566859,1.0603254940536704
706496634,0.1,0.8,5.0,0.25,-0.3406864305371536,0.9654897136106744,0.8876246885449944,7.874259327482009e-5,7.874259325617587e-5,1.0535956170287766
70649695x,0.1,0.8,5.0,0.25,0.05326016202718082,0.7576566669403331,0.787626974382665,4.330842630115105e-5,4.3308426293107164e-5,1.0501105153735975
706497493,0.1,0.8,5.0,0.25,-0.3641578622979564,1.4969212809555814,1.2555571999364268,0.00012655059633453228,0.00012655059631034164,1.0502851878086747
706497522,0.1,0.8,5.0,0.25,-0.22920986239906943,1.731577402920876,1.1343325351480955,0.00043533405139079104,0.00043533405131561143,1.0503513870024457
706498066,0.1,0.8,5.0,0.25,0.3530223023168467,1.0539581144821835,0.7653787905328998,0.0002604130049017264,0.00026041300485337316,1.0500549218449533
706498146,0.1,0.8,5.0,0.25,0.02692653885327029,0.645015155804549,0.7499830334164614,2.4747672172086314e-5,2.474767216765585e-5,1.0500481882131607
706498840,0.1,0.8,5.0,0.25,-0.0655995495115872,1.031644703945852,0.8914886188587255,0.00010911473639510784,0.00010911473636657874,1.0501111950552477
706498867,0.1,0.8,5.0,0.25,0.47366122546346834,0.3642187714583722,0.48647548209283437,1.2373836086043157e-5,1.2373836083819963e-5,1.0500213179652302
706499368,0.1,0.8,5.0,0.25,1.0558918691223966,0.17014238984809546,0.2094547180111011,1.8560754129064736e-5,1.856075412542857e-5,1.0505116617410424
706499587,0.1,0.8,5.0,0.25,1.3234666687338508,0.28539670973653786,0.19821034872723498,0.0003245319737112228,0.0003245319736521407,1.050675869876111
710920370,0.1,0.8,5.0,0.25,-0.7662252789150515,4.328318194749988,1.9870912454815348,0.0025310119266906458,0.0025310119260541163,1.0539988865481345
710936807,0.1,0.8,5.0,0.25,-0.6878311857697522,3.3773510728488096,1.9870912454815348,0.00074467995354187,0.000744679953409561,1.0504178303100569
713156021,0.1,0.8,5.0,0.25,0.36408500172258834,0.6196451540247071,0.5574198269230184,8.886664098158267e-5,8.886664096513276e-5,1.0510188681445092
71329992x,0.1,0.8,5.0,0.25,-0.5390312468525242,0.7676955447648637,0.8680884998095848,2.8122354741007175e-5,2.8122354734992685e-5,1.0524762419214764
713700031,0.1,0.8,5.0,0.25,0.1736079437667809,0.468111665412809,0.6094456632599141,1.4061177370503587e-5,1.4061177367487281e-5,1.0500446239406274
713703056,0.1,0.8,5.0,0.25,-0.6411343711074681,0.8560837620604294,0.9513298521245374,3.093459021510789e-5,3.093459020868001e-5,1.0507366512788046
713703144,0.1,0.8,5.0,0.25,1.2960340018850762,0.16284120134714328,0.19821034872723498,1.968564831870502e-5,1.968564831444485e-5,1.050039527190325
713704390,0.1,0.8,5.0,0.25,-0.22902693050950867,0.7142633757322898,0.8597322206811588,2.081054250834531e-5,2.081054250259921e-5,1.0501132018411787
713705350,0.1,0.8,5.0,0.25,-0.031283053642481,1.0671985505795893,0.8700627800854527,0.00014567379755841715,0.00014567379752810437,1.050548163394675
713705377,0.1,0.8,5.0,0.25,0.3572158159412262,0.8499494800710341,0.6691442867779323,0.00017379615229942433,0.00017379615226199646,1.0501780263123273
713705537,0.1,0.8,5.0,0.25,-0.7548922063843821,4.0524869679681155,1.9870912454815348,0.00184257668263079,0.0018425766821753367,1.0515170593006808
713706003,0.1,0.8,5.0,0.25,0.3983326149535974,0.2834426483195345,0.42735520064098076,6.749365137841721e-6,6.749365135974621e-6,1.050077224624452
713707006,0.1,0.8,5.0,0.25,-0.7665891362645165,3.427396324746622,1.9870912454815348,0.0007986748746446038,0.0007986748744790917,1.0511631613744914
713711339,0.1,0.8,5.0,0.25,0.9569819794207634,0.27374854143560323,0.3459847152708668,1.631096574978416e-5,1.6310965746326972e-5,1.0500176170597122
713711806,0.1,0.8,5.0,0.25,-0.7289761267732283,1.8705750264831267,1.75115584295006,7.311812232661866e-5,7.311812231442934e-5,1.0501297168609127
713712606,0.1,0.8,5.0,0.25,-0.5128250197998525,2.471227526039443,1.6925184287481292,0.00034871719878848894,0.0003487171987143316,1.0502248091227993
713713457,0.1,0.8,5.0,0.25,-0.9381184430343648,1.7532235342524998,1.9870912454815348,2.8122354741007175e-5,2.8122354735182143e-5,1.0500422295239622
713713772,0.1,0.8,5.0,0.25,0.27639403179654043,0.8304957549503834,0.755613566788846,8.436706422302153e-5,8.436706420673182e-5,1.0500275711257558
713715081,0.1,0.8,5.0,0.25,-0.5276482718778254,0.6195661965495554,1.040517010256301,3.9371296637410044e-6,3.937129662652845e-6,1.0500263721872904
713715639,0.1,0.8,5.0,0.25,-0.0493354496333571,0.5640782672652237,0.7533613676158114,1.2373836086043157e-5,1.237383608647269e-5,1.0501051059409388
713715858,0.1,0.8,5.0,0.25,-0.20466514279502687,0.27181596001714436,0.4707100878815927,3.3746825689208607e-6,3.3746825682559686e-6,1.0502011316035818
713716607,0.1,0.8,5.0,0.25,-0.20898583613155655,1.1848658279792545,0.9974704138198783,0.0001243008079552517,0.00012430080792140644,1.0501999212700956
713716658,0.1,0.8,5.0,0.25,-0.4123495139009458,0.8543847060049542,1.0176484881795524,2.1935436697985596e-5,2.1935436692343344e-5,1.0500839898151164
713716738,0.1,0.8,5.0,0.25,-0.0458304942222399,1.0719220802284208,0.9489100227062085,9.674090030906468e-5,9.674090029113424e-5,1.0500591853812073
713716789,0.1,0.8,5.0,0.25,-0.5269247831105399,1.5611311707566724,1.3601842731731355,0.00010461515963654668,0.00010461515961436113,1.0503168718733553
713717669,0.1,0.8,5.0,0.25,0.2723920213645305,0.663594059030143,0.6193553396212661,7.424301651625894e-5,7.424301650086944e-5,1.0500962352011407
713718602,0.1,0.8,5.0,0.25,-0.9458834504258246,1.885858160298482,1.9870912454815348,4.049619082705033e-5,4.049619081696909e-5,1.0500403803745517
71371939x,0.1,0.8,5.0,0.25,-0.4766814158410103,2.9404589427481658,1.543714796550481,0.001313313966405035,0.0013133139660546787,1.0509255736253482
713719402,0.1,0.8,5.0,0.25,-0.7574377100375679,3.5240345924952714,1.9870912454815348,0.0008999153517122296,0.0008999153514697071,1.0553089974482757
713719891,0.1,0.8,5.0,0.25,1.3631670196446792,0.16093417770258897,0.19821034872723498,1.8560754129064736e-5,1.85607541252405e-5,1.0500269752702698
713719904,0.1,0.8,5.0,0.25,-0.5908397198246119,0.4577606806792528,0.7927748885837138,3.3746825689208607e-6,3.3746825681989786e-6,1.050121706047877
713721182,0.1,0.8,5.0,0.25,0.13497396126439265,0.5598559586649297,0.7232164879401524,1.462362446532373e-5,1.4623624462162571e-5,1.0500128190113163
713721449,0.1,0.8,5.0,0.25,-0.03862488697244124,0.6931106987854933,0.7735060576856192,3.0372143120287746e-5,3.0372143113755008e-5,1.0501260114087423
713721596,0.1,0.8,5.0,0.25,-0.35784273399613686,0.7815482424254706,1.043895344455651,1.2373836086043157e-5,1.2373836083502226e-5,1.050015181782708
713722169,0.1,0.8,5.0,0.25,0.7076702614255712,0.17222866565798625,0.3716132179486789,1.124894189640287e-6,1.1248941893997098e-6,1.0500006532410966
713724674,0.1,0.8,5.0,0.25,-0.2007227270678762,1.1453455215435857,1.0107015080647361,9.674090030906468e-5,9.674090028911667e-5,1.0533900297338206
71372560x,0.1,0.8,5.0,0.25,-0.016650211649725834,0.6814304590927409,0.7523537432745412,3.205948440474818e-5,3.2059484395950975e-5,1.0500398213077404
713725802,0.1,0.8,5.0,0.25,-0.40367098723876704,0.9189300559486342,1.0144389182990379,3.205948440474818e-5,3.2059484398252005e-5,1.0501778827435164
713726266,0.1,0.8,5.0,0.25,-0.8240041150323705,2.50984808917695,1.9870912454815348,0.00016873412844604306,0.00016873412841080955,1.0504772703756369
71372683x,0.1,0.8,5.0,0.25,-0.2863753761716036,0.47918275236550073,0.8299362103785817,3.3746825689208607e-6,3.3746825679862916e-6,1.0500440026790614
713727779,0.1,0.8,5.0,0.25,-0.42075937719539186,1.9828799617853456,1.3507789760191893,0.0003577163523056112,0.00035771635223147955,1.0505143588499837
713728210,0.1,0.8,5.0,0.25,-0.7735004172769167,3.569798865731982,1.9870912454815348,0.0009730334740388482,0.0009730334738344883,1.0524415878403948
713728974,0.1,0.8,5.0,0.25,-0.008442357863350935,0.7774568833914923,0.7816128406350024,5.118268562863306e-5,5.1182685617711326e-5,1.0501652263685166
713729184,0.1,0.8,5.0,0.25,-0.7576155187668971,1.561635715193186,1.3194862012811448,0.00012092612538633085,0.00012092612536041357,1.052127743400791
713729352,0.1,0.8,5.0,0.25,0.4902427169140225,0.47878353658671724,0.4927315987823299,4.555821468043162e-5,4.555821467075944e-5,1.0500574844019173
713729491,0.1,0.8,5.0,0.25,-0.2803125942943706,0.5692100929852686,0.7529207091654965,1.29362831808633e-5,1.2936283181406734e-5,1.0508943736892673
713729651,0.1,0.8,5.0,0.25,-0.02328737864162812,1.012433002014313,0.8695749158239894,0.0001124894189640287,0.00011248941894109045,1.0501094707610013
713729790,0.1,0.8,5.0,0.25,0.10593168194065324,0.681710692103839,0.6900181861346694,4.949534434417263e-5,4.949534433397622e-5,1.0500846705883484
713730433,0.1,0.8,5.0,0.25,-1.0204110194018532,1.9451949042414733,1.9870912454815348,4.724555596489205e-5,4.724555595275451e-5,1.050196920687584
713730484,0.1,0.8,5.0,0.25,-0.156953166530885,0.6499468999537401,0.7253339450005846,3.0372143120287746e-5,3.0372143114570663e-5,1.050128406894189
713731153,0.1,0.8,5.0,0.25,0.4849392380862138,0.554368518320274,0.5214289399021652,7.143078104215822e-5,7.143078102801808e-5,1.0500838240005828
713731700,0.1,0.8,5.0,0.25,-0.6052494767686462,0.6987937340302595,1.0925428465931968,5.624470948201435e-6,5.624470946758273e-6,1.0502478684884264
713732332,0.1,0.8,5.0,0.25,0.15634083983644229,0.3554104760994255,0.4459358615384147,1.6873412844604303e-5,1.6873412840885504e-5,1.050545482197514
713732594,0.1,0.8,5.0,0.25,-0.32842594283482196,1.714650557380924,1.3167848381062373,0.0001968564831870502,0.00019685648315310715,1.0500947407238217
713732631,0.1,0.8,5.0,0.25,-0.7569613301325522,2.6686233080513047,1.9870912454815348,0.00022947841468661854,0.000229478414644602,1.0503129417845671
713732869,0.1,0.8,5.0,0.25,0.02679296291332071,1.9038518607156492,0.9556350079253538,0.001642907963969639,0.0016429079636428325,1.051032329405123
713733589,0.1,0.8,5.0,0.25,-0.4684252397062531,0.5703304675071291,0.8918717230768294,5.624470948201435e-6,5.624470947065773e-6,1.050039078892797
713734434,0.1,0.8,5.0,0.25,-0.8144237127275875,1.2549703873906888,1.4864528717947156,2.249788379280574e-5,2.249788378660871e-5,1.0506344089271167
713735568,0.1,0.8,5.0,0.25,-0.7449999778658137,3.0722597503633375,1.9870912454815348,0.0004634564061317982,0.0004634564060425975,1.050596533354528
713736034,0.1,0.8,5.0,0.25,-0.12777205896103297,0.7749251082991857,0.9487066691443694,1.912320122388488e-5,1.9123201219763487e-5,1.050057981244695
713736114,0.1,0.8,5.0,0.25,0.04154166359327353,0.5025810491635156,0.7153554445512069,8.999153517122296e-6,8.999153515146609e-6,1.0501262380411471
713739358,0.1,0.8,5.0,0.25,0.6959964923938493,0.816337722789476,0.47450115397030784,0.0007902381682223016,0.0007902381680603087,1.0506997099414468
713739745,0.1,0.8,5.0,0.25,-0.18984693172156547,0.6987551136065895,0.9097091405272629,1.4061177370503587e-5,1.4061177367835996e-5,1.050063888778855
713740033,0.1,0.8,5.0,0.25,0.17008490072496554,1.1476564295228024,0.864968450859221,0.00021597968441093508,0.00021597968436583086,1.0503321679744873
713741482,0.1,0.8,5.0,0.25,-0.606569044858506,0.8739040025090951,0.8342076274915504,6.524386299913664e-5,6.524386298557411e-5,1.0536084831167938
713742901,0.1,0.8,5.0,0.25,-0.31336059223436563,1.5119415161687364,1.1420260900509394,0.0002137298960316545,0.0002137298959890313,1.0502278530086848
713743015,0.1,0.8,5.0,0.25,-0.5416175159038495,1.3402205570795371,1.41213022820498,4.049619082705033e-5,4.0496190821511966e-5,1.0500653084149683
71374398x,0.1,0.8,5.0,0.25,0.06330847673593142,0.6271180111959649,0.7432264358973578,2.249788379280574e-5,2.2497883788607414e-5,1.0500196142135731
713744018,0.1,0.8,5.0,0.25,-0.08771107366733996,1.8203500000435797,0.9981147093504176,0.0010568380911670497,0.0010568380908816438,1.0509217268647848
713745619,0.1,0.8,5.0,0.25,-0.8682011791563156,1.9211989868343586,1.9870912454815348,4.4433320490791335e-5,4.443332048254242e-5,1.0500510299277883
713745950,0.1,0.8,5.0,0.25,1.033523218508891,0.4201139385307271,0.33535826899173954,0.00016142231621338118,0.0001614223161796867,1.051145841973236
713746136,0.1,0.8,5.0,0.25,-0.6781185054127719,0.8570311926406571,1.2528674610153154,7.874259327482009e-6,7.874259325302774e-6,1.0501399397501465
713746822,0.1,0.8,5.0,0.25,-0.4773039443337466,1.0091797110389928,1.3479425163336975,1.2373836086043157e-5,1.2373836083391463e-5,1.0500110928269766
713746873,0.1,0.8,5.0,0.25,-0.3828296744087448,1.3062221848248856,1.1482430812032667,0.00010011558287798554,0.00010011558285045675,1.0502205267234088
713747331,0.1,0.8,5.0,0.25,0.35595121354352943,0.3845922740169425,0.47950092981505005,1.7435859939424446e-5,1.7435859936189892e-5,1.0503161603585711
713747630,0.1,0.8,5.0,0.25,-0.19623453415986233,0.4889438477683617,0.737032905891412,6.749365137841721e-6,6.749365136416209e-6,1.0503091362126675
713747657,0.1,0.8,5.0,0.25,0.15194335985781104,0.6356496294231173,0.6349051181005055,5.2870026913093485e-5,5.2870026898524166e-5,1.0501822749211336
713748262,0.1,0.8,5.0,0.25,0.39326537161095787,0.5879267451057167,0.5104274696789144,0.00010630250092100712,0.0001063025008980623,1.05069847489846
71374830x,0.1,0.8,5.0,0.25,-0.1346039949583339,0.9857829680033484,0.7667087752782286,0.00018335775291136678,0.00018335775287652058,1.0516921708207247
713748975,0.1,0.8,5.0,0.25,0.6419696472373418,0.43034161899986784,0.4084674184526968,6.805609847323736e-5,6.805609847118645e-5,1.0507034040388747
713749273,0.1,0.8,5.0,0.25,0.2986110809509003,0.6832997248838465,0.6689037923076221,5.849449786129492e-5,5.8494497848649336e-5,1.0500795586779472
713749361,0.1,0.8,5.0,0.25,-0.7200032991682456,0.8593466422528644,0.941000285034592,3.3184378594388464e-5,3.318437858719429e-5,1.0514521457335435
713749441,0.1,0.8,5.0,0.25,-0.2611434871937628,1.5800576884172866,1.0423079250164917,0.0004201479798306472,0.0004201479797511334,1.0504951890178291
71374945x,0.1,0.8,5.0,0.25,-0.2925351924296312,1.1921670698882023,0.8434688973057766,0.00029191004221165446,0.000291910042150216,1.0534546920432464
713749695,0.1,0.8,5.0,0.25,0.23969300219708653,0.6399287028048113,0.6047705159663128,6.974343975769779e-5,6.974343974539227e-5,1.0501175762129384
71374996x,0.1,0.8,5.0,0.25,0.43281379355932287,0.671805953900336,0.6329221905138868,7.086833394733808e-5,7.086833393282893e-5,1.050027568207892
713751103,0.1,0.8,5.0,0.25,1.0763705165626305,0.5469203170843763,0.31964823174522294,0.0007553664483434527,0.0007553664482087995,1.054430191585221
713751437,0.1,0.8,5.0,0.25,0.8731243373529294,0.22695423065601283,0.28490346118735416,1.6873412844604303e-5,1.6873412841400188e-5,1.0500200479303476
71375171x,0.1,0.8,5.0,0.25,0.1268227553945655,1.0676625291944293,0.7459241842128532,0.00030990834924589903,0.00030990834926020297,1.0541205445485342
713751752,0.1,0.8,5.0,0.25,0.43246738087759873,0.780565441355835,0.5834327450914663,0.0002249788379280574,0.00022497883789572643,1.0504800416960831
713751824,0.1,0.8,5.0,0.25,-0.7028759961943333,3.000871359907235,1.9870912454815348,0.0004128361675979853,0.00041283616752680203,1.0501990987350533
713751971,0.1,0.8,5.0,0.25,-0.7941884240663138,3.0967129265324655,1.9870912454815348,0.0004825796073556831,0.00048257960725573996,1.0504296308492609
713752376,0.1,0.8,5.0,0.25,-0.8964914598220703,2.3754565861244714,1.9870912454815348,0.0001282379376189927,0.00012823793759140248,1.0503247583129431
713754187,0.1,0.8,5.0,0.25,0.04057376363564547,0.8003760279440916,0.7214503810386731,8.830419388676252e-5,8.830419387146981e-5,1.0502409782195532
713756094,0.1,0.8,5.0,0.25,0.2960270108160546,0.6490054575851208,0.6497237735437151,5.230757981827334e-5,5.230757980908159e-5,1.0500362340359948
713758436,0.1,0.8,5.0,0.25,0.4222093505164192,1.2852543693113108,0.6701196609028772,0.001340873874051222,0.0013408738739554915,1.053796527699615
713758655,0.1,0.8,5.0,0.25,-0.1301112758058753,0.6940925320893516,0.7863335635090369,2.8122354741007175e-5,2.8122354741928218e-5,1.0505043185906735
713760085,0.1,0.8,5.0,0.25,-0.5632339452658373,1.8802886216145793,1.4023800309353456,0.00022722862630733797,0.00022722862624942105,1.050663899930588
713760608,0.1,0.8,5.0,0.25,-0.38357192932166123,0.9226392327207272,1.2560526483146963,1.124894189640287e-5,1.1248941893996383e-5,1.050024324100775
713760819,0.1,0.8,5.0,0.25,-1.044978593843952,1.2951544587601789,1.9870912454815348,6.1869180430215785e-6,6.186918041708889e-6,1.0500415939012193
713761328,0.1,0.8,5.0,0.25,0.43858146318770774,0.43595946792638757,0.49024358319234224,2.924724893064746e-5,2.924724892434127e-5,1.0500616843170252
713761336,0.1,0.8,5.0,0.25,-0.1730028159677844,0.9568709411271669,1.0290827846577248,3.655906116330933e-5,3.655906115539904e-5,1.050029900235486
713761352,0.1,0.8,5.0,0.25,0.26285321476397205,0.5561700986923811,0.6207316796225874,3.0372143120287746e-5,3.0372143118282287e-5,1.0500410032035372
713761889,0.1,0.8,5.0,0.25,-0.3333035079473455,1.2036651468586843,1.1520009756409046,6.524386299913664e-5,6.524386298643542e-5,1.0508543471578218
713762064,0.1,0.8,5.0,0.25,-0.5652461559818734,2.953876649613976,1.5506013163696373,0.0013065646012671932,0.001306564600987821,1.0521160601676809
713762267,0.1,0.8,5.0,0.25,-0.6450956345041365,1.8433225014122785,1.559055125822598,0.00012148857248115099,0.00012148857245120455,1.0500993445835296
713763112,0.1,0.8,5.0,0.25,-0.23691137802297288,1.0304709126866771,1.0380395557261648,5.0620238533812914e-5,5.0620238524051056e-5,1.0503997673648904
713763120,0.1,0.8,5.0,0.25,0.24909350379313508,0.531507035670379,0.5600368079385084,3.9933743732230185e-5,3.993374372468488e-5,1.0529847002309938
713763825,0.1,0.8,5.0,0.25,-0.02297163680999427,1.0020600992177013,0.8987961634800162,9.05539822660431e-5,9.055398224835585e-5,1.0501435488434219
713763892,0.1,0.8,5.0,0.25,-0.924763180799158,2.1063083214044602,1.9870912454815348,7.030588685251794e-5,7.03058868392161e-5,1.0502759371485206
713764924,0.1,0.8,5.0,0.25,-0.040415919321443464,1.2919243221342838,1.0735842556881903,0.00013273751437755386,0.00013273751435130654,1.0500254479248263
713765732,0.1,0.8,5.0,0.25,0.8815913838227208,0.2269541681230417,0.28490346118735416,1.6873412844604303e-5,1.6873412841410278e-5,1.0500197586169397
713765783,0.1,0.8,5.0,0.25,-0.19886342425311548,1.126973839133316,0.9962670909131716,9.730334740388482e-5,9.730334738588843e-5,1.050292136322691
713766188,0.1,0.8,5.0,0.25,0.5873664166835588,0.30806828724360347,0.4645165224358487,6.749365137841721e-6,6.7493651364027395e-6,1.0500037819262746
713766217,0.1,0.8,5.0,0.25,-0.40089237846065445,0.9997079576489475,1.2634849410255082,1.631096574978416e-5,1.6310965746282384e-5,1.0500373903573743
713766305,0.1,0.8,5.0,0.25,0.031066253797845098,0.8974088604905621,0.8175490794870937,8.380461712820138e-5,8.380461711173094e-5,1.0500755589548199
71376684x,0.1,0.8,5.0,0.25,-0.5952535391902853,1.4212579338350577,1.1636046743542794,0.0001422991149894963,0.0001422991149594787,1.0510530218234764
713767009,0.1,0.8,5.0,0.25,-0.007552451536510147,1.0147746653355865,0.7836667186975366,0.00019123201223884877,0.00019123201220314594,1.050325027381057
713768036,0.1,0.8,5.0,0.25,-0.11523211583161017,0.8460529409493782,0.8330023199561467,5.680715657683449e-5,5.680715656118779e-5,1.0501911116867453
713768159,0.1,0.8,5.0,0.25,-0.4214127650287007,2.163118790777964,1.324054391263901,0.0006018183914575535,0.0006018183915381183,1.0536080326117037
713768167,0.1,0.8,5.0,0.25,0.12605041958205945,1.0113727372986545,0.8668522178905897,0.00011361431315366898,0.00011361431312972714,1.0502125130960127
713768853,0.1,0.8,5.0,0.25,-0.95835046065709,2.1450360436272433,1.9870912454815348,7.705525199035966e-5,7.705525197378092e-5,1.0501563318893705
713769012,0.1,0.8,5.0,0.25,-0.256738843831678,0.7568901117290291,0.8800476596984991,2.4747672172086314e-5,2.4747672167167638e-5,1.050067914163498
713769637,0.1,0.8,5.0,0.25,0.04192384207133892,0.4564918971166725,0.6042754219860249,1.29362831808633e-5,1.293628317819495e-5,1.0501077413571795
713769936,0.1,0.8,5.0,0.25,-0.250513411330083,1.093165308021865,1.0282274096893478,7.143078104215822e-5,7.143078102470746e-5,1.050067469152228
713770195,0.1,0.8,5.0,0.25,0.251176330226059,1.1284164430980625,0.734029028599415,0.0004499576758561148,0.0004499576757817178,1.0507985331667897
71377089x,0.1,0.8,5.0,0.25,0.11615033896862878,1.4917282832731662,0.9165491633312338,0.000575945825095827,0.000575945824981,1.0589007404138318
713770996,0.1,0.8,5.0,0.25,-0.10913241863305781,0.8580108042245428,0.9345158651653531,3.430927278402875e-5,3.430927277875785e-5,1.0500776026163292
713771024,0.1,0.8,5.0,0.25,-0.2928354256859551,1.0500324241725738,0.8843712441943585,0.00012261346667079127,0.0001226134666474821,1.0525871963347475
713771155,0.1,0.8,5.0,0.25,0.3206542930417342,0.48955137215680944,0.5544469240146128,2.8122354741007175e-5,2.8122354735315906e-5,1.0508133399049222
713771892,0.1,0.8,5.0,0.25,0.33361176064253745,0.549686214492982,0.5858372999567883,3.824640244776976e-5,3.824640244139387e-5,1.0500677680471209
713772131,0.1,0.8,5.0,0.25,0.27370637959565924,0.4751181534345667,0.34112187880621286,0.00021935436697985596,0.00021935436692721642,1.0991587272503065
713772166,0.1,0.8,5.0,0.25,1.4296860423166198,0.21005819414991989,0.19821034872723498,7.030588685251794e-5,7.030588684109512e-5,1.050056297586731
713772633,0.1,0.8,5.0,0.25,0.27302413356413335,0.8430176937510985,0.6975842995233317,0.0001355497498516546,0.00013554974982839837,1.0500690751834452
713773046,0.1,0.8,5.0,0.25,0.011054492349471557,0.8830387297507709,0.6905715431431314,0.00017942062324762578,0.0001794206232131935,1.0504955615721279
713773070,0.1,0.8,5.0,0.25,-0.3700149711051818,1.1992281218512448,1.1832164916189614,5.624470948201435e-5,5.6244709470796076e-5,1.0500715073499045
713773150,0.1,0.8,5.0,0.25,0.9264488505614505,0.6752583961580512,0.3727243619403729,0.001015779453245179,0.0010157794530385649,1.0522524565403255
713773222,0.1,0.8,5.0,0.25,-0.17164638690313813,1.3328988685841046,1.017394384826749,0.00020248095413525166,0.00020248095409364803,1.050578835271527
713773599,0.1,0.8,5.0,0.25,-0.4711599378677807,1.413876577355478,1.111483150562353,0.00017435859939424447,0.00017435859936061566,1.0510359287296236
713774014,0.1,0.8,5.0,0.25,0.4554321912397114,1.0276188352239286,0.6843096143267378,0.00040158722570158244,0.00040158722562554214,1.050076782738829
713774057,0.1,0.8,5.0,0.25,0.2883995925999527,1.1082181171721641,0.7996681419645203,0.0002688497113240286,0.00026884971127048954,1.0500528463291745
713774102,0.1,0.8,5.0,0.25,-0.07764074998627453,0.8696850628769269,0.8205219823954992,7.030588685251794e-5,7.030588683317948e-5,1.0501977229902164
713774313,0.1,0.8,5.0,0.25,0.3360589231265062,1.134936142426264,0.7724909909867356,0.0003599661406848918,0.0003599661406144726,1.0500821907842455
71377433x,0.1,0.8,5.0,0.25,0.14844111033091534,0.4929536024726923,0.6033249974789842,1.912320122388488e-5,1.9123201219736667e-5,1.0503649619771585
713774516,0.1,0.8,5.0,0.25,1.4611890297391494,0.27340955333763745,0.19821034872723498,0.00026210034618618684,0.0002621003461154356,1.0504888835622157
713774532,0.1,0.8,5.0,0.25,0.5053945151407998,0.48927251564236546,0.563882663955178,2.58725663617266e-5,2.5872566356590304e-5,1.0500060364370638
713774727,0.1,0.8,5.0,0.25,-0.7849031868439555,2.198939501255862,1.690413021219071,0.00019573158899740994,0.00019573158896024243,1.050233548611286
713774970,0.1,0.8,5.0,0.25,-0.37329324598263236,0.8560204460279836,1.014504056648055,2.249788379280574e-5,2.2497883788598408e-5,1.0500249926028744
713775164,0.1,0.8,5.0,0.25,0.12167931389147643,1.58927206876078,0.9538072357750771,0.0006749365137841722,0.0006749365136454939,1.0502257766720597
713775375,0.1,0.8,5.0,0.25,-0.24615497856151616,1.4763982186031541,1.1188141563300253,0.00021035521346273367,0.00021035521342127722,1.0501528703878023
713775551,0.1,0.8,5.0,0.25,0.28903424682332945,0.8585186865527962,0.7531361122587098,0.00010124047706762583,0.00010124047704785848,1.0500332797973897
713776044,0.1,0.8,5.0,0.25,-0.3789669804369399,2.2422194371162965,1.3402870946536736,0.000674374066689352,0.0006743740665281191,1.0546241815321058
713776124,0.1,0.8,5.0,0.25,-0.3422894404314608,1.6051885012049516,0.9913154423143299,0.0005624470948201435,0.0005624470947101037,1.0585111888961665
713776482,0.1,0.8,5.0,0.25,1.4335896895756999,0.18813292834985093,0.22296793076920735,2.249788379280574e-5,2.249788378862292e-5,1.0500058007158921
713776730,0.1,0.8,5.0,0.25,0.2109176862686195,1.074527343564816,0.8232177460822977,0.00019910627156633078,0.00019910627152780838,1.0502274847314725
713777549,0.1,0.8,5.0,0.25,0.0740612501626847,1.0913887040987755,0.8119295324521386,0.00023060330887625884,0.00023060330881584295,1.0502329249604536
713778613,0.1,0.8,5.0,0.25,-0.46411141235604125,1.8234212466714825,1.337131960303132,0.00024747672172086314,0.000247476721672304,1.050517981877087
713778752,0.1,0.8,5.0,0.25,0.9615489852325542,0.45259837744760745,0.32884110274900136,0.0002570383223328056,0.0002570383222854346,1.0522645541558249
713778808,0.1,0.8,5.0,0.25,0.26817734932322607,1.0270582301767683,0.7843322781069715,0.00020135605994561136,0.00020135605990989394,1.0512346277482625
713779552,0.1,0.8,5.0,0.25,0.1839388730015882,0.6484648477011153,0.5668122594302328,0.00010236537125726611,0.00010236537127091661,1.0515119451347796
713780721,0.1,0.8,5.0,0.25,-0.41988068522322824,1.0999997655412939,0.9741574766742099,9.44911119297841e-5,9.449111192672817e-5,1.0545880666240852
713783420,0.1,0.8,5.0,0.25,0.205804279822187,0.6458733955480952,0.696774783653773,3.5996614068489185e-5,3.599661406175518e-5,1.0500265015188186
713785012,0.1,0.8,5.0,0.25,0.711058012602325,0.4662821167816304,0.46005716807324026,5.624470948201435e-5,5.624470947041743e-5,1.050069978457093
713785151,0.1,0.8,5.0,0.25,0.7225865258373338,0.6900586311550023,0.5132059852944153,0.00023116575597107898,0.00023116575592557626,1.0500432797349997
713785645,0.1,0.8,5.0,0.25,0.0824501831549421,0.9218121410974822,0.7753659382930284,0.00012486325505007184,0.00012486325502490575,1.0501380505683044
713785709,0.1,0.8,5.0,0.25,-0.3803189801382748,0.9918063716962164,0.9907050272308312,5.2870026913093485e-5,5.2870026903360494e-5,1.0501183344303147
713785872,0.1,0.8,5.0,0.25,-0.012241389522158483,0.682749237805156,0.745703890427494,3.374682568920861e-5,3.374682567999757e-5,1.0506204491337596
713786234,0.1,0.8,5.0,0.25,-0.4969366380492913,1.4994108787694638,1.3433129446205294,9.111642936086324e-5,9.111642934391964e-5,1.0500784342501401
713786795,0.1,0.8,5.0,0.25,-0.7048722087029268,1.4486581919957655,1.5830722517576952,3.374682568920861e-5,3.3746825682228595e-5,1.0500651000375851
713788301,0.1,0.8,5.0,0.25,0.1150258732412277,1.6607657499238857,1.0014532092166362,0.0006591879951292082,0.00065918799501106,1.050203543663084
713788707,0.1,0.8,5.0,0.25,-0.13400870097206058,1.0613386423774223,0.9734201871133003,8.099238165410066e-5,8.099238163934648e-5,1.050176786790217
713788715,0.1,0.8,5.0,0.25,-0.8767514267048035,2.4492159677817398,1.9870912454815348,0.00014848603303251788,0.00014848603300254362,1.0516464771800975
713789136,0.1,0.8,5.0,0.25,-0.37861776140031045,1.1628661153675592,1.142528484629648,5.7369603671654635e-5,5.736960365767569e-5,1.0503255488032597
713789339,0.1,0.8,5.0,0.25,0.19096575985822162,1.2443204408122097,0.8905285547265853,0.00028009865322043147,0.000280098653169953,1.050073749525524
713791340,0.1,0.8,5.0,0.25,0.8275539814228582,0.26198963080983895,0.3887645917863413,7.311812232661865e-6,7.311812231259259e-6,1.0500017283377963
713791455,0.1,0.8,5.0,0.25,0.32794863431982374,0.8110207580867882,0.727530999847683,9.05539822660431e-5,9.055398224902817e-5,1.0500175943541763
713791893,0.1,0.8,5.0,0.25,1.1186502439079917,0.10333724592573532,0.22296793076920735,1.124894189640287e-6,1.1248941894308647e-6,1.050001126032312
713792810,0.1,0.8,5.0,0.25,-0.02874901754977773,1.4988275360368915,0.9288873164216656,0.0005736960367165463,0.0005736960366140205,1.0506302008005646
713792896,0.1,0.8,5.0,0.25,-0.17789608278507613,0.7964875225778344,0.6805053646331073,0.00011530165443812942,0.000115301654414233,1.0504561688724612
713793098,0.1,0.8,5.0,0.25,0.04408340148125259,0.7248933246654615,0.8874997986962805,1.912320122388488e-5,1.912320122032953e-5,1.0500049305227066
713795536,0.1,0.8,5.0,0.25,-1.034665744845869,1.7809249164545533,1.9870912454815348,3.0372143120287746e-5,3.0372143117085437e-5,1.050341034264508
713797013,0.1,0.8,5.0,0.25,-0.2631102462395801,0.8143364665833948,1.051951235854877,1.462362446532373e-5,1.4623624462541722e-5,1.0500135174424523
715833444,0.1,0.8,5.0,0.25,-0.07340469832021417,0.6740029106506817,0.7575192356154771,2.924724893064746e-5,2.9247248924328273e-5,1.050627399190675
717855399,0.1,0.8,5.0,0.25,-0.08219113802506323,2.0698025657835344,1.2182621992229015,0.0007441175064470499,0.0007441175063046751,1.0501648253244287
718000229,0.1,0.8,5.0,0.25,-0.12294337374257121,1.729330894438358,0.9591362473447208,0.0009831575217456108,0.0009831575214943045,1.054073257356213
718001045,0.1,0.8,5.0,0.25,0.08412798466979297,0.2988444168740594,0.5945811487178863,1.6873412844604303e-6,1.687341284096166e-6,1.0500042199096689
71800115x,0.1,0.8,5.0,0.25,-0.5745298910980656,1.6778040873703712,1.4868875054793436,9.617845321424453e-5,9.617845319619193e-5,1.050135157555397
718001504,0.1,0.8,5.0,0.25,-0.4533548300637863,1.2568965865127226,0.7856304379135529,0.0002710994997033092,0.00027109949969862093,1.210188781135262
718001520,0.1,0.8,5.0,0.25,-0.42948378955080707,1.1058408905287356,1.0155695187399214,8.042993455928052e-5,8.042993454349933e-5,1.0502605778779066
718001563,0.1,0.8,5.0,0.25,-0.41116733345925843,2.0095721735272183,1.3994823312786344,0.0003205948440474818,0.000320594843988924,1.050370466414407
71800166x,0.1,0.8,5.0,0.25,-0.6976529211479308,3.3854536100991126,1.9870912454815348,0.0007514293186797117,0.0007514293185421273,1.051039529457548
718002769,0.1,0.8,5.0,0.25,0.1458196737875727,1.3672727683578136,0.8760565713889719,0.0004837045015453234,0.00048370450154710745,1.0514886926016658
718002961,0.1,0.8,5.0,0.25,0.2800684699403919,1.3086753854880842,0.826579707094898,0.0005230757981827335,0.0005230757980830301,1.0501029773947645
71800318x,0.1,0.8,5.0,0.25,-0.168000080435502,1.1135863555981185,0.8680150685477983,0.00018223285872172648,0.0001822328586889466,1.0506762589018324
718003489,0.1,0.8,5.0,0.25,0.22906519019665947,1.6297780414640795,0.8867605953862702,0.0010877726813821576,0.0010877726811662802,1.052960467818177
71800393x,0.1,0.8,5.0,0.25,-0.594778411847728,1.2522480094594886,1.3345286944895296,3.824640244776976e-5,3.824640243950127e-5,1.050127268247968
718004107,0.1,0.8,5.0,0.25,-0.4635469068325415,0.8001185728755612,0.9476137057691313,2.249788379280574e-5,2.249788379519478e-5,1.0507328359914676
718004131,0.1,0.8,5.0,0.25,-0.19686713216697935,0.5969159893557754,0.8299362103785817,1.0124047706762582e-5,1.0124047705008507e-5,1.0500144661914066
718004545,0.1,0.8,5.0,0.25,-0.7132330960319646,0.8220073657144389,1.1304865373722333,1.0686494801582727e-5,1.0686494799265302e-5,1.05012471208981
71800457x,0.1,0.8,5.0,0.25,1.53498954686763,0.15572881687162435,0.19821034872723498,1.5748518654964018e-5,1.574851865194894e-5,1.050007344343389
718004588,0.1,0.8,5.0,0.25,-0.1535757853247213,1.9142812208698448,1.0741179790484718,0.0009392866483496396,0.0009392866480989208,1.0514575485247488
718004609,0.1,0.8,5.0,0.25,-0.27410558205746216,0.6519055022866237,0.8127540747961168,1.7435859939424446e-5,1.7435859936072205e-5,1.0503509604102677
718004617,0.1,0.8,5.0,0.25,-0.1720951447832162,1.1652564017481335,1.0451333274849577,9.05539822660431e-5,9.055398224821318e-5,1.0501852397994769
71800465x,0.1,0.8,5.0,0.25,1.4059162499131088,0.1748817957115157,0.19821034872723498,2.8122354741007175e-5,2.8122354737403432e-5,1.050039320062417
718006356,0.1,0.8,5.0,0.25,0.07553692882252624,0.5546917338466328,0.5574198269230184,5.0620238533812914e-5,5.062023852162626e-5,1.0529362181886364
718006591,0.1,0.8,5.0,0.25,1.1802275854603521,0.09186308554025438,0.19821034872723498,1.124894189640287e-6,1.1248941894291382e-6,1.0500016666314607
718006866,0.1,0.8,5.0,0.25,0.5620236969314896,0.5741603711101904,0.4673750965553918,0.0001462362446532373,0.0001462362446316566,1.0513668053894043
718007025,0.1,0.8,5.0,0.25,-0.23000766270729817,1.9266170302095043,1.075404939878835,0.000956160061194244,0.0009561600610220598,1.0532097431636542
718007033,0.1,0.8,5.0,0.25,-0.007382583184185747,1.0516456711250008,0.8705039346929418,0.00013498730275683443,0.000134987302739001,1.0506008218845964
718007041,0.1,0.8,5.0,0.25,0.20372990437434907,0.7067026317085061,0.783042127694774,3.1497037309928035e-5,3.149703730405873e-5,1.0500144119255008
718007156,0.1,0.8,5.0,0.25,0.2783112459641163,0.9016078930967958,0.6875870868605258,0.00020360584832489193,0.00020360584829798864,1.0503391744026773
718007615,0.1,0.8,5.0,0.25,0.011656357856591146,0.4913634768206859,0.6689037923076221,1.124894189640287e-5,1.124894189433103e-5,1.0500609288921035
718008714,0.1,0.8,5.0,0.25,0.42162129044597585,0.7420140266186825,0.5574198269230184,0.00021822947279021568,0.00021822947281863032,1.0515856287776593
718008749,0.1,0.8,5.0,0.25,-0.28800560393421104,1.4422835162632086,0.9856966040753381,0.00035152943426258965,0.00035152943419370627,1.0507820873748681
718009063,0.1,0.8,5.0,0.25,-0.00490295382568564,0.8891208482197391,0.8530947008838712,6.46814159043165e-5,6.468141589252089e-5,1.0500386040668221
718009215,0.1,0.8,5.0,0.25,-0.5756202775922901,1.2327710191656056,0.9912438539220478,0.00015186071560143873,0.0001518607194265149,1.056356327621173
718009274,0.1,0.8,5.0,0.25,0.12251638589468605,1.1279444107371808,0.6781469878247869,0.0006648124660774096,0.0006648124659634136,1.0515299543915158
718009397,0.1,0.8,5.0,0.25,0.5316833684543346,0.6189814511862403,0.4859557574528257,0.00017548349358388477,0.00017548349354685748,1.0510691002782768
718009936,0.1,0.8,5.0,0.25,-0.23260558306162937,1.8450338261714816,1.142492903072296,0.000575945825095827,0.0005759458249971594,1.050683990766821
71801150x,0.1,0.8,5.0,0.25,0.11659141800742918,1.1579290750950688,0.7956177983124705,0.0003430927278402875,0.00034309272777259417,1.0502502332070671
718013329,0.1,0.8,5.0,0.25,-0.37848021616098015,0.8611060075659772,1.1303235143006996,1.3498730275683443e-5,1.349873027301965e-5,1.050008688991887
718013337,0.1,0.8,5.0,0.25,0.12477118445707532,0.5185025957487925,0.6925519190642828,1.2373836086043157e-5,1.2373836083861952e-5,1.0500146204701388
718013871,0.1,0.8,5.0,0.25,1.4919837038882897,0.32382518970873847,0.19821034872723498,0.0006091302036902153,0.000609130203558398,1.0510899805744907
718014735,0.1,0.8,5.0,0.25,-0.06894087184884626,0.7211171538044728,0.8270370931299441,2.6435013456546743e-5,2.6435013451040012e-5,1.0506124698612895
71801505x,0.1,0.8,5.0,0.25,0.18192647666588804,1.135652629880086,0.8327169587013666,0.00024803916881568325,0.00024803916876332816,1.0501266213227154
718015332,0.1,0.8,5.0,0.25,-0.9747949659616193,1.2706534358583386,1.9870912454815348,5.624470948201435e-6,5.62447094712758e-6,1.0500031203679472
718016247,0.1,0.8,5.0,0.25,1.0639375094183647,0.1737375593608515,0.20484045629073766,2.3060330887625882e-5,2.3060330882723408e-5,1.0502737109726368
718016255,0.1,0.8,5.0,0.25,-0.8418894265650924,2.5527552761735315,1.9870912454815348,0.00018392020000618692,0.00018392019997281358,1.050178460486278
718016490,0.1,0.8,5.0,0.25,0.4332031148616025,0.6957089006870703,0.6463317595822756,7.593035780071936e-5,7.593035778567842e-5,1.0502352566752071
718016909,0.1,0.8,5.0,0.25,-0.24016723742507584,0.977630033738626,1.0190025719876294,4.274597920633091e-5,4.2745979194760565e-5,1.0500689600738347
71801724x,0.1,0.8,5.0,0.25,-0.013786551038487279,0.8204709597258819,0.7678101024458324,7.311812232661866e-5,7.311812231074853e-5,1.0505143905888314
718017741,0.1,0.8,5.0,0.25,0.0958708705578593,1.7081329842327568,0.9937605048689483,0.0007885508269378412,0.0007885508267785486,1.0501990674869681
718018808,0.1,0.8,5.0,0.25,1.2411156914941395,0.17420954643610712,0.19821034872723498,2.7559907646187032e-5,2.7559907660945443e-5,1.0502379151439813
718018875,0.1,0.8,5.0,0.25,0.1844828827500124,0.7339008183503619,0.6622338096552203,8.774174679194238e-5,8.774174685794792e-5,1.0504669360525014
718019595,0.1,0.8,5.0,0.25,0.24877357425963834,0.6295088476099855,0.7134974068133021,2.8122354741007175e-5,2.8122354735172266e-5,1.0500179492458097
718019747,0.1,0.8,5.0,0.25,-0.19810708743374286,1.113860211515186,1.1736784369811097,4.049619082705033e-5,4.0496190819146366e-5,1.0500170477990693
718019851,0.1,0.8,5.0,0.25,1.5859649358751635,0.18429781165433629,0.19821034872723498,3.655906116330933e-5,3.655906115655798e-5,1.0500076568922223
71802057x,0.1,0.8,5.0,0.25,0.3704341288878072,0.46315252389919104,0.5409997178805785,2.418522507726617e-5,2.4185225071983965e-5,1.050061147632953
718020625,0.1,0.8,5.0,0.25,-0.026829853234203224,0.6817149737380713,0.7219914049973757,3.937129663741004e-5,3.9371296629476075e-5,1.0505881123143137
718020967,0.1,0.8,5.0,0.25,0.2510439445835029,0.7215426537427907,0.7050033377496321,5.9056944956115064e-5,5.905694494339687e-5,1.050060352511028
718021054,0.1,0.8,5.0,0.25,-0.6671726296346643,0.7553007995639843,0.8129039142627351,3.5996614068489185e-5,3.599661406527843e-5,1.0525094877438776
718021177,0.1,0.8,5.0,0.25,0.322766531069524,1.4572650906797147,0.7070482141034338,0.0019134450165781281,0.0019134450160628804,1.0546878777545459
718021249,0.1,0.8,5.0,0.25,-0.44245686275155327,2.1003025231882373,1.4024038464797088,0.00039540030765856086,0.0003954003075796967,1.0505070695291372
718021273,0.1,0.8,5.0,0.25,0.4735262822319951,0.7499331643754911,0.6275047920876333,0.0001282379376189927,0.00012823793759392094,1.0500254569022682
718021337,0.1,0.8,5.0,0.25,0.24366147192893323,0.5148353715852092,0.5162192186931264,5.17451327234532e-5,5.1745132713337824e-5,1.0506496670372292
718021513,0.1,0.8,5.0,0.25,-0.23842556347411867,1.0743677767718622,0.988177106428116,7.986748746446037e-5,7.986748744751036e-5,1.0501269440079468
718022196,0.1,0.8,5.0,0.25,0.8962652870797101,0.2579856829811015,0.3445867924324664,1.2373836086043157e-5,1.2373836083379279e-5,1.0500107035629749
718022399,0.1,0.8,5.0,0.25,-0.6192120622338395,0.6388739826986832,0.7803877576922257,1.912320122388488e-5,1.912320121858939e-5,1.052422818353928
718022479,0.1,0.8,5.0,0.25,-0.04943412135688228,0.8414546693802005,0.8369039582151194,5.399492110273377e-5,5.399492108835752e-5,1.0502244887632113
718022778,0.1,0.8,5.0,0.25,0.7884936822198819,0.3332258597599496,0.3791971575558154,2.7559907646187032e-5,2.75599076401881e-5,1.0500638136667386
718023228,0.1,0.8,5.0,0.25,-1.0145088303823018,1.1119915276211756,1.077678332051169,5.849449786129492e-5,5.8494497849455406e-5,1.0606862623522242
718023412,0.1,0.8,5.0,0.25,0.40571322543076443,0.5338718031820688,0.5356077297896055,5.17451327234532e-5,5.17451327130316e-5,1.0500593997525953
71802356x,0.1,0.8,5.0,0.25,0.11428651538876422,1.985889254136712,0.9114706402549814,0.0025658836465694947,0.0025658836460879042,1.0513869209553457
718023586,0.1,0.8,5.0,0.25,-0.7241336910533345,1.896162528065896,1.9870912454815348,4.162108501669062e-5,4.162108500859172e-5,1.0500081993452846
718023674,0.1,0.8,5.0,0.25,0.478638696026439,0.3020420638180978,0.3963874442918569,1.3498730275683443e-5,1.3498730276633909e-5,1.050235213370037
718024116,0.1,0.8,5.0,0.25,-0.7216726342214905,2.7833537289034727,1.9870912454815348,0.00028347333578935234,0.00028347333574047493,1.0501365404786085
718024327,0.1,0.8,5.0,0.25,-0.25317792753808666,1.1053779110637223,0.9782933719990168,9.674090030906468e-5,9.674090028809268e-5,1.0503094325036628
718024407,0.1,0.8,5.0,0.25,0.24603328417198034,0.5883907071397418,0.5760004878204523,5.849449786129492e-5,5.849449785029299e-5,1.0500683543569374
718025186,0.1,0.8,5.0,0.25,1.487242665111795,0.2735864013036499,0.22773220915517983,0.00013161262018791358,0.00013161262016193938,1.0500456032589576
718025987,0.1,0.8,5.0,0.25,-0.048476956246147576,0.5708621844399383,0.7432264358973578,1.4061177370503587e-5,1.4061177366641734e-5,1.0500341146606218
71802639x,0.1,0.8,5.0,0.25,-0.7728820997165297,1.5075404495963887,1.2716672816245675,0.00012261346667079127,0.00012261346664298083,1.050958245764469
718026648,0.1,0.8,5.0,0.25,-0.7633785398901967,0.8540458066601524,0.8469324287799019,4.837045015453234e-5,4.837045014242653e-5,1.0767478091335514
718027456,0.1,0.8,5.0,0.25,-0.31607823166655546,1.618400103795424,1.36124264730537,0.00012486325505007184,0.00012486325502383933,1.0501734641994123
718027771,0.1,0.8,5.0,0.25,1.5340761284276792,0.23134772906535517,0.21133921155833202,8.267972293856109e-5,8.267972292182314e-5,1.0500330662306951
718027894,0.1,0.8,5.0,0.25,1.1856449967273712,0.5408920784002119,0.3241378516954595,0.0006788736434479132,0.0006788736433036147,1.0505596157175972
718028547,0.1,0.8,5.0,0.25,-0.336398534511696,1.4003592598945906,1.098507577262225,0.00017660838777352504,0.00017660838773514076,1.0505863782854263
718030022,0.1,0.8,5.0,0.25,-0.0691646398577363,1.259938830552449,1.0618003101613764,0.00012373836086043157,0.00012373836083504015,1.0500339991320866
718030110,0.1,0.8,5.0,0.25,-0.040782820881712,1.0096641082031703,0.8458311724918944,0.00012711304342935241,0.00012711304345532328,1.050637331252348
718030460,0.1,0.8,5.0,0.25,-0.0331269063304569,0.7265389095041247,0.7887790513412332,3.487171987884889e-5,3.487171987214777e-5,1.0500414824094126
718030743,0.1,0.8,5.0,0.25,-0.2563192836697394,1.499926733845227,1.142812711810887,0.00020473074251453223,0.00020473074247337437,1.0501612547120995
718030831,0.1,0.8,5.0,0.25,-0.6654376311590845,1.2182961478346863,1.3497523559461055,3.1497037309928035e-5,3.149703730185113e-5,1.0501285260583046
718031885,0.1,0.8,5.0,0.25,0.4385938736883689,0.959528669444967,0.6590184985274038,0.00034253028074546736,0.00034253028067243567,1.0510374143064702
718031914,0.1,0.8,5.0,0.25,-1.024038239019215,1.4589521255442663,1.3094040039823527,8.830419388676252e-5,8.830419386813639e-5,1.0547966225955423
718031922,0.1,0.8,5.0,0.25,-0.13110106265733543,1.723316903812176,0.9664603069119538,0.0009432237780133806,0.0009432237778361078,1.0511284671238998
71803199x,0.1,0.8,5.0,0.25,-0.9032652190348415,2.458924580500755,1.9870912454815348,0.0001524231626962589,0.00015242316266412696,1.0503035291304434
718032300,0.1,0.8,5.0,0.25,-0.09304642291294861,1.2571633170993566,0.8815491021873233,0.00030372143120287746,0.00030372143114601837,1.0545027710473482
718032802,0.1,0.8,5.0,0.25,0.6554309855617386,0.3809080566691139,0.42204642519608615,3.1497037309928035e-5,3.1497037304005066e-5,1.0500346043924853
718033223,0.1,0.8,5.0,0.25,0.4454950315652234,0.6735784209194715,0.4726864945453502,0.00030315898410805735,0.00030315898404941524,1.0540919653658385
718033725,0.1,0.8,5.0,0.25,-0.5358553933716995,1.790917533102308,1.4280198743485688,0.0001631096574978416,0.00016310965745801992,1.0501298934261405
718034058,0.1,0.8,5.0,0.25,-0.06487614019189991,0.7567369281815066,0.8576833041903671,2.8122354741007175e-5,2.8122354739006917e-5,1.0500385782762705
718034293,0.1,0.8,5.0,0.25,-0.13292369679470528,1.3554868015318775,0.9261288951717211,0.00035265432845223,0.0003526543283869902,1.0503925557205067
718035384,0.1,0.8,5.0,0.25,-0.28670271620557963,1.2231052953626742,1.03806294599295,0.00011923878410187041,0.00011923878407609227,1.050398927773307
718035501,0.1,0.8,5.0,0.25,-0.443464263223518,1.1599519480232758,1.247476925956067,3.655906116330933e-5,3.655906115581253e-5,1.0500405974204452
718035552,0.1,0.8,5.0,0.25,-0.45760883049438456,1.3329073712491994,1.2108192745726414,8.492951131784166e-5,8.492951129948078e-5,1.0502834911364822
718035907,0.1,0.8,5.0,0.25,0.0031818595671237455,0.765876216072421,0.7496581922265317,5.849449786129492e-5,5.8494497848648956e-5,1.050194908203516
718036264,0.1,0.8,5.0,0.25,0.6363879878448453,0.3186028203033238,0.4180648701922638,1.3498730275683443e-5,1.3498730272984111e-5,1.050376451260385
718036432,0.1,0.8,5.0,0.25,1.2825592648799637,0.20679772073262098,0.2267470536459428,3.3184378594388464e-5,3.3184378588402604e-5,1.050062084830534
718036459,0.1,0.8,5.0,0.25,-0.11056628231833812,1.1744061558953884,1.0085582508312438,0.0001124894189640287,0.00011248941894389363,1.0502498249399916
718037080,0.1,0.8,5.0,0.25,0.12797962390391815,1.333225353465801,0.9192471951651146,0.0003374682568920861,0.0003374682568237933,1.0500797534670385
718037283,0.1,0.8,5.0,0.25,0.11479085636266848,0.5185296059121447,0.6276134505087902,2.0248095413525164e-5,2.024809540985974e-5,1.050030948949391
718037494,0.1,0.8,5.0,0.25,0.013230373664830562,1.6570028892550077,1.0665211747946035,0.0004758302422178414,0.0004758302421294682,1.050173355158893
718037558,0.1,0.8,5.0,0.25,-0.18543384102450686,1.210456993643759,0.9887514437970883,0.00014454890336877688,0.000144548903329735,1.0501634360385967
718038235,0.1,0.8,5.0,0.25,-0.9429082401331629,1.4990621068521597,1.7763111534428466,2.249788379280574e-5,2.249788378796893e-5,1.0501948150575846
718038913,0.1,0.8,5.0,0.25,-0.30576355410228967,3.642922092480999,1.628309169479566,0.002937098729150789,0.0029370987286093603,1.0508166029750665
718039326,0.1,0.8,5.0,0.25,-0.23089833412318334,1.7814278376386967,0.9716896617691732,0.0010725866098220136,0.0010725866096169,1.0532993069003787
718039342,0.1,0.8,5.0,0.25,0.9033929383666912,0.45454204570591566,0.37898140006462055,0.00013048772599827328,0.00013048772597015496,1.050122234279719
718039916,0.1,0.8,5.0,0.25,0.1844491921578582,1.2225434108948303,0.8694155784914644,0.0002885353596427336,0.00028853535958542125,1.0504966772362327
718040263,0.1,0.8,5.0,0.25,-0.3843693863315121,1.0144569539341053,1.3316139837297019,1.3498730275683443e-5,1.349873027292504e-5,1.0500121211923914
718040554,0.1,0.8,5.0,0.25,0.1827722741973375,1.652134956670178,0.9292568826368726,0.0009336621774014382,0.000933662177213847,1.0501936810254529
718040810,0.1,0.8,5.0,0.25,-0.5691806208086369,1.1874999890371725,0.9292712711949253,0.00017548349358388477,0.00017548349353086024,1.0544875804706435
718040984,0.1,0.8,5.0,0.25,0.26656244786851835,0.8868729031452296,0.776304100629906,0.00010236537125726611,0.00010236537123810807,1.0500174406930896
718041493,0.1,0.8,5.0,0.25,0.07958963216471122,0.5650425913224122,0.7692393895056039,1.124894189640287e-5,1.1248941893971255e-5,1.0500136765524404
718042533,0.1,0.8,5.0,0.25,0.04690100749253083,1.9058699227479419,0.944760660258101,0.0017435859939424448,0.0017435859936016924,1.0516722175172486
718043050,0.1,0.8,5.0,0.25,-0.10208369106844732,1.145879060468299,0.8833464669907791,0.00019123201223884877,0.00019123201220158173,1.0521876695614598
718043675,0.1,0.8,5.0,0.25,-0.7568467825828614,1.2227918860842637,1.2758720010374,4.049619082705033e-5,4.049619102808838e-5,1.060376821722992
718044192,0.1,0.8,5.0,0.25,-0.07515170586102024,1.585201990643935,0.9491021064122328,0.0006530010770861866,0.0006530010769640336,1.059708730631846
718044475,0.1,0.8,5.0,0.25,-0.5411944005326216,0.4993880472562032,0.7107102793268484,8.999153517122296e-6,8.999153515797383e-6,1.050274532177063
718044707,0.1,0.8,5.0,0.25,-0.41262950290730593,1.6522104525745664,1.059097671153735,0.0004612066177525177,0.00046120661765498106,1.0610793590226058
718045064,0.1,0.8,5.0,0.25,-0.49568912268120735,1.6882991029026735,1.0413153980292376,0.000575945825095827,0.0005759458249651942,1.0548443779337466
718045099,0.1,0.8,5.0,0.25,-0.469314536390298,1.4106986015746406,1.211944559043801,0.00011192697186920855,0.00011192697184708932,1.0509018384870572
718045726,0.1,0.8,5.0,0.25,0.49865720040488454,0.9609346013507183,0.6456985212687621,0.00038190157738287743,0.0003819015773056258,1.0511661559984482
718045814,0.1,0.8,5.0,0.25,0.1222976142342171,1.3204150150724396,0.9393918852349223,0.0002885353596427336,0.0002885353595891424,1.0500777624315984
718046462,0.1,0.8,5.0,0.25,0.3372824810162987,0.8150570807767907,0.697321265341392,0.00011473920734330927,0.00011473920731934657,1.0500509355553274
718046534,0.1,0.8,5.0,0.25,0.19619663085118855,1.3572491061827756,0.8489314460348851,0.0005461361290703593,0.0005461361290836794,1.05129447471136
718047262,0.1,0.8,5.0,0.25,0.45885621621070644,0.5015785314575809,0.517471413081495,4.499576758561148e-5,4.499576757698321e-5,1.0500642280425014
718047510,0.1,0.8,5.0,0.25,0.18787356785663206,0.32969639151439084,0.3649772575025102,3.1497037309928035e-5,3.1497037305290855e-5,1.0509742355703249
718047756,0.1,0.8,5.0,0.25,1.3319090295031082,0.19494569011662918,0.19821034872723498,4.837045015453234e-5,4.8370450143923316e-5,1.0501924865838141
718048142,0.1,0.8,5.0,0.25,-0.2787058977989407,2.0740697081736776,1.2601904573886038,0.0006344403229571219,0.0006344403228372142,1.0502837028262058
718048417,0.1,0.8,5.0,0.25,0.33523971175212675,0.7645127097528991,0.7093440751078007,7.649280489553951e-5,7.649280488160598e-5,1.0500289356555401
718048927,0.1,0.8,5.0,0.25,-0.8570780395390415,1.1896751942374009,1.3668903335400637,2.58725663617266e-5,2.5872566356198134e-5,1.0532329859885063
718049129,0.1,0.8,5.0,0.25,-0.5452022392598945,0.8792363164220485,1.374968906410112,5.624470948201435e-6,5.624470946991371e-6,1.050011427286842
71804941x,0.1,0.8,5.0,0.25,0.36390408394989426,1.231805152763953,0.7940135804089837,0.0004724555596489205,0.00047245555956799187,1.0501214107917352
718049719,0.1,0.8,5.0,0.25,-0.10268810881459607,1.4371284517323106,1.051206078658776,0.00025028895719496385,0.00025028895714102343,1.0507926013979059
71805004x,0.1,0.8,5.0,0.25,-1.0132818243033472,1.842295442751664,1.9870912454815348,3.5996614068489185e-5,3.5996614058563416e-5,1.0502356532516097
71805012x,0.1,0.8,5.0,0.25,0.406405193796276,1.1962886957095373,0.7163228801613643,0.0006805609847323736,0.0006805609845867821,1.0508757881766122
718050349,0.1,0.8,5.0,0.25,-0.2725842113511632,0.7333431240104578,0.6659308893992165,8.436706422302153e-5,8.436706419752909e-5,1.0520614245233175
718050955,0.1,0.8,5.0,0.25,-0.7785219550133256,0.6530082278644957,0.7432264358973578,2.6997460551366886e-5,2.6997460547315117e-5,1.0542182780287865
718051675,0.1,0.8,5.0,0.25,-0.09259075117012505,0.6551221232221799,0.8918717230768294,1.124894189640287e-5,1.1248941893959793e-5,1.0500141611624603
718051720,0.1,0.8,5.0,0.25,-0.21588390441830932,1.3110027010782686,0.9781522507227457,0.00022722862630733797,0.00022722862626445658,1.0502728511964
718053152,0.1,0.8,5.0,0.25,-0.24315256477947494,1.5667339944471472,1.2954252717555226,0.00013611219694647473,0.00013611219691915598,1.050028562694082
718053267,0.1,0.8,5.0,0.25,-0.13233583003372007,1.2126107874401506,0.8896708407315298,0.000246914274626043,0.0002469142745779787,1.050462253137943
718053558,0.1,0.8,5.0,0.25,1.4553591566804018,0.15573912965106795,0.19821034872723498,1.5748518654964018e-5,1.5748518651433994e-5,1.05007687864952
718053662,0.1,0.8,5.0,0.25,0.07089677007170041,0.9355943705792753,0.7862202270345229,0.000125425702144892,0.0001254257021208274,1.0501798938283429
718054702,0.1,0.8,5.0,0.25,0.0010478844411813887,0.9525455986423853,0.8055060690357341,0.00012148857248115099,0.00012148857245503199,1.050285795727383
718054745,0.1,0.8,5.0,0.25,0.4677402860905291,0.607473654002543,0.6055339600982641,5.343247400791363e-5,5.343247399708409e-5,1.050087542294743
718055131,0.1,0.8,5.0,0.25,0.32683789548460507,0.4176405918823684,0.5685682305494384,1.124894189640287e-5,1.1248941894172115e-5,1.0500147472636732
718055211,0.1,0.8,5.0,0.25,0.7193906204974801,0.6926825361656993,0.5017174659250588,0.0002637876874706473,0.00026378768741654337,1.0500784221207404
718055537,0.1,0.8,5.0,0.25,-0.8017674612421392,3.243863435723334,1.9870912454815348,0.0006074428624057549,0.0006074428622847501,1.0508513485824116
718055844,0.1,0.8,5.0,0.25,-0.3643467049152765,0.9733054484327632,1.1317311830835939,2.4747672172086314e-5,2.4747672167105327e-5,1.050017703448293
718055887,0.1,0.8,5.0,0.25,-0.31074574760167384,1.1178647506625774,1.1264009665608128,5.0620238533812914e-5,5.0620238531605146e-5,1.050096062572466
718056011,0.1,0.8,5.0,0.25,0.4548267957068253,0.6311162748367811,0.5945811487178863,7.086833394733808e-5,7.086833393230736e-5,1.0500389751901278
718056679,0.1,0.8,5.0,0.25,0.06410803455323688,0.6214945415611436,0.6304610382909039,4.8932897249352485e-5,4.8932897241623845e-5,1.0501624848187299
718056687,0.1,0.8,5.0,0.25,-0.18621777547765705,0.4700542239412632,0.6974893917438606,7.311812232661865e-6,7.311812231298132e-6,1.0500330456736244
718056927,0.1,0.8,5.0,0.25,1.0631584101194709,0.21863546230441225,0.2565900748407785,2.3622777982446025e-5,2.362277797736724e-5,1.0500553166864874
718057436,0.1,0.8,5.0,0.25,1.5586672974693552,0.36255856089105815,0.19821034872723498,0.001066399691778992,0.0010663996915632047,1.0521204369884263
718058236,0.1,0.8,5.0,0.25,0.24058922690610984,0.6240919493915339,0.6180913437801103,5.5119815292374064e-5,5.511981528080056e-5,1.0503450384984032
718058447,0.1,0.8,5.0,0.25,1.4134905813051035,0.13745645674029236,0.19821034872723498,8.436706422302152e-6,8.436706420476689e-6,1.0500303495713894
718059175,0.1,0.8,5.0,0.25,0.1750042644032159,1.3126783945598932,0.8903806998886641,0.00036446571744345297,0.00036446571736972825,1.0511117309086309
718059271,0.1,0.8,5.0,0.25,0.017254292741013897,0.7170000383131447,0.6795213431974113,6.693120428359708e-5,6.69312042712683e-5,1.055815343489117
71805936x,0.1,0.8,5.0,0.25,-0.3938250238897176,1.0511899471458164,0.992781303245802,6.918099266287765e-5,6.918099264851686e-5,1.0525139764153901
718059415,0.1,0.8,5.0,0.25,0.3066577367945683,0.6903551965421204,0.7140618210387898,4.4433320490791335e-5,4.443332048258884e-5,1.0500081050897667
718059693,0.1,0.8,5.0,0.25,-1.0624859825868296,1.3391600013333609,1.9870912454815348,7.311812232661865e-6,7.311812231086817e-6,1.0500434572851833
71805979x,0.1,0.8,5.0,0.25,-0.14328434908920648,1.0145524307958127,1.0878132637696225,3.712150825812947e-5,3.712150825068624e-5,1.0500080854122646
718059917,0.1,0.8,5.0,0.25,-0.6143649312523266,1.032622117235907,1.2047182424398917,2.418522507726617e-5,2.4185225071984253e-5,1.051340826229284
718060352,0.1,0.8,5.0,0.25,0.17493261923309122,1.4025652779586304,0.9102693019769715,0.0004567070409939565,0.00045670704090627955,1.050082123557103
718060555,0.1,0.8,5.0,0.25,-0.05866154284675678,1.0320207760353721,0.9033059486754056,0.00010236537125726611,0.00010236537123657933,1.050075623888662
718060619,0.1,0.8,5.0,0.25,-0.9737201698187089,1.6849730816504074,1.9870912454815348,2.3060330887625882e-5,2.306033088188554e-5,1.0500250752055509
71806066x,0.1,0.8,5.0,0.25,0.07316256411341764,0.5689515850395896,0.7004345807301054,1.8560754129064736e-5,1.8560754125565415e-5,1.050476228287469
718061101,0.1,0.8,5.0,0.25,-0.5308961741484023,1.3677775995883332,0.9261288951717211,0.00035265432845223,0.0003526543283456718,1.0599169294004576
718061689,0.1,0.8,5.0,0.25,0.2307804841672509,0.46593053273106894,0.5846714723565344,1.6873412844604303e-5,1.6873412841432687e-5,1.0504280263314445
718061785,0.1,0.8,5.0,0.25,-0.279099012321709,0.36932703280610457,0.6038714791666032,4.499576758561148e-6,4.499576757662281e-6,1.0500980830384021
718061865,0.1,0.8,5.0,0.25,-0.28686852309736144,1.0853568605258475,1.2402591149037159,2.6997460551366886e-5,2.6997460546038886e-5,1.0500093477377828
718062235,0.1,0.8,5.0,0.25,0.7171300582521342,0.6926888535316105,0.5017174659250588,0.0002637876874706473,0.0002637876874164472,1.0500879989894139
718062438,0.1,0.8,5.0,0.25,-0.09059119480384355,0.5668485963680558,0.8547104012819615,6.749365137841721e-6,6.749365136558715e-6,1.050009242390199
718062489,0.1,0.8,5.0,0.25,0.14401733459001287,1.1375357821179606,0.7865812876981716,0.00033071889175424437,0.0003307188916853079,1.0513014789675699
718062577,0.1,0.8,5.0,0.25,-0.5584384596900106,1.1636863029076145,0.8782689362288751,0.0002120425547471941,0.0002120425547134655,1.05274070285997
718062622,0.1,0.8,5.0,0.25,0.2410817378350658,0.5350118743601014,0.5652708054092865,3.9933743732230185e-5,3.99337437248137e-5,1.0501140760121828
718063350,0.1,0.8,5.0,0.25,0.4858752764470854,0.58836513004535,0.5760004878204523,5.849449786129492e-5,5.849449784905285e-5,1.0500227083355578
718063502,0.1,0.8,5.0,0.25,0.1562492880781007,0.5552042962318597,0.5671525523721601,4.724555596489205e-5,4.7245555954722274e-5,1.0502153327327939
718064492,0.1,0.8,5.0,0.25,-0.3006674836022275,1.5612639597073816,1.1631677016429731,0.00022835352049697824,0.00022835352045118282,1.0507758383381538
718064548,0.1,0.8,5.0,0.25,0.07756656846649251,0.9558243591418251,0.7703514903718481,0.00015411050398071933,0.00015411050395238484,1.050800665506487
718065065,0.1,0.8,5.0,0.25,0.08177136532996222,1.0094303319149,0.7482530751091049,0.0002328530972555394,0.00023285309727418644,1.0519838109191508
718065241,0.1,0.8,5.0,0.25,1.3667955245810415,0.07997134251439451,0.19821034872723498,5.624470948201435e-7,5.62447094711134e-7,1.0500001127480254
718065372,0.1,0.8,5.0,0.25,-0.05223427502251032,0.8094974522797157,0.7794011845910623,6.355652171467621e-5,6.35565217027222e-5,1.0500742784253811
718065604,0.1,0.8,5.0,0.25,0.02034297446432373,0.6933258564035353,0.668234192761197,6.243162752503592e-5,6.243162751208724e-5,1.0527503424243376
718065823,0.1,0.8,5.0,0.25,1.5163649749774124,0.14839517612629896,0.19821034872723498,1.2373836086043157e-5,1.2373836083695266e-5,1.0500021935529376
718066156,0.1,0.8,5.0,0.25,-0.28921186206344285,1.3368153320401102,0.8255609546570057,0.0004904538666831651,0.0004904538666806154,1.0879282667908066
718066228,0.1,0.8,5.0,0.25,0.4011853089244683,0.5172706219263824,0.5711108234285917,3.205948440474818e-5,3.2059484399218795e-5,1.0500349055266847
718067538,0.1,0.8,5.0,0.25,-0.19105851267213705,0.8159806055555598,0.9175988192731211,2.924724893064746e-5,2.9247248922747608e-5,1.0500442623831778
718067714,0.1,0.8,5.0,0.25,-0.6857076876033446,3.056632280405102,1.7774204191252383,0.0007536791070589923,0.0007536791068869211,1.0602623872311143
718067765,0.1,0.8,5.0,0.25,1.4281549276964705,0.3539663021731513,0.258398904418939,0.0002536636397638847,0.00025366363971951055,1.0500675241056918
718067810,0.1,0.8,5.0,0.25,-1.036479267046484,1.5262825998188863,1.9870912454815348,1.4061177370503587e-5,1.4061177367455231e-5,1.050051080031814
718067941,0.1,0.8,5.0,0.25,0.48441282709744515,0.4879789125022458,0.5170732469491733,3.937129663741004e-5,3.9371296629602425e-5,1.050051653510253
718068557,0.1,0.8,5.0,0.25,0.09232267973936617,0.4356400468785065,0.41646309763485007,6.524386299913664e-5,6.524386298953096e-5,1.0520610876434402
718069242,0.1,0.8,5.0,0.25,0.11841943018450958,0.6420966877149851,0.7466047700967078,2.4747672172086314e-5,2.4747672167472847e-5,1.050026883989313
718069904,0.1,0.8,5.0,0.25,0.5093884738033403,0.7170065012296374,0.6070259047211817,0.00012092612538633085,0.00012092612536243159,1.0500487473305622
718070737,0.1,0.8,5.0,0.25,-0.19949429479140174,1.2132071017367447,1.0572995266747196,0.00010461515963654668,0.0001046151596169472,1.0500635943918468
718070921,0.1,0.8,5.0,0.25,-0.022547462206821366,1.3114288223741388,0.9432079718211381,0.00027278684098776956,0.0002727868409448977,1.0504374540937862
718070948,0.1,0.8,5.0,0.25,-0.06341402359513268,1.34138938421218,0.9497412277322408,0.00029472227768575517,0.0002947222776286661,1.0506658130676658
718071297,0.1,0.8,5.0,0.25,0.563391894698056,0.35309394243832276,0.3809035483973959,3.5996614068489185e-5,3.5996614061969823e-5,1.0500755302851532
718071473,0.1,0.8,5.0,0.25,1.3803912851892863,0.17487963860871736,0.19821034872723498,2.8122354741007175e-5,2.8122354735484652e-5,1.0500263682269175
718071641,0.1,0.8,5.0,0.25,0.67791740373878,0.5318740591421435,0.49796169787531047,7.311812232661866e-5,7.311812231262777e-5,1.0500391317732893
718071748,0.1,0.8,5.0,0.25,-0.18855968689802677,1.236257971243408,1.0671969408659083,0.00010967718348992798,0.00010967718347028503,1.0501199168595907
718072636,0.1,0.8,5.0,0.25,0.4515259801822095,0.4929313997884684,0.5966456587198682,2.0248095413525164e-5,2.02480954097972e-5,1.050003587866399
718072791,0.1,0.8,5.0,0.25,0.43595956301776395,0.5618982540435872,0.5146202458797673,8.15548287489208e-5,8.155482873368812e-5,1.0502156815578327
718073217,0.1,0.8,5.0,0.25,1.5100708534297693,0.25966310708056595,0.19821034872723498,0.00020248095413525166,0.0002024809540976445,1.050520927054952
718073559,0.1,0.8,5.0,0.25,0.48995563083703164,0.8599069620456743,0.6465497143409563,0.00021879191988503582,0.00021879191984421092,1.0501247764173591
718073575,0.1,0.8,5.0,0.25,0.1256165124576959,0.9957160558611095,0.7928597314605076,0.00016423455168748188,0.00016423455166014942,1.0501319291968494
718073751,0.1,0.8,5.0,0.25,-0.3010506614306595,0.9995263746532652,0.9527394346565322,6.524386299913664e-5,6.524386298103873e-5,1.055139311016486
718073778,0.1,0.8,5.0,0.25,0.08425441860297742,1.4695250905873676,0.8712265521774135,0.0007086833394733808,0.0007086833393420873,1.0528174589575765
718073807,0.1,0.8,5.0,0.25,0.22327590272741094,1.1868410406059082,0.8401566937697922,0.0002958471718753955,0.00029584717181566875,1.0500655231640816
71807384x,0.1,0.8,5.0,0.25,-0.39562314842191454,0.9921976603589218,1.138559652513365,2.6435013456546743e-5,2.6435013450976424e-5,1.0500358383659674
71807405x,0.1,0.8,5.0,0.25,-0.11090093024949332,0.5278784206820134,0.7832463318117688,7.311812232661865e-6,7.311812231113914e-6,1.0500939423001103
718074244,0.1,0.8,5.0,0.25,0.3765354901048694,0.3286071898122586,0.49548427878497253,6.749365137841721e-6,6.749365136434584e-6,1.050007055814624
718074682,0.1,0.8,5.0,0.25,-0.7150752260662268,2.1555538233765406,1.7678172261383693,0.00014173666789467617,0.00014173666786718143,1.0500807241562373
718074746,0.1,0.8,5.0,0.25,0.2787367307915761,0.856665677748937,0.6460054299208231,0.00021541723731611495,0.00021541723727041238,1.050308133425071
718076127,0.1,0.8,5.0,0.25,-0.9618008796080982,1.395974235569752,1.9870912454815348,8.999153517122296e-6,8.999153515463902e-6,1.0500666872209106
718076178,0.1,0.8,5.0,0.25,-0.14690815095350426,1.4478515862491201,1.046318576094603,0.000266599922944748,0.00026659992289465795,1.0502331604285795
718076426,0.1,0.8,5.0,0.25,0.287971184084159,1.2305492410315844,0.8158182706245812,0.0004105863792187047,0.00041058637914511185,1.0500797465797949
718076960,0.1,0.8,5.0,0.25,-0.34323255931771035,1.418618513792961,1.1878526551345874,0.00012767549052417258,0.0001276754904896673,1.0502172894534005
718077488,0.1,0.8,5.0,0.25,0.9272770974072815,0.5370216466114851,0.41362167637761615,0.0001940442477129495,0.0001940442476736803,1.0500402989747868
718077672,0.1,0.8,5.0,0.25,-0.28011369097056515,1.1122418522000592,1.031773161495203,7.649280489553951e-5,7.649280487904884e-5,1.0502398887887563
718078181,0.1,0.8,5.0,0.25,-0.0620374527142843,0.5201369653746148,0.7718120353335964,7.311812232661865e-6,7.311812231207636e-6,1.0500229396664256
718079512,0.1,0.8,5.0,0.25,0.38667799343168074,1.0506067589968857,0.7291307523366015,0.0003262193149956832,0.00032621931493872423,1.0503413436710183
718079731,0.1,0.8,5.0,0.25,-0.008055954015582373,0.8894213138724674,0.7157593873706286,0.0001552353981703596,0.00015523539816286443,1.0508481114555868
718080222,0.1,0.8,5.0,0.25,-0.08827396973321193,0.8830898167549229,0.9044080555185688,4.668310887007191e-5,4.668310886130082e-5,1.0500406712218175
718081700,0.1,0.8,5.0,0.25,0.14888143230285836,1.2905696063698646,0.9088007476208393,0.00030372143120287746,0.00030372143114185395,1.0500628404357493
718081911,0.1,0.8,5.0,0.25,-0.23610490130821096,1.223878156944784,1.2825677129832658,4.162108501669062e-5,4.162108500963532e-5,1.0500085163060813
718082762,0.1,0.8,5.0,0.25,0.38931695852068515,0.8272101212268764,0.690877459480844,0.000129362831808633,0.00012936283178381622,1.0501480571449655
718083378,0.1,0.8,5.0,0.25,0.07435809068415627,0.6801276723417794,0.7432264358973578,3.374682568920861e-5,3.374682568281537e-5,1.0500750292253498
718084864,0.1,0.8,5.0,0.25,0.17282889392867204,1.4964809539619421,0.9087094547007805,0.0006355652171467621,0.0006355652170157231,1.0505379436255455
718085066,0.1,0.8,5.0,0.25,0.2951920930845332,0.7062919655925304,0.6258749157702791,9.617845321424453e-5,9.617845318834586e-5,1.0502163676380165
718085162,0.1,0.8,5.0,0.25,0.22452059013475784,0.8227219381468875,0.7162000458209435,0.00010517760673136683,0.0001051776067133355,1.0501025107061168
718085197,0.1,0.8,5.0,0.25,-0.04358647394962157,0.9790098217889492,0.8372227037597657,0.00011473920734330927,0.00011473920731228241,1.050512689823231
718085445,0.1,0.8,5.0,0.25,-0.17256810397331918,1.331842005122505,1.0676632577300906,0.00015861008073928047,0.00015861008070853914,1.050388295203954
718085453,0.1,0.8,5.0,0.25,0.6904266562933546,0.3496318668768002,0.4516529743377028,1.462362446532373e-5,1.4623624462324365e-5,1.0500083421718007
71808547x,0.1,0.8,5.0,0.25,-0.6760315859908019,0.5554657366656421,0.6630362375651471,2.1372989603165453e-5,2.13729895999578e-5,1.0532817888650208
718085808,0.1,0.8,5.0,0.25,-0.5374050628513387,0.7132023521537135,0.7187337787505569,4.949534434417263e-5,4.9495344334770325e-5,1.0547012502043516
718085816,0.1,0.8,5.0,0.25,-0.22767070876947826,0.8997272021763236,0.932844453404556,4.387087339597119e-5,4.387087338759761e-5,1.0501805762006755
718085867,0.1,0.8,5.0,0.25,-0.07526231678764635,0.859836590866602,0.8516768254391069,5.5119815292374064e-5,5.5119815280889523e-5,1.050212449485258
718086296,0.1,0.8,5.0,0.25,0.3683370617674925,1.7424689796347077,0.8211005725402508,0.0022599124269873363,0.002259912426566925,1.0503837597728118
718087336,0.1,0.8,5.0,0.25,0.8263047304765644,0.45331332806556746,0.3833121433997082,0.00012148857248115099,0.00012148857245628073,1.0503558157669086
718087352,0.1,0.8,5.0,0.25,0.4564624827480843,1.2120743515620653,0.6439043460471406,0.0012373836086043157,0.0012373836083692596,1.051004688287684
718087889,0.1,0.8,5.0,0.25,0.10430160707920003,0.9462817426357387,0.8467309889671635,9.167887645568339e-5,9.167887643615116e-5,1.0500712550098077
718088259,0.1,0.8,5.0,0.25,0.17659639042363712,0.594131446689255,0.6972172140939958,2.3622777982446025e-5,2.3622777977726364e-5,1.0501367691232943
718088814,0.1,0.8,5.0,0.25,0.4459072332996251,0.4123457894120078,0.4886713674265935,2.249788379280574e-5,2.2497883786818138e-5,1.0500596180318196
718089761,0.1,0.8,5.0,0.25,0.11241755068178154,0.9876428920574059,0.8570574373548708,0.00010686494801582726,0.00010686494799318731,1.0500756284155326
718090279,0.1,0.8,5.0,0.25,0.07618942212131967,0.5547887120445822,0.6752743086655764,1.968564831870502e-5,1.9685648314435037e-5,1.0500622962085495
718090623,0.1,0.8,5.0,0.25,-0.45985051054037696,2.118791240517789,1.3868412387935356,0.0004330842630115105,0.00043308426289556765,1.052312092531127
718091159,0.1,0.8,5.0,0.25,0.94085262134757,0.2428082847714844,0.30472283162995706,1.6873412844604303e-5,1.687341284313278e-5,1.0503052572026836
718091183,0.1,0.8,5.0,0.25,-0.3711032647647031,0.8386179324114226,0.9359147448783038,3.0372143120287746e-5,3.0372143114766935e-5,1.050099345919427
718091941,0.1,0.8,5.0,0.25,1.3096331550804015,0.2187727084487073,0.20810339850728038,6.749365137841721e-5,6.749365136402574e-5,1.0501685453492213
718092506,0.1,0.8,5.0,0.25,0.9080933109611523,0.19311752899481285,0.23922600905446206,1.7998307034244593e-5,1.79983070307185e-5,1.0504238880081924
718092688,0.1,0.8,5.0,0.25,-0.4417079830719519,1.4434176693089682,1.4855352645407707,4.555821468043162e-5,4.555821467129247e-5,1.0500097512153022
718093314,0.1,0.8,5.0,0.25,0.4575598334865387,1.1559858577440127,0.6936779832110018,0.0006749365137841722,0.0006749365136550251,1.0503635582993816
718093410,0.1,0.8,5.0,0.25,0.28524324298225895,0.9938730962966617,0.7780505738832048,0.0001788581761528056,0.0001788581761140168,1.0500717329040177
718093592,0.1,0.8,5.0,0.25,0.3905624786268914,0.4988881088400385,0.5348977997528749,3.712150825812947e-5,3.712150825045336e-5,1.0500375705302911
718093963,0.1,0.8,5.0,0.25,-0.9839190336724946,1.2441584217244526,1.9870912454815348,5.062023853381291e-6,5.06202385242688e-6,1.0500032814561036
718093971,0.1,0.8,5.0,0.25,-0.09743693188703317,0.6654478208953527,0.6898665746781432,4.387087339597119e-5,4.38708733869584e-5,1.0502949278634677
718095109,0.1,0.8,5.0,0.25,0.25385942990076227,0.7724062300994954,0.656516661416134,0.00011811388991223013,0.0001181138898915135,1.0508420460575107
718095133,0.1,0.8,5.0,0.25,-0.21101510196528522,1.1288330683647871,0.8405891301869342,0.0002249788379280574,0.0002249788378802446,1.0544238964713504
718095459,0.1,0.8,5.0,0.25,0.01105671844325053,1.3503883077207908,1.0239787449267974,0.0002097927663679135,0.00020979276632576198,1.0500433895844858
718095862,0.1,0.8,5.0,0.25,-0.04349300267399217,1.148758076380336,0.9094614163381282,0.00016873412844604306,0.00016873412841067248,1.0505127611168876
718096400,0.1,0.8,5.0,0.25,-0.09401549089117459,0.5767339149679174,0.6759821123144173,2.3622777982446025e-5,2.3622777978074667e-5,1.0514090563844445
71809646x,0.1,0.8,5.0,0.25,-0.7422908277918157,2.2598052041814283,1.7492365652409354,0.0001889822238595682,0.00018898222382093152,1.0503544662792854
718096726,0.1,0.8,5.0,0.25,1.5309408995574585,0.2001059463198317,0.2069744460170113,4.4433320490791335e-5,4.443332048228939e-5,1.050023772778565
718096806,0.1,0.8,5.0,0.25,-0.23286979330307273,1.355492635706969,1.0519340121129717,0.00018673243548028763,0.00018673243542990944,1.0501765897756663
718097569,0.1,0.8,5.0,0.25,0.1819577946855362,1.0410311970845192,0.761390466527629,0.000250851404289784,0.00025085140424004987,1.0504384799619748
718097905,0.1,0.8,5.0,0.25,-0.4946793235726526,1.5928965343249324,1.4510373144571835,8.380461712820138e-5,8.380461711001653e-5,1.0501540641805531
718098000,0.1,0.8,5.0,0.25,1.534271960869115,0.35030318624761053,0.19821034872723498,0.0009010402459018698,0.0009010402456613557,1.051396541568735
718098182,0.1,0.8,5.0,0.25,0.1643362764750587,0.7946264376436147,0.6135989949654155,0.00019123201223884877,0.00019123201220444487,1.0504221516198093
718098211,0.1,0.8,5.0,0.25,0.3985801156614987,0.7752109785388887,0.5760004878204523,0.0002317282030658991,0.00023172820302302206,1.050506888790644
71809902x,0.1,0.8,5.0,0.25,-1.1355513624012699,3.5080838741863447,1.8835810433079037,0.0010911473639510783,0.0010911473637230547,1.0663667520713045
718099142,0.1,0.8,5.0,0.25,-0.8168538379305825,1.1381765239268504,1.5202359302698298,1.2373836086043157e-5,1.2373836083693513e-5,1.0500147002438045
718099206,0.1,0.8,5.0,0.25,-0.8643012487676351,2.135671669230854,1.9870912454815348,7.536791070589923e-5,7.536791069016132e-5,1.0502120607072043
718099222,0.1,0.8,5.0,0.25,0.1781733581601354,0.7094213571337843,0.6791551792028276,6.524386299913664e-5,6.524386298592834e-5,1.0505698392885336
720782442,0.1,0.8,5.0,0.25,0.39286859750482994,0.8881288700086517,0.5994913327528814,0.0003745897651502156,0.00037458976507471256,1.050459995352721
723273061,0.1,0.8,5.0,0.25,-0.7220985130622222,2.3690372444034877,1.5471224040231106,0.00043477160429597093,0.0004347716042061071,1.0538834852243673
72400076x,0.1,0.8,5.0,0.25,-0.05201562105493413,1.2487571051709252,0.8042963669653586,0.0004668310887007191,0.00046683108863701913,1.0534829989303816
724000778,0.1,0.8,5.0,0.25,-0.07163324140855683,1.1874955229930813,0.7978754552144215,0.00038246402447769754,0.00038246402440280216,1.0509362628436656
724001084,0.1,0.8,5.0,0.25,1.2726260106739633,0.1484085563794578,0.19821034872723498,1.2373836086043157e-5,1.2373836083529565e-5,1.0500968684335583
724001711,0.1,0.8,5.0,0.25,0.07695762885757743,1.785577545283293,1.0288882910454256,0.0008267972293856109,0.0008267972292304668,1.0503361388443535
724001885,0.1,0.8,5.0,0.25,-0.2268629358038074,0.43457479379751596,0.5484498368098649,1.631096574978416e-5,1.6310965746025272e-5,1.0515484950012253
724002044,0.1,0.8,5.0,0.25,-0.13845060372364074,0.5464486931546831,0.6954475632127007,1.5748518654964018e-5,1.5748518652037238e-5,1.0501097243901951
724002490,0.1,0.8,5.0,0.25,0.10204878661261338,1.5428859118461695,0.9885083267817144,0.00048707918411424427,0.0004870791840156726,1.0501012795391165
724002861,0.1,0.8,5.0,0.25,0.4555348125615527,0.7906525466851055,0.6586964216417306,0.00013105017309309342,0.000131050173069641,1.050051187293477
724002917,0.1,0.8,5.0,0.25,0.2676203023922393,0.4633670943634932,0.6596134618589051,8.999153517122296e-6,8.999153515281174e-6,1.050008868157453
724003020,0.1,0.8,5.0,0.25,-0.5296196934273906,1.7558372834608944,1.4421565263159974,0.00014061177370503587,0.00014061177367599175,1.0501834013219795
724003143,0.1,0.8,5.0,0.25,-0.5575908164445348,1.4444262160511556,1.6505820903084465,2.6997460551366886e-5,2.6997460546288672e-5,1.0500047670562493
72400324x,0.1,0.8,5.0,0.25,-0.8685619314306875,2.6167239639647226,1.9870912454815348,0.0002081054250834531,0.00020810542504195168,1.0502218302744062
724003848,0.1,0.8,5.0,0.25,0.017252592912373032,0.885227124798756,0.7847596820727747,9.561600611942439e-5,9.561600609313163e-5,1.0510164916536031
724004445,0.1,0.8,5.0,0.25,0.15102400060880775,1.1139816590230909,0.7566764063356485,0.000360528587779712,0.0003605285876987634,1.0519074393950316
724005333,0.1,0.8,5.0,0.25,0.3632432128150211,1.0007347673138272,0.7308393050058698,0.00025310119266906456,0.00025310119261357,1.0501126110729553
724005608,0.1,0.8,5.0,0.25,-0.9244550386234817,1.0696835659961237,1.115830621482172,4.2183532111510764e-5,4.218353210296794e-5,1.0520250475109378
724006088,0.1,0.8,5.0,0.25,0.5044012075150314,0.45734611238511835,0.4419184060190568,6.243162752503592e-5,6.243162751322504e-5,1.0500732377115065
724006192,0.1,0.8,5.0,0.25,-0.4301810142039761,1.5393882789378392,1.2695520927112176,0.00013779953823093516,0.000137799538203319,1.0501364123850685
724007128,0.1,0.8,5.0,0.25,-0.11682513604641301,1.0486846978334827,0.9219348076983364,0.00010011558287798554,0.00010011558285124723,1.0501274305903467
724007347,0.1,0.8,5.0,0.25,-0.27469668581476575,1.3367721085372437,1.1164553542441271,0.000129362831808633,0.0001293628317769132,1.0501509559550999
724007531,0.1,0.8,5.0,0.25,1.1899259580184864,0.1795399179732246,0.19821034872723498,3.205948440474818e-5,3.2059484398785825e-5,1.0501250302493772
724007849,0.1,0.8,5.0,0.25,-0.0461102418696339,0.4752672325445878,0.7432264358973578,5.624470948201435e-6,5.624470946668604e-6,1.0500210573229267
724008622,0.1,0.8,5.0,0.25,-0.015849177310592242,0.9047965299137603,0.8006968175458972,9.674090030906468e-5,9.67409002825037e-5,1.0504089636004212
724008809,0.1,0.8,5.0,0.25,0.07313909530901407,0.5033397110651989,0.672282126506972,1.2373836086043157e-5,1.237383608366448e-5,1.0500412945721616
724008876,0.1,0.8,5.0,0.25,0.6145537409868749,0.6320072297287951,0.5376004387605163,0.00011811388991223013,0.00011811388988867033,1.0500255274586132
724009115,0.1,0.8,5.0,0.25,-0.15134240310364389,0.8080872753092808,0.9122739895996603,2.8684801835827318e-5,2.8684801828264943e-5,1.0500264157575363
724009668,0.1,0.8,5.0,0.25,-0.06556356134520358,0.7055170012853476,0.8361297403845276,2.249788379280574e-5,2.2497883788285412e-5,1.050033364321263
724010028,0.1,0.8,5.0,0.25,-0.14267371328612577,0.9789341267024135,0.9583333232776198,5.849449786129492e-5,5.8494497849532676e-5,1.0500536664526847
724010036,0.1,0.8,5.0,0.25,-0.017473658958858575,0.5691045121095819,0.6218327941514022,3.374682568920861e-5,3.374682568243485e-5,1.050193778860758
724010204,0.1,0.8,5.0,0.25,0.06382050368945014,0.6216579487321169,0.6292087375831408,4.949534434417263e-5,4.949534433455191e-5,1.0501262055817988
724010263,0.1,0.8,5.0,0.25,-0.533054892721773,2.4301214694436455,1.5292828601847877,0.0005309500575102154,0.0005309500574018449,1.0508168954190384
724010714,0.1,0.8,5.0,0.25,0.2444306509144314,0.3730168801448694,0.4682326687912547,1.6873412844604303e-5,1.687341284148872e-5,1.0500834352583506
724011020,0.1,0.8,5.0,0.25,-0.35884495779887293,1.5036086921746175,1.2452140239639882,0.00013498730275683443,0.00013498730272987433,1.0500980709403087
724011792,0.1,0.8,5.0,0.25,0.4485717098292682,0.43437918643750423,0.5050561429902684,2.4747672172086314e-5,2.4747672166731846e-5,1.0500744681606868
724012058,0.1,0.8,5.0,0.25,0.24653054261861077,0.5066180647805975,0.6131618096153202,2.0248095413525164e-5,2.024809540960648e-5,1.0500896035351834
724013130,0.1,0.8,5.0,0.25,0.3177681712119097,0.7940632239920996,0.7346093198544782,7.76176990851798e-5,7.761769907082157e-5,1.0500358239820184
724013552,0.1,0.8,5.0,0.25,0.1610714420498334,0.5227414153314546,0.6258749157702791,2.1372989603165453e-5,2.1372989598632533e-5,1.0500837277897392
724014694,0.1,0.8,5.0,0.25,0.40213138195382897,0.9040624990588627,0.6812909231991101,0.00021597968441093508,0.00021597968436489035,1.0504633183358698
724015080,0.1,0.8,5.0,0.25,0.10404723169753663,0.8302894263095202,0.8654676558560954,4.274597920633091e-5,4.2745979198308603e-5,1.0500191778387655
724015275,0.1,0.8,5.0,0.25,0.007161382244667036,1.008037373854355,0.8589982624612762,0.00011698899572258984,0.00011698899571456156,1.0501539407802554
724015953,0.1,0.8,5.0,0.25,0.1706849900416244,1.192805116422928,0.7685014620283274,0.0004730180067437407,0.0004730180066663803,1.0503810563610694
724016091,0.1,0.8,5.0,0.25,1.20673098771779,0.18715811066217525,0.19821034872723498,3.937129663741004e-5,3.937129663550606e-5,1.0506159827071861
724016235,0.1,0.8,5.0,0.25,0.15427194006301137,1.4534531839785088,0.8037091295098561,0.0010118423235814381,0.0010118423233331734,1.0511802628476745
72401642x,0.1,0.8,5.0,0.25,-0.8070652740869392,2.913268969092217,1.9870912454815348,0.0003554665639263307,0.0003554665638526648,1.050511090821482
724016489,0.1,0.8,5.0,0.25,0.42448060617971173,0.31008585238085384,0.4412906963140562,8.999153517122296e-6,8.999153514621216e-6,1.0503026681157435
724017406,0.1,0.8,5.0,0.25,0.015629261224409382,0.7368409703673986,0.8918717230768294,2.0248095413525164e-5,2.0248095409340655e-5,1.0500069059131518
724017596,0.1,0.8,5.0,0.25,0.6265699643367038,0.9116479908342024,0.5862744853068836,0.000478080030597122,0.0004780800305099823,1.0500831374368114
724022491,0.1,0.8,5.0,0.25,1.2408744907884517,0.20696658732049986,0.24526472030214827,2.249788379280574e-5,2.249788379340422e-5,1.0501091497471482
724023806,0.1,0.8,5.0,0.25,-0.04197073131616059,0.571909819830214,0.6534199318529592,2.6997460551366886e-5,2.6997460546127106e-5,1.0501908077362594
724023937,0.1,0.8,5.0,0.25,-0.5025716087700732,1.3538366746081325,1.2441192177192457,7.986748746446037e-5,7.98674874486278e-5,1.051060927437832
724024446,0.1,0.8,5.0,0.25,-0.23060281933335275,0.30896539516629096,0.4830971833332826,5.624470948201435e-6,5.624470947127568e-6,1.050162773822601
724024809,0.1,0.8,5.0,0.25,-0.25108339043044775,1.5116461866642221,1.1200208105777592,0.00023397799144517968,0.0002339779913982945,1.051445288027476
724025350,0.1,0.8,5.0,0.25,0.04200271559927104,0.5461578702066048,0.6083446196106956,3.0372143120287746e-5,3.0372143113909375e-5,1.0521340056137154
724025684,0.1,0.8,5.0,0.25,-0.9267758396951876,1.7804136463411349,1.9870912454815348,3.0372143120287746e-5,3.0372143114014156e-5,1.0500395010909676
724026126,0.1,0.8,5.0,0.25,-0.029507594218251984,0.5266855835566344,0.6803380179061982,1.462362446532373e-5,1.4623624462382681e-5,1.0500580424247528
724026791,0.1,0.8,5.0,0.25,-0.7947978869574277,3.3481177019840316,1.9870912454815348,0.0007109331278526614,0.0007109331276823017,1.051029187787953
724028084,0.1,0.8,5.0,0.25,-0.2529306906251608,0.6978026599703118,0.8443877803924554,2.0248095413525164e-5,2.0248095411659605e-5,1.0502954044398274
724028287,0.1,0.8,5.0,0.25,0.29578933746123154,0.7781816374557063,0.535618503488246,0.0003374682568920861,0.00033746825683076076,1.0519048109423077
724029335,0.1,0.8,5.0,0.25,-0.20307833692714977,1.0264913227273713,0.9650239318925504,7.143078104215822e-5,7.143078102704757e-5,1.050600829057488
724029570,0.1,0.8,5.0,0.25,0.22935881695911992,0.7921051445588603,0.7653223703742299,6.243162752503592e-5,6.24316275157603e-5,1.0501591356831148
724030264,0.1,0.8,5.0,0.25,-0.22542019858844684,1.478049079151883,1.0849064915245825,0.0002457893804364027,0.0002457893803871591,1.0509487659281664
724030280,0.1,0.8,5.0,0.25,-0.12388055305717213,1.2088535479270497,0.9470828175927023,0.0001771708348683452,0.00017717083483014535,1.0512473299320753
724030352,0.1,0.8,5.0,0.25,-0.42775144824766353,2.5110353871820097,1.4000190315819614,0.0009595347437631647,0.000959534743580932,1.0536694124826196
724030475,0.1,0.8,5.0,0.25,-0.009379308344739013,1.1176398844407904,0.9415327325621399,0.00012373836086043157,0.00012373836083364327,1.0504205685427117
724030483,0.1,0.8,5.0,0.25,0.3714309767309985,1.3778879532817596,0.7737565461790104,0.0009392866483496396,0.0009392866481652903,1.0506245800746907
724030897,0.1,0.8,5.0,0.25,-0.41703462808686104,1.5905642395928747,1.2521802124494068,0.00017379615229942433,0.00017379615225674098,1.050204720759155
72403090x,0.1,0.8,5.0,0.25,-0.3185049261645495,0.6526307186324353,0.9290330448716974,8.999153517122296e-6,8.999153515563264e-6,1.0500104903315781
724031160,0.1,0.8,5.0,0.25,0.22681260243884543,0.908576163653597,0.7007563740973934,0.0001889822238595682,0.00018898222382492593,1.0541628601342088
724031339,0.1,0.8,5.0,0.25,0.37094684361122626,0.9682969614975833,0.7183926352534737,0.00023397799144517968,0.00023397799139816887,1.050048396442524
724031953,0.1,0.8,5.0,0.25,0.15419230264093983,0.7904784096033279,0.7246457749999239,8.099238165410066e-5,8.099238164671954e-5,1.0506862146534282
724032059,0.1,0.8,5.0,0.25,-0.03498861486573885,1.2254722688775235,0.9038817036363044,0.00024016490948820126,0.00024016490944142127,1.0507214593275733
724032438,0.1,0.8,5.0,0.25,-0.24135499425482404,0.9011850752289495,0.9362722615621366,4.330842630115105e-5,4.330842628990242e-5,1.0507392928656067
72403349x,0.1,0.8,5.0,0.25,-0.06681144192031749,1.0717903130384154,0.894456843713774,0.000129362831808633,0.00012936283177333546,1.050959919322895
724033561,0.1,0.8,5.0,0.25,-0.20078397302241452,1.0837677783439033,0.8909541867024806,0.00013667464404129486,0.00013667464401245988,1.0552148433378246
72403373x,0.1,0.8,5.0,0.25,-0.8799451555699329,1.5829055854957097,1.9870912454815348,1.6873412844604303e-5,1.68734128414303e-5,1.050011934173323
724034097,0.1,0.8,5.0,0.25,0.27030451760741225,0.7077783088655754,0.6915545013848825,5.9056944956115064e-5,5.905694494339693e-5,1.050060352511028
724034505,0.1,0.8,5.0,0.25,1.0921160143683544,0.8857932366540486,0.3539442812986956,0.005100832702923881,0.005100832701962339,1.0526084797398498
724035559,0.1,0.8,5.0,0.25,-0.05185213819318329,0.9337900988933987,0.8676480539980589,7.593035780071936e-5,7.593035778873129e-5,1.0500747086968303
724037028,0.1,0.8,5.0,0.25,0.08974659429926596,1.0535204213481024,0.7916314589358966,0.00021935436697985596,0.00021935436694003435,1.0502393277006195
724037052,0.1,0.8,5.0,0.25,0.45902715993080656,0.3839493600776284,0.43164306182029544,2.924724893064746e-5,2.9247248922564354e-5,1.050339744660625
724037060,0.1,0.8,5.0,0.25,0.14065597133789837,0.5328976973138952,0.5945811487178863,3.0372143120287746e-5,3.0372143111893782e-5,1.0503529039916082
724037634,0.1,0.8,5.0,0.25,-0.12009485930883985,1.190314189563535,0.914937361310941,0.00019573158899740994,0.0001957315889563423,1.0503539772123982
724037669,0.1,0.8,5.0,0.25,-0.8804085099274129,2.0452175027328523,1.9870912454815348,6.074428624057549e-5,6.074428622855971e-5,1.0500699349721885
724037677,0.1,0.8,5.0,0.25,0.38652514433898,0.498756830332257,0.5450327314713285,3.374682568920861e-5,3.374682568397181e-5,1.0500677161546563
724037837,0.1,0.8,5.0,0.25,-1.0300824380233933,0.98426533995951,1.2913559323716592,1.3498730275683443e-5,1.3498730272354276e-5,1.050522276918734
724037925,0.1,0.8,5.0,0.25,0.35065725937896064,1.0622174491950995,0.7254849185407439,0.00034871719878848894,0.00034871719871541404,1.0531445613254378
724037933,0.1,0.8,5.0,0.25,0.41364010201632695,0.9190786384782904,0.5944009727840435,0.0004640188532266184,0.0004640188531325377,1.0504216287654762
724037992,0.1,0.8,5.0,0.25,-1.0062807623121317,1.3591530039573652,1.9870912454815348,7.874259327482009e-6,7.87425932583683e-6,1.0500409029196942
724038493,0.1,0.8,5.0,0.25,0.6726523750436519,0.3299611735265276,0.39508354323797357,2.1372989603165453e-5,2.137298959933459e-5,1.0500221602170599
724038565,0.1,0.8,5.0,0.25,-0.1289391651156629,0.6981104958776722,0.9324113790710472,1.2373836086043157e-5,1.2373836083344557e-5,1.0500581521909071
724038602,0.1,0.8,5.0,0.25,-0.3448294416675449,2.0159262450724884,1.1984153452168258,0.0007002466330510786,0.0007002466329168371,1.052482035723973
724039605,0.1,0.8,5.0,0.25,-0.36272491789954175,1.1711330347326239,1.2481831702537889,3.824640244776976e-5,3.8246402439517786e-5,1.05004379038466
724039736,0.1,0.8,5.0,0.25,0.2862197724877794,0.7122583445179159,0.7348651243175933,4.499576758561148e-5,4.4995767577373276e-5,1.0500094223066758
724040024,0.1,0.8,5.0,0.25,0.07021960984735347,0.7318272489830372,0.6742125323127185,7.874259327482009e-5,7.874259325976946e-5,1.0513986922597633
724040526,0.1,0.8,5.0,0.25,-0.37296221093913545,1.5943690017077274,1.2207441191676056,0.00019854382447151065,0.00019854382443116833,1.0514546470056931
724041326,0.1,0.8,5.0,0.25,-0.01911973179831028,0.33099081296003435,0.5945811487178863,2.8122354741007174e-6,2.812235473557626e-6,1.0500067417759642
724041457,0.1,0.8,5.0,0.25,-0.08663730921864435,1.2274494699316432,1.0744114205772324,0.00010236537125726611,0.0001023653712365937,1.0500259049180416
724043022,0.1,0.8,5.0,0.25,0.917198804378992,0.15019130836716477,0.26012925256407526,3.3746825689208607e-6,3.374682568349601e-6,1.0500419310626647
724043372,0.1,0.8,5.0,0.25,0.028581394157354115,0.758479775498373,0.7785750120163687,4.6120661775251764e-5,4.612066179353971e-5,1.050175924817285
72404341x,0.1,0.8,5.0,0.25,0.349596648149901,0.9257185576846363,0.730798690997179,0.00017154636392014376,0.00017154636388707812,1.0500319792582702
724043495,0.1,0.8,5.0,0.25,-0.11206369256462423,0.7983885835413921,0.9085564256523279,2.7559907646187032e-5,2.7559907641006456e-5,1.0500367098452899
72404501x,0.1,0.8,5.0,0.25,-0.17021710603366066,1.1705415880723968,0.8736137769814356,0.00022666617921251783,0.00022666617917173004,1.0504796638538492
724045714,0.1,0.8,5.0,0.25,0.07292678034806563,0.972034933967374,0.8853872323279942,8.380461712820138e-5,8.380461711033318e-5,1.0502499008619923
724045802,0.1,0.8,5.0,0.25,-0.2120796168048146,1.6950245406033577,1.0398358573356759,0.0005523230471133809,0.0005523230470838512,1.0694738940585984
724046135,0.1,0.8,5.0,0.25,-0.7817936871139948,2.6026894615752547,1.9870912454815348,0.00020248095413525166,0.00020248095409605458,1.0503289306226191
724046354,0.1,0.8,5.0,0.25,-0.1803316847469822,0.9345494712755399,0.979251026224882,4.162108501669062e-5,4.162108500867817e-5,1.0501303284640144
724046688,0.1,0.8,5.0,0.25,-0.26926111543183484,1.3873467261944625,1.125457204735826,0.00014961092722215816,0.00014961092719230495,1.0501733308847085
724047314,0.1,0.8,5.0,0.25,-1.377823012073818,2.0848106070897647,1.9870912454815348,6.636875718877693e-5,6.636875716872312e-5,1.0516075152009803
724048229,0.1,0.8,5.0,0.25,0.11655797460992683,1.042392966476232,0.886562983071733,0.00011811388991223013,0.00011811388989192934,1.0501692650993772
724049563,0.1,0.8,5.0,0.25,0.12909367848485997,0.5368215792718869,0.673858630488298,1.6873412844604303e-5,1.687341284130635e-5,1.05006988616006
724049918,0.1,0.8,5.0,0.25,-0.8798654722619738,1.875389506533202,1.9870912454815348,3.937129663741004e-5,3.937129662987028e-5,1.0501113395585513
725419423,0.1,0.8,5.0,0.25,-0.2870360990735344,1.2654665844278767,1.2486203556038842,5.624470948201435e-5,5.6244709470144125e-5,1.0500296332158006
725550069,0.1,0.8,5.0,0.25,0.0614846420507257,0.4780360317100835,0.6384990680318577,1.2373836086043157e-5,1.2373836083752817e-5,1.0500188926259935
725550616,0.1,0.8,5.0,0.25,-0.9247567345059228,1.3958986051163749,1.9870912454815348,8.999153517122296e-6,8.999153515485261e-6,1.0500097971879123
725550843,0.1,0.8,5.0,0.25,-0.11475728451558312,1.6909912279728474,1.2092294452272074,0.00028122354741007174,0.0002812235473593904,1.0500740461469813
725551096,0.1,0.8,5.0,0.25,0.12620310272557136,0.9973466012765214,0.7474405822965008,0.00021822947279021568,0.00021822947275395395,1.054106223129553
725551395,0.1,0.8,5.0,0.25,0.13532541847617816,0.9303819467742963,0.7898533733826395,0.00011923878410187041,0.00011923878408122609,1.0500957716891401
725552136,0.1,0.8,5.0,0.25,-1.0689628891309786,0.9885863844481034,1.6165174980767534,4.499576758561148e-6,4.499576757671262e-6,1.0500198322199492
725552435,0.1,0.8,5.0,0.25,-1.0350920522719407,1.2700108302754571,1.297512108830345,4.668310887007191e-5,4.668310885972195e-5,1.052595892745836
725552785,0.1,0.8,5.0,0.25,-0.7958631179399036,1.31016236033272,1.7499603876785446,1.2373836086043157e-5,1.2373836083877436e-5,1.0500105163465416
725553032,0.1,0.8,5.0,0.25,0.3913340440401057,0.7368408257832878,0.6739943649152488,8.211727584374094e-5,8.211727582798785e-5,1.0500938825703896
725553761,0.1,0.8,5.0,0.25,0.016908929248723833,0.6106057116174467,0.6893060588304529,2.8684801835827318e-5,2.8684801830361966e-5,1.0500645955466612
725553980,0.1,0.8,5.0,0.25,-0.10636983199601058,0.8591078159605334,0.7604798763537195,9.44911119297841e-5,9.449111190987996e-5,1.0550653783499637
725554668,0.1,0.8,5.0,0.25,0.017912812986127975,1.565111488742682,0.880956548762097,0.0009229756825998555,0.000922975682371518,1.0518416397160506
725554908,0.1,0.8,5.0,0.25,-0.9223763208984905,2.2631041781199825,1.9870912454815348,0.00010067802997280568,0.00010067802995104856,1.0502614254507265
725555118,0.1,0.8,5.0,0.25,0.0350818992046559,0.5562674159679861,0.6016594687246816,3.543416697366904e-5,3.543416696684299e-5,1.050620910091735
725555222,0.1,0.8,5.0,0.25,0.20137985701274919,0.47185583192427205,0.6193553396212661,1.3498730275683443e-5,1.3498730272973471e-5,1.050046368257654
725555417,0.1,0.8,5.0,0.25,0.4475947591058846,0.29777001285204996,0.4353183460884236,7.874259327482009e-6,7.874259325294653e-6,1.050097601722239
725555556,0.1,0.8,5.0,0.25,-0.3111529564854333,1.5687760198672702,1.2146001339994867,0.0001889822238595682,0.00018898222382496857,1.0501251179692768
725555732,0.1,0.8,5.0,0.25,-0.33269414128770963,1.088668949518846,1.035562172075625,6.749365137841721e-5,6.749365135980787e-5,1.0501822990997607
725556292,0.1,0.8,5.0,0.25,-0.15568949816659644,0.9039354532890386,0.8918717230768294,5.624470948201435e-5,5.624470947239025e-5,1.0500653067020613
725557690,0.1,0.8,5.0,0.25,-0.761825057069929,0.48225295151057546,1.040517010256301,1.124894189640287e-6,1.1248941894009706e-6,1.0500282785988237
725558132,0.1,0.8,5.0,0.25,-0.09668732942569519,0.5397380823023874,0.8825813926281124,4.499576758561148e-6,4.499576757595121e-6,1.050005518989954
725559266,0.1,0.8,5.0,0.25,0.4348454473540583,0.43128380005623407,0.5871488914468723,1.124894189640287e-5,1.1248941894268448e-5,1.0500021433261408
725559426,0.1,0.8,5.0,0.25,-0.29667313972302295,1.1684106948112298,1.034396344475371,9.561600611942439e-5,9.561600609439509e-5,1.052446544986684
725559610,0.1,0.8,5.0,0.25,0.30600248721835477,0.5228727121748754,0.5835703932675177,3.0372143120287746e-5,3.0372143114229855e-5,1.0500385885827694
72555991x,0.1,0.8,5.0,0.25,-0.6245736030486035,2.5150197423248066,1.5876275416539212,0.0005230757981827335,0.0005230757980509355,1.0506969439130485
725560072,0.1,0.8,5.0,0.25,0.4305848620356197,0.648480250886916,0.6324436114795412,5.961939205093521e-5,5.9619392038962355e-5,1.0500139185446369
72556070x,0.1,0.8,5.0,0.25,0.3642275933978189,0.5248765381673479,0.5138267487989766,5.849449786129492e-5,5.8494497850939814e-5,1.0500623038166899
725560726,0.1,0.8,5.0,0.25,7.801488773562213e-5,0.8343923368877454,0.7543266059584828,8.66168526023021e-5,8.661685258608657e-5,1.0512064601943651
725560822,0.1,0.8,5.0,0.25,-0.09460641099940403,1.5434050500225267,0.90617104371781,0.0007396179296884887,0.0007396179295551965,1.054061305054395
725560857,0.1,0.8,5.0,0.25,-0.3698367817354532,1.0279933994402413,1.1124802138437717,3.543416697366904e-5,3.5434166965100355e-5,1.0500529642980014
725561956,0.1,0.8,5.0,0.25,-0.8390169273789809,0.9363006919137526,1.464156135421472,5.624470948201435e-6,5.624470946962772e-6,1.0500482057324338
725562115,0.1,0.8,5.0,0.25,-0.18932194654613704,0.701298959071798,0.7548393489582541,3.5996614068489185e-5,3.5996614070017836e-5,1.0524317769561173
725562270,0.1,0.8,5.0,0.25,-0.165886570126987,1.7967822650094307,1.2307589808498949,0.00034871719878848894,0.0003487171987175863,1.0500872501044896
725563345,0.1,0.8,5.0,0.25,1.2946346811648917,0.28416394096987174,0.273612571852434,6.355652171467621e-5,6.355652170270405e-5,1.0500222811326554
725563759,0.1,0.8,5.0,0.25,-0.8620361526954877,2.3318117213032172,1.9870912454815348,0.00011698899572258984,0.00011698899569838373,1.0501329574048857
72556433x,0.1,0.8,5.0,0.25,-0.4248039959478421,1.921189217535292,1.4969723962027959,0.00018279530581654662,0.00018279530577644675,1.0504151109743165
725564460,0.1,0.8,5.0,0.25,-0.38504959191088545,1.5041637014969251,1.3073669243841461,0.00010574005382618697,0.00010574005380668041,1.0506240192884637
725564612,0.1,0.8,5.0,0.25,-0.4690548365973336,0.5513241267338093,0.8621426939927737,5.624470948201435e-6,5.6244709469868505e-6,1.0500479479746967
725564751,0.1,0.8,5.0,0.25,-0.8389761081427654,2.231659152565302,1.9167810462236983,0.0001124894189640287,0.0001124894189430738,1.0500999637219808
725565068,0.1,0.8,5.0,0.25,-0.7240724996568764,2.706744101031719,1.872300697312936,0.00033184378594388464,0.00033184378587929975,1.0502253142200775
725565930,0.1,0.8,5.0,0.25,0.35995938818360174,1.2086262401210575,0.7673443526184205,0.00050957706790705,0.0005095770678146479,1.050164571194714
725566001,0.1,0.8,5.0,0.25,-0.12648548083918174,0.9089890733100046,0.8138329331316876,8.999153517122296e-5,8.99915351530108e-5,1.053369381329011
725566503,0.1,0.8,5.0,0.25,0.14107915793921363,0.8562895974947758,0.8399180421689864,5.793205076647478e-5,5.793205075504179e-5,1.0500200629851981
725566618,0.1,0.8,5.0,0.25,0.6145836489500339,1.5733952357448238,0.6488014173568166,0.00431284432308086,0.004312844322230205,1.0548019027465816
725566976,0.1,0.8,5.0,0.25,1.7028729583200761,0.30943978832033636,0.19821034872723498,0.0004876416312090644,0.00048764163111767085,1.0500918667176016
725567063,0.1,0.8,5.0,0.25,0.04956890937319098,1.5279504905865906,1.0247679183522127,0.00038752604833107885,0.0003875260482573164,1.0500771340226303
725567485,0.1,0.8,5.0,0.25,0.6160395337525318,0.5496801454210207,0.5302124457974036,6.299407461985607e-5,6.299407460769302e-5,1.05002058356517
725568138,0.1,0.8,5.0,0.25,-0.06258818720640816,0.5295671185974806,0.7209296286445178,1.124894189640287e-5,1.1248941893520537e-5,1.0500341467775214
725569595,0.1,0.8,5.0,0.25,-0.4251126018742452,1.357234788742092,1.0217915423435875,0.00021654213150575525,0.00021654213146093804,1.0509494277531386
725569616,0.1,0.8,5.0,0.25,0.2413929282690777,1.420034319078663,0.8704007340007015,0.0006074428624057549,0.0006074428622936353,1.050209942017522
725569827,0.1,0.8,5.0,0.25,0.3299338628412318,0.838415072432067,0.7064029262585461,0.00012373836086043157,0.00012373836083778267,1.05027574468922
72557102x,0.1,0.8,5.0,0.25,-0.130521621412126,1.4056492966951206,0.8062391058208646,0.0007503044244900714,0.0007503044246380076,1.0758785249901208
725571193,0.1,0.8,5.0,0.25,-0.21708912456192792,0.5767162970967391,0.7702528259737722,1.2373836086043157e-5,1.2373836088855933e-5,1.0500879431370296
725571556,0.1,0.8,5.0,0.25,-0.2892415891250447,1.2043515836518939,0.9510364814753732,0.00017098391682532363,0.00017098391679392893,1.0504192673280666
725571740,0.1,0.8,5.0,0.25,-0.8559403967017722,1.9675846501632468,1.9870912454815348,5.005779143899277e-5,5.005779142913706e-5,1.0500715667230442
725572284,0.1,0.8,5.0,0.25,0.04728185193888857,0.5204316224378818,0.5685682305494384,3.374682568920861e-5,3.3746825682325685e-5,1.050345362918463
725572516,0.1,0.8,5.0,0.25,-0.27115942739810495,1.3335518417498438,1.246464481802247,7.368056942143879e-5,7.368056940579443e-5,1.0501637455763233
725574116,0.1,0.8,5.0,0.25,-0.33715661162777494,0.6245541483849082,0.9131067539768116,7.874259327482009e-6,7.874259325932894e-6,1.050036074270306
725574431,0.1,0.8,5.0,0.25,0.053057146910724426,0.6291254183941922,0.7314023725190275,2.4747672172086314e-5,2.4747672168381466e-5,1.0501990394033374
725574597,0.1,0.8,5.0,0.25,-1.1132301673841893,1.4600294450217803,1.9870912454815348,1.124894189640287e-5,1.1248941893961873e-5,1.0503138440477116
72557479x,0.1,0.8,5.0,0.25,-0.8059194975984362,2.2491373901731664,1.9728533278348466,0.00010124047706762583,0.0001012404770494907,1.050141859660903
725574810,0.1,0.8,5.0,0.25,0.2640858284267324,1.2183844190094872,0.8192978208874747,0.00038246402447769754,0.0003824640244008527,1.0500791581934232
725574992,0.1,0.8,5.0,0.25,-0.24909799242262037,1.2481751594527624,1.0269764556939147,0.00013892443242057543,0.00013892443239378062,1.0508892318604044
725575186,0.1,0.8,5.0,0.25,-0.5487703312896498,0.8612278259415814,1.1974203374437005,1.0124047706762582e-5,1.012404770458543e-5,1.0500215363294403
725575688,0.1,0.8,5.0,0.25,1.295859487552276,0.091862999309419,0.19821034872723498,1.124894189640287e-6,1.1248941894416362e-6,1.050000681004485
725576357,0.1,0.8,5.0,0.25,-0.2245841424728645,0.5914974030324199,0.8918717230768294,6.749365137841721e-6,6.74936513604487e-6,1.050014950532511
725576891,0.1,0.8,5.0,0.25,-0.37293793044450874,0.9000629221359868,0.7009598694184251,0.0001760459406787049,0.000176045940647944,1.0588931370098116
725577480,0.1,0.8,5.0,0.25,-0.5168682368113349,1.7136557430723536,1.5152367923414547,9.730334740388482e-5,9.730334738658869e-5,1.0500624719257707
725577608,0.1,0.8,5.0,0.25,-0.8051178337523499,2.876197702685386,1.9870912454815348,0.0003335311272283451,0.0003335311271638254,1.0504400482071001
725577616,0.1,0.8,5.0,0.25,1.459927116734871,0.23398322933968893,0.19821034872723498,0.0001203636782915107,0.00012036367830586635,1.050405373700127
725577878,0.1,0.8,5.0,0.25,0.3953862863268555,1.2599801074231114,0.6935489823457014,0.0009719085798492079,0.0009719085796311234,1.0645328963882985
725578002,0.1,0.8,5.0,0.25,-0.1469909230007283,1.4323245578111559,1.0217888489189273,0.00028347333578935234,0.00028347333573326727,1.0509340338440354
725578184,0.1,0.8,5.0,0.25,-0.20420882448542166,0.68221117873013,0.8454200708332446,1.7998307034244593e-5,1.7998307030899765e-5,1.050019988039956
725578870,0.1,0.8,5.0,0.25,0.03728524283091356,0.8783096601032917,0.7211385816944661,0.00014004932661021573,0.00014004932661810921,1.0514057385874687
725578926,0.1,0.8,5.0,0.25,0.27252305700355545,1.6153884036237331,0.8661446268805376,0.0011845135816912222,0.001184513581475458,1.050451865044204
725579101,0.1,0.8,5.0,0.25,0.6283528639989389,0.5449283564317374,0.4575487745993109,0.00012598814923971214,0.0001259881492158589,1.0501073353564694
72557911x,0.1,0.8,5.0,0.25,-0.5094601383156345,1.1038071749968448,0.9454875305183518,0.00011305186605884883,0.00011305186603464226,1.0519121714189954
725579419,0.1,0.8,5.0,0.25,-0.10395057867020283,1.394800975375579,1.1145806598010872,0.00016142231621338118,0.0001614223161806149,1.0500395198006012
725579427,0.1,0.8,5.0,0.25,0.5985152311535866,0.521564379978916,0.5316255014296182,4.780800305971219e-5,4.7808003050379035e-5,1.050024948119827
725579531,0.1,0.8,5.0,0.25,-0.06421568980133424,1.4850621305919707,0.9833068276058485,0.0004128361675979853,0.0004128361675214472,1.050261973693383
725579996,0.1,0.8,5.0,0.25,-0.38773529807664814,0.9599234099059756,1.1434252532822753,2.1935436697985596e-5,2.1935436694378063e-5,1.0500190214727456
725580524,0.1,0.8,5.0,0.25,-0.8030872444687013,1.4046740200476808,1.9530339751121426,1.0124047706762582e-5,1.01240477046704e-5,1.050007824121468
725580532,0.1,0.8,5.0,0.25,-0.7310521337057081,1.7288250617726049,1.6957108457663346,5.793205076647478e-5,5.793205075752785e-5,1.0500575244307437
725580807,0.1,0.8,5.0,0.25,-0.45568194836543696,0.8903039407168813,1.1891622974357725,1.2373836086043157e-5,1.2373836083035492e-5,1.0500111544707833
725581252,0.1,0.8,5.0,0.25,0.34719098622123423,0.3983486264665873,0.5145413923288624,1.462362446532373e-5,1.4623624466866813e-5,1.050097492868781
725581551,0.1,0.8,5.0,0.25,0.4245799222797471,0.7977377769439101,0.6663186716706775,0.000129362831808633,0.00012936283178300554,1.0500594619147683
725581674,0.1,0.8,5.0,0.25,-0.1265608883052772,0.7600035826081086,0.7338523966453881,6.243162752503592e-5,6.243162751304675e-5,1.0508085829093332
725582108,0.1,0.8,5.0,0.25,-0.5509738513643109,0.768435027647399,0.7795235227743088,4.837045015453234e-5,4.83704501397176e-5,1.052590685357529
725582327,0.1,0.8,5.0,0.25,0.23247794922738524,0.5032086503918017,0.5637302373832942,2.9809696025467603e-5,2.9809696019907293e-5,1.0500328321948407
725582677,0.1,0.8,5.0,0.25,1.2613183150676643,0.19942840213462423,0.22594083367761292,2.8122354741007175e-5,2.8122354737043908e-5,1.0504601128238027
725582909,0.1,0.8,5.0,0.25,-0.306103887924441,0.8213399965676166,1.0055416152119094,1.912320122388488e-5,1.9123201218711116e-5,1.0500462402398005
725584090,0.1,0.8,5.0,0.25,-0.6509869492005809,2.2550710142396095,1.6800205130475945,0.0002289159675917984,0.00022891596754624207,1.0502871232436668
725584453,0.1,0.8,5.0,0.25,0.023206690669938832,1.1689333481400923,0.848570739769218,0.000258725663617266,0.000258725663547977,1.0517957568246938
725584787,0.1,0.8,5.0,0.25,-0.3072588859882955,2.134135877543258,1.2607895317366915,0.0007289314348869059,0.0007289314346956823,1.0506057101787065
725584816,0.1,0.8,5.0,0.25,-0.5548472791631471,1.224930859482536,1.362131335684017,3.093459021510789e-5,3.093459020685935e-5,1.0500291085532587
725585499,0.1,0.8,5.0,0.25,-0.3038175400500751,1.3412480255108443,1.0420935851172233,0.00018560754129064736,0.00018560754125540268,1.0502214150163889
725585608,0.1,0.8,5.0,0.25,-0.27845444345455844,1.4823707892733595,1.1991088311872102,0.0001512982685066186,0.0001512982684736816,1.050821803817105
72558607x,0.1,0.8,5.0,0.25,0.4536180916876583,0.7623109656050594,0.6453970703456177,0.00012092612538633085,0.00012092612536393135,1.0500228979955744
72558690x,0.1,0.8,5.0,0.25,0.6250535979831348,0.7231342258261945,0.48112492312590976,0.0004027121198912227,0.00040271211980913793,1.0504121643644875
725586926,0.1,0.8,5.0,0.25,-0.8672845685023484,2.209043774528163,1.974081954757439,9.224132355050353e-5,9.224132353256299e-5,1.0501507776091181
725587056,0.1,0.8,5.0,0.25,-0.5831659442529074,0.859829545887958,0.8227193207609829,6.46814159043165e-5,6.468141589301427e-5,1.0529369941079036
725587136,0.1,0.8,5.0,0.25,0.6315901825985725,0.58700601769554,0.5189696659884849,9.730334740388482e-5,9.730334738434315e-5,1.0502015223245476
725587726,0.1,0.8,5.0,0.25,0.0452815368035781,0.5625458046017252,0.6478995453732543,2.58725663617266e-5,2.5872566356094027e-5,1.0507029053041772
725588155,0.1,0.8,5.0,0.25,-0.31680864650312296,0.8596882491392992,1.040517010256301,2.0248095413525164e-5,2.0248095409287526e-5,1.050056313561357
725588163,0.1,0.8,5.0,0.25,-0.026728837567846334,0.9693197060536698,0.8610872259239882,9.505355902460425e-5,9.50535590051039e-5,1.0500835109255342
72558877x,0.1,0.8,5.0,0.25,0.23918708177357728,0.5984769031381056,0.6497237735437151,3.487171987884889e-5,3.487171987248095e-5,1.0500780564865284
725588921,0.1,0.8,5.0,0.25,-0.49567042601005706,0.7922256169526845,0.9188981131532438,2.4747672172086314e-5,2.474767216701526e-5,1.0526215837838133
72558893x,0.1,0.8,5.0,0.25,-0.13812021946738398,2.1258089163971774,1.2531923730848415,0.0007351183529299276,0.0007351183528035781,1.051072438932921
725589086,0.1,0.8,5.0,0.25,-0.46926033054882293,1.3233679417721433,1.2217786777554769,7.818014617999995e-5,7.818014615884567e-5,1.0506701468533075
725589094,0.1,0.8,5.0,0.25,-0.3863292211071168,1.2873080144899143,1.0441493060492617,0.00014961092722215816,0.0001496109271924775,1.0503277168320306
725589545,0.1,0.8,5.0,0.25,0.2222745435248418,0.5884003026652499,0.5760004878204523,5.849449786129492e-5,5.8494497849900695e-5,1.050085478962044
725590191,0.1,0.8,5.0,0.25,-0.04592013394035771,1.342988630347734,0.9295386290322404,0.00033071889175424437,0.0003307188916738516,1.0502935846666752
72559044x,0.1,0.8,5.0,0.25,-0.31159103587994064,1.0003238227182731,0.8308890447918973,0.00013161262018791358,0.0001316126201606183,1.0522906022917773
725590482,0.1,0.8,5.0,0.25,0.11819310496352206,0.5513786570534185,0.7364698383782543,1.2373836086043157e-5,1.2373836083929146e-5,1.0500058878435887
725590677,0.1,0.8,5.0,0.25,1.4806422474427108,0.14839831871073159,0.19821034872723498,1.2373836086043157e-5,1.2373836083421468e-5,1.0500244295940504
725590810,0.1,0.8,5.0,0.25,-0.16430852380066768,0.395680387578332,0.7432264358973578,2.249788379280574e-6,2.249788378706257e-6,1.0500081305937774
725591426,0.1,0.8,5.0,0.25,-0.7586976098550735,2.7797374210168866,1.9339506361176146,0.0003211572911423019,0.0003211572910804764,1.0510235613622037
725593421,0.1,0.8,5.0,0.25,0.3189490387420974,1.4079726651454259,0.7921373266148248,0.0009179136587464742,0.0009179136585606016,1.0534914097351888
725593771,0.1,0.8,5.0,0.25,0.24762345597646745,0.37266300668485386,0.3740634192740304,5.118268562863306e-5,5.118268561725367e-5,1.0518263593726733
725594424,0.1,0.8,5.0,0.25,-0.1806585023993788,0.41334911580706046,0.8918717230768294,1.124894189640287e-6,1.1248941893996143e-6,1.0500014616128768
725594555,0.1,0.8,5.0,0.25,-0.18951585387490763,0.6775042032372146,0.6951886400473476,4.6120661775251764e-5,4.6120661765334655e-5,1.050576885200354
725594600,0.1,0.8,5.0,0.25,-0.01944393461237086,0.8499861143461825,0.6667598971577628,0.00017548349358388477,0.00017548349354644946,1.0519442542005206
725595312,0.1,0.8,5.0,0.25,0.33173025148619273,0.4222839866284763,0.5590355273211087,1.29362831808633e-5,1.2936283178146418e-5,1.0500281003577931
725596155,0.1,0.8,5.0,0.25,1.2748129831150414,0.13923975671214495,0.19821034872723498,8.999153517122296e-6,8.99915351573425e-6,1.0500118930826126
725596200,0.1,0.8,5.0,0.25,-0.37577503027187126,0.8130695759297256,0.7778248932485252,6.524386299913664e-5,6.524386298527767e-5,1.0513215320316538
725596665,0.1,0.8,5.0,0.25,-0.08873329933524086,0.8832429782793295,0.7746071013348377,0.00010124047706762583,0.0001012404770500713,1.0503293536058174
725598548,0.1,0.8,5.0,0.25,0.15897918135978473,0.3655891020657318,0.5512262614772744,6.749365137841721e-6,6.749365136581795e-6,1.050046125003973
725598695,0.1,0.8,5.0,0.25,0.1769509903616667,1.4768152295724661,0.9239638779021588,0.0005483859174496399,0.0005483859173485502,1.0501504693615866
725598820,0.1,0.8,5.0,0.25,-0.11663843751701988,0.8244094112272069,0.8979637535008466,3.430927278402875e-5,3.430927277712329e-5,1.050024546774935
725598855,0.1,0.8,5.0,0.25,0.26416656871618893,0.706473651260693,0.6593319281023262,7.424301651625894e-5,7.424301650143096e-5,1.0501669837362908
725599751,0.1,0.8,5.0,0.25,0.13695812098507507,1.1171324060996655,0.7755741116674171,0.00032565686790086306,0.0003256568678344842,1.0503327756332583
727791034,0.1,0.8,5.0,0.25,-0.3087031589458931,0.6427181736066138,0.9396505957614866,7.874259327482009e-6,7.874259325775454e-6,1.0500497218696783
727791333,0.1,0.8,5.0,0.25,0.0712881282533974,0.6184907337015593,0.7664522620191503,1.7998307034244593e-5,1.799830703034125e-5,1.050024363344555
727791763,0.1,0.8,5.0,0.25,0.11594299353377188,0.9721873361007811,0.882092394293108,8.549195841266181e-5,8.549195839722e-5,1.0501430175542275
727792280,0.1,0.8,5.0,0.25,-0.8490403293511708,2.3665357571590397,1.901487497485152,0.00015692273945482003,0.0001569227394227236,1.0502194097824498
727792600,0.1,0.8,5.0,0.25,-0.08884520154660247,1.067871746801993,0.929629213156336,0.00010517760673136683,0.00010517760671106249,1.0500797821354033
727793101,0.1,0.8,5.0,0.25,0.05982787317344152,1.2207163533464216,0.9347904527214927,0.00019966871866115095,0.00019966871861910217,1.050113177721006
727794649,0.1,0.8,5.0,0.25,1.4902147764984919,0.30632485169569273,0.19821034872723498,0.0004561445938991364,0.0004561445937996497,1.0534963130039694
727795043,0.1,0.8,5.0,0.25,1.3571425595289077,0.23240174387969034,0.19821034872723498,0.0001164265486277697,0.00011642654860272717,1.0502683360956253
727795297,0.1,0.8,5.0,0.25,-0.3424695112962789,1.5277163183425406,1.0422865902579999,0.0003543416697366904,0.000354341669667815,1.05091778533807
727795326,0.1,0.8,5.0,0.25,0.6108697057583996,0.4397625738292261,0.4945314443716569,2.924724893064746e-5,2.9247248924637674e-5,1.0500378898419704
727795473,0.1,0.8,5.0,0.25,0.4595148020641262,0.239977627284002,0.2787099134615092,2.4747672172086314e-5,2.4747672166866138e-5,1.0512574531258083
727796767,0.1,0.8,5.0,0.25,0.9989451331459224,0.13588392846159575,0.23535504394079634,3.3746825689208607e-6,3.374682568193222e-6,1.0500152781951269
727797874,0.1,0.8,5.0,0.25,0.10505759915924148,0.9335344687974718,0.7828652122223618,0.00012655059633453228,0.00012655059631108708,1.0504808601796587
727797890,0.1,0.8,5.0,0.25,-0.8367476679405584,1.2215677189438943,1.4474335122619428,2.249788379280574e-5,2.249788378901321e-5,1.0502391662651134
727798316,0.1,0.8,5.0,0.25,0.19254148550247657,0.5097817379813976,0.6317424705127541,1.7998307034244593e-5,1.7998307031129324e-5,1.05001496325098
72779856x,0.1,0.8,5.0,0.25,-0.4378937165956809,0.8168652063900819,0.8307202095934656,4.4433320490791335e-5,4.4433320481260534e-5,1.0679513974242045
727798615,0.1,0.8,5.0,0.25,-0.7308347805236621,1.5002328144172077,1.6338797387134645,3.430927278402875e-5,3.43092727775199e-5,1.0501561759837208
727799271,0.1,0.8,5.0,0.25,-0.4120049719267368,1.3966504519768332,1.1973378335935851,0.0001124894189640287,0.00011248941893959416,1.05207404383025
727800316,0.1,0.8,5.0,0.25,0.006389449438907709,0.5036143060800061,0.7082510408529663,9.56160061194244e-6,9.561600609883775e-6,1.0500315233682356
727800893,0.1,0.8,5.0,0.25,0.2081892267690324,1.1473121626801033,0.8495785767492772,0.00023622777982446026,0.0002362277797792131,1.0500487722559815
72780187x,0.1,0.8,5.0,0.25,-0.8134089183003403,1.0884970250773949,0.871357325032622,0.0001243008079552517,0.00012430080792904,1.104418797440986
727802223,0.1,0.8,5.0,0.25,-0.25421660273632807,1.303417218857365,1.061956245273278,0.0001462362446532373,0.0001462362446257788,1.050421121014628
727802266,0.1,0.8,5.0,0.25,0.0884468543288051,0.954814057179438,0.8953285918689008,7.25556752317985e-5,7.255567521747949e-5,1.05002512997345
727803023,0.1,0.8,5.0,0.25,0.45107631590122094,0.7028660040433956,0.6312779256384798,8.999153517122296e-5,8.999153515400333e-5,1.0500481708825657
727803410,0.1,0.8,5.0,0.25,0.06780384092829467,1.4897358378195724,1.025258688677125,0.00033971804527136665,0.0003397180452072154,1.050629773192423
727804130,0.1,0.8,5.0,0.25,1.0598985896469753,0.5527293808026832,0.2786967830162911,0.001591725278341006,0.0015917252780423402,1.0529423466014034
727804149,0.1,0.8,5.0,0.25,0.20107773825701036,1.156837873984459,0.8315894769627211,0.0002739117351774099,0.0002739117351200553,1.0501201837486513
727804181,0.1,0.8,5.0,0.25,-0.1599764598261188,0.5449467538014748,0.7757425924678673,8.999153517122296e-6,8.999153515413467e-6,1.050010690229227
727805029,0.1,0.8,5.0,0.25,-0.011430504264539875,1.0829226333176558,0.8065924406085145,0.0002289159675917984,0.00022891596754978,1.050523291852669
72780515x,0.1,0.8,5.0,0.25,0.100805109626357,1.5256238347162863,0.8915992619085794,0.0007671778373346757,0.0007671778371836824,1.0512261972176122
727805491,0.1,0.8,5.0,0.25,-0.04793079492893004,0.7041933395300931,0.7918219832908019,2.924724893064746e-5,2.9247248925125477e-5,1.050134614759192
727805969,0.1,0.8,5.0,0.25,-0.4470149980344436,1.0743965496298762,1.166385989713835,3.487171987884889e-5,3.487171987141331e-5,1.050086940114695
727805993,0.1,0.8,5.0,0.25,0.033589527043384595,1.7908539999475892,0.9827721828108147,0.0010540258556929489,0.0010540258555056781,1.0505934604413967
727806478,0.1,0.8,5.0,0.25,-0.14574043149068855,0.8998566461169195,0.9534533339506567,3.937129663741004e-5,3.937129663097808e-5,1.050111860015179
727806697,0.1,0.8,5.0,0.25,0.11890719229195794,1.3885545364935736,0.9240365294883858,0.00040158722570158244,0.000401587225616388,1.050788820312192
727807630,0.1,0.8,5.0,0.25,0.07284809457824047,1.0103288348466375,0.9168089370517428,8.549195841266181e-5,8.549195839594217e-5,1.0500173537757762
727807964,0.1,0.8,5.0,0.25,0.8345205930275622,0.5340602704948095,0.43096244049664273,0.00015354805688589916,0.000153548056900866,1.0502667211088723
727808406,0.1,0.8,5.0,0.25,0.5483588503207425,0.5925053757592057,0.48823329608154425,0.0001383619853257553,0.00013836198529786653,1.0501689281158024
727808449,0.1,0.8,5.0,0.25,-0.2616907852865046,1.986925840013622,1.2505865556057718,0.0005315125046050356,0.0005315125045045862,1.0504196203424658
727808553,0.1,0.8,5.0,0.25,-0.2649730495454373,1.5826017256464766,1.1415641677217288,0.00026435013456546744,0.0002643501345122459,1.0539815765723122
727808684,0.1,0.8,5.0,0.25,-0.4099406007960785,3.2315772441914787,1.4086243816118522,0.0032790665628014363,0.0032790665619021764,1.0540638368055015
727808756,0.1,0.8,5.0,0.25,-0.6636641251381136,3.5112702923502184,1.9870912454815348,0.0009044149284707907,0.0009044149283148448,1.0504382506621674
727809097,0.1,0.8,5.0,0.25,0.21227291335553616,0.547585440600526,0.5493412894927683,5.17451327234532e-5,5.174513271403292e-5,1.0501065536730494
727809548,0.1,0.8,5.0,0.25,0.14295395518841095,0.9493766839679413,0.7735271798053223,0.0001462362446532373,0.0001462362446254154,1.0503876289779381
727809564,0.1,0.8,5.0,0.25,-0.4193841214868426,0.8671515206485646,1.01751239935462,2.3622777982446025e-5,2.36227779777404e-5,1.0502355291875416
727809740,0.1,0.8,5.0,0.25,-0.2872393830710619,0.9436072977461709,0.7501461273675913,0.0001631096574978416,0.00016310965745282687,1.0532879225869796
727809919,0.1,0.8,5.0,0.25,-0.21370261769856636,0.6724811520541834,0.7322607953100463,3.430927278402875e-5,3.430927277662556e-5,1.050339386334147
727810100,0.1,0.8,5.0,0.25,-0.5256854426052195,0.6746086263356464,0.7218305083137316,3.712150825812947e-5,3.7121508248102444e-5,1.052177847825436
72781016x,0.1,0.8,5.0,0.25,0.5740097526510965,0.9097974577939166,0.6059432188874098,0.0004010247786067623,0.0004010247785284731,1.0502100450200524
727810274,0.1,0.8,5.0,0.25,-0.7822035118537229,2.8541445126106892,1.9870912454815348,0.00032003239695266165,0.0003200323968936125,1.0510345197478879
727810426,0.1,0.8,5.0,0.25,-0.5574846104718498,1.1430804941400043,1.3759732702899514,2.081054250834531e-5,2.0810542504355104e-5,1.050044625165074
727810653,0.1,0.8,5.0,0.25,0.4116273684984928,0.3973130172271028,0.517285602219745,1.4061177370503587e-5,1.4061177367859394e-5,1.0500154424731811
727810717,0.1,0.8,5.0,0.25,0.5544407958272771,0.5490982562136161,0.5521110514781238,5.118268562863306e-5,5.1182685618532046e-5,1.0500177247214215
727810805,0.1,0.8,5.0,0.25,-1.0529194064537888,1.4046781011290639,1.9530339751121426,1.0124047706762582e-5,1.0124047704903499e-5,1.050010874765625
727811074,0.1,0.8,5.0,0.25,-0.45625052357513907,1.1719217125581298,1.1382375047480953,6.074428624057549e-5,6.074428622923609e-5,1.050418211436423
727811445,0.1,0.8,5.0,0.25,-0.9987056064882246,1.972555748019635,1.9870912454815348,5.0620238533812914e-5,5.0620238525983456e-5,1.0503747149140228
727812042,0.1,0.8,5.0,0.25,0.06300163389615651,0.744050466766463,0.7695686252305054,4.4433320490791335e-5,4.443332048202984e-5,1.0500522412864925
727812405,0.1,0.8,5.0,0.25,-0.6683014482356118,1.981181927301977,1.340775880349889,0.0003661530587279134,0.00036615305865192503,1.052527025080914
727812472,0.1,0.8,5.0,0.25,-0.5160385741664542,1.502510509321529,1.376250267752366,8.15548287489208e-5,8.155482873403825e-5,1.0500930545017004
727812798,0.1,0.8,5.0,0.25,-0.09734689026219231,0.7102308534547461,0.8417039244778385,2.249788379280574e-5,2.2497883788642897e-5,1.0500487661219935
72781286x,0.1,0.8,5.0,0.25,-0.5304777439222601,1.4508704340102787,1.3378075846152442,7.874259327482009e-5,7.874259325483675e-5,1.0504869322668229
727814152,0.1,0.8,5.0,0.25,-0.41913128355008966,0.7376708049851826,1.049807340705018,8.999153517122296e-6,8.999153515212003e-6,1.0502925342062388
727814400,0.1,0.8,5.0,0.25,-0.07336428809134095,0.8082427065732382,0.995472955916014,1.8560754129064736e-5,1.8560754125531815e-5,1.0500036889543265
727815091,0.1,0.8,5.0,0.25,-0.8461381395490735,2.3997139644594605,1.9870912454815348,0.00013498730275683443,0.00013498730272043692,1.0502210166744277
727816377,0.1,0.8,5.0,0.25,-0.18650515428888056,0.8161285576482539,0.8918717230768294,3.374682568920861e-5,3.3746825683352445e-5,1.0500433152384476
727816991,0.1,0.8,5.0,0.25,-0.634913377140956,1.8954860698431837,1.69401242887934,9.224132355050353e-5,9.22413235339677e-5,1.0500658135954726
72781753x,0.1,0.8,5.0,0.25,0.3657566742078311,1.093217774116376,0.6257764640109921,0.0008267972293856109,0.0008267972291969208,1.057317150222132
727817572,0.1,0.8,5.0,0.25,-0.009150996227993742,1.1180139737820427,0.8737556070536698,0.0001799830703424459,0.0001799830702944292,1.0505302076201128
727818284,0.1,0.8,5.0,0.25,-0.46245427970921416,1.3280690904790255,1.2357525901697572,7.536791070589923e-5,7.536791069035304e-5,1.050145472860565
727818321,0.1,0.8,5.0,0.25,0.7995090696099394,0.2885054510634423,0.341884153424825,2.249788379280574e-5,2.2497883786678343e-5,1.050133077033764
727818698,0.1,0.8,5.0,0.25,-0.07903435842029975,1.14374808316217,0.939438240490915,0.00014061177370503587,0.00014061177367748692,1.0501598920117188
72781980x,0.1,0.8,5.0,0.25,-0.7116730912590252,1.3241263052210055,1.393549567307546,4.049619082705033e-5,4.049619081917952e-5,1.0512881711447875
727820325,0.1,0.8,5.0,0.25,0.40082973285850254,0.9795766815718577,0.6294743943101442,0.00047920492478676225,0.0004792049247077712,1.0503976352111857
727821002,0.1,0.8,5.0,0.25,0.10005943409924167,0.8032226414434183,0.7803877576922257,6.074428624057549e-5,6.074428623577517e-5,1.0500791312735769
727822785,0.1,0.8,5.0,0.25,1.3297234496980028,0.2084204227335765,0.19821034872723498,6.749365137841721e-5,6.749365136647324e-5,1.0504103253710737
727822857,0.1,0.8,5.0,0.25,-0.25714494451306924,0.7183185490306758,0.9594377691474616,1.2373836086043157e-5,1.2373836082740266e-5,1.050018664322498
727823286,0.1,0.8,5.0,0.25,-0.714631096395702,1.6526847124844721,1.0033556884614332,0.0003262193149956832,0.0003262193149088086,1.2006896816577484
727823323,0.1,0.8,5.0,0.25,0.0475255496677166,0.7682553964902531,0.8854088506048715,2.58725663617266e-5,2.5872566356650985e-5,1.0500052701840994
727823913,0.1,0.8,5.0,0.25,-0.8605321368010432,1.3687631062544476,1.7299235763543341,1.631096574978416e-5,1.6310965746559408e-5,1.0500332660092304
727824852,0.1,0.8,5.0,0.25,-0.8110694820069163,2.1559231804696726,1.803628008104976,0.0001282379376189927,0.0001282379375926007,1.0502208268158373
727825310,0.1,0.8,5.0,0.25,1.6454391000789226,0.3012714013397378,0.19821034872723498,0.0004162108501669062,0.0004162108500850803,1.0552771210901761
727825839,0.1,0.8,5.0,0.25,0.27122454316833033,0.8578781764790531,0.7611513187696489,9.561600611942439e-5,9.561600610315941e-5,1.0501373762578587
727825927,0.1,0.8,5.0,0.25,0.14002640688517304,0.812289796941501,0.8423232703904735,4.387087339597119e-5,4.387087338784041e-5,1.050012727482403
727826524,0.1,0.8,5.0,0.25,0.5404497975863695,0.30758984470949524,0.3973402787051725,1.462362446532373e-5,1.4623624462606023e-5,1.0500162390652628
727826778,0.1,0.8,5.0,0.25,-0.22155192463235313,1.0584844626002043,0.9907780332150397,7.311812232661866e-5,7.311812231285146e-5,1.050269448404272
727826970,0.1,0.8,5.0,0.25,0.2902159602909036,0.9601005916950535,0.661335056373896,0.00033690580979726595,0.00033690580972228296,1.0514560222940532
727827033,0.1,0.8,5.0,0.25,-0.8472532756627201,1.1695758160616845,1.1699822786718657,5.230757981827334e-5,5.2307579806365015e-5,1.0508332128402569
727827041,0.1,0.8,5.0,0.25,-0.7771073131042789,1.678495474090201,1.6912530861946433,5.0620238533812914e-5,5.0620238524384305e-5,1.0501331182028646
727827228,0.1,0.8,5.0,0.25,-0.30423512352284554,1.8983577478061415,1.2256983194319147,0.00046795598289035937,0.00046795598280601256,1.0503912317544395
727827471,0.1,0.8,5.0,0.25,-0.397947575615481,1.2919576360858027,1.2599790944323805,5.961939205093521e-5,5.96193920398594e-5,1.0500380705695367
727827607,0.1,0.8,5.0,0.25,1.393227455463473,0.22657945464646817,0.19821034872723498,0.00010236537125726611,0.00010236537127672037,1.050657605074873
727827869,0.1,0.8,5.0,0.25,-1.5626734148345667,1.740176544337918,1.9870912454815348,2.6997460551366886e-5,2.699746054681863e-5,1.0507721113961965
727828263,0.1,0.8,5.0,0.25,0.037843180115332005,0.8778188482260079,0.6921296184294145,0.00017098391682532363,0.00017098391679238345,1.0520200937184234
727828589,0.1,0.8,5.0,0.25,0.07792180369116022,0.6288987993901916,0.718452244993978,2.6997460551366886e-5,2.699746054711686e-5,1.0503061210778717
727828749,0.1,0.8,5.0,0.25,0.10673684458230229,0.5132789412748152,0.8026845649450657,5.624470948201435e-6,5.6244709472761885e-6,1.0500012573501314
727830515,0.1,0.8,5.0,0.25,0.35953124679806797,0.8516882404777405,0.654422594622487,0.00019629403609223008,0.00019629403605756488,1.0501191167657589
727830531,0.1,0.8,5.0,0.25,0.06109051086279237,1.0006381268392195,0.8314058279286587,0.00013273751437755386,0.00013273751436066247,1.050177879035669
727832019,0.1,0.8,5.0,0.25,-0.3146846492413736,1.7530564458241216,1.1368883825117604,0.0004550196997094961,0.00045501969962199226,1.0516461871491063
727832860,0.1,0.8,5.0,0.25,0.24528256487442576,0.9672093632945846,0.8100186185353798,0.00012767549052417258,0.0001276754905030676,1.050029749935792
727833361,0.1,0.8,5.0,0.25,-0.7082020308710515,0.6150211840890213,0.6941735024688677,2.8122354741007175e-5,2.812235473678659e-5,1.0544095401686613
727834321,0.1,0.8,5.0,0.25,-0.26289188029115174,0.9465334767018583,0.9814400716775964,4.387087339597119e-5,4.387087338661681e-5,1.0501094253750276
727835463,0.1,0.8,5.0,0.25,0.07748986838794666,0.56900156073249,0.5690077549262121,5.230757981827334e-5,5.2307579807012046e-5,1.051186965538118
72783601x,0.1,0.8,5.0,0.25,0.23682756106718222,0.6412526926327896,0.5956821923671048,7.593035780071936e-5,7.593035778751564e-5,1.0503380901611736
727836183,0.1,0.8,5.0,0.25,-0.13788979790165243,0.9434529737681487,0.7686676746816953,0.0001462362446532373,0.00014623624462453287,1.0504327532476434
727836693,0.1,0.8,5.0,0.25,0.32129303119536007,0.6474505670742775,0.5593353480135379,0.00010911473639510784,0.00010911473637405735,1.050401390710242
727837135,0.1,0.8,5.0,0.25,-0.9179804572974414,0.7585700435215501,0.8561968881759625,2.8122354741007175e-5,2.812235473678659e-5,1.0544095401686613
72783732x,0.1,0.8,5.0,0.25,0.1850543745500806,0.5145902044793428,0.5304778544458199,4.499576758561148e-5,4.499576757712879e-5,1.0508906878476167
727837354,0.1,0.8,5.0,0.25,0.16739909833990302,0.6238915902562159,0.6689037923076221,3.712150825812947e-5,3.712150824805007e-5,1.0500693225400128
727837506,0.1,0.8,5.0,0.25,0.27134600092068833,0.43415815114790024,0.4744261987972006,3.374682568920861e-5,3.374682568258455e-5,1.0500992056484324
727838314,0.1,0.8,5.0,0.25,-0.38361112799124486,1.1725579182680983,1.0366505282771024,9.730334740388482e-5,9.730334738637542e-5,1.0502047890549435
727838533,0.1,0.8,5.0,0.25,0.8082997890241161,0.4355383334044875,0.44086839567918795,4.949534434417263e-5,4.949534433506094e-5,1.050031114317219
727839202,0.1,0.8,5.0,0.25,0.07295905600331556,0.7962305762289014,0.7779103031620896,5.9056944956115064e-5,5.9056944959363666e-5,1.0501534225308222
730368069,0.1,0.8,5.0,0.25,0.30570503737213867,0.6590162660533387,0.5780649978224343,0.00010124047706762583,0.00010124047704222633,1.050137686262297
730590049,0.1,0.8,5.0,0.25,0.15395324398849689,0.9510475011282012,0.8699821899844381,8.211727584374094e-5,8.211727582904549e-5,1.05003206218541
730590372,0.1,0.8,5.0,0.25,0.29739552584279355,0.8689028505255108,0.7516984614065726,0.00010855228930028769,0.00010855228928000475,1.0500195457748336
73059041x,0.1,0.8,5.0,0.25,0.6052536591062159,0.44861715003731845,0.4223413551963693,7.086833394733808e-5,7.086833393183754e-5,1.0507984861774564
730590436,0.1,0.8,5.0,0.25,-0.3467425548786099,1.0823398756322158,1.0149686015223294,7.199322813697837e-5,7.199322812318167e-5,1.051599430619681
73059068x,0.1,0.8,5.0,0.25,-0.5522769518706719,0.5567907002190862,0.7432264358973578,1.2373836086043157e-5,1.237383608345874e-5,1.0506730013318986
730590823,0.1,0.8,5.0,0.25,0.4325933332062518,0.8836491245238649,0.6038417806157456,0.0003520918813574098,0.00035209188132591585,1.0505654408942084
730590989,0.1,0.8,5.0,0.25,-0.7042227096065611,1.9323683805806222,1.611831931482493,0.000129362831808633,0.00012936283180791958,1.0514917864914535
730591017,0.1,0.8,5.0,0.25,0.013543019144466553,0.5491722781828126,0.6805167053685183,1.7998307034244593e-5,1.799830702928142e-5,1.05007689897289
730592343,0.1,0.8,5.0,0.25,0.2870145970920272,1.062355794305686,0.7792053442664331,0.00024747672172086314,0.0002474767216716548,1.0502890016323791
730592706,0.1,0.8,5.0,0.25,-0.07356460141629463,1.1941837192940825,1.003522326392379,0.000125425702144892,0.00012542570211771333,1.0501816338032723
73059367x,0.1,0.8,5.0,0.25,-0.5572064576048945,1.441833032308096,1.495028594153345,4.387087339597119e-5,4.387087339297182e-5,1.050093175028931
730594736,0.1,0.8,5.0,0.25,0.12488239360212802,0.9953325245571785,0.8770916261340174,9.899068868834526e-5,9.899068866867757e-5,1.0500306643382369
730594752,0.1,0.8,5.0,0.25,-0.729149220920039,2.7012972752866995,1.9870912454815348,0.00024410203915194227,0.0002441020391098521,1.0501175319458347
730594891,0.1,0.8,5.0,0.25,-0.061268023166974044,1.0967543141453724,0.8678407047408537,0.00016873412844604306,0.0001687341284132031,1.0510572417109234
730595077,0.1,0.8,5.0,0.25,0.8913551258980913,0.26277865890804913,0.33445189615381105,1.5748518654964018e-5,1.574851865391894e-5,1.0500406391326853
730595616,0.1,0.8,5.0,0.25,-0.28066384219083695,0.8439494834162339,0.8071178001764305,6.411896880949636e-5,6.411896879912363e-5,1.0553094827461507
730595878,0.1,0.8,5.0,0.25,-0.44246670739570826,0.9267313678057209,1.1712223172094656,1.631096574978416e-5,1.631096574638732e-5,1.0500650626194705
73059658x,0.1,0.8,5.0,0.25,-0.04781521048886559,1.0019651542352894,1.018911562585956,4.837045015453234e-5,4.837045014509148e-5,1.0500203639989605
730596627,0.1,0.8,5.0,0.25,1.083649618463419,0.2687139208286918,0.25155356564524406,7.311812232661866e-5,7.311812231315041e-5,1.050152334827197
73059666x,0.1,0.8,5.0,0.25,-0.11022060078604094,1.408876345082543,0.9919320239227084,0.00030372143120287746,0.00030372143112343785,1.0502519548984024
73059690x,0.1,0.8,5.0,0.25,0.09933383798384553,0.7696288690941853,0.8410845785652036,3.374682568920861e-5,3.374682568235855e-5,1.0500082568174174
730597048,0.1,0.8,5.0,0.25,0.6882003150669718,0.36883232223492224,0.3716132179486789,5.0620238533812914e-5,5.062023852400774e-5,1.0501965870925378
73059770x,0.1,0.8,5.0,0.25,1.2304065892748863,0.12674984221237373,0.19821034872723498,5.624470948201435e-6,5.624470946659746e-6,1.0500316416658684
730597996,0.1,0.8,5.0,0.25,0.045849657443532775,1.5818404382737994,0.9156382896389391,0.0008020495572135246,0.0008020495570734424,1.051952445724043
730598622,0.1,0.8,5.0,0.25,0.27047174785220707,0.6081467516239817,0.5784779069107903,6.749365137841721e-5,6.749365136386431e-5,1.0501870279871819
730599131,0.1,0.8,5.0,0.25,-0.13695736938209827,0.7253063689061767,0.8220084692895001,2.8122354741007175e-5,2.812235473326303e-5,1.0501044104635016
730599211,0.1,0.8,5.0,0.25,0.4916728920244401,0.7898760899757054,0.6411379862824085,0.00014904848012733802,0.0001490484800992119,1.0503633716869063
730599801,0.1,0.8,5.0,0.25,-0.3495417990653368,0.9430371654377876,0.8318086366745393,9.674090030906468e-5,9.674090030899694e-5,1.0538552868769526
730600075,0.1,0.8,5.0,0.25,0.09892732292122046,0.4998286496856292,0.6233511768637467,1.7435859939424446e-5,1.743585993618412e-5,1.0500193631718124
730600139,0.1,0.8,5.0,0.25,0.6789952647006946,0.232877463079691,0.364180960677665,5.624470948201435e-6,5.6244709470509955e-6,1.0500053422273663
73060026x,0.1,0.8,5.0,0.25,-0.05186841669474665,1.291922344581462,1.0735842556881903,0.00013273751437755386,0.00013273751435207128,1.0500238406461995
730600796,0.1,0.8,5.0,0.25,-0.02904016752047808,1.2761686275628426,1.0569299604595126,0.00013498730275683443,0.00013498730272951676,1.0500280271943991
73060202x,0.1,0.8,5.0,0.25,-0.8525198839726211,3.176858274824693,1.973964152868357,0.0005540103883978413,0.0005540103882479771,1.0552433341640028
730602679,0.1,0.8,5.0,0.25,0.1384817594538653,0.6792861065455823,0.6599575822990336,6.074428624057549e-5,6.074428622389636e-5,1.0501062483707533
730603479,0.1,0.8,5.0,0.25,1.0343729328290445,0.2550623145737698,0.2769117867023929,3.487171987884889e-5,3.4871719871605365e-5,1.050044733900972
730604412,0.1,0.8,5.0,0.25,0.43218815807281413,0.7099316210925418,0.565310249904638,0.00016423455168748188,0.00016423455165504787,1.0501089860508916
730604674,0.1,0.8,5.0,0.25,0.1468075671529753,1.0177130008840054,0.8656818539961713,0.00011811388991223013,0.00011811388988876299,1.0500365924661743
730604930,0.1,0.8,5.0,0.25,0.00023719868723182745,0.47353896216771024,0.550341471476425,2.3622777982446025e-5,2.362277798029717e-5,1.0603638266647692
730605247,0.1,0.8,5.0,0.25,0.17962933871114392,0.5712804807539037,0.639455162906604,2.9809696025467603e-5,2.980969601979269e-5,1.0509096936120037
730605263,0.1,0.8,5.0,0.25,-0.33384890139272055,0.9411648881443684,0.9944578892171304,3.9933743732230185e-5,3.9933743724647235e-5,1.050047472782471
730605546,0.1,0.8,5.0,0.25,-0.300707359488945,0.6859234409869148,0.6213372748935365,8.436706422302153e-5,8.436706420574615e-5,1.0546570722229405
730605714,0.1,0.8,5.0,0.25,-0.6689626329100637,1.677129688236636,1.5444350750082743,7.930504036964023e-5,7.930504035031876e-5,1.0503509986426691
73060587x,0.1,0.8,5.0,0.25,-0.660827088206319,1.8895709434929453,1.5616968083774052,0.00013611219694647473,0.00013611219690986791,1.0504725073485852
730606274,0.1,0.8,5.0,0.25,-0.8947341114505518,2.109878452406451,1.9870912454815348,7.086833394733808e-5,7.086833402339537e-5,1.0503808667718726
730606290,0.1,0.8,5.0,0.25,1.4885928420396657,0.26200436500098473,0.19821034872723498,0.00021148010765237394,0.0002114801076121097,1.0508141607222297
730606557,0.1,0.8,5.0,0.25,0.11993599411420833,0.7585007403959868,0.7439479901878847,5.793205076647478e-5,5.7932050756959474e-5,1.0500918161000536
730607090,0.1,0.8,5.0,0.25,-0.07279458529509372,0.9949694478303388,1.024000859360849,4.555821468043162e-5,4.555821467119781e-5,1.0500106520724797
73060712x,0.1,0.8,5.0,0.25,1.5163649749774124,0.14839517612629896,0.19821034872723498,1.2373836086043157e-5,1.2373836083695266e-5,1.0500021935529376
730607832,0.1,0.8,5.0,0.25,0.05105185516732146,0.9134383925067158,0.8222530747763969,8.886664098158267e-5,8.886664096662812e-5,1.0503248055601502
730608456,0.1,0.8,5.0,0.25,0.29525433963169895,1.4793300015164519,0.8284170479906777,0.0009539102728149633,0.0009539102726254375,1.0502970661448108
730608974,0.1,0.8,5.0,0.25,-0.44675068988271616,1.2462368035793019,1.1721909577727603,7.143078104215822e-5,7.143078102889031e-5,1.050080868283593
730609870,0.1,0.8,5.0,0.25,-1.0541535259191086,2.3657954911986976,1.9870912454815348,0.00012373836086043157,0.0001237383608332671,1.0535523936932456
730609950,0.1,0.8,5.0,0.25,0.013835031161047963,0.9565737539543472,0.8292228072416316,0.0001074273951106474,0.00010742739508871314,1.050078661284279
730609969,0.1,0.8,5.0,0.25,-0.8918149555440333,2.3020791105159906,1.9870912454815348,0.00010967718348992798,0.00010967718346649418,1.050211564592013
730610003,0.1,0.8,5.0,0.25,-0.16760230882845195,1.4297421236032968,1.068573777024404,0.0002249788379280574,0.00022497883788354147,1.050563932406755
73061037x,0.1,0.8,5.0,0.25,-0.8477748056167688,1.248373311673747,1.1004123246541042,9.561600611942439e-5,9.561600609265024e-5,1.057013489972158
730610812,0.1,0.8,5.0,0.25,-0.6551655632117792,0.5511323290098588,1.1891622974357725,1.124894189640287e-6,1.1248941893310393e-6,1.0500017942695299
730612498,0.1,0.8,5.0,0.25,-0.4336379659611184,0.9059295928718994,1.1891622974357725,1.3498730275683443e-5,1.3498730273089586e-5,1.0500073793762559
730613714,0.1,0.8,5.0,0.25,0.5219043269634589,0.5883594626620378,0.5760004878204523,5.849449786129492e-5,5.849449784952097e-5,1.0500125940683118
730613925,0.1,0.8,5.0,0.25,0.4460539068678888,0.4060009834322341,0.4913552587810086,2.0248095413525164e-5,2.024809540950416e-5,1.0501522360734437
730614047,0.1,0.8,5.0,0.25,-0.8700686793297981,0.7805490383110694,0.9927381375716439,1.5748518654964018e-5,1.5748518651499307e-5,1.0507881463151347
730614397,0.1,0.8,5.0,0.25,-0.46828109163427134,1.3081088329031694,1.1051604070523178,0.00012092612538633085,0.00012092612536191616,1.0522335696531646
730614530,0.1,0.8,5.0,0.25,0.004141013416210865,0.8203365075320016,0.6898492800566414,0.00012373836086043157,0.00012373836083544909,1.052287889952805
730615672,0.1,0.8,5.0,0.25,-0.8135220340497844,1.1045238041044867,1.030226214305542,7.311812232661866e-5,7.311812231164646e-5,1.0539866199873313
730616798,0.1,0.8,5.0,0.25,-0.9431311954102917,1.9009077435089103,1.9812851646129483,4.274597920633091e-5,4.2745979194810825e-5,1.0501047386666855
730617045,0.1,0.8,5.0,0.25,1.418798934660418,0.2603282731142348,0.19821034872723498,0.00020248095413525166,0.00020248095412542247,1.053211994102127
730617512,0.1,0.8,5.0,0.25,-1.0214035116040698,2.6987544666499996,1.9870912454815348,0.0002418522507726617,0.0002418522507268361,1.0510736716498048
730618638,0.1,0.8,5.0,0.25,0.5732298603146571,0.4905447845224002,0.537894376446451,3.3184378594388464e-5,3.318437858807488e-5,1.0500078381062883
730621263,0.1,0.8,5.0,0.25,1.333428244312897,0.30781705131822185,0.19821034872723498,0.00047133066545928024,0.0004713306653692654,1.0517168423163112
730621474,0.1,0.8,5.0,0.25,0.24135171612584605,0.592769193711221,0.580288348999767,5.849449786129492e-5,5.849449785065632e-5,1.0500655025870722
730622143,0.1,0.8,5.0,0.25,-1.040596021208719,0.980506538908682,1.148461815637507,2.3622777982446025e-5,2.362277797763524e-5,1.0521202040646098
730622151,0.1,0.8,5.0,0.25,0.2873792919863372,0.4315756892559241,0.5618791812856267,1.4061177370503587e-5,1.4061177366842857e-5,1.0500435575184504
73062224x,0.1,0.8,5.0,0.25,0.5353202146745342,0.8949753907421503,0.6172874273986608,0.00033690580979726595,0.00033690580972895216,1.0500732183513906
730622389,0.1,0.8,5.0,0.25,0.23283659380295432,0.8263880080370262,0.6962680654196888,0.00012373836086043157,0.0001237383608360381,1.0502780235001334
730623429,0.1,0.8,5.0,0.25,0.12032287492996543,0.7677701160905468,0.7432264358973578,6.186918043021579e-5,6.186918041812877e-5,1.050056826993659
730623509,0.1,0.8,5.0,0.25,-0.5861200191496848,2.0916124571746395,1.494197885284487,0.0002806611003152516,0.0002806611004429902,1.0515605325175335
730624560,0.1,0.8,5.0,0.25,-0.002618988242905838,0.44361980508527865,0.6689037923076221,6.749365137841721e-6,6.749365136656254e-6,1.050007264715787
730624907,0.1,0.8,5.0,0.25,1.5217353287807769,0.29907290681162596,0.19821034872723498,0.0004105863792187047,0.00041058637913709276,1.050430827533127
730625168,0.1,0.8,5.0,0.25,1.5257331243354801,0.30041970205711316,0.19821034872723498,0.00041733574435654647,0.00041733574427730587,1.0517259481328802
730625467,0.1,0.8,5.0,0.25,0.6427844665472381,0.8342805503987414,0.5032196172098463,0.0006575006538447478,0.0006575006537176157,1.0504440809872062
730625547,0.1,0.8,5.0,0.25,-0.5186731572592357,2.122135811433111,1.4729513010103048,0.00032509442080604295,0.00032509442074107615,1.0509462448306177
730625993,0.1,0.8,5.0,0.25,7.757864282208095e-5,0.9261394323631558,0.7401080171777095,0.00016085986911856104,0.00016085986908962195,1.0507256755806158
730626048,0.1,0.8,5.0,0.25,0.2531578772497536,1.1759198619760505,0.8228864548491029,0.0003132830318148199,0.0003132830317536512,1.0501420713583216
730626558,0.1,0.8,5.0,0.25,-0.4707233352673927,2.82892699313422,1.5124957365926084,0.0011862009229756825,0.0011862009226550247,1.0531580437091073
730626566,0.1,0.8,5.0,0.25,-0.35219321542055737,1.0098336901635112,1.1445686829300925,2.8122354741007175e-5,2.8122354735631538e-5,1.0500144613699858
730626718,0.1,0.8,5.0,0.25,-0.5079971032456844,1.0122179689396622,1.1135582216241866,3.262193149956832e-5,3.262193149291913e-5,1.0501632100280693
730626929,0.1,0.8,5.0,0.25,0.351946965772466,0.7813768749472062,0.6966628647711853,9.336621774014381e-5,9.336621772188062e-5,1.0500199718817695
730626945,0.1,0.8,5.0,0.25,0.0624634350425287,0.3759385734108645,0.4923875137819996,1.3498730275683443e-5,1.349873027287547e-5,1.0523225912530414
730627331,0.1,0.8,5.0,0.25,-0.9831545345985815,1.2404551452373556,1.788698355213931,8.436706422302152e-6,8.436706419978286e-6,1.050042772352576
730627366,0.1,0.8,5.0,0.25,0.3449137235963284,0.7288528446232322,0.6922447977734327,6.805609847323736e-5,6.805609846021504e-5,1.0500364206771615
730627438,0.1,0.8,5.0,0.25,-0.11027966789452226,0.9952310438919808,0.9436538753615806,6.86185455680575e-5,6.861854555515383e-5,1.0500754496831892
730627497,0.1,0.8,5.0,0.25,0.9918525999335538,0.12122633368953871,0.19821034872723498,4.499576758561148e-6,4.49957675760614e-6,1.0501079159554494
730627569,0.1,0.8,5.0,0.25,-0.33159207383826933,1.7823067370730192,1.2144436318508145,0.0003571539052107911,0.00035715390513494646,1.050586041487851
730627729,0.1,0.8,5.0,0.25,-0.26429925645680347,1.3917512885100887,0.9265207175801723,0.0003993374373223019,0.0003993374372433084,1.0515649740131325
730627972,0.1,0.8,5.0,0.25,-0.3618350109844816,2.0275170981698287,1.3149812358983053,0.0004578319351835968,0.00045783193509311455,1.0502709981694367
730628297,0.1,0.8,5.0,0.25,-0.17871179713164864,1.0840178686242212,0.8624470509793671,0.00016479699878230205,0.0001647969987517689,1.0502961173020189
730628457,0.1,0.8,5.0,0.25,0.8360056096129215,0.2529310759028713,0.3378301949133628,1.2373836086043157e-5,1.2373836083584844e-5,1.0500270230305948
730629089,0.1,0.8,5.0,0.25,-0.3346224443069315,2.1163146233030514,1.4580098821062708,0.0003380307039869062,0.00033803070391440426,1.0505728072108935
730629273,0.1,0.8,5.0,0.25,0.5535432786336265,0.5306981949564418,0.4923875137819996,7.649280489553951e-5,7.649280488199696e-5,1.0500599198083806
730629409,0.1,0.8,5.0,0.25,-0.6918440557069193,1.5368747450717741,1.4669273858783503,6.636875718877693e-5,6.636875717629329e-5,1.0501098706126704
730630055,0.1,0.8,5.0,0.25,-0.600218123313577,1.0513333355474361,1.036800863900895,5.624470948201435e-5,5.624470946923019e-5,1.0505733246676299
73063059x,0.1,0.8,5.0,0.25,-0.006696147910718094,0.5968878625576506,0.7834845581349968,1.3498730275683443e-5,1.3498730273097121e-5,1.0500291185137813
730630629,0.1,0.8,5.0,0.25,-0.5013299455625446,2.1897929545106556,1.4417997184281277,0.00042127287402028745,0.0004212728739339985,1.0519207905779995
730630733,0.1,0.8,5.0,0.25,-0.2638669035354262,1.3385337674457067,1.0595931904116007,0.00016873412844604306,0.0001687341284006801,1.0506237321809095
730631744,0.1,0.8,5.0,0.25,-0.33160746566545485,1.577282177753313,1.2338956865053936,0.00017942062324762578,0.00017942062321391552,1.0501566770695139
730634152,0.1,0.8,5.0,0.25,0.3503945099807884,0.5356364451541611,0.6557880191659752,1.912320122388488e-5,1.912320122027037e-5,1.0500068737248145
730634195,0.1,0.8,5.0,0.25,0.532930809892022,0.5141324034041657,0.4664723740166737,8.549195841266181e-5,8.549195839575979e-5,1.0501748531864
730634208,0.1,0.8,5.0,0.25,0.34862086318657165,0.7998636858736898,0.6993638735481115,0.00010292781835208626,0.00010292781833129209,1.0500351857356716
730634742,0.1,0.8,5.0,0.25,-0.2522929461358502,0.4895394074040391,0.7655232431501978,5.624470948201435e-6,5.6244709470399756e-6,1.0500514062168884
730634750,0.1,0.8,5.0,0.25,0.06148976337176825,0.8037185590228184,0.8905445026357571,3.1497037309928035e-5,3.1497037303636065e-5,1.0500066485784605
730634814,0.1,0.8,5.0,0.25,-0.7393382979184715,1.3031481845355888,1.577291595400307,2.0248095413525164e-5,2.024809540923213e-5,1.050032154817265
730635809,0.1,0.8,5.0,0.25,1.0305674611465996,0.42202111733581776,0.36471730658301044,0.00010911473639510784,0.00010911473637464861,1.0500228488826941
730636166,0.1,0.8,5.0,0.25,-0.9052186682670295,1.1861163479856183,1.4889302554452555,1.6873412844604303e-5,1.6873412841439585e-5,1.0500499784570152
730636609,0.1,0.8,5.0,0.25,-0.09975976153282337,1.0738906485435868,0.9223439956078857,0.0001124894189640287,0.0001124894189435011,1.0501284417077732
73063665x,0.1,0.8,5.0,0.25,-0.46436777627705483,1.4780689715014315,1.2965172428164122,0.00010124047706762583,0.00010124047704634097,1.050130292935944
730636764,0.1,0.8,5.0,0.25,0.9819140616602263,0.439780890565161,0.354109714276504,0.0001552353981703596,0.0001552353981369479,1.050262796267901
730637003,0.1,0.8,5.0,0.25,0.5589233754587857,0.20667448695876034,0.4459358615384147,1.124894189640287e-6,1.1248941894110047e-6,1.0500011011788095
730637193,0.1,0.8,5.0,0.25,-0.8947918875421088,1.7242094532680705,1.9870912454815348,2.58725663617266e-5,2.5872566357559225e-5,1.0500305386127633
730637345,0.1,0.8,5.0,0.25,-0.09658261899447654,0.8237079323207782,0.7247507476820723,9.955313578316539e-5,9.95531357647887e-5,1.0504398946927358
730637548,0.1,0.8,5.0,0.25,-0.09986183763216724,0.9084129994824501,0.9112602696131067,5.17451327234532e-5,5.174513271316206e-5,1.0501821293695868
730637804,0.1,0.8,5.0,0.25,-0.29312449008272323,1.0026136388166482,0.9892344173664057,5.624470948201435e-5,5.624470947158497e-5,1.0500637709069993
730637900,0.1,0.8,5.0,0.25,0.03747648337243832,0.7704905834867506,0.7762587376882618,5.0620238533812914e-5,5.062023852376336e-5,1.0502522396570757
730638196,0.1,0.8,5.0,0.25,-0.45352365890069113,1.042371773075123,0.9806963320734217,6.918099266287765e-5,6.918099264898602e-5,1.056545862543953
730638540,0.1,0.8,5.0,0.25,0.17512899681730132,0.764811615205398,0.6735489575319805,9.899068868834526e-5,9.899068866957476e-5,1.0506644979049802
730638903,0.1,0.8,5.0,0.25,-0.0005423051754610427,0.9558431990658658,0.8520240645814734,9.336621774014381e-5,9.336621774612801e-5,1.0502542803678874
730639092,0.1,0.8,5.0,0.25,0.3850132131293168,0.5883669873477005,0.5760004878204523,5.849449786129492e-5,5.849449785023953e-5,1.0500260229560854
730639121,0.1,0.8,5.0,0.25,0.4707475207414342,0.438144054687134,0.5659955138418495,1.462362446532373e-5,1.4623624462385547e-5,1.0500030220353622
730639981,0.1,0.8,5.0,0.25,1.5425445132814144,0.28961879686755926,0.19821034872723498,0.00034984209297812927,0.00034984209291335735,1.0503248169286215
733490051,0.1,0.8,5.0,0.25,0.04203749754331693,1.5006083290329617,0.8816530825551232,0.0007486170832056109,0.0007486170830792183,1.0507884628751234
733490182,0.1,0.8,5.0,0.25,0.15554876665423553,1.3749368461407898,0.9018135787749102,0.0004330842630115105,0.0004330842629225259,1.0501446393285703
733490350,0.1,0.8,5.0,0.25,-0.2618466990308449,0.9190934500703447,1.021598537202811,3.093459021510789e-5,3.0934590208919416e-5,1.050480887789728
733490369,0.1,0.8,5.0,0.25,0.46045271167258434,0.9700272414679081,0.6823174723925974,0.0003054087724873379,0.0003054087724368543,1.0500712229358702
733490721,0.1,0.8,5.0,0.25,0.1517689256037369,0.34330879976039885,0.5945811487178863,3.3746825689208607e-6,3.3746825682846216e-6,1.0500859174217947
733490836,0.1,0.8,5.0,0.25,-0.05470656977816716,0.5448623724644955,0.5876134008813485,3.5996614068489185e-5,3.5996614060307294e-5,1.050365419358969
733491089,0.1,0.8,5.0,0.25,0.4831573053743636,0.6707806305562571,0.6039890684168964,8.886664098158267e-5,8.886664096339952e-5,1.0500290205189369
733492049,0.1,0.8,5.0,0.25,0.26048872177047877,1.094280912966899,0.8134000005573715,0.0002317282030658991,0.000231728203021378,1.0500899379841409
733492161,0.1,0.8,5.0,0.25,0.4585801629997192,0.579811578040429,0.6012511313702881,4.387087339597119e-5,4.38708733870642e-5,1.0500097717689925
733492524,0.1,0.8,5.0,0.25,0.1469895233153516,0.8995664157540971,0.8544032799911115,6.805609847323736e-5,6.805609846063209e-5,1.0500126633374347
733492583,0.1,0.8,5.0,0.25,1.2343822956562018,0.20090210486795393,0.19821034872723498,5.624470948201435e-5,5.624470947191448e-5,1.050121247569156
733493519,0.1,0.8,5.0,0.25,-0.7130902002852186,2.3892407641052595,1.7176788425718508,0.0002733492880825897,0.0002733492880081601,1.0504417639034844
733495004,0.1,0.8,5.0,0.25,-0.6577976268026495,1.663233478459709,1.6410439647909985,5.624470948201435e-5,5.624470947166783e-5,1.0500604139427914
733495493,0.1,0.8,5.0,0.25,-0.3551040651324576,1.415133181993436,0.9909237616650715,0.00031103324343553936,0.00031103324337362605,1.0509772860881335
733495661,0.1,0.8,5.0,0.25,0.37752704877751253,0.8071202961303802,0.6240463639444429,0.0001901071180492085,0.0001901071180115806,1.050314487060387
733495709,0.1,0.8,5.0,0.25,0.06559509899144231,0.8721779795264266,0.8062391058208646,7.76176990851798e-5,7.761769907396251e-5,1.0508645106195724
733495792,0.1,0.8,5.0,0.25,0.1377347197638797,0.6975339838088149,0.73496839588943,4.049619082705033e-5,4.049619081904179e-5,1.050053657479909
733495987,0.1,0.8,5.0,0.25,-0.38071528787119197,2.2878232454019978,1.359379222718145,0.0006918099266287765,0.000691809926499247,1.0555580031369138
733496015,0.1,0.8,5.0,0.25,-0.25176419364233177,1.2496980873227939,1.0530166979467435,0.00012373836086043157,0.000123738360827109,1.0501868974801332
733496808,0.1,0.8,5.0,0.25,-0.6398281140571884,1.5310788353330835,1.5167886302232616,5.5119815292374064e-5,5.511981528190196e-5,1.0500465635654412
733497245,0.1,0.8,5.0,0.25,0.25612448068772226,0.7592275362032782,0.7476416677112576,5.680715657683449e-5,5.6807156565530865e-5,1.0500149032896346
733497480,0.1,0.8,5.0,0.25,0.24465742470194188,1.008866675734962,0.711771559522532,0.00030034674863395664,0.00030034674859396834,1.0504277329329714
73349751x,0.1,0.8,5.0,0.25,-0.4247493526496732,1.5156557606522607,1.266081402397864,0.00012880038471381285,0.00012880038468583238,1.0508800154287983
73349831x,0.1,0.8,5.0,0.25,-0.0631168104534411,0.3575944633626849,0.6193553396212661,3.3746825689208607e-6,3.3746825682252645e-6,1.0500305489530435
733498491,0.1,0.8,5.0,0.25,-0.7149302278341036,2.1674350009882764,1.6694508058853206,0.00019348180061812937,0.00019348180057641783,1.050611262833465
733498563,0.1,0.8,5.0,0.25,-0.43024484872824303,1.8050454528811282,1.1241679048787843,0.0005511981529237407,0.0005511981528152024,1.0538845306117224
733498969,0.1,0.8,5.0,0.25,0.12540778648191817,0.7298657818189113,0.7158064514225844,5.793205076647478e-5,5.793205075073772e-5,1.0501739337290288
733499910,0.1,0.8,5.0,0.25,-0.5048146702650038,1.5702622409129765,1.3414330759669582,0.00011530165443812942,0.00011530165441379048,1.0505910321322063
733500459,0.1,0.8,5.0,0.25,0.1124790067893328,0.7513237978745072,0.7770949751656328,4.4433320490791335e-5,4.4433320481170464e-5,1.050047416406998
733500555,0.1,0.8,5.0,0.25,-0.4646310408118214,2.2791872460490175,1.4347262182338822,0.0005309500575102154,0.0005309500573686407,1.0505043546007007
733501224,0.1,0.8,5.0,0.25,-0.5572412583897035,1.6911452018125976,1.7004368137304966,5.118268562863306e-5,5.1182685618961363e-5,1.0500099273571337
733501398,0.1,0.8,5.0,0.25,-0.6589587790482616,1.872566684438862,1.6319014891802028,0.00010461515963654668,0.00010461515961560924,1.050079183900257
733501400,0.1,0.8,5.0,0.25,1.2156301684927817,0.13931507578525693,0.19821034872723498,8.999153517122296e-6,8.999153556872265e-6,1.0505798758963587
733502729,0.1,0.8,5.0,0.25,-0.6044612560045943,0.9229409544509218,0.8482840318021079,7.480546361107908e-5,7.480546360534727e-5,1.0647400302202719
733503043,0.1,0.8,5.0,0.25,1.4363758780697142,0.12674741884650062,0.19821034872723498,5.624470948201435e-6,5.6244709519421135e-6,1.0500115656184317
733503326,0.1,0.8,5.0,0.25,-0.07688082002274757,0.9543424177433825,0.9750422666750593,4.724555596489205e-5,4.724555595472095e-5,1.0500408928198408
733503385,0.1,0.8,5.0,0.25,-0.4869082573331064,1.1900308354195566,1.328173204605995,3.0372143120287746e-5,3.037214311457856e-5,1.0500404587789633
733503406,0.1,0.8,5.0,0.25,-0.9211409811548922,1.4433447840503166,1.6040177395067143,3.093459021510789e-5,3.0934590209011674e-5,1.0506780677740304
733503588,0.1,0.8,5.0,0.25,0.08658436388903432,0.6901565129132007,0.7467655959007555,3.543416697366904e-5,3.5434166966736484e-5,1.0502107609038267
733503705,0.1,0.8,5.0,0.25,0.01998562800775302,0.7182083299234996,0.7986306064336036,3.093459021510789e-5,3.093459020952787e-5,1.0500578708177521
733503967,0.1,0.8,5.0,0.25,-0.8127310988352334,2.38317704122538,1.9870912454815348,0.00013048772599827328,0.00013048772597421622,1.0500795092642088
733504126,0.1,0.8,5.0,0.25,0.7616135660107957,0.3153290009529625,0.36500674341457884,2.5310119266906457e-5,2.531011926168647e-5,1.0500302449606709
733504716,0.1,0.8,5.0,0.25,-0.0019554421945175305,0.895406383295353,0.8040781286882925,8.999153517122296e-5,8.999153514694024e-5,1.0502174374384867
733504871,0.1,0.8,5.0,0.25,-0.2532857742447397,0.6394431278596772,0.8026845649450657,1.6873412844604303e-5,1.687341284116459e-5,1.05005983285351
733504986,0.1,0.8,5.0,0.25,0.5190467659630851,0.5609901128468276,0.42634537903222475,0.0002069805308938128,0.00020698053085566214,1.0505225222147092
733505081,0.1,0.8,5.0,0.25,-0.4484596907839603,1.9730015543301413,1.4566190826673004,0.00023960246239338113,0.00023960246234811991,1.0502212389666452
73350509x,0.1,0.8,5.0,0.25,-0.42483301645995886,1.71185732005746,1.537549689262659,8.999153517122296e-5,8.999153515425506e-5,1.0500154574332763
733505356,0.1,0.8,5.0,0.25,-0.23880199764110385,1.7295664694154491,1.1617401865731096,0.000384151365762158,0.000384151365688415,1.0503290765945816
733505946,0.1,0.8,5.0,0.25,-0.7456880566467534,2.406302098142994,1.8293872127584003,0.0002069805308938128,0.00020698053083934283,1.0501618359060354
733505962,0.1,0.8,5.0,0.25,0.1932766584935824,1.086848150429152,0.8445754695635079,0.00018560754129064736,0.0001856075412535851,1.0500473999275752
733506009,0.1,0.8,5.0,0.25,-0.5054117399609972,2.58188049114228,1.5744718632995467,0.0006226289339658988,0.0006226289338534381,1.0503958382989973
733506025,0.1,0.8,5.0,0.25,-0.2560611524184193,0.8748099860867405,0.9323120058770081,3.824640244776976e-5,3.8246402437224454e-5,1.0501031398698841
733506068,0.1,0.8,5.0,0.25,0.6050901359142837,0.4913903378028821,0.5192117198099141,3.9933743732230185e-5,3.9933743723925034e-5,1.050054258556765
733506156,0.1,0.8,5.0,0.25,-0.26951404093721487,1.1033518816195014,1.0586129255945096,6.46814159043165e-5,6.468141589089322e-5,1.050070756776949
733506682,0.1,0.8,5.0,0.25,-0.32198988598965805,0.6527870976742994,0.6077305187881883,7.311812232661866e-5,7.31181223108478e-5,1.055973768406875
733506762,0.1,0.8,5.0,0.25,0.5397921067086062,0.7932140565902688,0.6024151869806341,0.0002081054250834531,0.0002081054250436329,1.0501115362018618
733506834,0.1,0.8,5.0,0.25,0.10121263513399865,1.513554587902191,0.986693950875142,0.0004465829932871939,0.0004465829932028664,1.050105195581697
733506877,0.1,0.8,5.0,0.25,0.4452148846156678,0.5635069426190988,0.5548442750315769,5.680715657683449e-5,5.680715656442948e-5,1.0501350925200532
733507028,0.1,0.8,5.0,0.25,0.18445040416558692,0.20027816405419588,0.3468389916055009,3.3746825689208607e-6,3.3746825681805852e-6,1.0501630200061611
73350736x,0.1,0.8,5.0,0.25,0.6025258276440703,0.5400731840383616,0.5328933602087733,5.624470948201435e-5,5.6244709471118714e-5,1.050010373236079
733507386,0.1,0.8,5.0,0.25,-0.22796409055108705,1.1428747339976497,1.032845002750738,8.717929969712224e-5,8.717929967956126e-5,1.0502155007741045
733507562,0.1,0.8,5.0,0.25,-0.45795973553599956,1.4450368916280882,1.1157191987567585,0.0001901071180492085,0.000190107118012395,1.0517728911896291
733507853,0.1,0.8,5.0,0.25,0.06606473885874165,0.6778692261671925,0.7224598482494475,3.824640244776976e-5,3.8246402437453404e-5,1.0500541719617338
733507861,0.1,0.8,5.0,0.25,0.02764773851878544,0.49321021870349574,0.6587688605891685,1.2373836086043157e-5,1.2373836083685158e-5,1.0500156018684357
733507941,0.1,0.8,5.0,0.25,-0.31077108329707703,1.0978169623361456,1.101106094142874,5.17451327234532e-5,5.17451327110818e-5,1.050326902906085
733507976,0.1,0.8,5.0,0.25,-0.20816489441340308,1.2588624390980234,1.0399053193400685,0.00013667464404129486,0.0001366746440054391,1.0501334824177673
733508194,0.1,0.8,5.0,0.25,0.242315019658832,0.38065708519481123,0.6224521400640372,4.499576758561148e-6,4.499576757594044e-6,1.0500046937708571
733508506,0.1,0.8,5.0,0.25,-0.5552656312338027,0.930136883497434,1.183853557430676,1.5748518654964018e-5,1.5748518651933327e-5,1.0500223927355827
73350920x,0.1,0.8,5.0,0.25,-0.22044971620145098,1.3028587016362265,1.012139300676066,0.00018560754129064736,0.00018560754125145038,1.050353594348703
733509568,0.1,0.8,5.0,0.25,0.36041969855487077,0.19784280802984333,0.3716132179486789,2.249788379280574e-6,2.24978837882462e-6,1.0500220052859115
733509701,0.1,0.8,5.0,0.25,-0.6800796431362417,4.506906662271087,1.9870912454815348,0.003093459021510789,0.003093459020757979,1.0543128521255871
733509883,0.1,0.8,5.0,0.25,0.23311244654783897,1.0733065096250478,0.8252376019385987,0.00019573158899740994,0.00019573158896101991,1.0500505113505674
733509947,0.1,0.8,5.0,0.25,0.27685894181473564,1.1385926550648175,0.8141302730382456,0.00028122354741007174,0.0002812235473634923,1.0501751984158902
733510067,0.1,0.8,5.0,0.25,-0.14135343710377532,1.4356459574052718,1.0232530796196841,0.0002857231241686329,0.000285723124110533,1.0502019832046157
733510411,0.1,0.8,5.0,0.25,-0.3485604170676452,1.2458111359655064,0.8677635168604624,0.00031384547890964007,0.0003138454788417238,1.054642494049324
733510497,0.1,0.8,5.0,0.25,0.41045517802206133,0.7636468137529762,0.6394366633319648,0.00012767549052417258,0.00012767549049714605,1.0501978464813897
73351093x,0.1,0.8,5.0,0.25,1.468274908259336,0.1335764461528324,0.19821034872723498,7.311812232661865e-6,7.311812231189825e-6,1.0500166198133982
733511131,0.1,0.8,5.0,0.25,-0.043394978897055216,1.3914184406394365,0.968016610208329,0.0003211572911423019,0.00032115729108431933,1.0510636296208493
733511326,0.1,0.8,5.0,0.25,-0.21570627879641266,1.3785762199128595,1.0320925449562162,0.00022329149664359696,0.0002232914965956441,1.0503531081042516
73351202x,0.1,0.8,5.0,0.25,0.02919958046609308,1.1658687784432407,0.9031865165556081,0.00018841977676474806,0.00018841977672930482,1.0501335891047971
733512070,0.1,0.8,5.0,0.25,-0.29539610249284465,0.8990541478999498,0.9639421674935307,3.712150825812947e-5,3.7121508251138664e-5,1.0500436855978934
733512740,0.1,0.8,5.0,0.25,-0.06560337863334556,0.8186533633115289,0.7984375304132307,5.9056944956115064e-5,5.9056944943455804e-5,1.051968007994082
733512935,0.1,0.8,5.0,0.25,0.4753641943136341,1.1987671803008728,0.6708297326988005,0.0009550351670046036,0.0009550351668016049,1.0507908646453095
733513540,0.1,0.8,5.0,0.25,0.298638070002415,0.49766583140539983,0.48667040098271147,5.849449786129492e-5,5.8494497850082604e-5,1.0511810117069957
73351368x,0.1,0.8,5.0,0.25,-0.6874272339688633,1.2782316048623306,1.2407752601241104,6.074428624057549e-5,6.0744286227878414e-5,1.0510247895572533
733514148,0.1,0.8,5.0,0.25,-0.185895017919469,1.5267518797408304,0.9884911739194052,0.0004612066177525177,0.0004612066176700147,1.0505438423251487
733514156,0.1,0.8,5.0,0.25,-0.5077033299711667,1.8140852837474655,1.4608708661320888,0.0001552353981703596,0.00015523539814119326,1.0501355003559842
733515028,0.1,0.8,5.0,0.25,-0.7957418203456997,1.919669304758501,1.8978549181738058,5.5682262387194207e-5,5.568226237633578e-5,1.0500685626894175
733515589,0.1,0.8,5.0,0.25,-0.05484770763596006,0.5221119022785126,0.7432264358973578,8.999153517122296e-6,8.999153515174197e-6,1.0500252265035428
733515626,0.1,0.8,5.0,0.25,-0.5620735678767192,0.6874894580193555,1.1241299842947536,4.499576758561148e-6,4.499576757662691e-6,1.0500568156537289
733515634,0.1,0.8,5.0,0.25,0.7253029407179726,0.43786204223316544,0.40991796939136405,7.311812232661866e-5,7.311812231658255e-5,1.0501055545663551
733515909,0.1,0.8,5.0,0.25,-0.7902399166134318,2.9719773085906205,1.7474349476617006,0.000686185455680575,0.0006861854554885932,1.068448984275359
733515925,0.1,0.8,5.0,0.25,-0.7513360721644633,1.4244706776342095,1.2122528852877885,0.00011586410153294956,0.00011586410430029299,1.0535814747176098
733515933,0.1,0.8,5.0,0.25,0.019528050111743016,0.6794457221957968,0.8918717230768294,1.3498730275683443e-5,1.349873027322458e-5,1.0500051038597196
733516530,0.1,0.8,5.0,0.25,-0.5958026808368728,2.027785259025286,1.464814606871275,0.000266599922944748,0.00026659992287676276,1.0506665740760421
733516717,0.1,0.8,5.0,0.25,-0.09921381606424137,0.9047656387879297,0.9037317224104935,5.2870026913093485e-5,5.287002690255137e-5,1.0501522941016246
733516987,0.1,0.8,5.0,0.25,0.11507973247263795,0.44885865275879583,0.753843986787147,3.9371296637410044e-6,3.937129662958765e-6,1.050001218886566
733517699,0.1,0.8,5.0,0.25,0.30762444805938494,1.208466178015273,0.794335444655868,0.00042858468625294935,0.00042858468617177237,1.050076280020762
733517701,0.1,0.8,5.0,0.25,-0.2414001409068895,0.5149285778237656,0.8918717230768294,3.3746825689208607e-6,3.3746825682806435e-6,1.0500153184310521
733517867,0.1,0.8,5.0,0.25,-0.2813514720651829,0.5650747255865063,0.7692393895056039,1.124894189640287e-5,1.1248941894135952e-5,1.0500733913696336
733518069,0.1,0.8,5.0,0.25,-0.032063724195514634,0.5885385106001221,0.6408804807089817,3.430927278402875e-5,3.430927277712991e-5,1.0502995004571152
733518480,0.1,0.8,5.0,0.25,0.19055155327996495,1.1168670295486214,0.8528523635440567,0.00020248095413525166,0.0002024809540950818,1.0501428930121517
733518640,0.1,0.8,5.0,0.25,0.3778335288053399,0.7771589271471776,0.6708095320138496,0.00010967718348992798,0.00010967718346990055,1.0502313477853273
733518763,0.1,0.8,5.0,0.25,-0.16021075186791228,0.603971803086625,0.6178629697207707,4.668310887007191e-5,4.668310885960842e-5,1.0512116427303306
733518771,0.1,0.8,5.0,0.25,0.4416943236335267,0.7156053964899355,0.5527061565688176,0.00019066956514402863,0.00019066956510161963,1.0508014168702224
733518982,0.1,0.8,5.0,0.25,0.06003860161789556,0.6929744224890595,0.718452244993978,4.387087339597119e-5,4.387087338412644e-5,1.0502233334411741
733519053,0.1,0.8,5.0,0.25,0.017089365551467933,0.6654484857928274,0.8245168273236314,1.7998307034244593e-5,1.7998307030458074e-5,1.0501859569067198
733519109,0.1,0.8,5.0,0.25,-0.24331764099832837,0.6280083611635442,0.9318916189912404,7.311812232661865e-6,7.311812231188162e-6,1.0500080630836686
733519336,0.1,0.8,5.0,0.25,-0.6708422233504591,0.999067601819219,1.3601043209884878,1.124894189640287e-5,1.1248941893995358e-5,1.0500208934075483
73352045x,0.1,0.8,5.0,0.25,-0.0002950665095187891,0.8747430151897836,0.7644614667973401,0.00010236537125726611,0.00010236537123917304,1.0517000411076791
733520900,0.1,0.8,5.0,0.25,-0.7933442801083912,3.1124599425138118,1.9870912454815348,0.0004943909963469062,0.0004943909962138062,1.0506775925542953
733520927,0.1,0.8,5.0,0.25,0.23668899941757884,1.2971278024973285,0.8582903879328388,0.00041452350888244576,0.0004145235088060322,1.0501136559130686
733521452,0.1,0.8,5.0,0.25,0.20497616663637555,0.6155910085255349,0.6415217992964756,4.274597920633091e-5,4.274597921199029e-5,1.0502662633640218
733523028,0.1,0.8,5.0,0.25,-0.06920200840966236,0.8494964335868952,0.9135968155057608,3.655906116330933e-5,3.6559061156722e-5,1.0500394021705544
733523220,0.1,0.8,5.0,0.25,-0.2561835838075207,0.8173206419526353,0.9023030023874925,3.205948440474818e-5,3.205948439589048e-5,1.0501380105597238
73352360x,0.1,0.8,5.0,0.25,0.07238667971200553,0.6309687257538251,0.6871798835796735,3.430927278402875e-5,3.4309272774639796e-5,1.0501533299122707
733524282,0.1,0.8,5.0,0.25,0.6848132116238597,0.35387957769859546,0.4645165224358487,1.3498730275683443e-5,1.3498730273346037e-5,1.0500098435306695
733524936,0.1,0.8,5.0,0.25,0.057407853663384585,0.8037632373320813,0.8644294824088118,3.655906116330933e-5,3.6559061155557825e-5,1.0500190566524152
733525517,0.1,0.8,5.0,0.25,-0.17761070473204277,1.4769150429299653,1.0340775280511283,0.00031159569053035947,0.0003115956904470975,1.0507072892462028
733525525,0.1,0.8,5.0,0.25,-0.22687252788892515,0.860322076671717,0.9196040739325805,3.7683955352949614e-5,3.7683955344811416e-5,1.0500899569017228
733525568,0.1,0.8,5.0,0.25,-0.12238091267879903,0.9395687870856403,0.8446604541994944,8.94290880764028e-5,8.942908805174209e-5,1.0503844383277294
733525904,0.1,0.8,5.0,0.25,-0.4365577678021858,1.5325139737172897,1.296325159110388,0.00012092612538633085,0.00012092612535930109,1.0509549155855735
733526237,0.1,0.8,5.0,0.25,0.15662951825188348,0.6936677355314742,0.6196593422098781,9.167887645568339e-5,9.167887643702171e-5,1.0518220154620679
733526309,0.1,0.8,5.0,0.25,-0.1869878326667825,1.5438576962986323,0.9649359703135186,0.0005315125046050356,0.0005315125045054402,1.0578003196229402
733526405,0.1,0.8,5.0,0.25,0.20566213568455974,0.947012138298056,0.7979549112418951,0.00012373836086043157,0.00012373836083613555,1.0502046621693608
733526608,0.1,0.8,5.0,0.25,-0.17916897122376813,1.25575445932467,0.8617771679145568,0.0003430927278402875,0.00034309272777335767,1.0515382211635937
733526763,0.1,0.8,5.0,0.25,0.28383022811069236,0.4306357453181411,0.5370410215465691,1.7435859939424446e-5,1.74358599357541e-5,1.0500538255762595
733527491,0.1,0.8,5.0,0.25,0.28233436924759825,0.4997312374057367,0.5130075224247223,4.6120661775251764e-5,4.612066176737086e-5,1.0501014980527699
733527643,0.1,0.8,5.0,0.25,0.33467262282687005,0.4885235242279337,0.5733461178179041,2.3622777982446025e-5,2.3622777978003825e-5,1.0500259488046508
733527811,0.1,0.8,5.0,0.25,-0.3843393187794161,1.4150284523372672,1.1708188705472182,0.00013217506728273372,0.00013217506725612187,1.0554633829881854
733527993,0.1,0.8,5.0,0.25,1.7464013130604603,0.37744473902725945,0.19821034872723498,0.0013155637547843156,0.0013155637545201574,1.0502732176379102
733528531,0.1,0.8,5.0,0.25,-0.34115767339292297,1.2470956325057925,1.0252243120729103,0.00013667464404129486,0.00013667464401245964,1.0552148433378243
73352950x,0.1,0.8,5.0,0.25,-0.5354297533151804,1.2239121401709656,1.1451403977540011,7.311812232661866e-5,7.311812231260559e-5,1.050713037061259
733529948,0.1,0.8,5.0,0.25,-1.0838385255762961,0.7771840380155235,0.9847750275639992,1.5748518654964018e-5,1.5748518652175704e-5,1.0547184027598988
733530332,0.1,0.8,5.0,0.25,0.21564780568380923,0.9246732398592272,0.8224154599315635,9.44911119297841e-5,9.449111191203269e-5,1.0500656496042473
733530340,0.1,0.8,5.0,0.25,0.6157329404317763,0.3253625349893401,0.41408331518844144,1.5748518654964018e-5,1.574851865198722e-5,1.0500971740334821
733530690,0.1,0.8,5.0,0.25,0.4449135781137909,0.4110754620974628,0.4975488242267526,2.0248095413525164e-5,2.0248095410015138e-5,1.05004191120132
733531298,0.1,0.8,5.0,0.25,0.4111852419225851,0.5250532982992586,0.5563580860099587,3.937129663741004e-5,3.9371296629602344e-5,1.050051653510253
733531327,0.1,0.8,5.0,0.25,-0.4391843183232103,1.6914344798673195,1.2640423381709605,0.0002249788379280574,0.00022497883788070864,1.050661564612953
733531538,0.1,0.8,5.0,0.25,0.06515870223367116,1.8385098160285744,1.0128076243897572,0.001034902654469064,0.0010349026542524728,1.0504048319273427
733531570,0.1,0.8,5.0,0.25,0.5455042960615003,0.41159052924030604,0.5316927661665248,1.462362446532373e-5,1.4623624462619938e-5,1.0500046837416148
733531589,0.1,0.8,5.0,0.25,0.036676151223395556,0.6958190955055165,0.7854883243229335,2.8684801835827318e-5,2.868480182995513e-5,1.0500835578295131
73353259x,0.1,0.8,5.0,0.25,-0.3880127386448362,1.0338745296789236,0.9529224457742277,7.874259327482009e-5,7.874259325967794e-5,1.0509110461716227
733533613,0.1,0.8,5.0,0.25,-1.023635182780096,2.725003943561795,1.9870912454815348,0.00025422608685870483,0.0002542260868097824,1.0507585262300876
733533699,0.1,0.8,5.0,0.25,1.464596876748391,0.24866949360710996,0.19821034872723498,0.0001631096574978416,0.0001631096574655934,1.050504384361532
733534528,0.1,0.8,5.0,0.25,0.27124524964365165,1.0074714946766175,0.8090550813030201,0.00015748518654964017,0.0001574851865216353,1.050036402865383
733535387,0.1,0.8,5.0,0.25,-0.545771051612108,0.6231940488612449,1.1705816365383386,2.249788379280574e-6,2.2497883788029144e-6,1.0500038146527655
733535408,0.1,0.8,5.0,0.25,-0.13149092015174965,0.7633231129902913,0.8039406931510301,3.9933743732230185e-5,3.99337437213568e-5,1.053450213852354
73353558x,0.1,0.8,5.0,0.25,-0.12813581154597103,0.9413913319089605,0.9617704166623181,4.724555596489205e-5,4.7245555955599834e-5,1.050084403413738
733536232,0.1,0.8,5.0,0.25,-0.16803289785876382,1.5668535237950643,1.0823078328847409,0.00033409357432316524,0.00033409357426008544,1.0502715289409297
733536267,0.1,0.8,5.0,0.25,0.2515674700656685,0.9850161160973899,0.706746267023115,0.00027616152355669043,0.0002761615235175912,1.0503760217695546
733536304,0.1,0.8,5.0,0.25,-0.022081062496124827,0.7214196181354999,0.70606511410249,5.849449786129492e-5,5.849449785040287e-5,1.0503107509462568
733536320,0.1,0.8,5.0,0.25,0.26130461364792373,0.6424725513581439,0.549914351029007,0.00011417676024848912,0.00011417676022722878,1.0506101718540632
733536347,0.1,0.8,5.0,0.25,1.2168195699195246,0.22115307343766621,0.2740647482371507,1.7998307034244593e-5,1.799830703080842e-5,1.0500043310672362
733536670,0.1,0.8,5.0,0.25,0.012715801377524018,0.7682331681249833,0.7885451486733807,4.6120661775251764e-5,4.612066176530712e-5,1.0502314116755018
733536849,0.1,0.8,5.0,0.25,-0.1495677257870221,0.6633228620351002,0.9030200912634513,1.124894189640287e-5,1.1248941894100043e-5,1.0500327345245148
733536910,0.1,0.8,5.0,0.25,0.18867611780254848,0.9469689024210636,0.7056063104755174,0.0002277910734021581,0.00022779107334496097,1.0511472081036097
733537040,0.1,0.8,5.0,0.25,-0.35990741064052545,1.2373078945670417,0.9226976847935172,0.0002210417082643164,0.00022104170817940677,1.0566255973852958
733537390,0.1,0.8,5.0,0.25,0.36422961985852365,0.6034050744832598,0.5503893152039402,8.324217003338124e-5,8.324217001701098e-5,1.0501900647310514
733537681,0.1,0.8,5.0,0.25,0.23557246412575644,0.8990220503309294,0.7790258062489571,0.0001074273951106474,0.0001074273950881847,1.0504928732912973
733537729,0.1,0.8,5.0,0.25,0.12725392081654754,1.0806579790858293,0.8912649937323393,0.00013779953823093516,0.0001377995382035972,1.0500971579351117
733537753,0.1,0.8,5.0,0.25,1.0231274419577772,0.37258673755008087,0.3167560252572265,0.00011811388991223013,0.0001181138898891049,1.0506061356112124
733538238,0.1,0.8,5.0,0.25,-0.2889571341346816,1.5815395078997114,1.3598429170372635,0.00011192697186920855,0.0001119269718485758,1.050030637799976
733538721,0.1,0.8,5.0,0.25,0.22909568890031168,1.3926249989658006,0.8739878086112107,0.0005399492110273377,0.0005399492109274274,1.0501609139968353
733539492,0.1,0.8,5.0,0.25,-0.8778186700376114,0.9922330802803355,1.0095492184673789,4.724555596489205e-5,4.7245555955097835e-5,1.0544151380966174
733539513,0.1,0.8,5.0,0.25,0.01955456667139219,1.8063388464981807,1.0779491629887035,0.0006946221621028772,0.0006946221619633147,1.0501439512536805
733539898,0.1,0.8,5.0,0.25,-0.07283355905859915,1.8006439485975783,0.8660276755466114,0.0019927500569477683,0.001992750056581883,1.0553660735693604
733539994,0.1,0.8,5.0,0.25,0.16173910681768244,0.7614959748819794,0.8069315285973043,3.937129663741004e-5,3.9371296629710235e-5,1.0500079903743207
735646507,0.1,0.8,5.0,0.25,0.9513858283069492,0.20477838019963004,0.2787099134615092,1.124894189640287e-5,1.1248941894288442e-5,1.050284538953201
737250821,0.1,0.8,5.0,0.25,-0.14299949137490822,1.3225661236798527,0.989536931483495,0.0002238539437384171,0.00022385394367801676,1.0504854875750183
737251808,0.1,0.8,5.0,0.25,-0.37772943524133873,1.2185076565444215,1.0244472590584657,0.00012486325505007184,0.0001248632550262179,1.050628910557685
737251947,0.1,0.8,5.0,0.25,-0.41691103446142896,0.8024154659398647,0.9814960665586884,1.912320122388488e-5,1.9123201220127613e-5,1.0509843001004489
737252608,0.1,0.8,5.0,0.25,-0.1483717324029083,0.474814304511958,0.8918717230768294,2.249788379280574e-6,2.2497883787987343e-6,1.0500033526785724
737252771,0.1,0.8,5.0,0.25,-0.05317374844549069,0.6595842451650723,0.7107102793268484,3.5996614068489185e-5,3.599661406111248e-5,1.0512910482297964
737252827,0.1,0.8,5.0,0.25,1.2096793951966935,0.23680535123361607,0.19821034872723498,0.00012486325505007184,0.000124863255035147,1.055299849520049
737252835,0.1,0.8,5.0,0.25,0.022534156035051316,1.0704352061599063,0.9805463508476108,8.15548287489208e-5,8.155482873315481e-5,1.0500257288481327
737253221,0.1,0.8,5.0,0.25,0.4340650912239109,0.6606458161650777,0.6467499492005574,5.849449786129492e-5,5.849449785140314e-5,1.0500425606401564
737253248,0.1,0.8,5.0,0.25,0.04218133557966005,1.2105301070416443,0.8660528378033047,0.00028009865322043147,0.00028009865316823527,1.0504288040556071
73725403x,0.1,0.8,5.0,0.25,-0.43931630762265755,1.3558577276902612,1.0409541956063963,0.00019123201223884877,0.0001912320122016704,1.0564963521864454
737254283,0.1,0.8,5.0,0.25,-0.7432330333038835,1.2177258885802327,1.4908247252956683,1.912320122388488e-5,1.9123201220640946e-5,1.050046310650005
737254566,0.1,0.8,5.0,0.25,-0.129726718434187,0.869380689308545,0.8576833041903671,5.624470948201435e-5,5.624470947193338e-5,1.050181389640721
737255630,0.1,0.8,5.0,0.25,0.22749395477811024,0.42544226928471024,0.5414935360281327,1.5748518654964018e-5,1.574851865197355e-5,1.0500187109015047
737255788,0.1,0.8,5.0,0.25,1.4781698756845478,0.2610300403208931,0.19821034872723498,0.0002081054250834531,0.00020810542504055493,1.0502800219746806
73725593x,0.1,0.8,5.0,0.25,-0.5110951157750435,1.413625356801219,1.534402918704483,3.487171987884889e-5,3.4871719871828745e-5,1.0502624958673885
737256641,0.1,0.8,5.0,0.25,0.7422572989282328,0.5714475132629968,0.4340200090828513,0.0002069805308938128,0.00020698053087770296,1.0511829697502706
73725665x,0.1,0.8,5.0,0.25,-0.3030899270576732,0.6161407129451655,0.9290330448716974,6.749365137841721e-6,6.749365135989138e-6,1.0500108345905974
737256721,0.1,0.8,5.0,0.25,-0.12541432509906505,1.4324273156904688,0.8592575400246109,0.00066649980736187,0.0006664998072264394,1.05338433809785
737256764,0.1,0.8,5.0,0.25,-0.10833029581924894,1.5117404413013802,1.026180052549675,0.00036446571744345297,0.000364465717375323,1.0503159151499448
737257345,0.1,0.8,5.0,0.25,0.22295302135019876,0.22389744705847411,0.4830971833332826,1.124894189640287e-6,1.1248941894349254e-6,1.0500015053591114
73725737x,0.1,0.8,5.0,0.25,-0.11471320913797059,1.2017536039927144,0.9173359977299705,0.00020191850704043152,0.00020191850713233245,1.0511129621158146
737258129,0.1,0.8,5.0,0.25,-0.1060861711994785,0.7532196317899468,0.746323236340129,5.399492110273377e-5,5.399492109194593e-5,1.054196828859306
737258313,0.1,0.8,5.0,0.25,-0.5312767400487597,2.3397787652402076,1.5868455979473306,0.00036559061163309324,0.00036559061156361957,1.0506032428848826
737258647,0.1,0.8,5.0,0.25,-0.17685812922657526,0.6262540027928698,0.8089733571284643,1.462362446532373e-5,1.4623624462537463e-5,1.0500329102213004
737258671,0.1,0.8,5.0,0.25,-0.5620023380824788,1.551267493724243,1.2517784668974712,0.00015354805688589916,0.0001535480568563297,1.0502869532867838
737259033,0.1,0.8,5.0,0.25,-0.2046968112117929,0.9110015281084133,1.0795363697890736,2.249788379280574e-5,2.2497883788015358e-5,1.0501494599317645
737259041,0.1,0.8,5.0,0.25,0.21978482978853459,1.2109247044065659,0.7421932240218165,0.0006068804153109348,0.0006068804151883015,1.0504542681094886
737259244,0.1,0.8,5.0,0.25,-0.2824807374914976,0.776492471596133,1.037138676056951,1.2373836086043157e-5,1.2373836083842775e-5,1.0500190248062837
737259252,0.1,0.8,5.0,0.25,-0.8517743652199558,1.858880899981536,1.9870912454815348,3.7683955352949614e-5,3.768395534604378e-5,1.05002606331002
737259818,0.1,0.8,5.0,0.25,-0.16657488775160784,0.6136420287393148,0.8971804630819259,7.874259327482009e-6,7.874259325966426e-6,1.0500040316794323
73726019x,0.1,0.8,5.0,0.25,1.178561561435602,0.2964789598911968,0.29810731994732637,5.118268562863306e-5,5.1182685618909844e-5,1.05001195626304
737260552,0.1,0.8,5.0,0.25,-0.30146840998578767,1.2129782876473987,1.089291245112065,8.999153517122296e-5,8.999153514690665e-5,1.0501861874835048
737260640,0.1,0.8,5.0,0.25,0.206511558158875,0.2868695621669664,0.5388391660255845,2.249788379280574e-6,2.2497883788008333e-6,1.050012819990559
737260704,0.1,0.8,5.0,0.25,1.6270805648660087,0.23077117018299637,0.19821034872723498,0.0001124894189640287,0.00011248941894582505,1.0500996459632352
73726158x,0.1,0.8,5.0,0.25,0.0769986576964922,1.9263052932116842,0.8995305469774769,0.0018448264710100707,0.0018448264708645036,1.103864375439866
737261942,0.1,0.8,5.0,0.25,0.2738149572309604,0.5225074981994398,0.5945811487178863,2.7559907646187032e-5,2.755990763870048e-5,1.0500825945385266
737262363,0.1,0.8,5.0,0.25,0.23247385959224204,0.9623748556821259,0.8073091042068954,0.00012655059633453228,0.0001265505963102553,1.0501448291883375
737263227,0.1,0.8,5.0,0.25,-0.8145394906396536,2.6437532631537213,1.9870912454815348,0.0002137298960316545,0.00021372989598697145,1.0554257262566122
737263809,0.1,0.8,5.0,0.25,-0.8274023899036127,1.8576311359541384,1.8596644246403868,5.230757981827334e-5,5.230757980800138e-5,1.0500490671556655
737264078,0.1,0.8,5.0,0.25,-0.13518292044354027,0.7045582788641377,0.8526458912799796,2.0248095413525164e-5,2.0248095409579366e-5,1.050192719470189
737264473,0.1,0.8,5.0,0.25,-0.1616014181054277,1.2114970497067437,1.0126054757810556,0.00012880038471381285,0.00012880038468871674,1.0502586748708131
737264625,0.1,0.8,5.0,0.25,-0.6833398719990759,2.3039618914913604,1.7916741641857858,0.00018448264710100706,0.00018448264706549388,1.0505646321918378
737264940,0.1,0.8,5.0,0.25,-0.18608348854851622,1.1979778126600455,1.0040133802356765,0.00012711304342935241,0.00012711304339542282,1.0501923994630697
737265484,0.1,0.8,5.0,0.25,-0.9773665063727963,1.4876983428853123,1.9870912454815348,1.2373836086043157e-5,1.2373836083480472e-5,1.0500109247107376
737266698,0.1,0.8,5.0,0.25,-0.6078154012412309,1.1721789612266462,1.35073332955916,2.58725663617266e-5,2.5872566388075992e-5,1.050156498142833
737266786,0.1,0.8,5.0,0.25,0.08140897474847021,0.7832304768024138,0.8559490931072314,3.374682568920861e-5,3.3746825682380505e-5,1.0500081659174185
737266938,0.1,0.8,5.0,0.25,-0.16634974175308193,0.9074808454358565,0.9027104183071337,5.399492110273377e-5,5.399492109355453e-5,1.0500646785180874
737267658,0.1,0.8,5.0,0.25,0.4711816408313002,0.23966919310771068,0.3503781870486967,7.874259327482009e-6,7.87425932588456e-6,1.0501004147739013
73726772x,0.1,0.8,5.0,0.25,-0.3173436215951379,1.2068570317856369,1.2901080261988678,3.7683955352949614e-5,3.768395534536506e-5,1.0500163753324976
737267818,0.1,0.8,5.0,0.25,-0.4094528811848265,1.193439014396516,1.0417420931990777,0.00010236537125726611,0.000102365371234762,1.0529482454298558
737268095,0.1,0.8,5.0,0.25,0.10901143024916289,0.9139187396075793,0.8393780814042285,8.042993455928052e-5,8.042993454205993e-5,1.0501807061816273
737268167,0.1,0.8,5.0,0.25,0.0004168291525485304,0.8237511979199024,0.8264354671163889,5.17451327234532e-5,5.174513271094621e-5,1.050052059960926
737268706,0.1,0.8,5.0,0.25,-0.236075435608002,0.5555666010356934,0.8122403394819971,7.874259327482009e-6,7.874259325464193e-6,1.050043406245827
737268730,0.1,0.8,5.0,0.25,0.6067952886367617,0.29847205504098556,0.39863964346489145,1.2373836086043157e-5,1.237383608713983e-5,1.05007407981565
737269186,0.1,0.8,5.0,0.25,0.174340548393573,1.374864854505887,0.9018135787749102,0.0004330842630115105,0.0004330842629244958,1.0500896537988746
737269258,0.1,0.8,5.0,0.25,0.2793426829902962,1.3862411368355947,0.8102742812393022,0.0007699900728087764,0.0007699900726483122,1.0502853871367774
737269741,0.1,0.8,5.0,0.25,0.6891272713358759,0.6067636148292339,0.5160115060361137,0.00011811388991223013,0.00011811388989092221,1.0502618007216158
737269880,0.1,0.8,5.0,0.25,0.005734199902694695,0.3286305146142996,0.3798712933964049,2.5310119266906457e-5,2.531011926228873e-5,1.051502218264219
737270048,0.1,0.8,5.0,0.25,0.8709916202619457,0.2504915827256195,0.28271749899707965,2.8684801835827318e-5,2.868480183011323e-5,1.0502862887106466
737270072,0.1,0.8,5.0,0.25,-0.26559069885350944,1.42595131638848,1.036639329300884,0.000258725663617266,0.0002587256635708392,1.0502839650541582
737271622,0.1,0.8,5.0,0.25,-0.039509906310437985,1.039793086296636,0.9941447431605933,6.580631009395679e-5,6.580631008009519e-5,1.050126014412991
737272393,0.1,0.8,5.0,0.25,-0.49464078135458395,0.8759105707887842,1.1148396538460368,1.5748518654964018e-5,1.574851865197355e-5,1.0500187109015047
737272406,0.1,0.8,5.0,0.25,-0.947132344475853,1.2935943116828132,1.003097615851236,0.0001619847633082013,0.00016198476327013503,1.0813285905918386
737273628,0.1,0.8,5.0,0.25,-0.05767170515113171,0.6890897856555661,0.8340652303825457,2.0248095413525164e-5,2.0248095409558187e-5,1.0500176025412584
737273847,0.1,0.8,5.0,0.25,1.3360823533909048,0.18390406747908913,0.22515389295948182,1.912320122388488e-5,1.9123201219766645e-5,1.0500195267801795
737274102,0.1,0.8,5.0,0.25,-0.7757015131133034,2.6055267872039933,1.9870912454815348,0.00020360584832489193,0.00020360584828445948,1.0503095223708538
737274305,0.1,0.8,5.0,0.25,0.22755924657215837,0.6557796412630542,0.7432264358973578,2.8122354741007175e-5,2.8122354735318556e-5,1.0500840569428431
737274823,0.1,0.8,5.0,0.25,0.16458682245553516,0.9808517471721951,0.7571755404529266,0.00019179445933366893,0.00019179445929845074,1.050115823331738
737275121,0.1,0.8,5.0,0.25,1.0286796140675385,0.2650254356708823,0.2719121171770452,4.6120661775251764e-5,4.61206617730128e-5,1.0506970423740174
737275586,0.1,0.8,5.0,0.25,0.3476098895620804,0.3778993099159722,0.5698069223747083,6.749365137841721e-6,6.7493651363864205e-6,1.050009946771037
737276052,0.1,0.8,5.0,0.25,0.9474122491731581,0.19735479204592893,0.24774213939248627,1.6873412844604303e-5,1.6873412841552617e-5,1.0500375405458782
737276343,0.1,0.8,5.0,0.25,0.1149300106018091,0.7439650247619118,0.6643718926781812,9.224132355050353e-5,9.224132353323426e-5,1.0508815886350429
73727791x,0.1,0.8,5.0,0.25,0.7644827258007563,0.17584802379455783,0.27499378482600223,5.624470948201435e-6,5.624470947061369e-6,1.0500159548768313
737278808,0.1,0.8,5.0,0.25,0.0910101107747188,0.7176978752640985,0.746122150925372,4.330842630115105e-5,4.330842629284634e-5,1.0500618165131423
737279157,0.1,0.8,5.0,0.25,0.026599409553710582,0.743192732732493,0.768627840348564,4.4433320490791335e-5,4.443332048917106e-5,1.0501255124173365
73727935x,0.1,0.8,5.0,0.25,-0.17798159524161233,1.4342683374489449,0.8226675077760737,0.0005961939205093521,0.0005961939203742126,1.1264869838455178
737279501,0.1,0.8,5.0,0.25,-0.8704059026068567,2.0674252357188627,1.9870912454815348,6.411896880949636e-5,6.411896879685583e-5,1.0500556532573833
737279616,0.1,0.8,5.0,0.25,-0.37553429151719236,0.9321528686638222,0.7103862178124782,0.00019348180061812937,0.00019348180057938776,1.0618476478462886
737279667,0.1,0.8,5.0,0.25,0.25144770601734034,0.9598091250733385,0.8017151447062115,0.000129362831808633,0.0001293628317843768,1.050027091178876
737279683,0.1,0.8,5.0,0.25,-0.37061001429175333,1.2506546056658163,1.007113582899071,0.00015017337431697832,0.00015017337430851428,1.057153290030978
737280166,0.1,0.8,5.0,0.25,1.4574040774248556,0.2209632438217007,0.19821034872723498,9.05539822660431e-5,9.055398224836575e-5,1.050049616392613
737280318,0.1,0.8,5.0,0.25,0.37558061011344457,0.5025994892399505,0.6397055805203988,1.5748518654964018e-5,1.574851865199747e-5,1.0500055191385915
737280625,0.1,0.8,5.0,0.25,1.1031960186587086,0.17903097845918206,0.19821034872723498,3.093459021510789e-5,3.093459020857515e-5,1.0546554621844448
737281265,0.1,0.8,5.0,0.25,-0.3775980859388694,1.469726382540375,1.262370146734604,0.0001124894189640287,0.00011248941894252523,1.0500864632530156
737281361,0.1,0.8,5.0,0.25,-0.6503864498040276,1.7604279557621154,1.5527061568619247,9.84282415935251e-5,9.842824156956891e-5,1.0502741011883112
737281409,0.1,0.8,5.0,0.25,-0.2286718719543329,1.4530344228772298,1.0840409098943353,0.00022666617921251783,0.00022666617916710567,1.0508736590810805
737281599,0.1,0.8,5.0,0.25,-0.3066713995892948,1.007965583212475,1.097781982834708,3.430927278402875e-5,3.430927277684372e-5,1.0501344896770735
737281601,0.1,0.8,5.0,0.25,0.3279350474112785,1.451547593461613,0.8150627650074176,0.0009415364367289202,0.0009415364365383793,1.050196146624965
737281660,0.1,0.8,5.0,0.25,-0.396574111156475,1.3483990796516843,1.0299291579173693,0.00020135605994561136,0.00020135605990824243,1.0510315990092594
737282559,0.1,0.8,5.0,0.25,-0.1053943401280752,0.8972707827979397,0.8750439854759593,5.961939205093521e-5,5.9619392034932525e-5,1.0500591261746417
737283631,0.1,0.8,5.0,0.25,0.32621013115945224,0.9220664624028471,0.7352816128255635,0.0001631096574978416,0.0001631096574654344,1.0500505465456524
737284474,0.1,0.8,5.0,0.25,0.28438174774472785,0.5318194003864678,0.5717126266411376,3.655906116330933e-5,3.655906115556959e-5,1.0504732682935167
737285792,0.1,0.8,5.0,0.25,1.271988711165021,0.17889047478281758,0.19821034872723498,3.1497037309928035e-5,3.149703730396926e-5,1.0500369219581682
737286058,0.1,0.8,5.0,0.25,-1.4107728896498684,2.459988291525506,1.9452814483851615,0.00016535944587712218,0.00016535944583949023,1.0559963411932862
737288029,0.1,0.8,5.0,0.25,0.18962258798045067,0.4196956080200571,0.5902092243373374,9.56160061194244e-6,9.561600609922303e-6,1.0500740642469035
737288715,0.1,0.8,5.0,0.25,0.16723230000803335,0.8297510926444482,0.7123825416428013,0.0001124894189640287,0.0001124894189768523,1.0505333662523506
73728882x,0.1,0.8,5.0,0.25,0.23259555726465111,0.9084818695155484,0.7426435220972308,0.00014342400917913658,0.00014342400914919956,1.0510154878274793
737288950,0.1,0.8,5.0,0.25,-0.3583157242623914,1.5864879347271357,1.227872054891824,0.0001889822238595682,0.0001889822238260336,1.0505024928320346
737289232,0.1,0.8,5.0,0.25,-1.1964751311012713,1.8128700222368763,1.760821551740882,6.018183914575535e-5,6.0181840661618746e-5,1.05233944429948
737289267,0.1,0.8,5.0,0.25,-0.5378936772888718,0.9362679158510183,0.94005893311588,5.118268562863306e-5,5.118268685110038e-5,1.0515212759849595
737290364,0.1,0.8,5.0,0.25,0.26496074454750823,0.7146964744513636,0.6450824358175579,8.774174679194238e-5,8.774174678982697e-5,1.050177688963166
737291367,0.1,0.8,5.0,0.25,-0.021182409335436102,0.6240816942130066,0.8061148538885174,1.462362446532373e-5,1.462362446252834e-5,1.0501011523953607
737292044,0.1,0.8,5.0,0.25,0.05521836816205859,1.1267915517301084,0.818356965125937,0.000258725663617266,0.00025872566354812,1.0513093266796463
73729332x,0.1,0.8,5.0,0.25,-0.35947752304286373,2.58595252958645,1.4098522997384817,0.0010827106575287762,0.0010827106573141768,1.0518215607915842
73729375x,0.1,0.8,5.0,0.25,0.37087079709089044,0.6163404661676561,0.6441296014042422,4.2183532111510764e-5,4.218353210324818e-5,1.05006566089146
737293944,0.1,0.8,5.0,0.25,-0.6597635498709724,0.6089211505268701,0.719071590906613,2.249788379280574e-5,2.2497883788626123e-5,1.0538000493886301
737294090,0.1,0.8,5.0,0.25,0.167722745417301,1.630763359240561,0.7995556560451621,0.001779582608010934,0.0017795826077034555,1.0589519019695877
737294146,0.1,0.8,5.0,0.25,-0.30181161787234256,0.9287951541220568,0.8721297708733059,7.199322813697837e-5,7.19932281230974e-5,1.0502147649463025
737294189,0.1,0.8,5.0,0.25,-0.4479490972927766,0.9731013466266111,1.191348224186249,1.912320122388488e-5,1.9123201219996397e-5,1.0500376053835423
737294437,0.1,0.8,5.0,0.25,-0.9688339705746962,2.2530664696484597,1.9870912454815348,9.84282415935251e-5,9.842824156832597e-5,1.050339913515647
737295560,0.1,0.8,5.0,0.25,0.14487719914273295,1.3156643202853016,0.9126871467666035,0.0003273442091853235,0.0003273442091208861,1.0500738667359986
737295704,0.1,0.8,5.0,0.25,-0.31526572865379066,1.110611220258238,1.1487081931143117,4.4433320490791335e-5,4.4433320482156844e-5,1.0500457085960835
737295800,0.1,0.8,5.0,0.25,1.0482769499902431,0.20537835657682665,0.30967766981063305,6.749365137841721e-6,6.749365136543542e-6,1.0500012576093358
73729586x,0.1,0.8,5.0,0.25,-0.25812238583586505,0.8063947149618929,0.9550459984799433,2.249788379280574e-5,2.2497883787919877e-5,1.050733719963904
737295915,0.1,0.8,5.0,0.25,0.1565449581738342,0.9624140622907844,0.6859299218985888,0.000282348441599712,0.0002823484415465269,1.0527439468260245
737296280,0.1,0.8,5.0,0.25,0.05686977038771752,0.8631830433281078,0.7828326076080552,8.549195841266181e-5,8.549195839564072e-5,1.0506221679367993
737296395,0.1,0.8,5.0,0.25,-0.029917277449405463,0.6842678539067972,0.6748495981244332,5.624470948201435e-5,5.624470947076798e-5,1.0505105754439998
737297451,0.1,0.8,5.0,0.25,-0.5848817583459942,1.222464825483308,1.380069543920416,2.8684801835827318e-5,2.868480182794581e-5,1.0500322778223912
737297734,0.1,0.8,5.0,0.25,0.7079126348053999,0.7091108851164505,0.4874978493901389,0.00034196783365064725,0.00034196783357708414,1.050369292210416
737297910,0.1,0.8,5.0,0.25,-0.2882847553892724,0.8445795478114565,0.880136542712283,4.274597920633091e-5,4.274597919876346e-5,1.0502896203203476
737297929,0.1,0.8,5.0,0.25,-0.16846405311627113,0.5743269487656509,0.8175490794870937,8.999153517122296e-6,8.999153515602031e-6,1.050032276827394
737297961,0.1,0.8,5.0,0.25,-0.5984357308353644,1.0705331356760188,1.2749192375036809,2.1935436697985596e-5,2.1935436699593356e-5,1.0502333451842263
73729842x,0.1,0.8,5.0,0.25,1.0559983210195822,0.3062044724450317,0.32930649817843155,3.655906116330933e-5,3.655906115570607e-5,1.0500496687717606
73729906x,0.1,0.8,5.0,0.25,0.20140452290945143,0.5954007148532607,0.6403181928713835,3.655906116330933e-5,3.655906115355084e-5,1.0500551848523616
73729914x,0.1,0.8,5.0,0.25,0.03351022752885304,1.3070192557140208,1.0194130357299125,0.00018223285872172648,0.00018223285868899981,1.0500357501476199
737299166,0.1,0.8,5.0,0.25,0.5116840758189385,0.8923936674684734,0.628703224302194,0.0003025965370132372,0.00030259653695306976,1.050353825682663
737299473,0.1,0.8,5.0,0.25,0.01391538463939002,0.6907710221284754,0.71813045162669,4.330842630115105e-5,4.330842629343484e-5,1.0500594970309785
73729981x,0.1,0.8,5.0,0.25,-0.16685591374105097,0.6551528505368851,0.8749801938392723,1.2373836086043157e-5,1.2373836083487958e-5,1.0501253946995932
737299852,0.1,0.8,5.0,0.25,0.14958780118224618,1.6657756954770746,0.8223006349855269,0.0017683336661145311,0.0017683336656771213,1.0531025701133303
737299860,0.1,0.8,5.0,0.25,-0.238873528310034,0.6946745496074359,0.5626432987737432,0.00014004932661021573,0.00014004932658118216,1.0658342025767074
740213538,0.1,0.8,5.0,0.25,-0.15664781856428392,1.1917273541771873,1.0798642588016452,8.605440550748195e-5,8.60544054890171e-5,1.0501485551510725
740350727,0.1,0.8,5.0,0.25,-0.29557055240970576,0.5328867967176532,0.5690674001065146,3.7683955352949614e-5,3.768395534660103e-5,1.0510843670702241
740350882,0.1,0.8,5.0,0.25,-0.22037638850875835,1.5841182709971404,1.1159531014246111,0.00030034674863395664,0.0003003467485766672,1.05199746360845
740351172,0.1,0.8,5.0,0.25,-0.23181661953244265,0.39335067874740404,0.6812909231991101,3.3746825689208607e-6,3.374682568215204e-6,1.0500218476872043
740351543,0.1,0.8,5.0,0.25,-0.24840409081504827,0.9077890722005351,0.7468816257999296,0.000137237091136115,0.00013723709110731826,1.0535047409990785
740351770,0.1,0.8,5.0,0.25,1.2309933538799307,0.15175937921693697,0.2026981204919975,1.2373836086043157e-5,1.2373836083715875e-5,1.050032081011677
740351893,0.1,0.8,5.0,0.25,-0.07037364445364298,0.8597176427454621,0.8722231901812542,4.8932897249352485e-5,4.8932897239792465e-5,1.050039518080216
740352204,0.1,0.8,5.0,0.25,0.025109670606120342,0.841802873520346,0.8008264563275646,6.749365137841721e-5,6.749365136056707e-5,1.0500670404880674
74035279x,0.1,0.8,5.0,0.25,-0.06605630433276719,1.8590835671358141,0.9845964818608717,0.0012289469021820134,0.0012289469018841829,1.0556783831766714
740352829,0.1,0.8,5.0,0.25,1.2272853643950643,0.14972258735404753,0.19821034872723498,1.29362831808633e-5,1.2936283178421509e-5,1.0500179304112098
740352837,0.1,0.8,5.0,0.25,-0.06359414810160312,1.2845890390309698,0.9713064866714729,0.00021260500184201424,0.0002126050018245237,1.0502455437631408
740352933,0.1,0.8,5.0,0.25,-0.3090769190205559,1.0143049126698718,1.036093060252054,4.724555596489205e-5,4.724555598639533e-5,1.0502560486607322
74035295x,0.1,0.8,5.0,0.25,-0.26848982777183145,1.028340962168919,1.0164935051575352,5.5682262387194207e-5,5.568226238615926e-5,1.0502356906887642
740352968,0.1,0.8,5.0,0.25,0.0628968838477463,0.7490372865878829,0.7707533068033803,4.555821468043162e-5,4.555821467167926e-5,1.0502007430496303
740353426,0.1,0.8,5.0,0.25,0.03492252814869894,1.3855789736729345,1.0174396768887968,0.00024635182753122287,0.000246351827484671,1.0500478184276503
740353450,0.1,0.8,5.0,0.25,-0.18829241684961512,1.0552124559310738,1.1419732847516817,3.543416697366904e-5,3.5434166966888835e-5,1.0500189562132178
740353506,0.1,0.8,5.0,0.25,-0.03830377582859754,0.8650384518069236,0.7828008535489043,8.66168526023021e-5,8.661685258715902e-5,1.0501740015731198
74035375x,0.1,0.8,5.0,0.25,-0.5170304405796028,2.4469814766262727,1.4608118943079516,0.0006912474795339564,0.0006912474793448352,1.050769101088335
74035404x,0.1,0.8,5.0,0.25,-0.06241241033077095,0.9837851621995208,0.8779080882040153,9.280377064532368e-5,9.280377062673072e-5,1.0503540481332814
740354170,0.1,0.8,5.0,0.25,1.4377183036618646,0.1055228476718296,0.19821034872723498,2.249788379280574e-6,2.249788378857397e-6,1.050000397219972
740354429,0.1,0.8,5.0,0.25,-0.3616535266595889,2.2323818479675066,1.3776845872634762,0.0005849449786129493,0.0005849449784981552,1.0509772118391045
740354648,0.1,0.8,5.0,0.25,-0.6819517555531658,2.00681260560213,1.7133894929210134,0.00011586410153294956,0.00011586410151704621,1.0501674700773915
740354672,0.1,0.8,5.0,0.25,1.3517702182915865,0.18199871836977768,0.2125973243929933,2.418522507726617e-5,2.4185225073158132e-5,1.0500213476271114
740355042,0.1,0.8,5.0,0.25,0.2945633664910797,0.7380174148743233,0.7225018798500648,5.849449786129492e-5,5.849449785010221e-5,1.0500313005192523
740355392,0.1,0.8,5.0,0.25,-0.6449893847819164,2.6804964084064635,1.9365001751972073,0.00026435013456546744,0.00026435013451007154,1.052348053274841
74035607x,0.1,0.8,5.0,0.25,-0.1588620283016538,0.3360640739458037,0.4570842651648347,1.124894189640287e-5,1.1248941894265992e-5,1.0509960940593515
740356184,0.1,0.8,5.0,0.25,0.4147578093666137,0.4616537436938042,0.4811413317524576,4.274597920633091e-5,4.2745979198507385e-5,1.05017641806488
740356360,0.1,0.8,5.0,0.25,-0.19907187224372852,1.6376978010511047,1.08568155991033,0.0004100239321238846,0.00041002393204086113,1.0504299194705886
74035690x,0.1,0.8,5.0,0.25,0.1993916800703846,1.6740373821573329,0.930046552219462,0.0009899068868834526,0.0009899068866961532,1.0508463392716965
740356977,0.1,0.8,5.0,0.25,-0.6254377347216825,1.4918841024340046,1.1054573216812977,0.00022722862630733797,0.0002272286317345555,1.057543195178071
740356985,0.1,0.8,5.0,0.25,-0.17227294288660727,1.154391133519516,0.823554920321987,0.00027841131193597103,0.00027841131188288573,1.0546798796716699
740357224,0.1,0.8,5.0,0.25,1.0038727379473884,0.45691576274833046,0.35859490425197066,0.00017660838777352504,0.00017660838773581833,1.0500920771984308
74035762x,0.1,0.8,5.0,0.25,0.2457951959247037,1.5280074902088567,0.8601739423254186,0.0009257879180739561,0.0009257879178946185,1.051076967483665
740357769,0.1,0.8,5.0,0.25,-0.051630395254924535,1.0996804908223785,0.8950041050769526,0.00014679869174805745,0.00014679869171891366,1.0507385743193756
740358614,0.1,0.8,5.0,0.25,0.09159268022827187,1.716708072904122,0.910997660708745,0.0012458203150266178,0.0012458203147894817,1.0507169205150537
740358622,0.1,0.8,5.0,0.25,0.0508549310392225,0.9397647350302358,0.8071438838678759,0.0001124894189640287,0.00011248941893499677,1.0501309758942283
740359545,0.1,0.8,5.0,0.25,-0.7160138955887312,1.3620498047676566,1.4647278502453807,3.655906116330933e-5,3.655906115683449e-5,1.050109680888615
740359756,0.1,0.8,5.0,0.25,0.7460983100596961,0.3211736530546333,0.3769219933935735,2.3622777982446025e-5,2.362277797789846e-5,1.050073886926541
740359975,0.1,0.8,5.0,0.25,1.137653868618649,0.1335975543751444,0.19821034872723498,7.311812232661865e-6,7.3118122333747e-6,1.0501825470894794
740360028,0.1,0.8,5.0,0.25,0.4363442010474117,1.4707962373532655,0.7386452749484753,0.0016333463633576967,0.001633346363035533,1.0517161629644909
740360677,0.1,0.8,5.0,0.25,-0.30063803092329683,1.4401286972942202,1.0661759911605302,0.00023622777982446026,0.00023622777978120671,1.0502769456514167
740360685,0.1,0.8,5.0,0.25,-0.04023813221043219,1.4525534480841087,1.067109546323647,0.00024522693334158254,0.00024522693328930237,1.0505267202999453
740361194,0.1,0.8,5.0,0.25,0.31643531826923965,0.48512950320014586,0.48118166224276304,5.455736819755392e-5,5.4557368190581295e-5,1.0509342760049285
740361274,0.1,0.8,5.0,0.25,1.2693832730446641,0.1144371675004623,0.19821034872723498,3.3746825689208607e-6,3.374682568007733e-6,1.050006067483513
740361442,0.1,0.8,5.0,0.25,0.2382568243034044,0.8943743800249337,0.806187647233937,8.830419388676252e-5,8.830419386968883e-5,1.0502303503589723
74036175x,0.1,0.8,5.0,0.25,-0.7775256225285456,0.6372465825489534,1.374968906410112,1.124894189640287e-6,1.1248941894089024e-6,1.0500015094164452
740362074,0.1,0.8,5.0,0.25,-0.1839580886094188,0.730946841598432,0.9058072187499049,1.7998307034244593e-5,1.7998307030482116e-5,1.0500290280861209
740362373,0.1,0.8,5.0,0.25,-0.3473095278215159,1.5903923476178983,1.156584759134851,0.00025535098104834515,0.00025535098099061074,1.0526813439835625
740362381,0.1,0.8,5.0,0.25,0.05619706215315901,0.8654485081879812,0.7432264358973578,0.0001124894189640287,0.0001124894189405451,1.0502564813563877
740362533,0.1,0.8,5.0,0.25,-0.387055424403117,1.0893237671407032,1.1353761663242958,4.274597920633091e-5,4.27459791983689e-5,1.050112364391654
740362621,0.1,0.8,5.0,0.25,1.1967918457830693,0.2174050110001712,0.19821034872723498,8.324217003338124e-5,8.32421700170664e-5,1.050684113804629
74036263x,0.1,0.8,5.0,0.25,0.16274038353710849,0.4754311365684018,0.5477255536548797,2.58725663617266e-5,2.5872566356371275e-5,1.0503990879454905
740362699,0.1,0.8,5.0,0.25,-0.12505653400426037,0.8161287883593418,0.8918717230768294,3.374682568920861e-5,3.37468256834171e-5,1.0500436120744119
740363237,0.1,0.8,5.0,0.25,-0.1283861563828073,1.4156937642396032,1.1368710170106624,0.00015748518654964017,0.00015748518651718208,1.0500447370117676
740363552,0.1,0.8,5.0,0.25,-0.3518311385696651,1.2567632556791704,1.003097615851236,0.0001619847633082013,0.00016198476327570599,1.0505411377342526
740364360,0.1,0.8,5.0,0.25,-0.4235925750879511,1.2195753072257047,1.018220203003461,0.000129362831808633,0.00012936283178373916,1.050515900239167
740364686,0.1,0.8,5.0,0.25,1.1112662193707679,0.355481722790604,0.19821034872723498,0.000944911119297841,0.000944911119113489,1.0568427654947703
740365080,0.1,0.8,5.0,0.25,-0.5653249883393837,1.9444510060252254,1.5623738502814437,0.00015692273945482003,0.00015692273942566047,1.0502011443924086
740365240,0.1,0.8,5.0,0.25,0.24367212075835254,0.6764546872927116,0.6303454336693077,7.480546361107908e-5,7.480546359101077e-5,1.0501976828478576
740365750,0.1,0.8,5.0,0.25,-0.6831909399134191,5.435293007309373,1.9870912454815348,0.007773018850414383,0.007773018848485643,1.0575108382502982
740365881,0.1,0.8,5.0,0.25,1.0462360212751984,0.18891417918493184,0.24774213939248627,1.3498730275683443e-5,1.3498730272989048e-5,1.0510024010872951
740366171,0.1,0.8,5.0,0.25,-0.19087022502833498,0.7365231893521024,0.8563995329418383,2.4747672172086314e-5,2.4747672167585394e-5,1.050027691703628
740366227,0.1,0.8,5.0,0.25,-0.4210391226970671,0.9295198707520951,1.1668654901829325,1.6873412844604303e-5,1.6873412840162707e-5,1.0500135803715682
740366585,0.1,0.8,5.0,0.25,0.1968181628054238,1.5588840540329294,0.7814105502671082,0.0015939750667202867,0.001593975066364428,1.0588534583580103
740366833,0.1,0.8,5.0,0.25,0.03985576272888906,1.5266830400042795,0.8621334087656558,0.0009038524813759706,0.0009038524811542369,1.0528160943011937
740367238,0.1,0.8,5.0,0.25,0.03750594146253145,0.8659840222638079,0.7611808046817176,0.00010011558287798554,0.00010011558285640213,1.0503144379832505
740367537,0.1,0.8,5.0,0.25,-0.956437588923073,1.5612192378114562,1.9870912454815348,1.5748518654964018e-5,1.5748518650799004e-5,1.0500156267170004
740368011,0.1,0.8,5.0,0.25,1.2852361041946891,0.18197783974006262,0.19821034872723498,3.430927278402875e-5,3.430927277775827e-5,1.0500439986596752
74036802x,0.1,0.8,5.0,0.25,-0.04865349275111505,1.850905925134723,1.1268829478157816,0.0006282534049141002,0.0006282534047850143,1.0502100948345
740368038,0.1,0.8,5.0,0.25,-0.37124244038233206,0.6854423711127645,0.9155198498334901,1.2373836086043157e-5,1.2373836083900015e-5,1.0500257044168486
740368329,0.1,0.8,5.0,0.25,-0.519865024860645,1.6898319889845952,1.2104620414071938,0.0002767239706515106,0.0002767239705973728,1.0516727381187618
74036861x,0.1,0.8,5.0,0.25,-0.6787014707760066,0.8744837018324213,1.3675366136993,5.624470948201435e-6,5.62447094708947e-6,1.0500114660396256
740369698,0.1,0.8,5.0,0.25,-0.6679146616580691,2.183661535263777,1.6400403097071221,0.0002199168140746761,0.00021991681402063593,1.0502114157948457
740370664,0.1,0.8,5.0,0.25,-0.23914173651075066,0.7889597276800536,0.7763404618628176,5.680715657683449e-5,5.6807156565209e-5,1.0507989338056989
740370939,0.1,0.8,5.0,0.25,0.39215450782035105,1.1093084203189973,0.7235833607306992,0.00044264586362345294,0.00044264586353391395,1.0513566746604597
740371122,0.1,0.8,5.0,0.25,-0.14910320613050304,1.017583861344149,0.9399942909240371,7.818014617999995e-5,7.818014615851296e-5,1.050082254030096
74037207x,0.1,0.8,5.0,0.25,-0.3274035795112603,1.3708764619897256,1.3472800756265009,5.7369603671654635e-5,5.736960366082032e-5,1.050029940282195
740372344,0.1,0.8,5.0,0.25,-0.16183753302186465,1.1822692826568924,1.1051947127769362,7.368056942143879e-5,7.368056940588239e-5,1.0500370733661488
740372651,0.1,0.8,5.0,0.25,0.3748757839718114,0.640784735073458,0.6679258665172095,4.274597920633091e-5,4.274597919821853e-5,1.0500318219639624
740372723,0.1,0.8,5.0,0.25,-0.08569587568365543,0.6369111093894655,0.6904813134170174,3.487171987884889e-5,3.48717198726059e-5,1.051549790318672
740373339,0.1,0.8,5.0,0.25,0.38066775570125444,0.8897214696561713,0.7009976482432632,0.0001732337052046042,0.00017323370517038586,1.0500467880781463
740373486,0.1,0.8,5.0,0.25,-0.7977563316785419,1.002165884462878,1.4652177700151372,7.874259327482009e-6,7.87425932599233e-6,1.0500092253802555
740373806,0.1,0.8,5.0,0.25,0.34775978791350914,0.489876651222089,0.4886318520516457,5.2870026913093485e-5,5.2870026903150816e-5,1.0516244641319976
74037442x,0.1,0.8,5.0,0.25,0.3259798731314359,0.7425712258922568,0.6973554293068178,7.199322813697837e-5,7.19932281230494e-5,1.0500820161414983
74037522x,0.1,0.8,5.0,0.25,-1.2128067542351084,1.4739641689333713,1.9870912454815348,1.1811388991223012e-5,1.1811388988992216e-5,1.0500416889720432
740375238,0.1,0.8,5.0,0.25,0.17524175862653818,0.7079843350291074,0.6828392879806975,6.299407461985607e-5,6.299407460277078e-5,1.0501294249934725
740375289,0.1,0.8,5.0,0.25,-0.8194354874123866,2.228161403521616,1.6703730911926227,0.00022160415535913653,0.00022160415532406996,1.0505463110931612
74037530x,0.1,0.8,5.0,0.25,-0.965589310944576,1.4046766992212867,1.9530339751121426,1.0124047706762582e-5,1.012404770470693e-5,1.050009826829672
740375393,0.1,0.8,5.0,0.25,0.9423143748786147,0.41308142532144493,0.33192121104683936,0.00015692273945482003,0.00015692273942319142,1.0501736190644906
740375908,0.1,0.8,5.0,0.25,-0.2058671822855612,1.6609272439247864,1.2860471923665628,0.0001889822238595682,0.00018898222382259826,1.0500431164958322
740375983,0.1,0.8,5.0,0.25,-0.44947299233557514,1.0954494386920337,1.1633109493071336,3.88088495425899e-5,3.880884954063192e-5,1.0507707810298352
74037653x,0.1,0.8,5.0,0.25,-0.11350163529174442,0.6732503788259199,0.7864372603584515,2.418522507726617e-5,2.418522507281982e-5,1.0500261580736736
740376927,0.1,0.8,5.0,0.25,1.012550974203309,0.34733563093383535,0.3601789569103046,4.387087339597119e-5,4.3870873388813825e-5,1.0500098304920298
74037725x,0.1,0.8,5.0,0.25,1.11152131934641,0.24554949383772326,0.27207397073523953,3.1497037309928035e-5,3.14970373040441e-5,1.0500155421931006
740377284,0.1,0.8,5.0,0.25,0.12801289346420908,0.8912037328368735,0.7816264495174956,0.00010124047706762583,0.00010124047706068891,1.0502786404752207
740377591,0.1,0.8,5.0,0.25,0.20845770725404794,0.4703921731010157,0.5574198269230184,2.249788379280574e-5,2.249788378789607e-5,1.0501394194048397
740377823,0.1,0.8,5.0,0.25,0.5585954877713786,0.529929604392372,0.5147531096830671,6.074428624057549e-5,6.07442862272548e-5,1.0503057340513304
740377989,0.1,0.8,5.0,0.25,0.20933681191926304,1.215431943182943,0.8684793299036875,0.000282348441599712,0.000282348441543881,1.0500541618256405
740378607,0.1,0.8,5.0,0.25,1.3183025292534631,0.15349523218968408,0.19821034872723498,1.462362446532373e-5,1.4623624462525582e-5,1.0504011280255647
740378877,0.1,0.8,5.0,0.25,-0.0216607614867128,0.6660247256949238,0.7489435841364441,2.924724893064746e-5,2.9247248924181445e-5,1.0500787343144087
740378930,0.1,0.8,5.0,0.25,0.43526846125275603,0.5666899229839775,0.5240284845369608,7.76176990851798e-5,7.761769907353774e-5,1.0505000145128902
740379474,0.1,0.8,5.0,0.25,0.16023268284288608,0.5441071127055375,0.6585811714181159,2.0248095413525164e-5,2.0248095408197117e-5,1.050015904426299
740380125,0.1,0.8,5.0,0.25,0.5113183857445462,0.5958129890749795,0.5878920994540746,5.624470948201435e-5,5.624470947159673e-5,1.05001046510813
740380838,0.1,0.8,5.0,0.25,0.3040587137512655,1.0915720033382945,0.6936779832110018,0.0005062023853381291,0.000506202385245987,1.050575480291042
740381611,0.1,0.8,5.0,0.25,-0.49802411117088907,0.8178509568649335,1.0011697617109567,1.912320122388488e-5,1.9123201220071024e-5,1.050151466330706
740381910,0.1,0.8,5.0,0.25,-0.16078832673319632,1.2037908911277473,1.036012611910232,0.00011136452477438841,0.00011136452475333069,1.050108700909851
740382016,0.1,0.8,5.0,0.25,-0.061371873253407844,0.6106317262888501,0.739097415893394,2.0248095413525164e-5,2.0248095409822383e-5,1.0500221620641705
740382155,0.1,0.8,5.0,0.25,0.5402515663128926,0.5496614474330339,0.5069866196756112,7.874259327482009e-5,7.874259325940972e-5,1.0501575449201608
740382171,0.1,0.8,5.0,0.25,0.11172169595663302,0.660099760956071,0.656516661416134,5.399492110273377e-5,5.399492109109165e-5,1.0502455767127115
740383115,0.1,0.8,5.0,0.25,-0.05341682959975041,1.0873795860035937,1.0624599156847205,5.9056944956115064e-5,5.9056944945039715e-5,1.050054997452985
740383123,0.1,0.8,5.0,0.25,-0.468120452499014,0.9055011224671047,1.2094321608726797,1.2373836086043157e-5,1.2373836082742016e-5,1.0500360953282954
74038314x,0.1,0.8,5.0,0.25,-0.4452734736935402,0.8909119121235494,1.2387106792425322,1.0124047706762582e-5,1.0124047704934865e-5,1.0500057263278388
740383342,0.1,0.8,5.0,0.25,1.4032841272696197,0.2305439311649092,0.19821034872723498,0.00011192697186920855,0.00011192697184655925,1.0501178434098561
74038453x,0.1,0.8,5.0,0.25,0.8052072926918207,0.4128508229038333,0.40728808828934404,5.624470948201435e-5,5.624470948587484e-5,1.0502017324606023
740385145,0.1,0.8,5.0,0.25,0.35098877574258486,0.895581947887599,0.6581398041718378,0.00024466448624676243,0.00024466448624135953,1.0506803412920924
740385380,0.1,0.8,5.0,0.25,-0.09593672497345998,0.6766283925923294,0.8384523229967068,1.7998307034244593e-5,1.7998307030830094e-5,1.0500818069055766
740386033,0.1,0.8,5.0,0.25,-0.42968542431835866,1.7727324231966954,1.2945774100243554,0.0002514138513846041,0.00025141385133256117,1.0515621446452275
740386041,0.1,0.8,5.0,0.25,0.18967912360314884,0.6512045151600535,0.6940423043360813,3.824640244776976e-5,3.824640244038058e-5,1.0500523762143246
740386738,0.1,0.8,5.0,0.25,0.15216168661778878,1.226307896703657,0.8678511240415127,0.0002958471718753955,0.0002958471718125516,1.0503606186106704
740386762,0.1,0.8,5.0,0.25,-0.5585955757426004,1.3552894145786778,1.1384877806026974,0.00012373836086043157,0.0001237383608342768,1.0534172384257319
740386893,0.1,0.8,5.0,0.25,1.215102421494875,0.10552308824799135,0.19821034872723498,2.249788379280574e-6,2.249788378845e-6,1.0500027910635148
740387052,0.1,0.8,5.0,0.25,-0.4741313308923429,1.4593744825744266,1.2253281861799372,0.00012598814923971214,0.00012598814921667596,1.050137108804706
740387132,0.1,0.8,5.0,0.25,-0.17573219939497506,0.6859972974604405,0.8861545748377432,1.462362446532373e-5,1.462362446224225e-5,1.0500247498516457
740387159,0.1,0.8,5.0,0.25,-0.5369372003561805,1.5113441090821362,1.40821852504333,7.480546361107908e-5,7.480546359091113e-5,1.0502779813742966
740387714,0.1,0.8,5.0,0.25,-0.644874898382587,2.092099654154093,1.6568994469691616,0.00016873412844604306,0.00016873412841895676,1.0501304419182378
740387896,0.1,0.8,5.0,0.25,0.3855059700101938,0.3844519055939661,0.5135019076090469,1.2373836086043157e-5,1.237383608376545e-5,1.0500179055220489
740388039,0.1,0.8,5.0,0.25,-0.3159810065090518,2.7340961837941817,1.387879341361223,0.001544479722376114,0.00154447972208455,1.0522120119568834
740388557,0.1,0.8,5.0,0.25,-0.2911369221264034,1.0039421742989658,1.046384564998776,4.274597920633091e-5,4.2745979194863246e-5,1.050112770546181
740389138,0.1,0.8,5.0,0.25,0.1800845377231714,1.5295849110175364,0.9344481751508685,0.0006175669101125175,0.0006175669099961865,1.0502173458857713
740389445,0.1,0.8,5.0,0.25,-0.3939492796488282,1.373037992948054,1.2629615660862892,7.986748746446037e-5,7.986748744938069e-5,1.0500646438273995
74038998x,0.1,0.8,5.0,0.25,0.33692272336928814,0.3575847634468195,0.6193553396212661,3.3746825689208607e-6,3.3746825683044282e-6,1.0500020663819019
740390155,0.1,0.8,5.0,0.25,-0.3433415610913766,0.7987063146974558,1.024000859360849,1.5186071560143873e-5,1.5186071556009202e-5,1.050014577933191
740390489,0.1,0.8,5.0,0.25,-0.08109760459504808,0.49291141699643576,0.7432264358973578,6.749365137841721e-6,6.749365136144137e-6,1.0500083776791134
740391457,0.1,0.8,5.0,0.25,-0.18156016371603984,0.979648185535411,0.9985465787307889,4.780800305971219e-5,4.7808003050650424e-5,1.050024203440809
740391887,0.1,0.8,5.0,0.25,-0.09151692677678495,1.3707721556727392,0.8359360264477879,0.0005933816850352513,0.0005933816849312695,1.0605301611158024
740391908,0.1,0.8,5.0,0.25,-0.002141263950957702,1.062350364450389,0.8190792282124271,0.00019123201223884877,0.00019123201223308615,1.0520281480512543
740392716,0.1,0.8,5.0,0.25,-0.04613634448554843,1.4320951810340086,0.9803168427147301,0.0003492796458833091,0.0003492796458273431,1.0504330645090287
740393137,0.1,0.8,5.0,0.25,-0.4498593829468331,0.794894227493963,0.9620653466626012,2.0248095413525164e-5,2.0248095409487165e-5,1.0500876620635955
740393233,0.1,0.8,5.0,0.25,0.6865887169640024,0.28310663763862304,0.3716132179486789,1.3498730275683443e-5,1.349873027304242e-5,1.0500208793623385
740393268,0.1,0.8,5.0,0.25,0.18914897550920876,0.7419726381989533,0.8055615677596518,3.487171987884889e-5,3.4871719872610895e-5,1.0500067676542535
740393292,0.1,0.8,5.0,0.25,-0.8824554385481628,2.2961055061676485,1.9870912454815348,0.00010798984220546754,0.00010798984218598866,1.0507395243069693
74039341x,0.1,0.8,5.0,0.25,-0.8327817132028376,1.7297463388245347,1.6837204279754436,6.018183914575535e-5,6.018183913457109e-5,1.0500668976876808
740393575,0.1,0.8,5.0,0.25,-0.9253456450008137,2.3792723969631355,1.9870912454815348,0.000129362831808633,0.00012936283177311615,1.050175962623512
740394148,0.1,0.8,5.0,0.25,-0.3367370097698552,1.108028900316527,1.2410478630515531,2.9809696025467603e-5,2.980969601931559e-5,1.0502402722394737
740394287,0.1,0.8,5.0,0.25,-0.5394846772145717,1.4439272962613052,1.468304292916442,4.837045015453234e-5,4.837045014515505e-5,1.050052110619302
740394607,0.1,0.8,5.0,0.25,-0.6007732184703659,2.782634193241986,1.606326429718015,0.0008121736049202872,0.0008121736047434342,1.0521802807600484
740394789,0.1,0.8,5.0,0.25,0.3099482030182172,1.0793607523507094,0.6706751442992288,0.0005663842244838845,0.0005663842243684387,1.0505816267027888
740394914,0.1,0.8,5.0,0.25,0.17836522624171955,0.5820996326390103,0.652076054706752,2.9809696025467603e-5,2.9809696017403775e-5,1.0500867614946594
74039499x,0.1,0.8,5.0,0.25,-0.16168292061121264,0.4545193540309208,0.7432264358973578,4.499576758561148e-6,4.499576757579075e-6,1.0500126208796947
740395351,0.1,0.8,5.0,0.25,0.08035972622235694,0.7296196107431023,0.7109732426291917,5.961939205093521e-5,5.9619392048041004e-5,1.050904746365757
740395554,0.1,0.8,5.0,0.25,-0.2545082295444111,1.2819416074607797,0.8092910394791658,0.0005062023853381291,0.0005062023852251835,1.0575387613151053
740395626,0.1,0.8,5.0,0.25,1.12517361594825,0.3101836901339276,0.2620130018755448,0.00012205101957597113,0.00012205101954306354,1.050474351848269
74039587x,0.1,0.8,5.0,0.25,0.24709179657535513,0.85873270668517,0.6226515243684824,0.00026210034618618684,0.00026210034613704657,1.0503089101922112
740395909,0.1,0.8,5.0,0.25,0.138274378647319,1.0858552072838639,0.7750365608089342,0.00028122354741007174,0.00028122354739282956,1.0520515294693198
740395968,0.1,0.8,5.0,0.25,-0.06853278600247219,1.2360598720457985,0.8023529901934857,0.0004538948055198558,0.000453894805431968,1.0511885208400849
74039624x,0.1,0.8,5.0,0.25,0.2638383999354824,0.762137967240285,0.6723014057571708,9.84282415935251e-5,9.842824158746873e-5,1.0501304527096655
740396274,0.1,0.8,5.0,0.25,0.07734439674822877,0.7842046580006014,0.6966098468331388,9.505355902460425e-5,9.505355900710765e-5,1.0501316602074382
740396696,0.1,0.8,5.0,0.25,0.5191188416925044,0.5755048742770931,0.5678249871024379,5.624470948201435e-5,5.624470947113228e-5,1.0500640521273217
740396741,0.1,0.8,5.0,0.25,0.2972499240421023,0.6379152475381721,0.562728602367913,9.84282415935251e-5,9.842824157607514e-5,1.050116947843998
740396768,0.1,0.8,5.0,0.25,0.5944580243443301,0.6653835781006272,0.492652957870214,0.00023622777982446026,0.0002362277797771105,1.050176776160341
740396813,0.1,0.8,5.0,0.25,-0.05623105802035845,0.7370516015348759,0.8353864969375271,2.8122354741007175e-5,2.812235473541321e-5,1.0500203759764275
740396928,0.1,0.8,5.0,0.25,0.19999441288316983,0.6256473347375677,0.7490939906398328,2.1372989603165453e-5,2.1372989599486142e-5,1.0500690325134971
740397584,0.1,0.8,5.0,0.25,-0.5185924810139075,1.1877280075746632,0.869312590438013,0.000239040015298561,0.00023904001524541492,1.0598502985712355
74039763x,0.1,0.8,5.0,0.25,0.0015233459576320827,0.859891778411993,0.752618832964774,0.00010236537125726611,0.00010236537123854647,1.0501122433140595
740397955,0.1,0.8,5.0,0.25,0.11281436022995175,0.5926649750474787,0.7023489677470839,2.249788379280574e-5,2.2497883788578147e-5,1.0500877692895154
740398747,0.1,0.8,5.0,0.25,-0.11701996147697816,0.80261554896892,0.8892173530742812,3.1497037309928035e-5,3.149703730377181e-5,1.0501306123840768
740399037,0.1,0.8,5.0,0.25,0.05473674270916807,0.5831488177917208,0.6982417077791899,2.1372989603165453e-5,2.1372989597357213e-5,1.0500214668725345
740399205,0.1,0.8,5.0,0.25,-0.2808738050196513,1.1228511457263033,1.088928979495279,6.130673333539564e-5,6.130673332316251e-5,1.0500708815357933
740399336,0.1,0.8,5.0,0.25,0.0774201528287117,1.072851748776087,0.9261744707521542,0.00010967718348992798,0.00010967718346816923,1.0500772991311134
74039958x,0.1,0.8,5.0,0.25,-0.2790863170907692,1.5472852225417155,1.0351700661487886,0.0003909007308999997,0.00039090073082282165,1.0508554872972453
74039966x,0.1,0.8,5.0,0.25,0.050256511733487816,0.9958173425646801,0.8932566395093053,9.05539822660431e-5,9.055398224675692e-5,1.0500731208290006
740399678,0.1,0.8,5.0,0.25,0.2463776090660911,0.7080202949134571,0.665977669932787,7.143078104215822e-5,7.143078102895413e-5,1.050041779611293
742231350,0.1,0.8,5.0,0.25,0.6718367182054829,0.22751463583492132,0.42735520064098076,2.249788379280574e-6,2.2497883788461724e-6,1.050000806326503
742452807,0.1,0.8,5.0,0.25,-1.013133390135937,2.4302550957335267,1.9870912454815348,0.00014173666789467617,0.00014173666786892813,1.053259121285928
743950293,0.1,0.8,5.0,0.25,0.3037320323245781,0.6878712831867266,0.6232415261282414,8.605440550748195e-5,8.605440551333188e-5,1.0502526721596708
743950496,0.1,0.8,5.0,0.25,-0.1190088550083763,1.215537679197619,1.0334386902495056,0.00011811388991223013,0.00011811388988647079,1.0505606613614482
743950509,0.1,0.8,5.0,0.25,0.06977439626674965,1.1790165542230446,0.9580301712441637,0.00014848603303251788,0.00014848603300445933,1.050028811119852
743950605,0.1,0.8,5.0,0.25,0.04373201217801375,0.9721440068795684,0.8182216559765642,0.0001243008079552517,0.00012430080797007663,1.0504187446376492
743950664,0.1,0.8,5.0,0.25,-0.06517823321982384,0.6334993103096386,0.7952522722342537,1.6873412844604303e-5,1.6873412841056835e-5,1.0500216684352566
743950808,0.1,0.8,5.0,0.25,-0.7186069695900168,0.9651129379064181,1.2463334963082495,1.462362446532373e-5,1.4623624463110252e-5,1.050341403610922
743951544,0.1,0.8,5.0,0.25,0.6536882942224784,0.7728734274590172,0.5178922252448406,0.0003886509425207191,0.0003886509424370204,1.0503998707262157
743951587,0.1,0.8,5.0,0.25,0.14267203265630285,1.4129441352537846,0.8240237179720404,0.000768302731524316,0.0007683027313726273,1.053116515343775
743952918,0.1,0.8,5.0,0.25,0.22549026286029178,0.6780716573583767,0.7540369919279236,3.093459021510789e-5,3.093459020909868e-5,1.0500057712919202
74395311x,0.1,0.8,5.0,0.25,-0.004981007104095355,0.6174112581981305,0.7178891774808203,2.4747672172086314e-5,2.474767216758104e-5,1.0500449423139553
743953267,0.1,0.8,5.0,0.25,0.24960170817137603,0.5517211831115356,0.6134996217713763,3.093459021510789e-5,3.093459020928545e-5,1.0500599781999687
743953953,0.1,0.8,5.0,0.25,-0.08826596412126922,1.0106325270886725,0.7827172865048443,0.00018841977676474806,0.00018841977672811677,1.0504144066454608
743954331,0.1,0.8,5.0,0.25,0.03987195201451566,0.6353879587065386,0.692053493742968,3.430927278402875e-5,3.4309272774571776e-5,1.0500612503058653
743954358,0.1,0.8,5.0,0.25,-0.09411807645328737,1.5732447126277094,1.1053110970740918,0.0003070961137717983,0.00030709611370637144,1.0501576649894853
743954649,0.1,0.8,5.0,0.25,-0.3839006800112865,2.5415953743507758,1.417528418260631,0.0009679714501854669,0.000967971449985175,1.051476927959105
74395530x,0.1,0.8,5.0,0.25,-0.10276456618720697,0.664373655700573,0.7760666539822375,2.418522507726617e-5,2.418522507277548e-5,1.0500282257334173
743955393,0.1,0.8,5.0,0.25,-0.5650993691277248,1.1896159855177104,1.2994075709951063,3.374682568920861e-5,3.374682568005535e-5,1.0505396127898297
743955449,0.1,0.8,5.0,0.25,-0.14265020990962657,1.8801597799308876,1.117143807763173,0.0007075584452837405,0.000707558445155735,1.0508260533772757
743955457,0.1,0.8,5.0,0.25,0.05007919244136076,0.49496156188030904,0.5481294964743014,3.1497037309928035e-5,3.149703730321752e-5,1.050586895265274
743956302,0.1,0.8,5.0,0.25,-0.12809329016413767,1.2210452440206792,0.9395585231658682,0.00019460669480776964,0.00019460669476949882,1.0504466117710984
743956759,0.1,0.8,5.0,0.25,0.09438965200633276,0.8381007321192673,0.7858611509995711,7.25556752317985e-5,7.255567522007652e-5,1.0500590989832255
743956919,0.1,0.8,5.0,0.25,-0.425715464160651,1.9153432966793356,1.304893226472615,0.0003543416697366904,0.00035434166963908294,1.0524096555993503
743957006,0.1,0.8,5.0,0.25,0.03105532950279961,0.9794362591584136,0.8175490794870937,0.000129362831808633,0.00012936283178135823,1.0507467640925756
743957030,0.1,0.8,5.0,0.25,0.4091125200810494,1.385602948471795,0.7643569902723659,0.0010287157364260425,0.001028715736234677,1.0502219733205602
743957161,0.1,0.8,5.0,0.25,-0.6914007496099395,1.8486837142536947,1.4231169909119945,0.0001940442477129495,0.0001940442476745096,1.050605033233693
74395733x,0.1,0.8,5.0,0.25,0.12006600868927882,0.46625377343824365,0.6482586214082061,1.0124047706762582e-5,1.0124047704945839e-5,1.0500279074898058
743957591,0.1,0.8,5.0,0.25,0.18154041098229437,1.0829871774222666,0.7207834749169082,0.00040046233151194217,0.0004004623314041784,1.0512446031074407
743957735,0.1,0.8,5.0,0.25,0.11670228036458515,0.9770229375384204,0.8588858474215143,0.00010011558287798554,0.00010011558285630537,1.0501869016202832
743958172,0.1,0.8,5.0,0.25,0.8678185996796841,0.4996732514209126,0.4217298769189257,0.00012261346667079127,0.0001226134666459888,1.0503685701861378
743958324,0.1,0.8,5.0,0.25,-0.19981129229317005,0.5655618259864529,0.8844394303660174,5.624470948201435e-6,5.6244709466799984e-6,1.0500096159536842
743958658,0.1,0.8,5.0,0.25,-0.19102848871438338,0.7490194463876344,0.8104707594802983,3.543416697366904e-5,3.543416696686366e-5,1.0501925111952364
743958973,0.1,0.8,5.0,0.25,-0.06495519176619922,0.5284430028436831,0.81079248196799,6.1869180430215785e-6,6.186918042024711e-6,1.0500045625396983
743959167,0.1,0.8,5.0,0.25,0.6797725992875264,0.3050055362049618,0.4459358615384147,7.874259327482009e-6,7.874259325943902e-6,1.050004113996914
743960336,0.1,0.8,5.0,0.25,0.16078451788288792,0.7714148321832787,0.6997085610250104,8.549195841266181e-5,8.549195839898971e-5,1.0504692990415279
743960731,0.1,0.8,5.0,0.25,-0.2826516803158445,0.7472062893276451,0.7995314861028174,3.712150825812947e-5,3.712150825066329e-5,1.0521494801723683
743961179,0.1,0.8,5.0,0.25,0.7378998590283008,0.5826094656658762,0.4983989186652039,0.00011473920734330927,0.00011473920732185467,1.0501605410885866
743961793,0.1,0.8,5.0,0.25,0.6669276239328111,0.36794585747027153,0.349935792048272,6.749365137841721e-5,6.749365137188284e-5,1.0503658370001383
74396306x,0.1,0.8,5.0,0.25,-0.6140542452384498,1.675965271419007,1.4373999383662255,0.0001124894189640287,0.00011248941894514461,1.0516293022791638
743963377,0.1,0.8,5.0,0.25,-0.8793854804012178,2.0527178854791095,1.9870912454815348,6.186918043021579e-5,6.186918041759951e-5,1.0500602144935685
743963641,0.1,0.8,5.0,0.25,0.4805756886087177,0.25467685771270904,0.38400031340036883,6.749365137841721e-6,6.749365136471706e-6,1.050032978651347
743963887,0.1,0.8,5.0,0.25,-0.9512700561228623,1.6034799657037355,1.9870912454815348,1.7998307034244593e-5,1.7998307031018624e-5,1.0500186599296037
743963895,0.1,0.8,5.0,0.25,0.3836318473563677,0.48458666073149353,0.4982369942274133,4.555821468043162e-5,4.555821467150584e-5,1.0510412595916243
743964054,0.1,0.8,5.0,0.25,0.4418567884213691,0.6643000272413583,0.6528734501653402,5.7369603671654635e-5,5.736960366141256e-5,1.0500174402966103
743964388,0.1,0.8,5.0,0.25,-0.2779219576947934,1.524763728744841,1.12123483630351,0.0002418522507726617,0.00024185225072808212,1.0524308331355
743964599,0.1,0.8,5.0,0.25,-0.48978832750475726,1.236514686715959,1.005206638239706,0.00014679869174805745,0.0001467986917158606,1.0519548837715116
743965137,0.1,0.8,5.0,0.25,0.3556834137838923,1.0515764420366491,0.738072709569411,0.00030822100796143865,0.00030822100790779504,1.0504294123446316
743965399,0.1,0.8,5.0,0.25,0.3763168328718295,0.7109095886044468,0.6064296655569467,0.0001164265486277697,0.0001164265486060376,1.0500770075202217
743965591,0.1,0.8,5.0,0.25,-0.36870955528684485,1.292293465891794,1.202473769142856,7.536791070589923e-5,7.536791069078729e-5,1.050136761689856
743965823,0.1,0.8,5.0,0.25,0.2248627149615457,0.8734758979938764,0.7905226894106793,8.66168526023021e-5,8.66168525859241e-5,1.0500590609647826
743965858,0.1,0.8,5.0,0.25,0.11580510745959774,0.7318723668700143,0.6882160015186638,7.143078104215822e-5,7.143078102285556e-5,1.0503429486869822
74396592x,0.1,0.8,5.0,0.25,-0.8321509375377006,1.4020870769169986,1.797506846166872,1.5186071560143873e-5,1.5186071557330496e-5,1.0500572189694577
743965970,0.1,0.8,5.0,0.25,1.3114127653860075,0.11443733401533723,0.19821034872723498,3.3746825689208607e-6,3.3746825682489785e-6,1.0500075953080379
743966332,0.1,0.8,5.0,0.25,-0.11902428270176638,2.869263713173844,1.2056303210853239,0.003962439783007911,0.003962439782268061,1.052837606648231
743966519,0.1,0.8,5.0,0.25,0.3293868251276135,1.0767478229714726,0.7582285986154371,0.00030372143120287746,0.00030372143114174293,1.0500654614026703
743966914,0.1,0.8,5.0,0.25,0.23064263184127837,0.46308993045932867,0.511131162311169,3.205948440474818e-5,3.205948443954894e-5,1.0503627013578103
743966930,0.1,0.8,5.0,0.25,0.9099129741099864,0.34247798010480013,0.36606674777752873,3.7683955352949614e-5,3.7683955344796414e-5,1.050119435774888
74396699x,0.1,0.8,5.0,0.25,-0.47784765925285455,1.5477925397708214,1.313267083740928,0.00011923878410187041,0.00011923878407943328,1.0506880730426917
743967183,0.1,0.8,5.0,0.25,-0.36395933493946686,0.7620317734191584,1.000258888018662,1.3498730275683443e-5,1.3498730273193434e-5,1.050025139603727
743967351,0.1,0.8,5.0,0.25,-0.3471598080060049,1.3838233856417355,1.267585467431752,8.15548287489208e-5,8.155482873441558e-5,1.0500527054848656
743967474,0.1,0.8,5.0,0.25,-0.5253010733771116,1.282901881794436,1.1908387416479083,7.480546361107908e-5,7.480546359026749e-5,1.0542690164955562
743967685,0.1,0.8,5.0,0.25,0.6086403629695466,0.5807202608297324,0.503349114232321,0.00010630250092100712,0.0001063025008989753,1.0524139435658013
743967781,0.1,0.8,5.0,0.25,-0.20307897641004563,0.6779457030017405,0.7845167776961897,2.5310119266906457e-5,2.5310119258031608e-5,1.0503437568080591
743968098,0.1,0.8,5.0,0.25,0.3465191514113024,0.8069284656421789,0.6972536462065038,0.00010911473639510784,0.00010911473637170446,1.050183476063425
743968231,0.1,0.8,5.0,0.25,0.1504978759442473,0.87638539178737,0.8547104012819615,5.961939205093521e-5,5.961939203963446e-5,1.050016810907924
743968442,0.1,0.8,5.0,0.25,-0.9619837168570807,1.9739289556154078,1.7633499687007714,9.224132355050353e-5,9.224132353381871e-5,1.0505228863772285
743968493,0.1,0.8,5.0,0.25,0.031124398445285414,1.0938157998466131,0.8532147709200354,0.00018167041162690635,0.00018167041159193332,1.0505738996659084
743969111,0.1,0.8,5.0,0.25,0.13053817459853412,0.5800920019476473,0.6570121806739997,2.8122354741007175e-5,2.8122354734942436e-5,1.0507774402576402
743969250,0.1,0.8,5.0,0.25,0.1584883097969836,0.45389073732326113,0.6635950523025256,7.874259327482009e-6,7.87425932577006e-6,1.0500352003340454
743969568,0.1,0.8,5.0,0.25,0.1108716713067838,0.9149273349807349,0.7557664540781058,0.00013667464404129486,0.00013667464400508064,1.050168583065134
743969592,0.1,0.8,5.0,0.25,-0.5332197993166599,0.5284971211013026,0.6224521400640372,2.249788379280574e-5,2.2497883787872643e-5,1.0565886661110508
743969605,0.1,0.8,5.0,0.25,0.8203510890964925,0.5075444758341493,0.44233960802018213,0.00010461515963654668,0.00010461515961669572,1.0500185515600982
743970534,0.1,0.8,5.0,0.25,0.4445615777859649,1.0257288279062056,0.6796958487635486,0.0004105863792187047,0.00041058637914813466,1.050593371755662
74397106x,0.1,0.8,5.0,0.25,0.2263938001348142,1.4153296312930173,0.8713398177723312,0.0005945065792248916,0.0005945065791109395,1.050113703128611
74397253x,0.1,0.8,5.0,0.25,-0.12716230637828388,1.295968380836383,1.0131105637844244,0.0001799830703424459,0.00017998307030861333,1.0502407152032982
743972556,0.1,0.8,5.0,0.25,-0.16253024263219204,0.9955730035194866,0.8432494540755732,0.0001203636782915107,0.00012036367826892654,1.0505472075916056
743973161,0.1,0.8,5.0,0.25,-0.9649263803076638,1.5829823933677745,1.9870912454815348,1.6873412844604303e-5,1.687341284109318e-5,1.0500628842676856
743973399,0.1,0.8,5.0,0.25,-0.40247362951306337,1.129369807957115,0.985076336727951,0.00010405271254172655,0.00010405271252219691,1.0502996615171465
743973436,0.1,0.8,5.0,0.25,-0.06844488365173665,0.9809882146592722,0.888957083196598,8.605440550748195e-5,8.605440549206968e-5,1.0500887205321185
743973890,0.1,0.8,5.0,0.25,0.853075144230749,0.2957970506520957,0.32597650386377114,3.205948440474818e-5,3.205948439800799e-5,1.0519954349371368
743974252,0.1,0.8,5.0,0.25,-0.4112889294923667,0.9655060840723907,1.0697152220435242,3.1497037309928035e-5,3.1497037304170475e-5,1.0500996605496262
743974324,0.1,0.8,5.0,0.25,-0.0458147506169622,1.2501764739227517,1.0434252709728637,0.000129362831808633,0.0001293628317826916,1.0508620015944357
743974367,0.1,0.8,5.0,0.25,0.07394836791480806,1.034358896624839,0.9290330448716974,8.999153517122296e-5,8.999153515402592e-5,1.0500195387624653
74397480x,0.1,0.8,5.0,0.25,0.1287160896427339,0.6862776337592619,0.6995072629714647,4.780800305971219e-5,4.780800305074908e-5,1.0500382426277153
743975212,0.1,0.8,5.0,0.25,-0.4812599334975037,1.8843804141465343,1.39911021339796,0.00023116575597107898,0.00023116575592192835,1.0517913016955613
743975335,0.1,0.8,5.0,0.25,0.6492140341884353,0.29515014207020684,0.348047488722739,2.3060330887625882e-5,2.3060330882925222e-5,1.0500960026623143
743975538,0.1,0.8,5.0,0.25,0.09581403947934307,0.6285311407734177,0.6058622743884134,6.299407461985607e-5,6.29940746294959e-5,1.0507286372078843
743975618,0.1,0.8,5.0,0.25,-0.17267639230237614,0.6030518988107617,0.7134974068133021,2.249788379280574e-5,2.2497883788344342e-5,1.0517961493340149
743975896,0.1,0.8,5.0,0.25,0.3723441801095658,0.5883683105144328,0.5760004878204523,5.849449786129492e-5,5.849449785010543e-5,1.0500283843390565
743975941,0.1,0.8,5.0,0.25,-0.7552102996864926,3.647578460568469,1.9870912454815348,0.0010832731046235963,0.0010832731044074393,1.0525357612793573
743976725,0.1,0.8,5.0,0.25,-0.4806245075004559,1.6473472431948581,1.318898609427661,0.0001591725278341006,0.0001591725278023225,1.050987959298799
743977146,0.1,0.8,5.0,0.25,-0.12245028736116562,0.8160877318128686,0.7699825620730081,7.030588685251794e-5,7.030588683960727e-5,1.0501594418026328
743977496,0.1,0.8,5.0,0.25,0.5485312089836132,0.48997005473014194,0.45064644863017556,7.986748746446037e-5,7.986748744703995e-5,1.0501641803834074
743978237,0.1,0.8,5.0,0.25,-0.5502358794431859,0.901947058990027,1.1742977828937446,1.4061177370503587e-5,1.4061177367842491e-5,1.0500164154568123
743978528,0.1,0.8,5.0,0.25,0.08798528027670942,0.932480997066342,0.8931531552986797,6.524386299913664e-5,6.524386298665245e-5,1.0500349146395807
743978704,0.1,0.8,5.0,0.25,0.10303138996357789,0.8659856369030167,0.8847934030700342,4.724555596489205e-5,4.724555595615966e-5,1.0500119466915705
743978720,0.1,0.8,5.0,0.25,-0.042222136627007065,1.3870771253684522,0.9313418768421907,0.000380214236098417,0.00038021423602271773,1.052891025916552
743978990,0.1,0.8,5.0,0.25,-0.031635099839128086,0.7185954160452547,0.6556318714152846,7.874259327482009e-5,7.874259325893254e-5,1.06164681865553
743979264,0.1,0.8,5.0,0.25,-0.7420817102237762,3.6282810155873984,1.9870912454815348,0.0010619001150204309,0.0010619001147355034,1.0511483017675083
743979280,0.1,0.8,5.0,0.25,-0.3251737326878044,1.2593158034590013,1.0654064513832955,0.00012092612538633085,0.00012092612536020518,1.0507827236938954
743979459,0.1,0.8,5.0,0.25,0.13542031503890992,0.8246166006038042,0.7491329035382119,8.492951131784166e-5,8.492951130171849e-5,1.050217125560402
743979627,0.1,0.8,5.0,0.25,-0.2933810006756513,1.874241895653427,1.2067951563712296,0.00047414290093338095,0.0004741429008352519,1.050528533515215
743979790,0.1,0.8,5.0,0.25,-0.4352079315577604,1.340096493986206,1.100569677357932,0.00014061177370503587,0.00014061177367751549,1.0502962399818034
743979942,0.1,0.8,5.0,0.25,-0.4248048945333055,1.240025741052493,1.162659636696559,7.25556752317985e-5,7.255567521628204e-5,1.0501260874194636
74398053x,0.1,0.8,5.0,0.25,-0.005548234131589513,0.7002499216489768,0.7627208765505357,3.430927278402875e-5,3.4309272774736446e-5,1.0500325276915194
743980812,0.1,0.8,5.0,0.25,-0.20618396226044594,0.9663822856820211,0.9541826141171823,5.5682262387194207e-5,5.5682262377549896e-5,1.0514090405401177
743982201,0.1,0.8,5.0,0.25,0.09456272486109352,0.60710272256185,0.6936779832110018,2.6997460551366886e-5,2.6997460543968835e-5,1.0501160758837116
743982463,0.1,0.8,5.0,0.25,-0.3419592924730929,0.7920183197517955,0.8836136830689015,3.0372143120287746e-5,3.0372143114072154e-5,1.0504498593887737
743982682,0.1,0.8,5.0,0.25,1.4859740679498112,0.3627968459229908,0.19821034872723498,0.0010686494801582726,0.0010686494799297184,1.0523682610473253
743982826,0.1,0.8,5.0,0.25,-0.4346190199887454,0.7570551565403587,1.077678332051169,8.999153517122296e-6,8.999153515238964e-6,1.0500153765448719
743983319,0.1,0.8,5.0,0.25,-1.1076249307738937,1.3179468658955533,1.9870912454815348,6.749365137841721e-6,6.749365136383467e-6,1.0500866253399093
743983386,0.1,0.8,5.0,0.25,0.1907452908567878,0.4841434518678358,0.5923951865276118,1.912320122388488e-5,1.9123201219825483e-5,1.0506257539128014
743983474,0.1,0.8,5.0,0.25,-0.08740006050258017,1.0289623381153195,0.8918717230768294,0.0001074273951106474,0.00010742739508164872,1.0501992297415912
74398379x,0.1,0.8,5.0,0.25,0.42606369660503773,0.4430842387408753,0.39444729254161653,9.336621774014381e-5,9.33662177208305e-5,1.0516155255931263
743984207,0.1,0.8,5.0,0.25,-0.35224869489635713,0.7813159221096616,0.9126129358292575,2.418522507726617e-5,2.418522507280427e-5,1.0500927202504264
743984215,0.1,0.8,5.0,0.25,-0.7572990862509791,0.8792541099644638,1.374968906410112,5.624470948201435e-6,5.624470946953892e-6,1.0500326768914698
743985031,0.1,0.8,5.0,0.25,-0.7053645034149767,1.7617291184415285,1.4253922259538327,0.0001512982685066186,0.00015129826847848092,1.0505955943593384
743985269,0.1,0.8,5.0,0.25,-0.2796585128224752,0.9065527392735386,1.0080853421646037,3.093459021510789e-5,3.0934590209208105e-5,1.050036803265837
743985277,0.1,0.8,5.0,0.25,0.21546615926171325,1.388316790815499,0.8925703832577453,0.0004786424776919421,0.00047864247760568286,1.050126157696701
743985349,0.1,0.8,5.0,0.25,1.1663025752077665,0.13146279602577182,0.19821034872723498,6.749365137841721e-6,6.749365136105064e-6,1.05007803589484
743986034,0.1,0.8,5.0,0.25,-0.2643559521684965,0.7546260175478328,0.9747700890251946,1.462362446532373e-5,1.46236244623133e-5,1.0500650289416595
743986464,0.1,0.8,5.0,0.25,0.6503648329746727,0.35284003108702344,0.4224655362491201,2.1372989603165453e-5,2.1372989598929255e-5,1.050052784439312
743986480,0.1,0.8,5.0,0.25,0.046977657580531525,0.5426197284788296,0.7122586441084359,1.3498730275683443e-5,1.3498730272853162e-5,1.0500183463398618
743986616,0.1,0.8,5.0,0.25,0.037833785882018196,0.7156745287991553,0.7901670864759471,3.205948440474818e-5,3.205948439881548e-5,1.0500329767169352
743986755,0.1,0.8,5.0,0.25,0.3022230615242926,0.6697635373925729,0.5924205968628922,9.674090030906468e-5,9.67409002957377e-5,1.0509134400238163
743986894,0.1,0.8,5.0,0.25,0.37123315326975764,0.434179072679811,0.5450327314713285,1.6873412844604303e-5,1.687341284157514e-5,1.0500339380844441
743986966,0.1,0.8,5.0,0.25,-0.2267798856763112,1.0504712666326779,1.0168688834996402,6.186918043021579e-5,6.18691804174369e-5,1.050078985285288
743987088,0.1,0.8,5.0,0.25,-0.32388682756315024,1.568797589343781,1.3612779453443369,0.00010686494801582726,0.00010686494799337625,1.0501483861463536
743987221,0.1,0.8,5.0,0.25,-0.9408344226648877,2.15429786510333,1.9870912454815348,7.874259327482009e-5,7.874259325828284e-5,1.0501313370554055
743987248,0.1,0.8,5.0,0.25,-0.2664349411756129,0.4945981511303701,0.9290330448716974,2.249788379280574e-6,2.2497883789810387e-6,1.0500031770172915
743987766,0.1,0.8,5.0,0.25,-0.1154567881041781,0.9137904163668251,0.9525033347211938,4.274597920633091e-5,4.2745979198840466e-5,1.0500226328577764
743988259,0.1,0.8,5.0,0.25,-0.18796024747067533,1.208540034913096,1.140406633034244,7.030588685251794e-5,7.03058868378038e-5,1.0500272961757888
743988283,0.1,0.8,5.0,0.25,0.23696218252817863,0.5883929969288713,0.5760004878204523,5.849449786129492e-5,5.8494497849627835e-5,1.050072440819349
74398854x,0.1,0.8,5.0,0.25,0.11212298085868688,0.7582564048694217,0.7134974068133021,7.030588685251794e-5,7.030588683804225e-5,1.0529869050716745
743989163,0.1,0.8,5.0,0.25,-0.2033100142777254,0.6677709631756573,0.8918717230768294,1.2373836086043157e-5,1.2373836083716044e-5,1.0500787845460802
743989278,0.1,0.8,5.0,0.25,-0.4241963187615193,0.9622718238887876,1.1347798562804645,2.3060330887625882e-5,2.3060330883063922e-5,1.0500516573760468
743989323,0.1,0.8,5.0,0.25,-0.25769344839877784,0.8935293209617771,0.9551014263242648,3.7683955352949614e-5,3.768395534492479e-5,1.050087862595861
74398934x,0.1,0.8,5.0,0.25,-0.2989579593518947,0.9250180517135123,1.0962589929486029,2.249788379280574e-5,2.249788378842193e-5,1.0500411654065853
743989526,0.1,0.8,5.0,0.25,0.24229629839332928,0.6502699700861625,0.662783126526692,4.780800305971219e-5,4.7808003050147876e-5,1.0500736350255373
743990287,0.1,0.8,5.0,0.25,-0.27462723209502504,1.1088781683686548,1.122440852634877,4.949534434417263e-5,4.949534433471824e-5,1.050038247016356
743990930,0.1,0.8,5.0,0.25,-0.027515728525803796,0.6051726845022567,0.7172134822891117,2.249788379280574e-5,2.2497883788628342e-5,1.0500262554621373
743992207,0.1,0.8,5.0,0.25,-0.4180405896836577,1.0125128742601994,1.0992558531605643,3.487171987884889e-5,3.48717198725033e-5,1.0500372693790265
743992522,0.1,0.8,5.0,0.25,-0.5496071255717774,0.9698798050676128,1.2342868001178815,1.5748518654964018e-5,1.5748518651397172e-5,1.0501504196655453
743992637,0.1,0.8,5.0,0.25,0.02878558688313234,0.7177022876951009,0.7404393084109042,4.499576758561148e-5,4.499576757593695e-5,1.0500697585552108
743993656,0.1,0.8,5.0,0.25,-0.2992528805537956,0.4754374097351374,0.5629940110163293,2.249788379280574e-5,2.249788378777998e-5,1.050893878997586
743993736,0.1,0.8,5.0,0.25,1.324129683930517,0.2035364675786035,0.19821034872723498,5.961939205093521e-5,5.961939205655961e-5,1.0515647483877268
743993920,0.1,0.8,5.0,0.25,-0.9426392494403928,1.37800229033845,1.9870912454815348,8.436706422302152e-6,8.436706420637947e-6,1.0500141753502574
74399435x,0.1,0.8,5.0,0.25,-0.16894144028823346,0.8987815676275902,0.9318916189912404,4.387087339597119e-5,4.387087338670731e-5,1.0501494647634104
743994608,0.1,0.8,5.0,0.25,-0.18711427803748948,0.96798105259429,1.136074684746019,2.3622777982446025e-5,2.362277797800044e-5,1.0500050804040109
743994819,0.1,0.8,5.0,0.25,0.36514867661671946,1.1431131187644539,0.7436897758184948,0.00045108257004575507,0.0004510825699566118,1.0501317974706474
743995213,0.1,0.8,5.0,0.25,0.09551810954596193,1.2627321454433282,0.946112263280307,0.00022272904954877683,0.00022272904950456,1.0500520136286136
74399523x,0.1,0.8,5.0,0.25,-0.15085154126917522,1.2489373105915482,1.1440561525691102,8.15548287489208e-5,8.155482873282572e-5,1.0500282486303425
743995248,0.1,0.8,5.0,0.25,0.6233567127134361,0.42171142405181616,0.4419184060190568,4.162108501669062e-5,4.162108500886381e-5,1.0500457374075247
743995942,0.1,0.8,5.0,0.25,0.48787164051136767,0.37498567403180777,0.4707100878815927,1.6873412844604303e-5,1.687341284130635e-5,1.05006988616006
743996072,0.1,0.8,5.0,0.25,-0.0764801337739732,1.737814674350838,1.017716603471615,0.0007553664483434527,0.0007553664483977401,1.0523075401813071
743996291,0.1,0.8,5.0,0.25,-0.3532002806651203,1.7670625884017097,1.270227575264137,0.00027278684098776956,0.00027278684093537923,1.051001491910515
743996443,0.1,0.8,5.0,0.25,-0.25039452235409126,0.5187685001187404,0.70606511410249,1.124894189640287e-5,1.1248941894002143e-5,1.0502776627712156
743996945,0.1,0.8,5.0,0.25,-0.3429975044387085,1.1348650430782004,1.0907174134695987,6.411896880949636e-5,6.411896879599147e-5,1.0501039359505864
743996996,0.1,0.8,5.0,0.25,1.3299153359045874,0.378425535594797,0.26138047235799455,0.00033409357432316524,0.0003340935742512155,1.050343352902503
743999169,0.1,0.8,5.0,0.25,0.08590980132891571,1.1594638169547964,0.939294000512406,0.00015073582141179846,0.00015073582138363107,1.0500499960223781
743999257,0.1,0.8,5.0,0.25,-0.2138316587970793,1.007600045282023,0.9557523136572617,6.805609847323736e-5,6.805609846251074e-5,1.0513977197789337
743999273,0.1,0.8,5.0,0.25,0.021387751593360118,1.0833089934074291,0.709408362901662,0.00032509442080604295,0.00032509442073308525,1.1139142545873455
743999505,0.1,0.8,5.0,0.25,0.05865678964000911,0.7065117553507361,0.711845770459878,5.0620238533812914e-5,5.0620238522825785e-5,1.0501861005310937
743999628,0.1,0.8,5.0,0.25,0.10680919487178231,0.8526457020137946,0.8396250967974002,5.680715657683449e-5,5.680715656489085e-5,1.0500263693071425
743999644,0.1,0.8,5.0,0.25,0.20496259235139497,0.3774929173358858,0.49548427878497253,1.3498730275683443e-5,1.3498730273181336e-5,1.0500693071957055
746595274,0.1,0.8,5.0,0.25,-0.5735097352195936,1.9059468668160517,1.4993994553399492,0.00017435859939424447,0.00017435859936089872,1.050273448515698
747200262,0.1,0.8,5.0,0.25,-0.03718878740412815,0.6985602394790261,0.6889709400990569,5.624470948201435e-5,5.624470947250855e-5,1.0504714248827178
747200334,0.1,0.8,5.0,0.25,-0.19052816088430846,1.0489714944512136,1.0412832186925087,5.455736819755392e-5,5.455736818679291e-5,1.0500784717097607
747200916,0.1,0.8,5.0,0.25,-0.3488846074023872,1.242836942921034,1.1148396538460368,8.999153517122296e-5,8.99915351668543e-5,1.0513783608571265
747201329,0.1,0.8,5.0,0.25,-0.4719462952404835,0.9720878698915407,1.0486460493989282,3.5996614068489185e-5,3.599661406177616e-5,1.050078795027596
747201935,0.1,0.8,5.0,0.25,-0.6039412655756419,2.148840147718929,1.3868423728670767,0.0004612066177525177,0.0004612066176570547,1.0538905764082274
747201951,0.1,0.8,5.0,0.25,-0.7106666658163764,1.265218066804559,1.7793715926527063,9.56160061194244e-6,9.561600610007489e-6,1.0500022561847602
747202014,0.1,0.8,5.0,0.25,0.19284964809987948,0.549524800820339,0.6945322949854341,1.631096574978416e-5,1.6310965746272284e-5,1.0500175011603592
747202540,0.1,0.8,5.0,0.25,-0.2327299896708578,1.0879533278580702,1.0484801202639458,6.299407461985607e-5,6.299407460558743e-5,1.0509637693713614
747202882,0.1,0.8,5.0,0.25,-0.5212626010291512,1.1735601312784976,1.1281115747383743,6.299407461985607e-5,6.299407460701502e-5,1.0536368998404222
747203156,0.1,0.8,5.0,0.25,0.1805197449205566,0.7358762366236358,0.7820034580903161,3.88088495425899e-5,3.880884953508125e-5,1.0500441784235754
747203236,0.1,0.8,5.0,0.25,0.2755733921963216,0.7902660965272742,0.6486880100027064,0.00014061177370503587,0.00014061177369771905,1.050825885875633
747203340,0.1,0.8,5.0,0.25,-0.587656710520371,2.229637713644147,1.5087045287447005,0.0003700901883916544,0.0003700901882901598,1.0504278158722287
747203551,0.1,0.8,5.0,0.25,0.5161177277311373,0.6633316696648118,0.6051268985766044,8.324217003338124e-5,8.324217001774303e-5,1.0500578251366053
747204124,0.1,0.8,5.0,0.25,-0.43395511792062463,0.890740596909167,0.8311654752175411,7.368056942143879e-5,7.368056940492393e-5,1.0519395327420553
747204204,0.1,0.8,5.0,0.25,-0.5188588162070991,0.7073411325951854,0.7453200065338306,3.9933743732230185e-5,3.993374372406756e-5,1.0529693968548774
747204263,0.1,0.8,5.0,0.25,0.2086574375798702,1.111436801009849,0.8383128319511511,0.00021541723731611495,0.00021541723727360184,1.050074684605332
747204546,0.1,0.8,5.0,0.25,0.07651525756864444,1.0892502297724374,0.9423187164057206,0.00010855228930028769,0.00010855228928057295,1.0500250640257398
747204773,0.1,0.8,5.0,0.25,-0.5983490227725127,0.8843126039541948,0.7873555055287634,8.999153517122296e-5,8.999153514736219e-5,1.0592347848755523
74720495x,0.1,0.8,5.0,0.25,-0.29614635506977455,2.033094466911367,1.2709400569663352,0.0005495108116392802,0.0005495108115430736,1.050593869862074
747205143,0.1,0.8,5.0,0.25,0.16370098923218396,1.6073374678761687,0.9243535030431241,0.000835233935807913,0.000835233935636299,1.0502796985914056
747205223,0.1,0.8,5.0,0.25,-0.5842899278080331,2.380018018581258,1.3849021147974419,0.000772239861188057,0.000772239861042378,1.0544071534666892
74720583x,0.1,0.8,5.0,0.25,-0.8041725511889763,3.0741727367669895,1.9870912454815348,0.0004634564061317982,0.00046345640601855824,1.0512507022988364
747205848,0.1,0.8,5.0,0.25,1.4229614242449742,0.22206974645451075,0.19821034872723498,9.280377064532368e-5,9.28037706263817e-5,1.0501408841933482
747206285,0.1,0.8,5.0,0.25,-0.6275910859757924,1.1643042885218655,1.347717260976596,2.5310119266906457e-5,2.5310119261472727e-5,1.0500415593538437
747206541,0.1,0.8,5.0,0.25,-0.8906190623887607,1.973471383973344,1.9204690533793658,5.961939205093521e-5,5.9619392039618955e-5,1.0523098402718587
747206920,0.1,0.8,5.0,0.25,0.6608653699225063,1.0458199771073755,0.5624464661347655,0.001164265486277697,0.001164265486032446,1.050903785492454
747207667,0.1,0.8,5.0,0.25,-0.10395360318075389,0.9991371486034644,0.8497555631012855,0.00011811388991223013,0.00011811388989219617,1.0501915408316953
747207763,0.1,0.8,5.0,0.25,-0.167709468727053,1.421607601377569,1.0012835234630486,0.0003025965370132372,0.00030259653695341313,1.0506244336606911
747207982,0.1,0.8,5.0,0.25,0.42991639845101703,0.6321245863846265,0.6275283241136111,5.455736819755392e-5,5.455736818671426e-5,1.0500168955808178
74720831x,0.1,0.8,5.0,0.25,-0.00014827545937575202,1.8500458190480147,0.9969814863644703,0.0011378304728211503,0.0011378304726030557,1.0536042135688815
74720954x,0.1,0.8,5.0,0.25,0.41854430730358416,0.6043223687715459,0.5590355273211087,7.76176990851798e-5,7.761769907484575e-5,1.0501098409040812
747209611,0.1,0.8,5.0,0.25,-0.537822744877064,3.1284358856119017,1.6409957666655015,0.0013183759902584164,0.001318375989994558,1.0510165658845467
747209777,0.1,0.8,5.0,0.25,-0.4838031634694161,2.2774842091488656,1.530827893625348,0.00038246402447769754,0.00038246402440549645,1.0505301219262666
747209910,0.1,0.8,5.0,0.25,-1.0598599905858177,2.001457312297406,1.7815047849835213,9.336621774014381e-5,9.336621772019086e-5,1.0517657047782023
747210188,0.1,0.8,5.0,0.25,0.4153953978694318,0.4483933382224321,0.5314069087545705,2.249788379280574e-5,2.2497883791024347e-5,1.0500288740579806
747210364,0.1,0.8,5.0,0.25,1.442913373567254,0.18494189556164306,0.19821034872723498,3.712150825812947e-5,3.712150825289401e-5,1.0504647327877363
747210620,0.1,0.8,5.0,0.25,0.0630760848216847,0.7710595098531184,0.8886403222806486,2.58725663617266e-5,2.5872566356857617e-5,1.0500055643058575
747211025,0.1,0.8,5.0,0.25,-0.012607886680398533,1.2419617629907824,0.9044493783232228,0.00025591342814316526,0.0002559134281615577,1.0507586304215122
747211092,0.1,0.8,5.0,0.25,-0.13410858971589573,0.7742422033758598,0.7667366309595819,5.5119815292374064e-5,5.5119815294043024e-5,1.0504289872010795
747211500,0.1,0.8,5.0,0.25,-0.40771981866272017,1.5775828807412386,1.0045689345116244,0.00046514374741625866,0.00046514374723758014,1.0663324452714333
747211789,0.1,0.8,5.0,0.25,-0.7373879695109679,1.8182908671508753,1.9870912454815348,3.374682568920861e-5,3.3746825682620615e-5,1.0500176078535082
747211930,0.1,0.8,5.0,0.25,-0.42084136174982484,1.2249111123522727,1.2014291456523074,5.793205076647478e-5,5.793205075538727e-5,1.0500748351525193
747212415,0.1,0.8,5.0,0.25,0.40642004458896813,1.084620215886588,0.7123315083334517,0.0004302720275374098,0.0004302720274519217,1.050133559453896
747212511,0.1,0.8,5.0,0.25,0.12611331298518652,0.7655052934102565,0.8232662277261799,3.655906116330933e-5,3.655906115623597e-5,1.0500416152239538
747213119,0.1,0.8,5.0,0.25,0.45209115750221535,0.2717654270562543,0.4707100878815927,3.3746825689208607e-6,3.374682568254985e-6,1.0500058900412759
747213194,0.1,0.8,5.0,0.25,0.1040133906138799,1.0904691484733928,0.7977520538372302,0.0002491640630053236,0.0002491640629525689,1.0515888953792887
747213303,0.1,0.8,5.0,0.25,0.6690402378621302,0.5941291319038544,0.44108872490434536,0.0002328530972555394,0.00023285309720801167,1.0503550007620985
74721332x,0.1,0.8,5.0,0.25,-0.7651857829881213,0.9568158144617984,1.0974450212338078,2.6435013456546743e-5,2.643501345093147e-5,1.0505271604779014
747213557,0.1,0.8,5.0,0.25,0.3197714530213819,0.6704461092424222,0.6900077668340105,4.555821468043162e-5,4.555821467116406e-5,1.0500117918872895
74721367x,0.1,0.8,5.0,0.25,0.06141639413502215,1.0215737956276234,0.7063170201878075,0.00033184378594388464,0.0003318437858841706,1.0507053773708093
747213709,0.1,0.8,5.0,0.25,-0.2641289868719558,1.2499777321930192,0.875017901784514,0.0003025965370132372,0.0003025965369539424,1.057085626125862
74721375x,0.1,0.8,5.0,0.25,0.4310613180603971,0.9847469155460604,0.6893558871866652,0.0003127205847199998,0.0003127205846613102,1.0501406417304753
747213776,0.1,0.8,5.0,0.25,0.28837820400956143,1.2070487910666392,0.8107035989542061,0.00038471381285697814,0.0003847138127813656,1.0501051506021923
747213987,0.1,0.8,5.0,0.25,-0.04445405556029173,0.8886436433340895,0.9711492048472412,3.374682568920861e-5,3.374682568235859e-5,1.0500082568174174
747214285,0.1,0.8,5.0,0.25,0.0023741783771556546,0.4692712015578503,0.6204324968465251,1.29362831808633e-5,1.2936283177256757e-5,1.05139300503389
747214429,0.1,0.8,5.0,0.25,0.6401565693571333,0.5823933834831485,0.5313064723665866,8.324217003338124e-5,8.324217001796497e-5,1.0500265184137971
747214437,0.1,0.8,5.0,0.25,0.4245408561135594,0.5726667466675713,0.6178069748396787,3.5996614068489185e-5,3.599661406141561e-5,1.050012449107622
747214525,0.1,0.8,5.0,0.25,0.03980953015674346,1.1509198114134236,0.8280127507732744,0.0002716619467981293,0.0002716619467432091,1.0509931842943687
747214699,0.1,0.8,5.0,0.25,0.24415114587966008,0.6401505653853349,0.6422445585401398,5.17451327234532e-5,5.1745132713033786e-5,1.0500389743857608
747216045,0.1,0.8,5.0,0.25,-0.4421079348572813,0.8040347531571417,1.1594332683517168,8.436706422302152e-6,8.436706420921502e-6,1.0500067619488258
747216096,0.1,0.8,5.0,0.25,-0.4607072030580938,0.7500262553195084,0.8977392778193044,2.1372989603165453e-5,2.137298959851925e-5,1.050390547631894
747216424,0.1,0.8,5.0,0.25,-0.993868307011774,2.723492969557552,1.9110566682657877,0.0003076585608666185,0.0003076585608116062,1.0510817911883577
747216758,0.1,0.8,5.0,0.25,0.47074232094619795,0.4481470888170002,0.43028897801221827,6.411896880949636e-5,6.411896880576652e-5,1.0511402642935097
747216862,0.1,0.8,5.0,0.25,-0.07678378985403336,1.282455369361346,0.8062807830235001,0.0005230757981827335,0.0005230757980811028,1.054971302701947
747217056,0.1,0.8,5.0,0.25,-0.36193104658991554,1.3207742861104868,1.1392327251600096,0.00010967718348992798,0.00010967718348943689,1.050970475068207
747217232,0.1,0.8,5.0,0.25,-0.2588308330404102,0.7966349409140587,1.0290827846577248,1.462362446532373e-5,1.46236244627716e-5,1.0500153617355874
747217566,0.1,0.8,5.0,0.25,0.39050719418006646,0.5883668562850295,0.5760004878204523,5.849449786129492e-5,5.849449785040548e-5,1.0500257890551887
747218278,0.1,0.8,5.0,0.25,-0.822202881760067,2.7232425491764385,1.9870912454815348,0.00025310119266906456,0.00025310119261287496,1.0510110833763997
747218526,0.1,0.8,5.0,0.25,0.16090965843487082,0.8159179165649371,0.7898469942189708,6.186918043021579e-5,6.186918041708775e-5,1.0500409774142172
747219035,0.1,0.8,5.0,0.25,-0.010714573988027734,1.5524049484030187,0.963195096548329,0.0005714462483372658,0.0005714462482298067,1.05025147070652
747219190,0.1,0.8,5.0,0.25,0.166527195645729,0.5448944493039034,0.5721825583647323,4.105863792187047e-5,4.1058637913141424e-5,1.0507381024743205
747219369,0.1,0.8,5.0,0.25,-0.17971594857484885,0.8990329182924124,0.8292283358501443,7.874259327482009e-5,7.874259326118178e-5,1.0501640258438203
747220458,0.1,0.8,5.0,0.25,0.07666904404512113,0.6024552000679378,0.6215231211950848,4.499576758561148e-5,4.499576757747347e-5,1.0501002335497476
74722116x,0.1,0.8,5.0,0.25,-0.061538610992851454,0.821644817134357,0.6897005037839679,0.00012261346667079127,0.00012261346666682564,1.0561207189914932
74722124x,0.1,0.8,5.0,0.25,0.26264298573127565,0.7362946338251061,0.7559156556283573,4.6120661775251764e-5,4.612066176656491e-5,1.0500181578929317
747221346,0.1,0.8,5.0,0.25,-0.09588780603891146,0.4927597918156885,0.7014199488781314,8.999153517122296e-6,8.999153515486945e-6,1.0500607798362365
747221805,0.1,0.8,5.0,0.25,-0.16588130234698734,0.99797313418215,0.9696352166698684,6.074428624057549e-5,6.074428622823352e-5,1.050042804051568
747222859,0.1,0.8,5.0,0.25,0.1530123659326284,1.1777435137655352,0.8906920030756968,0.00021260500184201424,0.0002126050018012633,1.0500406027326423
747223157,0.1,0.8,5.0,0.25,-0.12644441238367493,0.9495576036249064,0.954760141067989,5.118268562863306e-5,5.1182685619263036e-5,1.0500259733566242
747223659,0.1,0.8,5.0,0.25,0.33028860227997303,0.782358051111851,0.6298574985282481,0.0001552353981703596,0.00015523539814153123,1.0504193666140607
747224950,0.1,0.8,5.0,0.25,0.18337271211150746,0.7625161265984312,0.7315933221515107,6.46814159043165e-5,6.468141589216642e-5,1.0500766874711498
747225259,0.1,0.8,5.0,0.25,-0.6389305846446607,1.2551893736062798,1.5864040180622636,1.631096574978416e-5,1.6310965746268032e-5,1.050018951636579
747225523,0.1,0.8,5.0,0.25,-0.4055949260518485,0.8631296994294864,1.1237583625712535,1.4061177370503587e-5,1.4061177367588598e-5,1.0500171844036679
747225646,0.1,0.8,5.0,0.25,-0.36142374934992505,1.323668668820837,1.1556363192565071,0.0001034902654469064,0.00010349026542148407,1.0504510677209733
747225785,0.1,0.8,5.0,0.25,1.080955663810513,0.16189224640786767,0.21621133325010378,1.2373836086043157e-5,1.2373836083691814e-5,1.0501330887092488
747226868,0.1,0.8,5.0,0.25,0.3483577621454798,1.240165710292593,0.741751077099979,0.0006799985376375534,0.0006799985374904289,1.052246665057894
747227262,0.1,0.8,5.0,0.25,-0.43912881834812767,1.0956478228149162,1.1248097905030487,4.6120661775251764e-5,4.6120661766766994e-5,1.0500510324726529
747227270,0.1,0.8,5.0,0.25,0.021971616830641024,0.710029215570008,0.8113555494811477,2.6997460551366886e-5,2.6997460546264678e-5,1.050021145600625
747227414,0.1,0.8,5.0,0.25,-0.16964122687506772,1.3715822835845137,0.943836177683313,0.0003402804923661868,0.00034028049230181193,1.050401797763409
747227529,0.1,0.8,5.0,0.25,0.007145942269063595,0.4797903753238162,0.5487225106169039,2.6435013456546743e-5,2.6435013450836213e-5,1.053562896841192
747227713,0.1,0.8,5.0,0.25,-0.3391926070145186,1.3027398915880375,1.0356475819891893,0.0001631096574978416,0.00016310965748319396,1.0532886429412454
747228775,0.1,0.8,5.0,0.25,0.27112560766354693,1.1056459441334237,0.71594459575581,0.0004612066177525177,0.00046120661766708184,1.0504011196231746
747229209,0.1,0.8,5.0,0.25,-0.14373726314294596,0.8636269943193066,0.9177230712054683,3.88088495425899e-5,3.880884953212243e-5,1.0500887969302317
747229807,0.1,0.8,5.0,0.25,1.1865143588311289,0.11443743290101965,0.19821034872723498,3.3746825689208607e-6,3.37468256834733e-6,1.0500085026169863
74722992x,0.1,0.8,5.0,0.25,0.08767076037728662,0.905388491577179,0.6807800939484395,0.00021822947279021568,0.00021822947275095732,1.0506137027189246
74723004x,0.1,0.8,5.0,0.25,0.2743263423035363,0.460278259916106,0.5945811487178863,1.462362446532373e-5,1.462362446257378e-5,1.0500160603705178
747230971,0.1,0.8,5.0,0.25,0.2184176538191807,0.9432986546112477,0.7964114371524537,0.00012261346667079127,0.00012261346664590262,1.0500300128212965
747230998,0.1,0.8,5.0,0.25,-0.14676849484679408,0.39570303296018816,0.7432264358973578,2.249788379280574e-6,2.2497883788076383e-6,1.0500682241239878
74723100x,0.1,0.8,5.0,0.25,-0.43805791499363667,1.400536870370206,1.2770437825237448,8.324217003338124e-5,8.324217001457143e-5,1.0505523558021406
747231165,0.1,0.8,5.0,0.25,-0.5967161793383013,1.729671276408653,1.3863827895645446,0.00015748518654964017,0.00015748518651596659,1.0520347691754952
747231624,0.1,0.8,5.0,0.25,-0.10951346917986604,1.0021426781014175,0.8681351385839626,0.0001074273951106474,0.00010742739508402675,1.050792184127499
747232168,0.1,0.8,5.0,0.25,0.17193849466165098,0.9260489979626992,0.754660661495934,0.0001462362446532373,0.0001462362446242376,1.050192395381051
747232424,0.1,0.8,5.0,0.25,-0.38303038910126047,0.42911673862090854,0.7432264358973578,3.3746825689208607e-6,3.374682568181316e-6,1.050038786009638
747232520,0.1,0.8,5.0,0.25,-0.8551304166310905,2.1948991666501496,1.6101542114376235,0.00024635182753122287,0.0002463518274831832,1.0510746547162757
747232539,0.1,0.8,5.0,0.25,0.8656191265408184,0.23901572019990097,0.19821034872723498,0.00012880038471381285,0.00012880038468659433,1.0585571943997636
747232846,0.1,0.8,5.0,0.25,0.5709295340323837,0.2759610330031463,0.40346576429865216,7.874259327482009e-6,7.874259325957953e-6,1.050018015351434
74723311x,0.1,0.8,5.0,0.25,-0.26299661910061933,1.0827000173374945,1.0299879879823142,6.749365137841721e-5,6.749365136185994e-5,1.0500766930401115
747233291,0.1,0.8,5.0,0.25,-0.13741046435736715,0.4137384503618501,0.7432264358973578,2.8122354741007174e-6,2.8122354734992236e-6,1.0500065746927962
74723362x,0.1,0.8,5.0,0.25,1.3580036480324948,0.14559683922412128,0.19821034872723498,1.124894189640287e-5,1.1248941894889359e-5,1.0500280643861355
747234710,0.1,0.8,5.0,0.25,-0.49884586365630473,1.2516076568343233,1.297787688700833,4.387087339597119e-5,4.387087338426207e-5,1.0500909736027
747234761,0.1,0.8,5.0,0.25,-0.7431493279127828,1.672941748826777,1.7050489490629703,4.780800305971219e-5,4.780800305042029e-5,1.050126135462672
747235123,0.1,0.8,5.0,0.25,0.5575340717530879,0.18473849166237302,0.19821034872723498,3.5996614068489185e-5,3.5996614063086884e-5,1.0557871151084626
747235131,0.1,0.8,5.0,0.25,0.16160446425415653,0.5949899315681086,0.688723145030326,2.5310119266906457e-5,2.5310119262403538e-5,1.0500348673276727
747235262,0.1,0.8,5.0,0.25,-0.250036482319444,0.8124409735859651,0.9946118397003352,1.912320122388488e-5,1.9123201220167854e-5,1.050083161295779
747235780,0.1,0.8,5.0,0.25,1.3874111714813533,0.23081424314822815,0.19821034872723498,0.0001124894189640287,0.00011248941893924416,1.0502956449189997
747235860,0.1,0.8,5.0,0.25,-0.628199711118653,0.5120468544976545,0.8361297403845276,4.499576758561148e-6,4.499576757568076e-6,1.0514758892469218
747236644,0.1,0.8,5.0,0.25,-0.31265683477449846,0.8853862240811619,0.8175490794870937,7.311812232661866e-5,7.311812231132257e-5,1.0646614781952737
747237268,0.1,0.8,5.0,0.25,0.11415409499206375,0.7917193570712282,0.7467939477392831,7.030588685251794e-5,7.030588683907975e-5,1.0504363830771277
747237882,0.1,0.8,5.0,0.25,0.2910056418737941,0.6444156028846907,0.7140282241101347,3.1497037309928035e-5,3.149703730387661e-5,1.0500122056095793
747238375,0.1,0.8,5.0,0.25,0.4552202321078095,0.6674627320696188,0.6134234970849298,7.986748746446037e-5,7.986748744814101e-5,1.0509697838283978
747238797,0.1,0.8,5.0,0.25,-0.5354012506484407,1.2131634868126575,1.1066947376738339,8.211727584374094e-5,8.21172758271225e-5,1.052936544655838
747239124,0.1,0.8,5.0,0.25,1.2092020882855758,0.17495029474648918,0.19821034872723498,2.8122354741007175e-5,2.812235473594187e-5,1.0504506074792994
747240088,0.1,0.8,5.0,0.25,-0.010470436426544154,0.5886866634695201,0.5760004878204523,5.849449786129492e-5,5.8494497847999357e-5,1.0505965312592038
747240520,0.1,0.8,5.0,0.25,0.08861748939046887,0.8947607857193165,0.731276490355965,0.00014342400917913658,0.0001434240091421448,1.0512320157823476
747240627,0.1,0.8,5.0,0.25,0.12563512159577062,0.5820701281020649,0.6830605032008089,2.3622777982446025e-5,2.3622777977704528e-5,1.0501408787635274
747241064,0.1,0.8,5.0,0.25,-0.08996365576831673,1.0096173836282878,1.0442801497840666,4.4433320490791335e-5,4.44333204820223e-5,1.0500153866762463
747241662,0.1,0.8,5.0,0.25,-0.2903393140216982,0.8077561043354985,0.9831824339143087,1.968564831870502e-5,1.968564831452653e-5,1.0500592713156858
747241988,0.1,0.8,5.0,0.25,-0.02053063658942431,0.48850838096445215,0.6410328009614712,1.3498730275683443e-5,1.3498730272899715e-5,1.0503421711311318
747242067,0.1,0.8,5.0,0.25,-0.19791561455691983,0.9292532991555371,0.9493832857708301,4.724555596489205e-5,4.724555595480295e-5,1.0500692900773978
747243537,0.1,0.8,5.0,0.25,0.4439705576458809,0.6997115352588879,0.5413961474627904,0.00018392020000618692,0.00018392019996610234,1.0565148521807177
747243596,0.1,0.8,5.0,0.25,1.4549675000157003,0.1055228829030248,0.19821034872723498,2.249788379280574e-6,2.2497883788785633e-6,1.0500007477844355
747243684,0.1,0.8,5.0,0.25,-0.7832233173413823,2.1889167943971675,1.8726392182649554,0.00011473920734330927,0.00011473920732010888,1.0500993507564498
747243959,0.1,0.8,5.0,0.25,0.33118738562478145,1.1613693640470149,0.748275756579927,0.0004718931125541004,0.0004718931124516547,1.050842389232884
747244695,0.1,0.8,5.0,0.25,0.2223344290233889,0.9823800504159722,0.7108779095721427,0.0002649125816602876,0.00026491258160839167,1.0501748630529468
747245022,0.1,0.8,5.0,0.25,0.18511836171957471,0.8552275084819155,0.7382715977166818,0.00010967718348992798,0.00010967718346845075,1.0501222561780386
747245567,0.1,0.8,5.0,0.25,-0.3055785093569271,1.3185820161795687,1.1084787062335855,0.00012486325505007184,0.0001248632550237035,1.0507284294925379
747245751,0.1,0.8,5.0,0.25,-0.10519538276500791,1.7965198165518352,1.1349312550982016,0.0005118268562863305,0.0005118268561807012,1.0544729947335076
74724576x,0.1,0.8,5.0,0.25,0.2932222768908116,0.8022081427006993,0.744319399272596,7.649280489553951e-5,7.649280488140001e-5,1.050028847394497
747246009,0.1,0.8,5.0,0.25,0.1330310162385754,1.1309219282145628,0.9134581041357646,0.00015298560979107903,0.00015298560976226101,1.0500536661109823
747246084,0.1,0.8,5.0,0.25,1.2046077861808313,0.27625391467353144,0.2548204948390797,7.874259327482009e-5,7.874259326145229e-5,1.0500978362530724
747246092,0.1,0.8,5.0,0.25,-0.20851682019237233,0.9808862739958588,0.9669376101135657,5.624470948201435e-5,5.624470946698343e-5,1.0509970303745175
747247298,0.1,0.8,5.0,0.25,1.275047344908357,0.17890713769699948,0.19821034872723498,3.1497037309928035e-5,3.149703730124248e-5,1.0501347286099332
747247511,0.1,0.8,5.0,0.25,0.751240450801567,0.2984928412459133,0.361290632498971,2.0248095413525164e-5,2.0248095409906304e-5,1.0500210436384687
74724752x,0.1,0.8,5.0,0.25,-0.4161641443454406,1.5586494612502053,1.2324761099503176,0.00016985902263568333,0.00016985902259898048,1.0503882137671499
747247714,0.1,0.8,5.0,0.25,-0.2326417753536131,2.0757738538455115,0.9565599157777197,0.0020349335890592793,0.002034933589123582,1.096870689279239
747248303,0.1,0.8,5.0,0.25,-0.43636995249911587,1.7176299404848634,1.319280225174242,0.00019629403609223008,0.00019629403604331627,1.0505306992869976
747248442,0.1,0.8,5.0,0.25,-0.1322684314299329,1.203654270903695,0.9648765732118033,0.00015861008073928047,0.00015861008069994407,1.050416323340569
747249322,0.1,0.8,5.0,0.25,1.0732700232168384,0.21684670371053727,0.19821034872723498,8.211727584374094e-5,8.211727582507616e-5,1.050841492540305
747249488,0.1,0.8,5.0,0.25,0.22879917468461786,0.5445444423556852,0.5721825583647323,4.105863792187047e-5,4.105863791417291e-5,1.0500631724214118
748965080,0.1,0.8,5.0,0.25,0.45232893677695857,0.48053688824247387,0.5136027338348106,3.7683955352949614e-5,3.7683955345765684e-5,1.0501848019953728
74989136x,0.1,0.8,5.0,0.25,0.2394983435526993,1.1742092068820484,0.8331282729988054,0.0002924724893064746,0.0002924724892487064,1.050060263648223
750259118,0.1,0.8,5.0,0.25,0.2384067668881654,0.38314175643680126,0.5878245511987827,6.1869180430215785e-6,6.186918041975402e-6,1.050060960428895
750401356,0.1,0.8,5.0,0.25,0.6076794437814417,0.42900490914643685,0.4568656724897871,3.824640244776976e-5,3.824640244013678e-5,1.0508802647851445
750401890,0.1,0.8,5.0,0.25,-0.384606604798854,1.6337554826216434,1.4864528717947156,8.436706422302153e-5,8.436706420734365e-5,1.0500233246546458
750401970,0.1,0.8,5.0,0.25,-0.4304717003453609,1.7402303613348158,1.061856446801661,0.0005720086954320859,0.0005720086950451235,1.067721596854526
750402287,0.1,0.8,5.0,0.25,1.4192487349111969,0.21632042303241997,0.19821034872723498,8.042993455928052e-5,8.042993454427603e-5,1.052653102976107
750402543,0.1,0.8,5.0,0.25,0.419099475279859,1.443769365284872,0.7534523770174849,0.0013571848398010063,0.0013571848395416547,1.050296299379575
750402754,0.1,0.8,5.0,0.25,1.4245292446815854,0.1618736690705538,0.21621133325010378,1.2373836086043157e-5,1.2373836083498679e-5,1.0500125846300503
750402770,0.1,0.8,5.0,0.25,-0.0945915611382696,0.7931172089736561,0.8918717230768294,2.924724893064746e-5,2.924724892450493e-5,1.0500635762949955
750402930,0.1,0.8,5.0,0.25,0.2567007313333597,1.6495527637869132,0.8715689715072303,0.0012683181988194236,0.0012683181985672324,1.0515173100347854
750403466,0.1,0.8,5.0,0.25,-0.3005313484400801,1.1385773856735169,1.19628909908645,4.105863792187047e-5,4.105863791300279e-5,1.0501301336938198
750403706,0.1,0.8,5.0,0.25,0.3601308770141644,1.1327177239513067,0.7394489078115396,0.00044264586362345294,0.00044264586353770594,1.0505092053095673
750404362,0.1,0.8,5.0,0.25,0.45374013804221675,0.8543846129566204,0.6550077765696962,0.00019854382447151065,0.00019854382443351985,1.0501064006602663
750405453,0.1,0.8,5.0,0.25,-0.7170840458264153,1.2195939196414611,1.257910686052601,4.499576758561148e-5,4.4995767576178316e-5,1.0503371610467798
750405613,0.1,0.8,5.0,0.25,0.1467555756537279,1.22467844431413,0.7727463701722728,0.0005197011156138126,0.0005197011155218418,1.0525239585129416
75040598x,0.1,0.8,5.0,0.25,0.4311963197462175,0.7734686164143172,0.6579323395934124,0.00011811388991223013,0.00011811388988879228,1.050023184715984
750405998,0.1,0.8,5.0,0.25,0.17527470786149751,0.9446778340672229,0.7481812740780338,0.00016873412844604306,0.00016873412841469622,1.0501078972525968
750407096,0.1,0.8,5.0,0.25,0.20812344295518645,0.882100551375438,0.6652167774663031,0.00021541723731611495,0.00021541723727949393,1.0502590421148803
750407782,0.1,0.8,5.0,0.25,0.3903040706387066,0.5516126915661795,0.5622289366536626,4.780800305971219e-5,4.780800305096125e-5,1.0500707356305738
750408101,0.1,0.8,5.0,0.25,-0.02862531111351212,0.7356271538883757,0.7666967257468543,4.274597920633091e-5,4.274597919706375e-5,1.0501533190608863
750408806,0.1,0.8,5.0,0.25,1.640620302152083,0.25646593427163833,0.19821034872723498,0.0001901071180492085,0.00019010711801141457,1.0507546144368034
750408929,0.1,0.8,5.0,0.25,0.3379796881421296,0.37497545583499603,0.6131618096153202,4.499576758561148e-6,4.499576757694239e-6,1.0500041888153582
750409374,0.1,0.8,5.0,0.25,-0.048549672596138495,0.8716986837619352,0.7926086050507496,8.380461712820138e-5,8.380461711451277e-5,1.05208696066684
750411028,0.1,0.8,5.0,0.25,0.35938548990842206,0.4452679585678431,0.5797166341758584,1.4061177370503587e-5,1.4061177367475607e-5,1.0500233703329518
750411060,0.1,0.8,5.0,0.25,0.018174691015647317,0.7220862967340216,0.794483441252982,3.262193149956832e-5,3.2621931493207565e-5,1.0500257250069744
750411087,0.1,0.8,5.0,0.25,0.30265182789376766,0.5228114651326049,0.5902092243373374,2.8684801835827318e-5,2.868480183027758e-5,1.050041248163639
750411108,0.1,0.8,5.0,0.25,-0.625432901020652,1.2153117332168266,1.455159104742323,2.1372989603165453e-5,2.1372989597402726e-5,1.050030163847285
750411837,0.1,0.8,5.0,0.25,-0.09021945025479336,0.7068003110208426,0.7250989791387873,4.6120661775251764e-5,4.612066176725826e-5,1.0507948904186415
75041195x,0.1,0.8,5.0,0.25,-0.3240817026207443,1.2599984819093557,1.1984526278844896,6.749365137841721e-5,6.749365136377243e-5,1.0502536152613087
750412944,0.1,0.8,5.0,0.25,-0.6625632496469692,1.2821501866271954,0.9479853274926315,0.0002249788379280574,0.0002249788378887464,1.061956116447392
750413031,0.1,0.8,5.0,0.25,0.007597707154341645,0.9259126805489754,0.7628645494922741,0.0001383619853257553,0.00013836198529034805,1.0503084546372605
750413218,0.1,0.8,5.0,0.25,-0.24747833736912367,0.6528235636164791,0.9181032693601231,9.56160061194244e-6,9.56160061010768e-6,1.050015689012485
750413242,0.1,0.8,5.0,0.25,1.2963951678871146,0.151019080399254,0.19821034872723498,1.3498730275683443e-5,1.3498730273146855e-5,1.0501335458876915
750413883,0.1,0.8,5.0,0.25,-0.14397985887674683,1.128094868993744,1.0333410181657783,8.15548287489208e-5,8.155482873456811e-5,1.0500491774620875
750414050,0.1,0.8,5.0,0.25,-0.17719921361752505,1.3291279083938692,1.0290146693656623,0.0001889822238595682,0.0001889822238092969,1.0501676606459531
750414288,0.1,0.8,5.0,0.25,-0.16311497421858231,1.0897004168002165,0.9357220941355089,0.0001124894189640287,0.00011248941893977773,1.0503535759260594
750414608,0.1,0.8,5.0,0.25,0.3182182400794331,0.6185362648545267,0.5022495590546252,0.0001462362446532373,0.00014623624463163277,1.0539796319577859
750415328,0.1,0.8,5.0,0.25,-0.4111055817255462,0.7335218932577224,1.019871839356885,1.0124047706762582e-5,1.0124047704967733e-5,1.0500120037327227
750415694,0.1,0.8,5.0,0.25,0.8749631365372073,0.4543927357874791,0.41509448350952755,8.267972293856109e-5,8.267972292350056e-5,1.0500312775034715
750415942,0.1,0.8,5.0,0.25,0.3076708931951536,0.9875322330021119,0.6753458970578585,0.0003504045400729494,0.0003504045399993574,1.0507724785208288
750415977,0.1,0.8,5.0,0.25,0.22454877975845777,1.697212784878722,0.9188173812930365,0.001129393766398848,0.0011293937661963815,1.0503538587720815
750415985,0.1,0.8,5.0,0.25,0.005379189768126445,0.6993749983134826,0.6846258790855129,5.849449786129492e-5,5.849449785068362e-5,1.0501018121202081
750416427,0.1,0.8,5.0,0.25,0.7572504430380413,0.4774794818802894,0.4519783471246049,6.918099266287765e-5,6.918099264803961e-5,1.0501161715923615
750416451,0.1,0.8,5.0,0.25,-0.5478222303191173,1.9162567135948076,1.4748198289284649,0.0001940442477129495,0.00019404424767468053,1.0508293321558968
750416662,0.1,0.8,5.0,0.25,-0.1038440521216221,0.528626408748588,0.5563875719220274,4.049619082705033e-5,4.0496190823005665e-5,1.0512021009819645
750416806,0.1,0.8,5.0,0.25,-0.12373966335757165,0.9087958786667446,0.840707569992383,7.76176990851798e-5,7.761769907087466e-5,1.0500908111341043
750417032,0.1,0.8,5.0,0.25,-0.13945222145822112,0.88274750043155,0.9354035612296516,3.937129663741004e-5,3.937129662953081e-5,1.0500238267759734
750417534,0.1,0.8,5.0,0.25,-0.7635589147326403,1.9228907037124163,1.7564411926883712,8.267972293856109e-5,8.267972292115133e-5,1.0501196947457514
750417681,0.1,0.8,5.0,0.25,0.08198309632207282,0.6323143924171899,0.8445754695635079,1.2373836086043157e-5,1.2373836083709766e-5,1.0500049638392581
75041793x,0.1,0.8,5.0,0.25,0.2036632386705565,0.5194810659939214,0.5819603277973346,2.9809696025467603e-5,2.9809696020099834e-5,1.050031804978971
750418086,0.1,0.8,5.0,0.25,0.3323614070979958,0.8370867056392902,0.7106226012662019,0.00011923878410187041,0.00011923878407880037,1.0501359856176873
750418211,0.1,0.8,5.0,0.25,-0.4588385904653906,1.2838668685922887,1.2824609683112094,5.2870026913093485e-5,5.287002690025242e-5,1.0501021537553248
750418297,0.1,0.8,5.0,0.25,1.0836265672974905,0.17109355108205726,0.2675615098350892,5.624470948201435e-6,5.6244709469873935e-6,1.0500048058551605
750418887,0.1,0.8,5.0,0.25,-0.11756571897003146,0.8261401849212379,0.9290330448716974,2.924724893064746e-5,2.9247248925356276e-5,1.0500336129237124
750419038,0.1,0.8,5.0,0.25,-0.8957463791729205,2.5984104711063822,1.9870912454815348,0.00020079361285079122,0.00020079361280816383,1.0503585839795124
750419118,0.1,0.8,5.0,0.25,-0.34600684570298795,1.1402233040837384,1.1199402204767446,5.7369603671654635e-5,5.736960366116255e-5,1.0506457821593231
750419193,0.1,0.8,5.0,0.25,0.8099057559284264,0.6463542575641638,0.48328299419503273,0.0002249788379280574,0.0002249788378922012,1.0501186866619343
750419433,0.1,0.8,5.0,0.25,0.5415477691873145,0.8217409645770264,0.6129324432416321,0.0002277910734021581,0.00022779107335829505,1.050056355203364
750419468,0.1,0.8,5.0,0.25,-0.37142427734914596,1.1109718822746395,0.9935524023741559,9.167887645568339e-5,9.167887648257227e-5,1.0506451336228926
750419476,0.1,0.8,5.0,0.25,0.3686753239191428,1.1457519731521966,0.7364857154078297,0.0004775175835023018,0.00047751758340280485,1.0508144409094555
750419484,0.1,0.8,5.0,0.25,-0.03439510567047267,1.2428306483229152,0.8061721954819395,0.00044827033457165436,0.00044827033448277293,1.0545659855151162
750419564,0.1,0.8,5.0,0.25,-0.032162167311365876,0.7616310200989675,0.8002410617415664,4.105863792187047e-5,4.105863791418752e-5,1.0501238072078976
75041961x,0.1,0.8,5.0,0.25,0.19937964536534966,1.333746163768132,0.8340226317451579,0.0005455736819755391,0.0005455736819786438,1.0517736476493267
750419740,0.1,0.8,5.0,0.25,0.06850948724800748,0.7317822794120591,0.876224839550633,2.1372989603165453e-5,2.1372989599210162e-5,1.0500038542002588
750419978,0.1,0.8,5.0,0.25,-0.049811993547512305,0.8357665806442546,1.011613728469361,2.0248095413525164e-5,2.0248095409705056e-5,1.0500042844742794
750420119,0.1,0.8,5.0,0.25,1.2910210584847317,0.18076816520516062,0.19821034872723498,3.3184378594388464e-5,3.318437858854059e-5,1.0500416036257194
750420135,0.1,0.8,5.0,0.25,-0.4360404486575143,0.825858174480812,1.0511345611460903,1.5748518654964018e-5,1.574851865199034e-5,1.050018218149475
750420354,0.1,0.8,5.0,0.25,-0.7792904179869042,2.3322341789020444,1.88439445755526,0.0001524231626962589,0.00015242316266423926,1.05047994072308
750420717,0.1,0.8,5.0,0.25,0.13186988782067846,1.3200812875670043,0.8254605891486181,0.0005495108116392802,0.0005495108115352083,1.050283888945664
750420848,0.1,0.8,5.0,0.25,-0.1463589145627947,0.43923917452119515,0.44021874873912664,5.118268562863306e-5,5.1182685620008784e-5,1.0534296495534998
750420856,0.1,0.8,5.0,0.25,0.35598883424943484,0.3413300902928379,0.4990234742281683,7.874259327482009e-6,7.874259328305972e-6,1.0500483033828527
750421031,0.1,0.8,5.0,0.25,-0.37652525214522325,1.0091297990196448,1.1787916910595586,2.418522507726617e-5,2.4185225072679623e-5,1.050019968601749
750421074,0.1,0.8,5.0,0.25,-0.6864466305442039,1.1228120096448893,1.3828515680759348,1.8560754129064736e-5,1.8560754123947173e-5,1.0500500000853612
750421904,0.1,0.8,5.0,0.25,-0.338287946958821,0.9832297730845239,1.0221776235047366,4.330842630115105e-5,4.330842629341582e-5,1.0500543800802358
750422026,0.1,0.8,5.0,0.25,0.3232646443271977,0.46734198401240956,0.47296228705462723,4.949534434417263e-5,4.949534433465945e-5,1.050250835265187
750422114,0.1,0.8,5.0,0.25,-0.14387559399075872,1.3595387308819877,1.0319028002768704,0.00020866787217827323,0.00020866787213887493,1.050169246256968
750422464,0.1,0.8,5.0,0.25,0.6972973783419162,0.6137433541573443,0.5009576720923179,0.000145111350463597,0.00014511135043558857,1.050130116371835
75042331x,0.1,0.8,5.0,0.25,0.44050117018127766,1.1586857785718823,0.6545083589340329,0.0009089145052293519,0.0009089145050330287,1.0513407364269125
750423870,0.1,0.8,5.0,0.25,-0.1602030576948238,1.282025764462652,1.1695772726584992,8.324217003338124e-5,8.3242170017474e-5,1.0500180728255994
75042403x,0.1,0.8,5.0,0.25,1.251785271695343,0.2067426479530724,0.2012320646416355,5.961939205093521e-5,5.961939204530819e-5,1.0520902667442795
750424443,0.1,0.8,5.0,0.25,1.2675316694191143,0.12676644013717075,0.19821034872723498,5.624470948201435e-6,5.624470947130708e-6,1.0501691435648015
750424638,0.1,0.8,5.0,0.25,-0.12049643500771627,0.8943048687112466,0.7371592842116487,0.00013779953823093516,0.00013779953820240457,1.050684494339094
750424961,0.1,0.8,5.0,0.25,0.18767838663671058,0.4913498754999554,0.6689037923076221,1.124894189640287e-5,1.1248941893966206e-5,1.0500318624009872
750425403,0.1,0.8,5.0,0.25,-0.6488064697097045,1.6951440402629392,1.3697388427569295,0.00015186071560143873,0.00015186071912025702,1.0511806678472466
750425868,0.1,0.8,5.0,0.25,-0.5796798422240091,0.41338657326071915,0.8918717230768294,1.124894189640287e-6,1.1248941894108887e-6,1.0500966121253994
750425913,0.1,0.8,5.0,0.25,0.17167783963666033,1.3109856353667189,0.9224509529187309,0.0003048463253925178,0.00030484632533819096,1.050113100557899
750426123,0.1,0.8,5.0,0.25,0.1336779323005272,0.5239108015058885,0.611865492678243,2.418522507726617e-5,2.4185225072489664e-5,1.05024103935996
75042649x,0.1,0.8,5.0,0.25,-0.2766210514352543,0.7105181699982961,0.8918717230768294,1.6873412844604303e-5,1.6873412840284195e-5,1.0500979905097987
750427003,0.1,0.8,5.0,0.25,-0.25115279458884204,1.1243421013602908,0.9680903249885007,0.00011023963058474813,0.00011023963059009455,1.0517503462913478
750427230,0.1,0.8,5.0,0.25,0.33873691363033487,0.5651115946206089,0.6570797289292917,2.4747672172086314e-5,2.4747672168967535e-5,1.0500425498612718
750427396,0.1,0.8,5.0,0.25,-0.7051468420603693,0.9776080239311898,1.474065811782824,6.749365137841721e-6,6.749365136180611e-6,1.0500087523990622
750427409,0.1,0.8,5.0,0.25,0.05677243078287931,1.3449808000741974,0.986464159223876,0.00024747672172086314,0.0002474767216898136,1.0503294025203973
750427417,0.1,0.8,5.0,0.25,-0.38099252706793824,0.9529231522570037,1.1183788138494344,2.3622777982446025e-5,2.362277797613469e-5,1.0500267759237125
750427572,0.1,0.8,5.0,0.25,0.03826751550925677,1.4736305075926477,0.8559500145419836,0.0007924879566015822,0.0007924879564412162,1.0508465097991786
750428137,0.1,0.8,5.0,0.25,0.887282886664795,0.2020963606397326,0.27499378482600223,1.124894189640287e-5,1.1248941893436968e-5,1.0505359040355424
750428145,0.1,0.8,5.0,0.25,-0.7683141314607721,2.160359860150152,1.762343194914657,0.00014454890336877688,0.00014454890338704365,1.0515508369704063
750428313,0.1,0.8,5.0,0.25,0.11159065523605267,0.6438112164768927,0.5919455972481608,7.930504036964023e-5,7.93050403736294e-5,1.0519962845145654
750428727,0.1,0.8,5.0,0.25,1.3777116023476088,0.17345750338620536,0.19821034872723498,2.6997460551366886e-5,2.699746054583657e-5,1.0500253949782103
75042905x,0.1,0.8,5.0,0.25,-0.04116360193760361,0.6028227930024527,0.7848471474946322,1.4061177370503587e-5,1.4061177367976444e-5,1.0500207064451756
750429906,0.1,0.8,5.0,0.25,0.9118793736050229,0.12056023332431447,0.26012925256407526,1.124894189640287e-6,1.1248941893995006e-6,1.0500021108715558
750429957,0.1,0.8,5.0,0.25,0.34148570096532155,0.6553497800349611,0.588542419750301,8.999153517122296e-5,8.999153514690938e-5,1.0501532373542422
75043043x,0.1,0.8,5.0,0.25,-0.27033817074924354,0.5807115130813514,0.7618070967947917,1.3498730275683443e-5,1.349873027357886e-5,1.0506412753807515
750430755,0.1,0.8,5.0,0.25,0.2826296044344897,0.7124476381417462,0.6148858140365859,0.00010911473639510784,0.00010911473636613004,1.051427704008291
750431045,0.1,0.8,5.0,0.25,-0.21563252122773044,1.0648467761469969,0.8388549191037984,0.00016873412844604306,0.0001687341284203296,1.0557407825688028
750431360,0.1,0.8,5.0,0.25,-0.5166179720156874,0.6938806782805802,1.085110624761981,5.624470948201435e-6,5.6244709471352295e-6,1.0500066825051355
750431678,0.1,0.8,5.0,0.25,-0.019648815571417455,1.7960988857089926,1.1030313966176855,0.0006018183914575535,0.000601818391335138,1.050139267228165
750431723,0.1,0.8,5.0,0.25,-0.03883600841868913,0.5945195332854749,0.7803877576922257,1.3498730275683443e-5,1.349873027210387e-5,1.050013098133661
750432398,0.1,0.8,5.0,0.25,0.44691658788772165,0.9067304883791751,0.665187645952216,0.00024747672172086314,0.00024747672167202276,1.0500858186239748
750432822,0.1,0.8,5.0,0.25,-0.26857665434236483,0.858322870231897,1.044764044788136,1.968564831870502e-5,1.9685648315004568e-5,1.0500262158187577
750433163,0.1,0.8,5.0,0.25,-0.18342833379084214,0.9877315625391873,0.9560594349481116,6.186918043021579e-5,6.186918041594427e-5,1.0501631803901612
750433446,0.1,0.8,5.0,0.25,0.0025903024719424665,2.1245518918122523,0.9998226949829152,0.0022599124269873363,0.0022599124265499917,1.0517769541559991
750433585,0.1,0.8,5.0,0.25,1.3329474025982033,0.16195346031945373,0.19821034872723498,1.912320122388488e-5,1.9123201219571566e-5,1.0503871670026084
750433745,0.1,0.8,5.0,0.25,-0.4250053003696127,0.767037477793934,1.0442331566117071,1.124894189640287e-5,1.1248941894416626e-5,1.0500123105236163
750434422,0.1,0.8,5.0,0.25,-0.3458480009528788,1.6812610078199195,1.1871612955520923,0.0002924724893064746,0.000292472489248828,1.0551301367617127
750434545,0.1,0.8,5.0,0.25,-0.17667772948494903,1.1474251158994009,0.861952098758272,0.00021935436697985596,0.00021935436693690146,1.0505327200971148
750434588,0.1,0.8,5.0,0.25,0.30097154323934616,0.5817784014804693,0.609646536035882,4.162108501669062e-5,4.162108500972437e-5,1.0500607469366106
750436081,0.1,0.8,5.0,0.25,-0.5561662286695643,0.9422023657560261,1.2473277952854118,1.29362831808633e-5,1.2936283178182917e-5,1.050024197802619
750436268,0.1,0.8,5.0,0.25,-0.4350413052286277,0.7532590625775214,0.6689037923076221,9.111642936086324e-5,9.111642934355467e-5,1.0593976102058886
750436399,0.1,0.8,5.0,0.25,-0.6651918911644626,0.890006365306789,1.3206561398979855,7.311812232661865e-6,7.311812231074963e-6,1.0500161334006004
750436401,0.1,0.8,5.0,0.25,-0.2649875332210644,1.0911905638960613,1.1148396538460368,4.724555596489205e-5,4.724555595578124e-5,1.0500588058738183
750436786,0.1,0.8,5.0,0.25,0.1597513172213896,1.0971606527046018,0.6959526512160695,0.0005084521737174097,0.000508452173627359,1.0515698578591341
750437308,0.1,0.8,5.0,0.25,-0.5817762602855225,0.8726614989124906,0.7444651277226277,0.00010124047706762583,0.00010124047704497336,1.0797624987223973
75043748x,0.1,0.8,5.0,0.25,-0.5989371934925358,1.5904999616174904,1.500722777403224,7.030588685251794e-5,7.030588683355985e-5,1.0501043820279117
750437615,0.1,0.8,5.0,0.25,-0.022169328033076294,0.6246909625211344,0.7163437896422783,2.6435013456546743e-5,2.643501345077799e-5,1.050764606682303
750437674,0.1,0.8,5.0,0.25,0.4191588536323807,0.20667440083651298,0.4459358615384147,1.124894189640287e-6,1.1248941894235855e-6,1.050000663635979
75043801x,0.1,0.8,5.0,0.25,0.04294609696853937,0.8860489768251812,0.9141685303296694,4.499576758561148e-5,4.4995767576755606e-5,1.0500131756324242
750438079,0.1,0.8,5.0,0.25,0.037849343788857535,0.4970179028203175,0.7494199659033037,6.749365137841721e-6,6.749365136555912e-6,1.0500060672111282
750438247,0.1,0.8,5.0,0.25,-0.7065420050192809,2.0413198169834708,1.9870912454815348,6.018183914575535e-5,6.0181839134577496e-5,1.0500204822086787
750438386,0.1,0.8,5.0,0.25,0.12829205869578966,0.8536875763175632,0.7147415563674885,0.00012767549052417258,0.00012767549049945963,1.0503306545064715
750438431,0.1,0.8,5.0,0.25,-0.08522505849032384,1.3168739397272307,1.1127846417099616,0.00012205101957597113,0.00012205101955238453,1.0500800752315835
750438642,0.1,0.8,5.0,0.25,0.0065452892796139745,0.9914802924290934,0.8111116527902142,0.00014286156208431644,0.0001428615620493348,1.0510369559541362
750440240,0.1,0.8,5.0,0.25,-0.13020286541789675,1.4653931224699828,1.0607580965771026,0.00026435013456546744,0.00026435013451464053,1.0502664840198719
75044062x,0.1,0.8,5.0,0.25,-0.44055175685425396,0.5006248126704183,0.8670975321734495,3.3746825689208607e-6,3.374682568297657e-6,1.050014883871892
750441817,0.1,0.8,5.0,0.25,-0.7038969003932942,2.9926831704257464,1.8147656025929575,0.0006400647939053233,0.0006400647937487823,1.0504926896916642
750442035,0.1,0.8,5.0,0.25,-0.7850422216366685,2.7462675817390343,1.9323887333331304,0.0003042838782976976,0.0003042838782386548,1.0504857974882797
750442377,0.1,0.8,5.0,0.25,-0.38516794266340615,1.6226347579622786,1.0253771993621703,0.0005163264330448917,0.0005163264329380285,1.0523249487022053
750442721,0.1,0.8,5.0,0.25,0.194934017424515,0.4149850198308848,0.5493412894927683,1.29362831808633e-5,1.2936283178448443e-5,1.050088481079434
750444372,0.1,0.8,5.0,0.25,-0.05939301042545434,0.630046500562428,0.849401661276865,1.1811388991223012e-5,1.1811388988898332e-5,1.0500184333053824
750444604,0.1,0.8,5.0,0.25,0.22277840305256666,0.9857845068060885,0.8226969936881424,0.00012992527890345315,0.00012992527887938137,1.0500282088923507
750444874,0.1,0.8,5.0,0.25,-0.1859572319600543,1.2831136293542313,1.0660260808143156,0.00013273751437755386,0.0001327375143511427,1.0502584201091132
750444954,0.1,0.8,5.0,0.25,-0.5118415107357308,2.3934231311146434,1.4854981236322995,0.0005691964599579852,0.000569196459805311,1.0507334505113848
750445092,0.1,0.8,5.0,0.25,0.2686947952763633,0.8392587787019751,0.7635413078779275,8.436706422302153e-5,8.436706420855796e-5,1.05008967403123
750445105,0.1,0.8,5.0,0.25,-0.10782909333074583,2.4561575240967475,1.2587722984254541,0.0014724864942391356,0.0014724864939860511,1.052195392606651
750445113,0.1,0.8,5.0,0.25,0.05114310461415424,0.8842475865541845,0.7469939699600951,0.00012205101957597113,0.00012205101955027862,1.0503792284969016
750445340,0.1,0.8,5.0,0.25,-1.0293651102485737,2.060916672851628,1.8012071863722987,0.00010292781835208626,0.0001029278183307334,1.0504800966609573
750445455,0.1,0.8,5.0,0.25,0.284005933416333,1.1572119939206849,0.7966304551050792,0.00033971804527136665,0.0003397180452151715,1.0503400305775816
750446300,0.1,0.8,5.0,0.25,0.3232342716940311,0.29211576032470604,0.4397422960926707,6.749365137841721e-6,6.749365136474988e-6,1.0517239998118884
75044724x,0.1,0.8,5.0,0.25,0.4270072616961845,0.7084227345918501,0.6535083895891652,7.874259327482009e-5,7.874259325971524e-5,1.0500186191560887
75044732x,0.1,0.8,5.0,0.25,-0.4071149430588422,0.960353138200239,1.1165287855059136,2.4747672172086314e-5,2.4747672167145527e-5,1.0501510838303887
750449093,0.1,0.8,5.0,0.25,-0.027443873045047598,1.2069779522921473,1.0496096575108844,0.00010574005382618697,0.00010574005380787756,1.0500772115282304
750449384,0.1,0.8,5.0,0.25,-0.4333213752132915,1.3798214907997515,1.168075404892097,0.00012092612538633085,0.00012092612536375421,1.050136171693968
750449907,0.1,0.8,5.0,0.25,-0.6142061793071653,1.7845813410285145,1.326568490545334,0.00023060330887625884,0.00023060330882662114,1.0510688942292161
753750658,0.1,0.8,5.0,0.25,0.038576291095013426,1.4075400076568672,0.7738824992216692,0.0010281532893312224,0.001028153289147564,1.0538329385838308
753750885,0.1,0.8,5.0,0.25,-0.771835347496286,0.8435080135128988,0.8385533264214613,5.17451327234532e-5,5.174513271384031e-5,1.0596983200704673
753750906,0.1,0.8,5.0,0.25,-0.6162314400090193,2.2182749315259223,1.7053629456746633,0.00019573158899740994,0.00019573158896043623,1.0501805841194645
75375128x,0.1,0.8,5.0,0.25,0.6606402356899364,0.4332095000127823,0.4232851524611542,5.9056944956115064e-5,5.905694494444746e-5,1.0500460886909964
753751378,0.1,0.8,5.0,0.25,0.09472541159981109,1.1130769023862273,0.9338227335929501,0.00012655059633453228,0.0001265505963109779,1.0500391921765138
753751511,0.1,0.8,5.0,0.25,0.09775821862578374,1.1797178142793612,0.7679067822152114,0.00044545809909755365,0.00044545809897717864,1.052218376846174
753751853,0.1,0.8,5.0,0.25,-0.793527275792363,1.50408325809281,1.7187111330126401,2.6997460551366886e-5,2.6997460546440298e-5,1.0500307659450816
753752303,0.1,0.8,5.0,0.25,1.2517668692702115,0.12121667183517724,0.19821034872723498,4.499576758561148e-6,4.499576757620674e-6,1.05002422135279
753752370,0.1,0.8,5.0,0.25,-0.735104836156814,1.5544555993851543,1.5018530234461258,6.243162752503592e-5,6.243162751264543e-5,1.0501892712600616
753752717,0.1,0.8,5.0,0.25,0.6986995604933206,0.45838268615174493,0.4728778340156132,4.499576758561148e-5,4.4995767577236606e-5,1.0501287179624288
753752987,0.1,0.8,5.0,0.25,-1.2099594639415912,3.053604428186804,1.9870912454815348,0.00041227372050316516,0.00041227372041957865,1.0689452366925345
753754165,0.1,0.8,5.0,0.25,-0.751189435256941,1.7310159882410558,1.707934315669922,5.624470948201435e-5,5.6244709467016953e-5,1.0500529498634616
753754253,0.1,0.8,5.0,0.25,-0.24449666200844025,0.6465381261500103,0.8228578194921901,1.5748518654964018e-5,1.574851865206214e-5,1.0500718541761878
753754851,0.1,0.8,5.0,0.25,-1.2647878174613534,1.355017482811613,1.5575441145882707,2.58725663617266e-5,2.5872566356553942e-5,1.0527718424684653
753755475,0.1,0.8,5.0,0.25,0.09350778895768586,0.8438662566183064,0.8819620467154775,4.2183532111510764e-5,4.218353210339504e-5,1.0500083590886056
753755627,0.1,0.8,5.0,0.25,-0.24204216488431768,1.0810677196568301,1.0017162433985758,7.649280489553951e-5,7.649280487585345e-5,1.0514332004912585
75375574x,0.1,0.8,5.0,0.25,-0.19914333468434187,0.7396691869665096,0.8244307794937001,3.0372143120287746e-5,3.03721431135821e-5,1.0514433108494958
753756347,0.1,0.8,5.0,0.25,1.6136054402111917,0.21330798651414512,0.19821034872723498,7.593035780071936e-5,7.593035778606175e-5,1.0500145606345235
753756988,0.1,0.8,5.0,0.25,0.6692677050739023,0.6467212452829372,0.4708184982241625,0.0002570383223328056,0.00025703832228807054,1.0501749502951936
75375742x,0.1,0.8,5.0,0.25,-0.04375196394912114,0.4051563530673219,0.6216075387943006,6.1869180430215785e-6,6.186918042972296e-6,1.050047941448159
753757630,0.1,0.8,5.0,0.25,0.42750867802558423,1.0981566215841385,0.7270473883619988,0.00041339861469280543,0.00041339861461604603,1.0500872432443344
753757737,0.1,0.8,5.0,0.25,0.13600895015893893,0.9069833334483598,0.6803380179061982,0.00021935436697985596,0.0002193543669447668,1.0520658638049036
753758035,0.1,0.8,5.0,0.25,-0.6827903790659899,1.2666218604861441,1.493703854498144,2.3060330887625882e-5,2.3060330882671427e-5,1.0500427742057286
753758318,0.1,0.8,5.0,0.25,-0.44348181478944726,1.315979021963778,1.210397399215351,7.874259327482009e-5,7.874259325896611e-5,1.0531170930199496
753758473,0.1,0.8,5.0,0.25,1.4264977248111024,0.2477619583038139,0.19821034872723498,0.00015973497492892074,0.00015973497488851952,1.0510561456822887
753758537,0.1,0.8,5.0,0.25,-0.2786861042206511,1.4067046720385021,1.115089929700639,0.00016704678716158262,0.0001670467871775445,1.0512912040674605
753758748,0.1,0.8,5.0,0.25,0.18466970882861317,0.6478449070763131,0.658533185931408,4.837045015453234e-5,4.837045014185712e-5,1.050449013938957
753758887,0.1,0.8,5.0,0.25,-0.2937253125978868,0.744557162509392,1.1891622974357725,5.062023853381291e-6,5.062023852479924e-6,1.0500009623234412
753759038,0.1,0.8,5.0,0.25,0.6932167335233612,0.3712594783978481,0.3412560893218428,7.986748746446037e-5,7.986748744952006e-5,1.0508016746433002
753759062,0.1,0.8,5.0,0.25,-0.218556082228296,1.0380687144748229,1.0162192011197808,5.849449786129492e-5,5.8494497852261084e-5,1.050058083569144
753759767,0.1,0.8,5.0,0.25,-0.3425627633574654,0.5703182916344995,0.8918717230768294,5.624470948201435e-6,5.624470947083172e-6,1.0500166618150155
753759775,0.1,0.8,5.0,0.25,-1.1733694409711,0.9209594471060266,1.9870912454815348,1.124894189640287e-6,1.1248941893928164e-6,1.0500209945633936
753760274,0.1,0.8,5.0,0.25,-0.3166903691931944,1.1169199144958435,1.1087099863563743,5.455736819755392e-5,5.4557368184857636e-5,1.0501008566964323
753760581,0.1,0.8,5.0,0.25,0.014147568081921672,1.1059977605243274,0.7333986254697543,0.0004083365908394242,0.0004083365907644492,1.0510130688888408
75376083x,0.1,0.8,5.0,0.25,0.17510245013559916,0.5472124412389475,0.6552127603622506,2.1372989603165453e-5,2.1372989598792307e-5,1.0500214747768961
753761197,0.1,0.8,5.0,0.25,-0.16001267985406326,0.9351894404989097,0.883480429427822,6.974343975769779e-5,6.974343974217704e-5,1.0505085909077774
753761250,0.1,0.8,5.0,0.25,-0.21887396969738537,1.3402162523707084,1.055768881792212,0.00017267125810978403,0.0001726712580710149,1.0508957420011775
753761402,0.1,0.8,5.0,0.25,-0.4014889079561449,1.480308007014954,1.2846081948020955,0.00010686494801582726,0.00010686494799509871,1.0500547998762002
753761808,0.1,0.8,5.0,0.25,0.060033560695815454,0.8548986090257235,0.8958891785961873,4.162108501669062e-5,4.162108500847658e-5,1.050014412555267
753761955,0.1,0.8,5.0,0.25,-0.04179863293730438,0.8136328292733559,0.7930085786127774,5.961939205093521e-5,5.961939203439577e-5,1.0506805425244194
753762034,0.1,0.8,5.0,0.25,-0.004134118785984913,0.5125924954878506,0.6785980655757607,1.29362831808633e-5,1.2936283178456244e-5,1.0500146143668054
753762499,0.1,0.8,5.0,0.25,-0.15963504232979042,0.6473117892458299,0.8125942413064177,1.6873412844604303e-5,1.687341284155986e-5,1.0500181596651028
753763256,0.1,0.8,5.0,0.25,-1.372193729809556,2.359828906422984,1.9870912454815348,0.00012148857248115099,0.00012148857245918818,1.0547590028955665
753763301,0.1,0.8,5.0,0.25,-0.6895289124410356,2.6100859716954696,1.7779004157515101,0.0003577163523056112,0.0003577163522182617,1.0505996273208784
75376331x,0.1,0.8,5.0,0.25,-0.33263658685654496,1.1511582939917768,1.2129042687779596,4.049619082705033e-5,4.049619082399344e-5,1.0500822261490361
753764187,0.1,0.8,5.0,0.25,0.00871988543311026,0.9854371524095672,0.6815738745476153,0.00032003239695266165,0.00032003239688990147,1.0579735932167649
753764435,0.1,0.8,5.0,0.25,-0.04535149021845665,0.920981805013271,0.8746730725484223,6.805609847323736e-5,6.805609846018715e-5,1.0500972089105483
753764777,0.1,0.8,5.0,0.25,-0.14072279379067515,0.6273204874085982,0.8304747535514131,1.29362831808633e-5,1.293628317735075e-5,1.0500228599154744
753765390,0.1,0.8,5.0,0.25,-0.1423199719718781,1.2430972382192549,0.9803278290521594,0.00017154636392014376,0.000171546363889728,1.051126746084075
75376577x,0.1,0.8,5.0,0.25,0.21569754439461733,1.2651844163327726,0.8043067153864212,0.0005050774911484889,0.000505077491039798,1.0506502214409639
753765884,0.1,0.8,5.0,0.25,-0.24972056334997766,0.7385492035607556,0.986464159223876,1.2373836086043157e-5,1.2373836083737291e-5,1.0500134730750563
753766051,0.1,0.8,5.0,0.25,-0.8397472348578999,1.3826463773347237,1.6227110989622955,2.3622777982446025e-5,2.3622777977962835e-5,1.0500291117223683
753766246,0.1,0.8,5.0,0.25,-0.19333002224880716,1.7025392056027173,0.9348984732262827,0.0010405271254172654,0.001040527125222766,1.0526393717260727
753766254,0.1,0.8,5.0,0.25,0.2758904029060182,1.3109489330100497,0.7651025018664486,0.0007452424006366901,0.0007452424006389335,1.0587764215311029
753766852,0.1,0.8,5.0,0.25,-0.42914411549537645,1.9539002740841798,0.8849988830197627,0.0013076894954568337,0.001307689495026556,1.2191478142327432
753766932,0.1,0.8,5.0,0.25,-0.7426111924375225,1.1633531735033864,1.3786849818859217,2.249788379280574e-5,2.249788378858503e-5,1.050064122856817
753767038,0.1,0.8,5.0,0.25,-0.8385716213705704,1.9021813438796678,1.81247321468881,6.693120428359708e-5,6.693120426919561e-5,1.0501521190083425
753767206,0.1,0.8,5.0,0.25,0.10438814450744564,1.271457068822723,0.9378892377929607,0.0002407273565830214,0.0002407273565369591,1.0501290653868485
75376745x,0.1,0.8,5.0,0.25,-0.1002047121069419,0.8013083310759932,0.8816203361816238,3.262193149956832e-5,3.2621931493027316e-5,1.0500591036691997
753767767,0.1,0.8,5.0,0.25,0.04433649226299923,0.7375668733009066,0.8087311615478424,3.3184378594388464e-5,3.318437858808033e-5,1.0500454746748955
753767855,0.1,0.8,5.0,0.25,-0.8352633504052456,2.2572899292168223,1.9578149456430483,0.00010686494801582726,0.00010686494799385929,1.0506214633465498
753767978,0.1,0.8,5.0,0.25,-1.0560239784836032,1.1061713969819984,1.9870912454815348,2.8122354741007174e-6,2.812235473512185e-6,1.0500062838005297
75376833x,0.1,0.8,5.0,0.25,-0.1529045953117893,1.6440245129151532,1.1986781667599764,0.000254788533953525,0.0002547885338988773,1.0504305352578736
753768364,0.1,0.8,5.0,0.25,-0.5344235561192028,2.409081400603563,1.559055551100176,0.0004617690648473378,0.0004617690647553843,1.0507575950835484
753768460,0.1,0.8,5.0,0.25,0.3377521170054106,0.5019810127180865,0.5522941334754156,3.262193149956832e-5,3.262193149274841e-5,1.0500562061979504
753768495,0.1,0.8,5.0,0.25,0.47438936190201647,0.3136717003086264,0.49052944060429654,5.624470948201435e-6,5.62447094698587e-6,1.0500054292019552
753768516,0.1,0.8,5.0,0.25,-0.8562204767179507,1.6267014808327096,1.8080671972224318,3.093459021510789e-5,3.093459020873343e-5,1.0505144766188454
753768727,0.1,0.8,5.0,0.25,0.10409228490483266,1.3484639474783064,0.8458071443087423,0.0005399492110273377,0.0005399492109267348,1.0507394264087448
753768794,0.1,0.8,5.0,0.25,-0.10634153349372866,0.6413585268243007,0.7762587376882618,2.0248095413525164e-5,2.024809540997196e-5,1.0500625158763832
753768882,0.1,0.8,5.0,0.25,-0.811069918087369,2.619820969090763,1.9870912454815348,0.0002081054250834531,0.0002081054250415517,1.051464812888426
753769017,0.1,0.8,5.0,0.25,-0.06043184533602753,0.8634209948246229,0.7520172778308152,0.00010461515963654668,0.00010461515961519485,1.050687297125412
753770587,0.1,0.8,5.0,0.25,0.07620757973603808,0.46028375597061333,0.5945811487178863,1.462362446532373e-5,1.4623624462640332e-5,1.050028598318894
753771395,0.1,0.8,5.0,0.25,0.7862000161616984,0.3750814059755449,0.33900715061023895,8.717929969712224e-5,8.71792996806295e-5,1.0501023282906177
753771731,0.1,0.8,5.0,0.25,0.043490260921335046,0.7393720505358038,0.7416107354992675,5.17451327234532e-5,5.174513273325241e-5,1.050293651893344
753771977,0.1,0.8,5.0,0.25,0.538993899548404,0.38680845857719565,0.4855746024236206,1.6873412844604303e-5,1.6873412840959182e-5,1.0500186982519077
753772443,0.1,0.8,5.0,0.25,0.016440553135373178,0.7809743646330253,0.7265870253839072,7.536791070589923e-5,7.536791068656713e-5,1.0502905668795348
753773454,0.1,0.8,5.0,0.25,0.812816225466728,0.38433056831232487,0.4228702233043031,3.262193149956832e-5,3.2621931493311844e-5,1.0500101781219615
753773534,0.1,0.8,5.0,0.25,0.08134672039382988,0.6375948326445046,0.6835431223721447,3.712150825812947e-5,3.712150825029993e-5,1.0501500762016203
753773681,0.1,0.8,5.0,0.25,-0.844629292551895,1.6713084348936533,1.8388446772952374,3.262193149956832e-5,3.2621931491130125e-5,1.050043386278942
753774430,0.1,0.8,5.0,0.25,0.27653698965598156,0.6119083900092163,0.6179635478679473,5.005779143899277e-5,5.0057791428955654e-5,1.0500907508975796
753774764,0.1,0.8,5.0,0.25,1.3764025640062079,0.200887874655128,0.19821034872723498,5.624470948201435e-5,5.624470946686655e-5,1.050046865844439
753775134,0.1,0.8,5.0,0.25,1.22261972965129,0.20337909506599158,0.23648114352731361,2.4747672172086314e-5,2.474767216743256e-5,1.0500271851338454
753775409,0.1,0.8,5.0,0.25,0.10649315876173615,0.28449979651879875,0.477788407888388,3.9371296637410044e-6,3.937129662936029e-6,1.0500452821303128
753775425,0.1,0.8,5.0,0.25,-0.06747788541137283,1.9219050796292645,1.1825013164921032,0.0005961939205093521,0.0005961939203945495,1.0501477669258428
753776057,0.1,0.8,5.0,0.25,0.439045062117737,0.3197167333598866,0.28369496407011613,9.224132355050353e-5,9.224132352428638e-5,1.0576117212402014
753776065,0.1,0.8,5.0,0.25,0.7764877283357302,0.4103306338301046,0.3762583831730374,8.099238165410066e-5,8.099238173216453e-5,1.0504044238464103
753776217,0.1,0.8,5.0,0.25,0.6888765865196488,0.29018831123521793,0.343742226602528,2.249788379280574e-5,2.2497883787922452e-5,1.050549004569299
753776380,0.1,0.8,5.0,0.25,-0.19871015689377144,0.798071606436753,0.8430311449189107,3.937129663741004e-5,3.9371296628035116e-5,1.0533189970632328
753776508,0.1,0.8,5.0,0.25,0.611423347493641,0.43828557792621864,0.42823999064183016,5.9056944956115064e-5,5.9056944940263445e-5,1.0500582320993748
753776655,0.1,0.8,5.0,0.25,-0.20665253881789716,1.1046541606221654,1.0423007661772636,7.030588685251794e-5,7.030588683815208e-5,1.0501045919364045
753777033,0.1,0.8,5.0,0.25,0.16721795935024747,0.5475219059197084,0.6395204430148138,2.418522507726617e-5,2.418522507123068e-5,1.0501096786729058
753777228,0.1,0.8,5.0,0.25,0.4659376630035599,0.7352175446200258,0.6334401786037855,0.00011080207767956826,0.00011080207765758147,1.0500217488473629
75377764x,0.1,0.8,5.0,0.25,1.2849546564613488,0.1314745760627405,0.19821034872723498,6.749365137841721e-6,6.749365136569257e-6,1.050172130623978
753777746,0.1,0.8,5.0,0.25,-0.2476639387866689,1.607571078595294,1.1230682079418959,0.00031497037309928034,0.00031497037303595773,1.0507701576768522
753777762,0.1,0.8,5.0,0.25,-0.329472805818596,0.8880769642433275,1.1148396538460368,1.6873412844604303e-5,1.6873412841651042e-5,1.050014341569436
753777914,0.1,0.8,5.0,0.25,-0.34369745113554934,1.0609158747459202,1.094400955210698,4.499576758561148e-5,4.4995767573564095e-5,1.050189741390704
753778255,0.1,0.8,5.0,0.25,-0.15322832146101395,0.6540990635905758,0.8105813316505559,1.7998307034244593e-5,1.7998307030867452e-5,1.0500215658601855
753778431,0.1,0.8,5.0,0.25,0.615786164918948,0.2969728560230703,0.41290355974751075,1.0124047706762582e-5,1.0124047706073756e-5,1.0500135708295415
753778589,0.1,0.8,5.0,0.25,0.136226515363051,0.8134188468983453,0.7993327397147391,5.7369603671654635e-5,5.736960367377588e-5,1.0501416401499597
753779768,0.1,0.8,5.0,0.25,0.42588732222760417,0.3935927206782479,0.4597633367067001,2.418522507726617e-5,2.4185225072754908e-5,1.0500266341412583
753779987,0.1,0.8,5.0,0.25,0.2555930781754317,1.1652744280207519,0.8248966002007083,0.0002958471718753955,0.00029584717181831285,1.0500569119591288
753780072,0.1,0.8,5.0,0.25,-0.4031269755830623,0.9633648192590633,1.193807462660131,1.7998307034244593e-5,1.7998307030592983e-5,1.050044687211805
753780224,0.1,0.8,5.0,0.25,0.3024623695550159,0.6031597657694522,0.6589941159462701,3.374682568920861e-5,3.3746825682244065e-5,1.050272179055819
753780312,0.1,0.8,5.0,0.25,-0.13263196178953754,0.7931046476623048,0.8918717230768294,2.924724893064746e-5,2.9247248923059665e-5,1.0500469455030512
753780371,0.1,0.8,5.0,0.25,1.0098307454808122,0.508739743710219,0.37079470037038775,0.00025535098104834515,0.0002553509809934858,1.050345701713057
753780435,0.1,0.8,5.0,0.25,-0.3911015069758201,1.3666584462881595,1.144906565965745,0.00012373836086043157,0.0001237383608348088,1.0562985706258363
753780566,0.1,0.8,5.0,0.25,0.26072274095940123,0.3882773108507105,0.5598972460133563,8.436706422302152e-6,8.436706420260342e-6,1.0500179286099467
753780777,0.1,0.8,5.0,0.25,-0.13035878430016953,1.0852458153024909,0.9639954689499625,9.505355902460425e-5,9.50535590062986e-5,1.0501638657195522
75378118x,0.1,0.8,5.0,0.25,0.016510796026131713,0.6469338251836427,0.8807233548902076,1.124894189640287e-5,1.1248941894542243e-5,1.0500153097553113
753781657,0.1,0.8,5.0,0.25,-0.28717328877318077,0.8964567522256661,1.097351956323841,1.912320122388488e-5,1.9123201220462926e-5,1.0501924739171826
753781681,0.1,0.8,5.0,0.25,0.026933715062222367,0.6301042935032418,0.6859614633189508,3.430927278402875e-5,3.430927277765594e-5,1.0505773619539172
753782174,0.1,0.8,5.0,0.25,0.01795449438528587,1.9150824469111272,1.100533387004617,0.0008386086183768339,0.0008386086182143411,1.050195152186435
753782385,0.1,0.8,5.0,0.25,0.14629117584099247,0.8672785115089995,0.6867412097580555,0.00016873412844604306,0.00016873412841663478,1.0503221164865801
753782596,0.1,0.8,5.0,0.25,-0.6273128139425415,1.3929566535732074,1.284720042805087,7.874259327482009e-5,7.874259325908925e-5,1.0502308709491162
753782625,0.1,0.8,5.0,0.25,-0.07166334974817375,0.6588388261417535,0.8066193039755194,1.912320122388488e-5,1.912320121876785e-5,1.050016381348657
753782799,0.1,0.8,5.0,0.25,0.1228383547192891,0.7603044380066709,0.6177355282065892,0.0001462362446532373,0.000146236244626964,1.053347237419019
753782860,0.1,0.8,5.0,0.25,-0.101013029688888,0.9854064875322347,0.9100513472182907,7.818014617999995e-5,7.818014619812896e-5,1.050335017230248
753783054,0.1,0.8,5.0,0.25,-0.510346539973596,1.0214895335503766,1.2658075236376876,1.7998307034244593e-5,1.7998307030638634e-5,1.0500682741928038
753783433,0.1,0.8,5.0,0.25,0.7775077074649115,0.26305423166783587,0.35134338995157,1.2373836086043157e-5,1.2373836083591288e-5,1.0500506633839155
753783679,0.1,0.8,5.0,0.25,-0.1425400951821876,1.1425274693509586,0.9689858178083943,0.00011980123119669056,0.00011980123116502049,1.0501578753881695
75378388x,0.1,0.8,5.0,0.25,-0.7500632020832798,1.2606347290870017,0.9800272995637671,0.00017829572905798548,0.00017829572901815658,1.0580849225924662
753784241,0.1,0.8,5.0,0.25,-1.0320898281096729,1.1916834636427136,1.6390098621358373,1.0686494801582727e-5,1.068649479944657e-5,1.0500498337024389
753784452,0.1,0.8,5.0,0.25,0.38627858795323144,0.9502718729441129,0.7003612912275117,0.0002418522507726617,0.00024185225072373686,1.0500581099580193
753785121,0.1,0.8,5.0,0.25,-0.07853156750751608,0.8101382571884189,0.8944795251845961,3.205948440474818e-5,3.205948439876102e-5,1.050013906240514
753785746,0.1,0.8,5.0,0.25,0.2762343112656376,0.41226041413043696,0.5611359732784245,1.124894189640287e-5,1.1248941894094396e-5,1.0502164324232315
753785770,0.1,0.8,5.0,0.25,-0.10686175691329798,1.0092894240353563,0.9508579357722458,7.086833394733808e-5,7.086833393428353e-5,1.0500434315070641
753786546,0.1,0.8,5.0,0.25,-0.356940114885943,0.811754773131203,0.7068818596908731,0.00010236537125726611,0.00010236537123481132,1.055467879448496
753786570,0.1,0.8,5.0,0.25,-0.17365175320375847,0.5665916435631642,0.7567396309355651,1.2373836086043157e-5,1.2373836083502097e-5,1.0500752793658512
753786618,0.1,0.8,5.0,0.25,-0.07498126132759128,0.9981538777162968,0.934178478286875,7.311812232661866e-5,7.311812231455283e-5,1.0504134030908936
75378759x,0.1,0.8,5.0,0.25,-0.7728928955835018,0.8696786272226757,0.9533801153276592,3.262193149956832e-5,3.2621931490468e-5,1.0538732798702675
753787805,0.1,0.8,5.0,0.25,-0.7143275204802035,1.1304572279302254,1.630143249913915,8.436706422302152e-6,8.436706420797743e-6,1.0500050739801234
753788218,0.1,0.8,5.0,0.25,0.08811344739208596,0.8089984123248687,0.7193370349948275,9.44911119297841e-5,9.449111191026396e-5,1.0503515411970823
753788699,0.1,0.8,5.0,0.25,0.7748231401110581,0.24818574680936056,0.3963874442918569,5.062023853381291e-6,5.062023852365434e-6,1.050001040919426
753788824,0.1,0.8,5.0,0.25,-0.9165249484502507,2.039858755384823,1.6441069556663255,0.00014848603303251788,0.00014848603304556504,1.058596684234543
753788891,0.1,0.8,5.0,0.25,-0.16905881966696984,1.0041166646983597,0.8867459941894285,9.786579449870497e-5,9.7865794480297e-5,1.050162181727891
753789341,0.1,0.8,5.0,0.25,0.27235666682546983,0.6681866461901071,0.6335701009038383,6.86185455680575e-5,6.861854555509132e-5,1.0500559406712093
753789448,0.1,0.8,5.0,0.25,-0.4183979866641863,1.8765018537729325,1.32616844610371,0.00029809696025467604,0.00029809696018264794,1.0502106498325636
753789464,0.1,0.8,5.0,0.25,-0.2885954500468047,1.5237737530810223,1.3569445085845893,9.392866483496396e-5,9.392866481696e-5,1.0500171466583998
753789667,0.1,0.8,5.0,0.25,-0.6093718765296531,1.248496414115075,1.32294299919362,3.937129663741004e-5,3.937129663001905e-5,1.050044835972876
753789675,0.1,0.8,5.0,0.25,0.03566493415925564,1.2159815320106384,0.8623423618156041,0.00029303493640129473,0.0002930349363434805,1.0501733617705913
753789878,0.1,0.8,5.0,0.25,-0.2608262396988884,1.0017370659422633,1.1308699959883186,2.8684801835827318e-5,2.8684801829685644e-5,1.0500459674207665
753789923,0.1,0.8,5.0,0.25,-0.1212345533349598,1.095787130279757,0.580059018065877,0.0007081208923785606,0.000708120892161681,1.1793158918916848
753790115,0.1,0.8,5.0,0.25,-0.5430760411922508,1.1813194638280256,1.5926280971742228,1.1811388991223012e-5,1.1811388989090765e-5,1.0500026905582804
753790860,0.1,0.8,5.0,0.25,-0.1734396213188925,1.2702564530732219,1.0381944276441217,0.00014398645627395674,0.00014398645628257555,1.0503789452838619
753791011,0.1,0.8,5.0,0.25,0.29343923583626846,0.7378169970278481,0.718220681352804,6.018183914575535e-5,6.018183913353971e-5,1.0500144560018694
753791652,0.1,0.8,5.0,0.25,-0.7520768842212082,1.2798854412035476,1.4033122393861324,3.3184378594388464e-5,3.3184378587933646e-5,1.0500927695299225
753792786,0.1,0.8,5.0,0.25,1.4825551428399772,0.16646159496384808,0.19821034872723498,2.1935436697985596e-5,2.1935436693509847e-5,1.0504033280152683
753793017,0.1,0.8,5.0,0.25,0.898861699685632,0.15018749610939652,0.26012925256407526,3.3746825689208607e-6,3.3746825681932314e-6,1.0500152781951269
753793113,0.1,0.8,5.0,0.25,0.8675348438191257,0.2780501598965598,0.31131371265286695,2.9809696025467603e-5,2.9809696017495655e-5,1.050632930583555
753793201,0.1,0.8,5.0,0.25,-0.4103684641453679,0.9322664160796915,1.065291201159681,2.6997460551366886e-5,2.699746054639741e-5,1.050037324247285
753793340,0.1,0.8,5.0,0.25,0.04507767791644535,0.5860410125360656,0.6404134550488362,3.374682568920861e-5,3.374682568313604e-5,1.0500708356007666
753794191,0.1,0.8,5.0,0.25,0.22281045783943143,0.7583288700861963,0.665187645952216,0.00010124047706762583,0.00010124047704621114,1.0501230685242176
753794319,0.1,0.8,5.0,0.25,-0.7297234553070864,1.1667037702535652,1.3563882455126781,2.4747672172086314e-5,2.4747672745523384e-5,1.0501886759034447
753794562,0.1,0.8,5.0,0.25,-0.022973836535314915,0.6487337672673618,0.6948041182373174,3.712150825812947e-5,3.712150825090723e-5,1.0511788580529113
753794888,0.1,0.8,5.0,0.25,-0.21505684604503522,0.8736223992958261,0.7960211740951215,8.15548287489208e-5,8.155482873255544e-5,1.055618091397737
753794976,0.1,0.8,5.0,0.25,0.1418597887818496,0.7138579970616487,0.8058905908457643,2.8684801835827318e-5,2.8684801841427855e-5,1.050033109002819
753795370,0.1,0.8,5.0,0.25,-0.27800132393122795,1.1975364289550785,0.9469984708730828,0.00016985902263568333,0.00016985902260304432,1.0503144771961894
753796314,0.1,0.8,5.0,0.25,0.09979460254758701,0.6417317062558816,0.8289833050856698,1.462362446532373e-5,1.4623624462538059e-5,1.0500121579556339
753796488,0.1,0.8,5.0,0.25,0.46895745006052997,0.6975010895429902,0.6255104528860072,9.05539822660431e-5,9.055398224825968e-5,1.0503315912046884
753796605,0.1,0.8,5.0,0.25,-0.5789131574678704,1.9083749945718804,1.765432127722237,7.76176990851798e-5,7.761769906931899e-5,1.0500697772056289
753796613,0.1,0.8,5.0,0.25,-0.5030766033544938,1.389966160375873,1.322323653280985,6.749365137841721e-5,6.749365136193932e-5,1.0500536672746479
75379735x,0.1,0.8,5.0,0.25,-0.952316043909543,1.6768364877029438,1.9870912454815348,2.249788379280574e-5,2.2497883788469923e-5,1.0501278874992703
753797798,0.1,0.8,5.0,0.25,0.15232194685965442,0.6501503416754129,0.6767271986309221,4.274597920633091e-5,4.274597919989047e-5,1.0515228861924
753798918,0.1,0.8,5.0,0.25,-0.9147572904609715,1.5829017378543264,1.9870912454815348,1.6873412844604303e-5,1.6873412841430413e-5,1.0500093818610372
753799160,0.1,0.8,5.0,0.25,-0.3289162283457189,1.471840192622403,1.1393927004089015,0.0001889822238595682,0.0001889822238126481,1.0502692604582753
753799400,0.1,0.8,5.0,0.25,0.2971762431770217,0.3983673276631254,0.5069866196756112,1.5748518654964018e-5,1.5748518651542974e-5,1.0501150746616448
753799523,0.1,0.8,5.0,0.25,-0.7728770913142531,0.7221173762698204,1.3563882455126781,2.249788379280574e-6,2.249788378790645e-6,1.0500091032704597
753799814,0.1,0.8,5.0,0.25,-0.0992912261327216,0.8311285040059097,0.8228578194921901,5.5119815292374064e-5,5.511981528283435e-5,1.0507017263223024
753799902,0.1,0.8,5.0,0.25,-0.5541009819700656,1.0847103478697644,1.1456304592829503,3.937129663741004e-5,3.937129663003224e-5,1.053491189584142
754281750,0.1,0.8,5.0,0.25,-0.29593352152616176,0.7195758680539471,0.7650860578001025,3.824640244776976e-5,3.82464024394028e-5,1.0525574375893052
756900340,0.1,0.8,5.0,0.25,0.08581968072877472,1.457601167373114,1.008394518963747,0.00033184378594388464,0.0003318437858894549,1.050072084584237
756900690,0.1,0.8,5.0,0.25,0.30519737650845735,0.8025903336948174,0.7379924738663779,7.986748746446037e-5,7.986748744854034e-5,1.0504263503195574
756901757,0.1,0.8,5.0,0.25,1.1846901460271155,0.16554690055330323,0.19821034872723498,2.1372989603165453e-5,2.1372989599833422e-5,1.0500725209618011
756901781,0.1,0.8,5.0,0.25,-0.8557553734121344,3.072480441052877,1.9870912454815348,0.0004527699113302155,0.00045276991121452143,1.0555855230497717
756901810,0.1,0.8,5.0,0.25,0.3676443333633903,0.7364183274950421,0.5671991202669416,0.00019235690642848907,0.00019235690638748378,1.0518773489912896
756901888,0.1,0.8,5.0,0.25,-0.7456692104353982,2.039818408093429,1.6610114558700089,0.00014679869174805745,0.00014679869172210807,1.0502001162531123
756902856,0.1,0.8,5.0,0.25,-0.920652427135936,2.5659451936814546,1.8167125233446464,0.00029415983059093506,0.00029415983053423465,1.051095345172875
756903015,0.1,0.8,5.0,0.25,0.04276296457054154,1.781050620843864,0.9147973741082112,0.001462362446532373,0.0014623624461433684,1.051327364883992
756903023,0.1,0.8,5.0,0.25,-0.9554817765791551,1.921451122878088,1.41604193136663,0.00023510288563481998,0.00023510288558428188,1.0560859284036657
756903170,0.1,0.8,5.0,0.25,0.16170681187907965,0.776486158843259,0.8051619485956055,4.387087339597119e-5,4.3870873387222785e-5,1.0500569178567185
756903277,0.1,0.8,5.0,0.25,-0.6102016143028689,0.7246494809793985,0.8268394099358106,2.6997460551366886e-5,2.699746054568598e-5,1.0515740350529206
756903496,0.1,0.8,5.0,0.25,-0.5413657934249303,1.8631350804037743,1.4546002900049442,0.0001811079645320862,0.00018110796448265416,1.0502937557537095
75690371x,0.1,0.8,5.0,0.25,0.1411292484467312,0.6790008110312321,0.7470707325629086,3.262193149956832e-5,3.2621931492521095e-5,1.0500361625756582
756903760,0.1,0.8,5.0,0.25,-0.00798048893998792,1.0640466252292042,0.8825033541925653,0.00013386240856719416,0.0001338624085390801,1.0502923132965278
756903832,0.1,0.8,5.0,0.25,0.33507795304942994,1.2559151831536342,0.7830849389709507,0.0005579475180615823,0.0005579475179559033,1.0500993499229674
756903883,0.1,0.8,5.0,0.25,0.5345703207648451,1.1113266134311781,0.6499138726210425,0.0007660529431450354,0.000766052943057816,1.050828324691063
756904982,0.1,0.8,5.0,0.25,-0.10069146625997086,0.9317397503345171,0.7815438747877841,0.00012655059633453228,0.000126550596310215,1.0502339208029634
756905264,0.1,0.8,5.0,0.25,0.29877796424624997,0.4528751762570463,0.47838659624152174,3.9933743732230185e-5,3.9933743733505715e-5,1.050338120981724
756905352,0.1,0.8,5.0,0.25,-0.6283608720470519,1.031817186666125,1.4046979354941678,1.124894189640287e-5,1.1248941894681033e-5,1.0500140221572187
756905440,0.1,0.8,5.0,0.25,-0.04483739974370065,0.5703118001667346,0.8918717230768294,5.624470948201435e-6,5.624470947041791e-6,1.0500047103336554
756906072,0.1,0.8,5.0,0.25,0.33854890061868237,0.692652202469632,0.6656440396729137,6.411896880949636e-5,6.411896879562354e-5,1.0502035601785498
756906099,0.1,0.8,5.0,0.25,0.15230368362239566,1.1193817563697264,0.7660489571160954,0.00034984209297812927,0.0003498420928853948,1.0503762816336377
756907008,0.1,0.8,5.0,0.25,-0.1133299515526964,1.0858137959774405,0.9556968149333439,9.955313578316539e-5,9.955313576330751e-5,1.0500786969588232
756907120,0.1,0.8,5.0,0.25,-0.42621424981239253,0.8493534767406421,1.1809042574278448,1.0124047706762582e-5,1.0124047704827288e-5,1.050027235874539
756907278,0.1,0.8,5.0,0.25,-0.11709556769673261,1.2643062787461263,0.900178386487832,0.00028684801835827316,0.00028684801830598707,1.050487678609755
75690734x,0.1,0.8,5.0,0.25,-0.6251462931678358,0.7573119799817649,0.7677091699006742,4.780800305971219e-5,4.780800305479256e-5,1.0557852694895786
75690750x,0.1,0.8,5.0,0.25,-0.9869852920741762,1.5860347345670185,1.9779413487770057,1.7435859939424446e-5,1.7435859936176742e-5,1.050045771938406
756907542,0.1,0.8,5.0,0.25,-0.2726600201631446,0.5414140763973826,0.7229566433400471,1.2373836086043157e-5,1.2373836083499077e-5,1.0503016275355448
756907753,0.1,0.8,5.0,0.25,-0.35690881302964667,1.8578467419846139,1.46001109662874,0.00017548349358388477,0.00017548349354945772,1.0500357713493218
756908086,0.1,0.8,5.0,0.25,1.3643021093631675,0.15224049917330076,0.19821034872723498,1.4061177370503587e-5,1.4061177367757012e-5,1.0500189971055014
756908254,0.1,0.8,5.0,0.25,-0.49541588991585883,1.8824449407140824,1.1812103864043462,0.0005309500575102154,0.0005309500574043803,1.053857549641393
756908334,0.1,0.8,5.0,0.25,0.23996586329470806,0.574608093136702,0.6071427142959153,3.9933743732230185e-5,3.9933743721447476e-5,1.0500514174777804
756908692,0.1,0.8,5.0,0.25,0.11168707696982694,1.52510919687168,0.9751130753917819,0.0004921412079676255,0.0004921412078731967,1.0500878511058425
756909054,0.1,0.8,5.0,0.25,-0.43649313104304116,0.9650258550307336,1.2463334963082495,1.462362446532373e-5,1.4623624462736427e-5,1.0502466305112128
756909177,0.1,0.8,5.0,0.25,0.17660810952091166,0.43128884678773866,0.5871488914468723,1.124894189640287e-5,1.12489418944508e-5,1.0500144300789185
756909206,0.1,0.8,5.0,0.25,1.3079357021926656,0.1450449015239778,0.1994976231998118,1.0686494801582727e-5,1.068649479934208e-5,1.0500145230755351
756909492,0.1,0.8,5.0,0.25,-0.3800761781068854,0.8357820580326151,1.011613728469361,2.0248095413525164e-5,2.0248095409694607e-5,1.050023729286453
756910338,0.1,0.8,5.0,0.25,-0.4073140599234894,0.6487803004270769,0.5837186025034206,7.311812232661866e-5,7.311812303399235e-5,1.0926642492184433
75691040x,0.1,0.8,5.0,0.25,-0.20239209711245248,0.4277548945177022,0.6689037923076221,5.624470948201435e-6,5.6244709470571475e-6,1.0500563702879897
756910426,0.1,0.8,5.0,0.25,-0.17291736459275908,0.6079239468049445,0.9166459139802092,6.749365137841721e-6,6.749365136510749e-6,1.0500081730146935
756910450,0.1,0.8,5.0,0.25,0.29772872129845557,0.6710621098600414,0.7070974045432791,4.049619082705033e-5,4.049619081930154e-5,1.0500216654170897
756911912,0.1,0.8,5.0,0.25,-0.2928401871357681,1.784980296681078,1.3887911364882697,0.00018448264710100706,0.0001844826470655906,1.0500331406174828
756912026,0.1,0.8,5.0,0.25,0.09313792986643032,1.0102550593215218,0.7381189230662109,0.00023735267401410055,0.00023735267395561538,1.0632208606658144
756912034,0.1,0.8,5.0,0.25,1.4844652467628354,0.225490851141842,0.19821034872723498,0.00010011558287798554,0.00010011558285785333,1.0502673977271073
756912499,0.1,0.8,5.0,0.25,-0.3340576265052193,1.2442235996009379,0.9832885406699982,0.00016873412844604306,0.00016873412838687728,1.0523846145002194
756912747,0.1,0.8,5.0,0.25,0.30014694252926255,0.7395727969919945,0.6128468915688752,0.00013273751437755386,0.00013273751434536278,1.052998675342065
756912800,0.1,0.8,5.0,0.25,0.11708263936191396,1.0393607886263319,0.7685315149771665,0.00023622777982446026,0.0002362277797825766,1.0515648812131246
756912886,0.1,0.8,5.0,0.25,-0.19718312094050408,0.7502965536374162,0.7738845547299624,4.499576758561148e-5,4.499576757693935e-5,1.0503161894369544
756912915,0.1,0.8,5.0,0.25,0.26791762127783325,0.7610046160033407,0.7327028713522875,6.355652171467621e-5,6.355652170109595e-5,1.0500863023440223
756913221,0.1,0.8,5.0,0.25,-0.009663975530229562,0.8008748845327283,0.8905204035730087,3.093459021510789e-5,3.093459021528393e-5,1.0500973114532957
756913272,0.1,0.8,5.0,0.25,-0.11434193568448325,0.8087199424076864,0.8541870263427425,3.9933743732230185e-5,3.9933743737358455e-5,1.0504485754541046
756913440,0.1,0.8,5.0,0.25,-0.6753250470082818,2.0314902708485105,1.3824479796544946,0.0003577163523056112,0.0003577163522398074,1.051612670263297
756913459,0.1,0.8,5.0,0.25,0.26852861218118795,0.8355482253002486,0.7664522620191503,8.099238165410066e-5,8.099238163892481e-5,1.050014259496909
756913619,0.1,0.8,5.0,0.25,-0.10538299308804255,1.087602075323398,0.8742267437304019,0.0001563602923599999,0.0001563602923299305,1.0505537201613895
756914304,0.1,0.8,5.0,0.25,0.49080740513851706,0.4916626204710308,0.5010220662055737,4.780800305971219e-5,4.780800305668107e-5,1.050286630632177
756914494,0.1,0.8,5.0,0.25,1.43336440126995,0.1578926690986728,0.19821034872723498,1.6873412844604303e-5,1.6873412841639434e-5,1.0500081604263847
756914515,0.1,0.8,5.0,0.25,0.6667556866896485,0.31377423171597774,0.41187130474651973,1.3498730275683443e-5,1.349873027312698e-5,1.0500132406499716
756915024,0.1,0.8,5.0,0.25,-0.0907378509801104,0.5098601842977892,0.5821940532661963,2.6997460551366886e-5,2.699746119618475e-5,1.0507910583271134
756915075,0.1,0.8,5.0,0.25,0.16933179692438163,0.7414439625928323,0.7902245698285618,3.824640244776976e-5,3.8246402440369914e-5,1.0500435375990533
756915278,0.1,0.8,5.0,0.25,-0.5568525814142038,1.2559054619268246,1.2800982678475137,4.780800305971219e-5,4.780800305086645e-5,1.0500528032531056
756915606,0.1,0.8,5.0,0.25,-0.32066532122358615,1.3484930815324467,1.0033556884614332,0.00022835352049697824,0.00022835352045455,1.052131160872611
756916174,0.1,0.8,5.0,0.25,-0.019706107249163874,0.7278295189108954,0.926378674869149,1.5748518654964018e-5,1.574851865186533e-5,1.0500036159560437
756916318,0.1,0.8,5.0,0.25,0.5648485178015494,0.6936966598128055,0.49796169787531047,0.0002755990764618703,0.0002755990764063233,1.0503057252259906
756917089,0.1,0.8,5.0,0.25,0.0331636611518768,0.96597173384134,0.9351140180786887,6.186918043021579e-5,6.186918041768562e-5,1.0500321544454128
756917708,0.1,0.8,5.0,0.25,0.32746528406348824,0.9769777749405532,0.7420211992415505,0.0002081054250834531,0.00020810542504129747,1.0500483838176453
756917804,0.1,0.8,5.0,0.25,0.19955371993640347,0.5151220012696808,0.5962327850713104,2.5310119266906457e-5,2.531011926212448e-5,1.050105729903258
756917863,0.1,0.8,5.0,0.25,0.397046228352551,0.7306361499694752,0.6502118504439673,9.392866483496396e-5,9.392866481605495e-5,1.0507133880455295
756918225,0.1,0.8,5.0,0.25,0.08928546230817529,1.519027935308745,0.9837780351621769,0.0004612066177525177,0.00046120661766000336,1.0502366094267876
756918751,0.1,0.8,5.0,0.25,-0.33534807975455583,0.35984218066351653,0.8918717230768294,5.624470948201435e-7,5.624470947045686e-7,1.0500040149977616
756918831,0.1,0.8,5.0,0.25,0.3376493947429698,0.8993701059316238,0.7219914049973757,0.00015748518654964017,0.00015748518651854035,1.0504033514952893
75691884x,0.1,0.8,5.0,0.25,-0.5492516207568063,1.0953226382703658,1.2411882046522646,2.8122354741007175e-5,2.8122354734893457e-5,1.0502476242190713
756918938,0.1,0.8,5.0,0.25,-0.16009022280978116,1.054717679592521,1.0854776393117205,4.555821468043162e-5,4.555821467086656e-5,1.050024965891864
756918946,0.1,0.8,5.0,0.25,-0.20791394307784355,0.6757076449646988,0.860019141287058,1.5748518654964018e-5,1.5748518652117282e-5,1.0500268234624115
756919172,0.1,0.8,5.0,0.25,0.36158080331321973,0.760151667021122,0.6056014374739598,0.0001631096574978416,0.0001631096574634531,1.0510298243430636
75691921x,0.1,0.8,5.0,0.25,-0.007438486498556846,0.5426191965977836,0.7122586441084359,1.3498730275683443e-5,1.3498730273340971e-5,1.0500173170942502
756919412,0.1,0.8,5.0,0.25,0.5659455104309091,0.6327591762855913,0.578800302754647,8.211727584374094e-5,8.211727582732013e-5,1.0500752340618367
756920077,0.1,0.8,5.0,0.25,0.18413863501225047,1.0290753241131712,0.8318102669052546,0.0001524231626962589,0.00015242316266494057,1.0500508102771198
756920376,0.1,0.8,5.0,0.25,0.3983785572420857,1.152327266437434,0.7408655783031663,0.000478080030597122,0.00047808003051541775,1.0503497113315936
75692051x,0.1,0.8,5.0,0.25,0.04444975231983357,0.8657097559886089,0.7361481158905625,0.00011811388991223013,0.0001181138898909604,1.0503753771249313
756920528,0.1,0.8,5.0,0.25,0.3925482468081261,0.38810416246609997,0.5137956680959908,1.29362831808633e-5,1.293628317876153e-5,1.050010349247312
756920915,0.1,0.8,5.0,0.25,-0.22352148905452948,1.2210957929070714,1.045642739143702,0.00011417676024848912,0.00011417676021876795,1.050143106420061
756921707,0.1,0.8,5.0,0.25,0.37852588166712875,0.28330669553432425,0.41408331518844144,7.874259327482009e-6,7.874259325860442e-6,1.0503276156745587
756922064,0.1,0.8,5.0,0.25,0.7782066321529724,0.3784381605712078,0.35674870340665105,7.030588685251794e-5,7.030588684910508e-5,1.0510703896183409
756922128,0.1,0.8,5.0,0.25,-0.26872513724648317,1.0792210784953888,1.0524366902100657,5.961939205093521e-5,5.96193920362233e-5,1.0501094105529485
756922427,0.1,0.8,5.0,0.25,-0.3220196432235177,0.8058523513669883,0.9550459984799433,2.249788379280574e-5,2.2497883788411417e-5,1.0500270192492624
756922435,0.1,0.8,5.0,0.25,0.20622615441473094,0.9865030303061895,0.8328908972307333,0.00012261346667079127,0.0001226134666476609,1.050026582494264
756922945,0.1,0.8,5.0,0.25,0.5093544086115728,0.44372405785470187,0.4183645491255003,6.974343975769779e-5,6.974343973943359e-5,1.0525798376792244
75692350x,0.1,0.8,5.0,0.25,1.4352937357356896,0.18432086767619404,0.19821034872723498,3.655906116330933e-5,3.6559061160604007e-5,1.0501390149099166
756923737,0.1,0.8,5.0,0.25,-0.19409060237419545,1.2592855114640393,0.9893598742518902,0.0001732337052046042,0.00017323370516212358,1.0530307547434987
756923884,0.1,0.8,5.0,0.25,-0.15242451114825722,1.5735978968772961,1.2030718511765952,0.00020135605994561136,0.00020135605990504523,1.0500425069375379
756924430,0.1,0.8,5.0,0.25,0.720854182917303,0.2899018221522717,0.3689588479461307,1.5748518654964018e-5,1.5748518670381545e-5,1.0500807417948623
756924449,0.1,0.8,5.0,0.25,0.17973995714611163,0.6525407185678187,0.6580476606966232,5.005779143899277e-5,5.005779142828082e-5,1.051607198971834
756924641,0.1,0.8,5.0,0.25,0.38378039511476714,0.8431734014085359,0.6223212963292324,0.00023960246239338113,0.0002396024623448789,1.050513407271855
756924828,0.1,0.8,5.0,0.25,-0.7547781056699612,2.010067488918179,1.9870912454815348,5.5682262387194207e-5,5.568226237546979e-5,1.0501396948424655
756925214,0.1,0.8,5.0,0.25,-0.5659598107672289,0.9555649054584215,1.2882592028084845,1.1811388991223012e-5,1.1811388988058114e-5,1.0500122439299675
756925724,0.1,0.8,5.0,0.25,-0.024720752932770925,0.8677622702496188,0.8561968881759625,5.624470948201435e-5,5.624470947150919e-5,1.0500461884628436
756925791,0.1,0.8,5.0,0.25,-0.19892977953589544,1.0589027943494682,1.017698670933746,6.411896880949636e-5,6.411896879704962e-5,1.0501158203027448
756925804,0.1,0.8,5.0,0.25,0.36383104762453494,0.6824418381150794,0.6121231400108623,9.05539822660431e-5,9.055398224919914e-5,1.0501297351484102
756926751,0.1,0.8,5.0,0.25,-0.5412509073746097,1.652663806049203,1.3305429930293227,0.00014961092722215816,0.00014961092719266544,1.0581824659293635
756927404,0.1,0.8,5.0,0.25,-0.3957959244340269,0.47293557231362815,0.6370512105178506,1.1811388991223012e-5,1.181138898865971e-5,1.0509088792223233
756928554,0.1,0.8,5.0,0.25,0.7121951779954862,0.2784039097069586,0.3654196525029349,1.3498730275683443e-5,1.3498730272016009e-5,1.0500801908339263
756928685,0.1,0.8,5.0,0.25,0.005937302600210812,0.5109241036602254,0.6824169873458292,1.2373836086043157e-5,1.2373836083352924e-5,1.0500338772444662
756928714,0.1,0.8,5.0,0.25,-1.1851284016541448,1.1124420169130547,1.7391498316479788,5.624470948201435e-6,5.6244709470750055e-6,1.0503200821572356
756928781,0.1,0.8,5.0,0.25,0.4270551819036009,0.48591640101929473,0.4871364697683067,5.17451327234532e-5,5.174513271158045e-5,1.0508352496734126
756929012,0.1,0.8,5.0,0.25,0.20067025090889,1.2400800614929877,0.8678536048273838,0.0003132830318148199,0.00031328303175396277,1.0500585090879404
756929207,0.1,0.8,5.0,0.25,0.14242161687027546,0.8577719743427503,0.8397029225941584,5.849449786129492e-5,5.849449785119168e-5,1.0500761739642286
75692924x,0.1,0.8,5.0,0.25,-0.8299931607785105,2.0695051112039717,1.9781257774866277,6.580631009395679e-5,6.580631008754817e-5,1.0504048374332702
756929549,0.1,0.8,5.0,0.25,0.2068907800059609,0.7632613390356757,0.602261165617833,0.00016873412844604306,0.0001687341284142223,1.0540117155453965
756930726,0.1,0.8,5.0,0.25,-0.20302316007460158,0.6775051515283443,0.6992196335696024,4.274597920633091e-5,4.274597920376157e-5,1.0605168017049658
756930793,0.1,0.8,5.0,0.25,-0.08963480847260166,0.8801322360652694,0.8770072085348015,5.343247400791363e-5,5.343247399676847e-5,1.050464374634054
756931171,0.1,0.8,5.0,0.25,-0.593199200081567,1.106467375974171,1.4523882795630225,1.3498730275683443e-5,1.3498730273087587e-5,1.050013575267121
756931294,0.1,0.8,5.0,0.25,-0.37933880539462306,1.3639597993398018,1.2730568052308042,7.424301651625894e-5,7.424301650335074e-5,1.0500749198407346
756931809,0.1,0.8,5.0,0.25,0.11519172434298815,0.7792014381035488,0.6747102488380702,0.00010798984220546754,0.00010798984218558067,1.050155175575855
756932051,0.1,0.8,5.0,0.25,0.4030410368483411,0.25719129765750454,0.4830971833332826,2.249788379280574e-6,2.2497883788343283e-6,1.050004234703999
756932078,0.1,0.8,5.0,0.25,-0.7357948947141055,1.217568107598368,1.2777385443268632,4.105863792187047e-5,4.1058637913042965e-5,1.0514000188236607
756932326,0.1,0.8,5.0,0.25,-0.3673144972921577,1.0792800931714646,0.9574505179054673,9.561600611942439e-5,9.561600610075952e-5,1.0502902373190715
756932756,0.1,0.8,5.0,0.25,1.483127890252528,0.17626717257193555,0.19821034872723498,2.924724893064746e-5,2.9247248931025234e-5,1.0500880794492193
756932764,0.1,0.8,5.0,0.25,-0.14025717317014513,1.1344067392063082,0.9474521002895241,0.000129362831808633,0.00012936283177696528,1.0501401238693149
756932836,0.1,0.8,5.0,0.25,1.032497770842718,0.33894919203489926,0.30942487773036154,8.267972293856109e-5,8.267972292148237e-5,1.050744662544838
756932975,0.1,0.8,5.0,0.25,0.13688954629956904,1.145064147573432,0.8876437551564043,0.00018785732966992793,0.00018785732963211803,1.050081738935166
756933417,0.1,0.8,5.0,0.25,-0.2901526272473275,1.4708981246618782,1.1095864834444544,0.0002148547902212948,0.00021485479017879067,1.0504854670560488
75693361x,0.1,0.8,5.0,0.25,0.35653940978180787,1.1104501738409387,0.6570890141564095,0.0007182449400853232,0.0007182449399406479,1.0520054148813187
756933732,0.1,0.8,5.0,0.25,-0.7494339978551362,3.7060380281938388,1.9870912454815348,0.0011811388991223013,0.001181138898877686,1.0510647881525292
756934516,0.1,0.8,5.0,0.25,-0.0035997964665114433,0.6107506374376535,0.788963480050855,1.462362446532373e-5,1.4623624462528732e-5,1.0500105025413435
756934647,0.1,0.8,5.0,0.25,-0.19458029848804792,1.0056643316539964,0.9371358585636866,7.480546361107908e-5,7.480546359211953e-5,1.050174448557464
756934655,0.1,0.8,5.0,0.25,0.636525625644907,0.2782713355779618,0.3683817817127,1.29362831808633e-5,1.2936283178390697e-5,1.0500404894154283
756934663,0.1,0.8,5.0,0.25,-0.5195694932029571,0.7222078920890046,1.1080830563269333,6.1869180430215785e-6,6.186918041893083e-6,1.0500081338837457
756934743,0.1,0.8,5.0,0.25,-0.2441937305219704,0.7350484093558292,0.9909685575699451,1.1811388991223012e-5,1.1811388988993901e-5,1.0500101391266965
756935068,0.1,0.8,5.0,0.25,-0.12912010773303156,1.1006646123909494,0.9008623745923099,0.00013948687951539557,0.0001394868794885591,1.0555711294266
756935607,0.1,0.8,5.0,0.25,0.3258863965116493,0.7607110799179664,0.6701706233326306,9.899068868834526e-5,9.899068868962405e-5,1.0502993726371836
756935674,0.1,0.8,5.0,0.25,-0.12129109301089573,0.6004177304442152,0.8547104012819615,8.999153517122296e-6,8.999153515313252e-6,1.0500060646722134
756935957,0.1,0.8,5.0,0.25,0.28279893663797057,0.5279014923483518,0.582846003793138,3.205948440474818e-5,3.205948439587657e-5,1.050038879856047
756936087,0.1,0.8,5.0,0.25,-0.47607515444501597,1.4843361373347623,1.361549555957431,8.099238165410066e-5,8.099238163834498e-5,1.0500442330559308
756936693,0.1,0.8,5.0,0.25,-0.2561525418988462,0.7605103242534459,0.8354890597134006,3.262193149956832e-5,3.262193149753545e-5,1.0516228949178352
756937266,0.1,0.8,5.0,0.25,0.5287023312550592,1.1132951426670241,0.5744387267951606,0.0014319903034120853,0.001431990303137359,1.0509358520193584
756937477,0.1,0.8,5.0,0.25,0.31314743591641675,0.227516473903879,0.42735520064098076,2.249788379280574e-6,2.249788378821186e-6,1.0500092891848087
756937653,0.1,0.8,5.0,0.25,-0.3673732630963541,1.220766368593146,1.1817300047249604,6.186918043021579e-5,6.186918041417114e-5,1.0500670744725755
756937776,0.1,0.8,5.0,0.25,-0.8693917550408695,1.9632106296381462,1.9870912454815348,4.949534434417263e-5,4.949534433377771e-5,1.050107685447186
756938381,0.1,0.8,5.0,0.25,-0.018367638353020767,0.7430937753347527,0.8067602834925978,3.487171987884889e-5,3.487171986957264e-5,1.0500308530146008
756939069,0.1,0.8,5.0,0.25,0.5321772322791073,0.6558432080296341,0.5991315479219663,8.267972293856109e-5,8.26797229237974e-5,1.0500153656523714
75693919x,0.1,0.8,5.0,0.25,-0.2750569533733944,1.1718356931276563,1.0669538947301307,8.380461712820138e-5,8.380461711123903e-5,1.0506670194253065
756939421,0.1,0.8,5.0,0.25,0.327789575487393,0.527170013075807,0.5635209299353644,3.7683955352949614e-5,3.76839553428816e-5,1.0500427275934319
756939501,0.1,0.8,5.0,0.25,-0.6998552761849481,1.8063552844529298,1.7486091390543201,6.186918043021579e-5,6.18691804184259e-5,1.0500577329854623
756939819,0.1,0.8,5.0,0.25,0.24664353453022994,0.4366921557568122,0.5411617486377637,1.7998307034244593e-5,1.799830703093159e-5,1.0500248766415103
756939886,0.1,0.8,5.0,0.25,-0.396791190419821,1.4380787759381082,1.1702957791263844,0.0001462362446532373,0.00014623624462473917,1.0516558766717408
756940078,0.1,0.8,5.0,0.25,-0.00979562894271575,0.656965649494466,0.7785297199543209,2.249788379280574e-5,2.249788378882848e-5,1.0501147350356175
756940203,0.1,0.8,5.0,0.25,0.0019600168499452337,0.6673145629044857,0.7474333525776763,2.9809696025467603e-5,2.9809696029377545e-5,1.0502295647552873
756940465,0.1,0.8,5.0,0.25,0.4996631882363853,0.6569783763739782,0.5960480728433032,8.549195841266181e-5,8.549195839941401e-5,1.0502250051786621
75694049x,0.1,0.8,5.0,0.25,0.33713078529243723,0.27697588743291734,0.5202585051281505,2.249788379280574e-6,2.2497883787909933e-6,1.0500066753397914
756940836,0.1,0.8,5.0,0.25,-0.6963245196026915,2.005753381375668,1.9870912454815348,5.5119815292374064e-5,5.511981528224266e-5,1.0500156992479122
756942364,0.1,0.8,5.0,0.25,0.7102726272041022,0.13848852668118988,0.26012925256407526,2.249788379280574e-6,2.249788378811441e-6,1.0500110953389516
756943551,0.1,0.8,5.0,0.25,-0.09512102411151686,1.0395317494234078,0.8089554954701919,0.0001799830703424459,0.00017998307031094081,1.0550290484140545
756943690,0.1,0.8,5.0,0.25,0.11538691687981764,1.7929716189008542,1.0046962342666133,0.0009510980373408627,0.000951098037164037,1.0502464051732814
756944183,0.1,0.8,5.0,0.25,-0.22870840606351495,1.0605415626905532,1.063944772348006,5.17451327234532e-5,5.174513271411071e-5,1.0501040350570428
756944394,0.1,0.8,5.0,0.25,-0.4407324088556841,0.6708154778226695,0.6972637819887774,4.274597920633091e-5,4.274597919641024e-5,1.0529906950479233
756944730,0.1,0.8,5.0,0.25,-0.37249000476137345,0.6591516450501045,0.8640007317306785,1.3498730275683443e-5,1.3498730271918712e-5,1.051502395003326
756945493,0.1,0.8,5.0,0.25,-0.6951359327309383,1.5210424312634092,1.6117396462480857,3.937129663741004e-5,3.93712966295539e-5,1.0500454971750093
75694700x,0.1,0.8,5.0,0.25,1.073783826254998,0.09186417941227602,0.19821034872723498,1.124894189640287e-6,1.124894189350804e-6,1.0500141696818694
756947122,0.1,0.8,5.0,0.25,-0.5944434277037163,1.167193131869036,1.4206242972686498,1.968564831870502e-5,1.96856483148768e-5,1.0501012146013609
756947659,0.1,0.8,5.0,0.25,0.5955440912161116,0.6997610808799261,0.5567856671747528,0.00016479699878230205,0.00016479699874727598,1.050193915347798
756948002,0.1,0.8,5.0,0.25,-0.8501044030854882,2.199309302269181,1.6068722026096711,0.00025028895719496385,0.0002502889571471931,1.0519964046599584
76025082x,0.1,0.8,5.0,0.25,0.12261025243187644,0.6838997477426846,0.8423232703904735,1.8560754129064736e-5,1.856075412575702e-5,1.0500068715990793
760251224,0.1,0.8,5.0,0.25,0.07960198993871263,0.8517104290962799,0.7465296377246097,0.00010124047706762583,0.00010124047706252243,1.0509249300479153
760251603,0.1,0.8,5.0,0.25,1.1477280700913461,0.1774330623239788,0.2415485916666413,1.124894189640287e-5,1.1248941894261157e-5,1.0500387440037615
760252235,0.1,0.8,5.0,0.25,-0.01618666210743104,0.7207951617980082,0.7312664963328841,4.8932897249352485e-5,4.8932897239794904e-5,1.0500588042050145
760252315,0.1,0.8,5.0,0.25,-0.28276018133046543,1.0126978181368589,1.0959640629483196,3.543416697366904e-5,3.5434166967182105e-5,1.0500179786809447
76025234x,0.1,0.8,5.0,0.25,-0.5718469576187922,1.1301593453822218,1.1435552464619243,4.949534434417263e-5,4.949534433490789e-5,1.0504303952466438
760253043,0.1,0.8,5.0,0.25,0.4018268135032585,0.4065682400485586,0.4685558088708728,2.58725663617266e-5,2.5872566356831972e-5,1.0500303247526053
760253190,0.1,0.8,5.0,0.25,0.17223519678688226,1.1169923070431884,0.8648855217315279,0.0001889822238595682,0.00018898222382243257,1.0500379225704455
760253924,0.1,0.8,5.0,0.25,-0.11365553102313397,1.370636049436108,0.9738283118289047,0.000290222700927194,0.00029022270087205514,1.0502461491694004
760253959,0.1,0.8,5.0,0.25,-0.8759709437021523,1.6055148399005692,1.7429858354007601,3.487171987884889e-5,3.487171987131635e-5,1.0500824810172054
760254142,0.1,0.8,5.0,0.25,-0.49650211188338933,0.6120579623093276,0.9228395148657514,6.749365137841721e-6,6.749365136439081e-6,1.0500534476940118
760254265,0.1,0.8,5.0,0.25,-0.13417570172154467,0.5325890321672776,0.7680006268007377,8.436706422302152e-6,8.436706420795278e-6,1.0500105842531635
760254273,0.1,0.8,5.0,0.25,0.08870405423537678,1.3363079948008416,0.955343267506905,0.00028122354741007174,0.0002812235473542958,1.050350878422629
76025429x,0.1,0.8,5.0,0.25,-0.7153721521101831,1.9177434615974935,1.789937047039201,7.424301651625894e-5,7.424301650190935e-5,1.0500724204515675
760254337,0.1,0.8,5.0,0.25,-0.5344245923192201,1.2666627714577774,1.3498303235020566,3.824640244776976e-5,3.824640244051395e-5,1.0501741602433385
760254388,0.1,0.8,5.0,0.25,0.06628622728235894,1.1702765021700932,0.7286166626245002,0.0005579475180615823,0.0005579475179556001,1.0516430020725536
760254409,0.1,0.8,5.0,0.25,-0.25210716562841734,0.9865183764397113,1.051446785767875,3.824640244776976e-5,3.824640244037603e-5,1.0500195467448499
760254476,0.1,0.8,5.0,0.25,-0.11490463090622652,0.40764739979829895,0.70606511410249,3.3746825689208607e-6,3.3746825682800426e-6,1.0500040083003395
760254564,0.1,0.8,5.0,0.25,-0.6939997100576579,1.3432506316524975,0.9673767800923578,0.00024747672172086314,0.0002474767216545466,1.069675734290189
760254636,0.1,0.8,5.0,0.25,-0.38971194993082064,1.1481351555044015,1.1621359073593582,4.949534434417263e-5,4.949534433363284e-5,1.0500762720831665
760254740,0.1,0.8,5.0,0.25,-0.18517694724045333,1.5476156795147504,1.1009313050583514,0.0002885353596427336,0.00028853535959011466,1.0501726690911626
760254898,0.1,0.8,5.0,0.25,0.131112002877181,0.5745419660730191,0.656516661416134,2.6997460551366886e-5,2.699746054403638e-5,1.0500477313700136
760255399,0.1,0.8,5.0,0.25,-0.3974328105476614,1.679898389412721,1.2900287828101833,0.0001968564831870502,0.00019685648313519326,1.0501498849375057
760255583,0.1,0.8,5.0,0.25,-0.8183365998246626,1.8488225028162975,1.7961305061655506,6.074428624057549e-5,6.074428622539002e-5,1.0501561082458164
760255591,0.1,0.8,5.0,0.25,-0.2949230547595757,0.5703154454005868,0.8918717230768294,5.624470948201435e-6,5.624470946771597e-6,1.050011421607151
760255612,0.1,0.8,5.0,0.25,0.8386444906751167,0.2605158361730155,0.3479650911920182,1.2373836086043157e-5,1.2373836083810615e-5,1.0500142670644532
760256201,0.1,0.8,5.0,0.25,-0.8230961666483434,1.142683535605093,1.4344269645782235,1.6873412844604303e-5,1.687341284145753e-5,1.0500369042730326
760256236,0.1,0.8,5.0,0.25,-0.34005966655771047,1.2214469505759085,1.098375812092668,8.886664098158267e-5,8.886664096837172e-5,1.051413420719897
760256615,0.1,0.8,5.0,0.25,-0.9044774957296248,1.676651488730395,1.9870912454815348,2.249788379280574e-5,2.249788378855319e-5,1.0500120308949086
760256842,0.1,0.8,5.0,0.25,-0.2682515757288566,1.2290446646654671,1.1010761829532274,9.111642936086324e-5,9.111642934275216e-5,1.0500949715758987
760256930,0.1,0.8,5.0,0.25,0.2510934911665698,0.6151652006718196,0.7219914049973757,2.3622777982446025e-5,2.362277797786565e-5,1.0500044963327189
760257343,0.1,0.8,5.0,0.25,-0.026515725479997955,1.5108247791045395,1.0557797263704487,0.00031497037309928034,0.0003149703731656554,1.0504719494438997
760257669,0.1,0.8,5.0,0.25,0.025529777925979467,1.1482537159380772,0.8756521324123759,0.00020360584832489193,0.0002036058482956885,1.0503784919735042
760257968,0.1,0.8,5.0,0.25,-0.007389397440242778,1.3862576369163053,0.9117567103057246,0.0004246475565892083,0.00042464755649615146,1.0513731399004307
760261182,0.1,0.8,5.0,0.25,0.09402181624940928,0.6325508849694862,0.7258318032851289,2.6435013456546743e-5,2.643501345843793e-5,1.050077099069057
760261334,0.1,0.8,5.0,0.25,-0.879596420037552,1.6199183546951326,1.835769353370151,2.8122354741007175e-5,2.812235473531587e-5,1.0501764970630423
760261828,0.1,0.8,5.0,0.25,-0.07279927200415162,0.7881795617370994,0.8732910621793954,3.1497037309928035e-5,3.1497037303971313e-5,1.0500496458950757
760261908,0.1,0.8,5.0,0.25,-0.15408874196850575,0.9955590477892461,0.965512504949977,6.130673333539564e-5,6.130673332334732e-5,1.0500382164701372
760262193,0.1,0.8,5.0,0.25,-0.3474192586005396,0.8685937094006257,1.050839631145807,2.0248095413525164e-5,2.0248095412254293e-5,1.050512007519053
760262564,0.1,0.8,5.0,0.25,0.1513567889576275,0.859531077337765,0.8586637107666507,5.2870026913093485e-5,5.2870026904396266e-5,1.0500118215883654
76026333x,0.1,0.8,5.0,0.25,-0.07737465998502698,0.9516992199928601,0.7586035516799644,0.0001631096574978416,0.00016310965746669045,1.0504769482539162
760263444,0.1,0.8,5.0,0.25,0.11048722402014402,0.5493720648176654,0.54181206893399,5.624470948201435e-5,5.624470946987328e-5,1.0505075592626663
760263524,0.1,0.8,5.0,0.25,-0.3635582740038137,1.666163865657536,1.2520506445473358,0.00021935436697985596,0.00021935436694187516,1.0501810530195081
760263532,0.1,0.8,5.0,0.25,0.11823139629049532,0.8830021144784688,0.7736125188392903,0.00010180292416244596,0.00010180292414385572,1.050228559428403
760263575,0.1,0.8,5.0,0.25,-0.41049169813985553,2.1383168453483665,1.3795138478852755,0.00046908087707999964,0.0004690808769567875,1.0507371011641586
760264033,0.1,0.8,5.0,0.25,0.03155362444313358,0.8383975807892268,0.8272110316593109,5.624470948201435e-5,5.6244709471935186e-5,1.0500620994499612
760264447,0.1,0.8,5.0,0.25,-0.1588563473257345,1.6740137093007208,1.2359192989802994,0.00023960246239338113,0.00023960246234748273,1.0501909252597252
760264519,0.1,0.8,5.0,0.25,-0.10617968831632332,0.8469147873106403,0.8460130495360488,5.2870026913093485e-5,5.28700268985904e-5,1.0500702819221388
760264527,0.1,0.8,5.0,0.25,0.022566613001462028,1.2259363606510765,0.8131470312781092,0.0004083365908394242,0.00040833659076674995,1.0507340491025383
760265263,0.1,0.8,5.0,0.25,-0.2329990487946382,1.1610280720904216,0.9440984321896931,0.00014567379755841715,0.000145673797525971,1.053287125655098
760265546,0.1,0.8,5.0,0.25,-0.1572928596865082,1.0554807517227651,0.8746963210560149,0.00013386240856719416,0.00013386240858906143,1.0511360013624451
760265589,0.1,0.8,5.0,0.25,-0.2084532959401141,0.9426026885084807,0.9496782157711132,5.0620238533812914e-5,5.062023852289877e-5,1.0502313564625885
760265714,0.1,0.8,5.0,0.25,-0.42835905785361605,0.8671202848005675,0.9485584599084664,3.3184378594388464e-5,3.318437858830973e-5,1.0525097470022258
760265968,0.1,0.8,5.0,0.25,-0.35583968152313494,1.1842778583980211,1.1227593146611379,6.86185455680575e-5,6.86185455496588e-5,1.0502102709490435
760266346,0.1,0.8,5.0,0.25,-1.2746746408198355,2.0747523117044295,1.9870912454815348,6.46814159043165e-5,6.468141744919278e-5,1.0519380430935166
76026640x,0.1,0.8,5.0,0.25,-0.3284294276755596,0.8591261598933401,0.8928369614195009,4.330842630115105e-5,4.330842629274356e-5,1.0504319480366462
760266733,0.1,0.8,5.0,0.25,0.26468545212195554,0.3795475937656426,0.5067453100899433,1.2373836086043157e-5,1.23738360834146e-5,1.0504448418675125
760267699,0.1,0.8,5.0,0.25,-0.4007404878844173,1.2123338668422932,1.1807483931955394,5.961939205093521e-5,5.961939203867779e-5,1.0514411882800538
760267744,0.1,0.8,5.0,0.25,-0.4428374067842191,1.2791595294266973,1.227293110349091,6.46814159043165e-5,6.46814158884456e-5,1.0500697092594402
760267840,0.1,0.8,5.0,0.25,-0.2605257143199742,0.7650876132774663,0.9067362376188574,2.249788379280574e-5,2.2497883788691537e-5,1.0500246257285384
760267859,0.1,0.8,5.0,0.25,0.155444400676757,0.661954511291635,0.8152968803140591,1.8560754129064736e-5,1.8560754125627743e-5,1.0500037795105865
760268464,0.1,0.8,5.0,0.25,1.003726358201552,0.09186331599883799,0.19821034872723498,1.124894189640287e-6,1.1248941894278887e-6,1.0500043007898594
760269205,0.1,0.8,5.0,0.25,1.5268931788328948,0.32867231819976783,0.19821034872723498,0.0006569382067499275,0.0006569382065883476,1.0508228753711066
760270476,0.1,0.8,5.0,0.25,-0.23169911433886298,1.3890022252008694,1.0963198785218409,0.00017154636392014376,0.00017154636387441862,1.05023616537495
760271444,0.1,0.8,5.0,0.25,-0.5721688129986003,2.7862544722347162,1.6484958202703945,0.0007238694110335246,0.0007238694108404106,1.0505059181946834
760271698,0.1,0.8,5.0,0.25,-0.09924311870357279,0.6424400595135368,0.8580887354813115,1.2373836086043157e-5,1.2373836084014411e-5,1.0500190085828787
760271858,0.1,0.8,5.0,0.25,-0.12572313371644983,1.5937512377129714,1.18013741107527,0.00023622777982446026,0.00023622777977785683,1.0500727381760364
760272041,0.1,0.8,5.0,0.25,-0.3818379038199395,0.8357823272752646,1.011613728469361,2.0248095413525164e-5,2.0248095409701312e-5,1.0500240675458232
760272324,0.1,0.8,5.0,0.25,0.3625673076963706,0.9110997308930052,0.713684954225162,0.00017829572905798548,0.00017829572902386902,1.0500955288696412
760273204,0.1,0.8,5.0,0.25,0.3402553533582763,0.7073455517595759,0.6924869224744583,5.849449786129492e-5,5.849449784971343e-5,1.050012978742698
760273335,0.1,0.8,5.0,0.25,1.3751076593443032,0.18257106342544424,0.19821034872723498,3.487171987884889e-5,3.487171987226008e-5,1.0500465835524082
760273562,0.1,0.8,5.0,0.25,-0.9762397766787883,1.057884913087721,1.9870912454815348,2.249788379280574e-6,2.249788378880436e-6,1.0500014524555983
760273837,0.1,0.8,5.0,0.25,0.38694996575381413,0.3124821619822271,0.5109681746794336,4.499576758561148e-6,4.499576757649269e-6,1.0500129773500284
760274098,0.1,0.8,5.0,0.25,-0.8252182395743514,2.5496246461084136,1.9870912454815348,0.00018279530581654662,0.00018279530577927245,1.0501783262095095
760274637,0.1,0.8,5.0,0.25,-0.2248912567840041,1.3723352611414397,1.1461844542077793,0.000129362831808633,0.0001293628317859004,1.0501260353803719
760274979,0.1,0.8,5.0,0.25,-0.5026847932128262,0.5268895981885854,0.7172134822891117,1.124894189640287e-5,1.1248941894613516e-5,1.050138220864318
76027547x,0.1,0.8,5.0,0.25,0.04629774799311833,1.0046783315099104,0.7785859983537982,0.00018560754129064736,0.0001856075412816374,1.0529286499165178
760275752,0.1,0.8,5.0,0.25,-0.370887116358812,1.794831619816414,1.4651355496834073,0.000145111350463597,0.00014511135043420177,1.0500337280257228
760275912,0.1,0.8,5.0,0.25,-0.39155880804709287,1.1431852338967283,0.8814753874071516,0.0001889822238595682,0.0001889822238173134,1.0544350771391702
76027598x,0.1,0.8,5.0,0.25,0.8777688429698276,0.09186414915656652,0.19821034872723498,1.124894189640287e-6,1.1248941893979774e-6,1.0500138238481298
760275998,0.1,0.8,5.0,0.25,-0.6541374845871911,1.6764332235542265,1.5670163220811422,7.368056942143879e-5,7.368056940321334e-5,1.0501220178501325
760276413,0.1,0.8,5.0,0.25,0.43738861933533946,0.20667442173723632,0.4459358615384147,1.124894189640287e-6,1.1248941894363158e-6,1.0500007698188547
760276640,0.1,0.8,5.0,0.25,0.3893929248263264,0.6191255928853671,0.6505776600405695,4.105863792187047e-5,4.1058637914249716e-5,1.0500169826894967
760276990,0.1,0.8,5.0,0.25,0.8111184321786254,0.27570090098324396,0.36823491918912715,1.2373836086043157e-5,1.2373836085811048e-5,1.0500499633207125
760277336,0.1,0.8,5.0,0.25,-0.2677301942626349,1.276514018850148,1.1112626441382047,0.00010517760673136683,0.00010517760670341567,1.0500786689441388
760277619,0.1,0.8,5.0,0.25,0.4226483333584735,0.45046575025606195,0.5733461178179041,1.5748518654964018e-5,1.574851865165064e-5,1.0500127640763892
760278320,0.1,0.8,5.0,0.25,-0.534686735006322,0.9838976634096471,1.3141594578585833,1.2373836086043157e-5,1.2373836083673875e-5,1.050022517721498
760278865,0.1,0.8,5.0,0.25,-0.11093536114925828,1.0691965060595612,0.890256022678739,0.000129362831808633,0.0001293628317824101,1.0533636509777295
760280455,0.1,0.8,5.0,0.25,-0.01282471879455883,0.49146495623609876,0.7085425686326261,8.436706422302152e-6,8.43670642006633e-6,1.050242627039626
760281167,0.1,0.8,5.0,0.25,-0.043602549667129856,0.7832923934419199,0.6735010429248689,0.00010911473639510784,0.00010911473639157902,1.0553744479416005
760282469,0.1,0.8,5.0,0.25,0.4724081940062474,0.9548152911047806,0.6674438852622407,0.00031497037309928034,0.00031497037304150033,1.0501426231998576
760282856,0.1,0.8,5.0,0.25,-0.1256343843245401,0.964372230725852,0.9513298521245374,5.624470948201435e-5,5.6244709484746166e-5,1.050255237472914
760282899,0.1,0.8,5.0,0.25,-0.5861513314832129,2.236372737842451,1.4918217176974906,0.0003970876489430213,0.00039708764885811574,1.0506247041992636
760282960,0.1,0.8,5.0,0.25,0.6025111950831105,0.6935968789370563,0.49796169787531047,0.0002755990764618703,0.0002755990764100349,1.0501546499317
760282987,0.1,0.8,5.0,0.25,-0.02133307193787754,0.9803195106955869,0.8918717230768294,8.436706422302153e-5,8.436706421592084e-5,1.0500942590785596
760283410,0.1,0.8,5.0,0.25,0.9541304219033664,0.2276419126142985,0.30404717187804675,1.2373836086043157e-5,1.2373836083634141e-5,1.0500452291733027
760283533,0.1,0.8,5.0,0.25,-0.20951924582698012,1.3331875525578902,0.9156306346425367,0.0003430927278402875,0.00034309272777380224,1.050718195526277
760285491,0.1,0.8,5.0,0.25,-0.1873614867946666,0.7497497232798938,0.6312334132519914,0.00012317591376561143,0.00012317591373756939,1.0520074037676905
760285977,0.1,0.8,5.0,0.25,0.2031766382893168,0.5924015065102672,0.6051986996076755,4.724555596489205e-5,4.724555595655098e-5,1.0501312813161399
760286662,0.1,0.8,5.0,0.25,0.07120662411557381,0.8618138357016203,0.764211687099912,9.561600611942439e-5,9.56160061285604e-5,1.0507303749813142
760287737,0.1,0.8,5.0,0.25,0.24735607939439613,0.685690923861122,0.7468816257999296,3.430927278402875e-5,3.430927277741557e-5,1.050006392580774
760287745,0.1,0.8,5.0,0.25,-0.30591778952346427,2.4274432348635386,1.277314684340876,0.0012604439394919415,0.001260443939291036,1.057168200449734
760287809,0.1,0.8,5.0,0.25,0.628292189136143,0.21455252548268147,0.3716132179486789,3.3746825689208607e-6,3.374682568242502e-6,1.050010186581628
760288211,0.1,0.8,5.0,0.25,1.2625481216381902,0.11443705876927487,0.19821034872723498,3.3746825689208607e-6,3.374682568309336e-6,1.050005069813291
760288393,0.1,0.8,5.0,0.25,-0.12113604193070057,0.9673712121588166,0.9623234192727985,5.399492110273377e-5,5.3994921092855185e-5,1.0500237978966633
76028902x,0.1,0.8,5.0,0.25,-0.32816825653310644,0.5703199346459128,0.8918717230768294,5.624470948201435e-6,5.624470947102341e-6,1.0500196867731426
76028953x,0.1,0.8,5.0,0.25,0.0376898907613805,0.5561372363281155,0.673032812311586,2.0248095413525164e-5,2.024809540969346e-5,1.0501867169139558
760290127,0.1,0.8,5.0,0.25,-0.4006883579269256,1.4790121430282777,1.213739088663404,0.000141174220799856,0.00014117422076152369,1.0502506070594926
760290143,0.1,0.8,5.0,0.25,-0.20117010711046318,0.8036184690180418,0.9181943496413929,2.6997460551366886e-5,2.699746057170395e-5,1.0501427305669657
760290178,0.1,0.8,5.0,0.25,-0.9941797341669305,1.9721552200378105,1.9870912454815348,5.0620238533812914e-5,5.062023852283911e-5,1.0501614360551557
760290549,0.1,0.8,5.0,0.25,1.5196678143809272,0.2010668971920253,0.19821034872723498,5.624470948201435e-5,5.6244709663276974e-5,1.0509826212087254
760290573,0.1,0.8,5.0,0.25,1.2994383724755734,0.27918691443632715,0.2702641665626297,6.186918043021579e-5,6.186918041807963e-5,1.0500484510056542
760291015,0.1,0.8,5.0,0.25,-0.47598633935769064,1.8193529743694898,1.2181161872544843,0.00036671550582273357,0.0003667155057570881,1.0635551528219185
760291111,0.1,0.8,5.0,0.25,-0.795801235812706,1.8561061148497606,1.854112709379109,5.2870026913093485e-5,5.287002690323932e-5,1.0500799940672108
760291664,0.1,0.8,5.0,0.25,0.2288478589413862,0.4703407122106394,0.5574198269230184,2.249788379280574e-5,2.2497883788725503e-5,1.0500245341744423
760291701,0.1,0.8,5.0,0.25,-0.362964252446328,1.2710137551630574,0.7614474537230694,0.00034871719878848894,0.0003487171985571427,1.2006412455211835
760291904,0.1,0.8,5.0,0.25,-0.7130836480761248,2.3034224617724917,1.6014601201531415,0.00031440792600446023,0.00031440792591665156,1.0562248773798053
760292608,0.1,0.8,5.0,0.25,1.3663577163346883,0.1911501939445423,0.19821034872723498,4.387087339597119e-5,4.387087338422478e-5,1.0500519394182986
760292704,0.1,0.8,5.0,0.25,0.07672250864688387,0.7542747469174397,0.7904313256110241,4.162108501669062e-5,4.162108500913558e-5,1.050026754459425
760292712,0.1,0.8,5.0,0.25,-0.10255769542119697,1.0701027149859519,0.9253746653872912,0.00010855228930028769,0.00010855228927612318,1.0504555580978865
760293221,0.1,0.8,5.0,0.25,-0.32568679888027274,0.7413132887493352,0.9576186443079359,1.462362446532373e-5,1.4623624462626156e-5,1.05001573524156
760294494,0.1,0.8,5.0,0.25,-0.6182278563604848,1.43256783207731,1.5360012536014753,3.712150825812947e-5,3.712150825109545e-5,1.0500164966637457
760295788,0.1,0.8,5.0,0.25,1.0361551613837547,0.4192392404547136,0.36344161560846205,0.0001074273951106474,0.00010742739509091292,1.0500304228743702
760295833,0.1,0.8,5.0,0.25,-0.9069324575454546,1.4394783025253706,1.376250267752366,6.524386299913664e-5,6.524386455744676e-5,1.0519555547637913
760295964,0.1,0.8,5.0,0.25,-0.46096026468032336,1.2506924638003978,1.2968347834079212,4.387087339597119e-5,4.387087338755937e-5,1.0500941678033473
760296211,0.1,0.8,5.0,0.25,0.1681037648910032,0.8389973650930003,0.8182502204538806,5.961939205093521e-5,5.961939203897535e-5,1.0500127616178108
760296326,0.1,0.8,5.0,0.25,-0.0886777978883189,0.8548314782354287,0.919313963744847,3.655906116330933e-5,3.6559061156092153e-5,1.0500627743403514
760296510,0.1,0.8,5.0,0.25,-0.11062272153083881,0.4113278124979594,0.5852908182691693,8.999153517122296e-6,8.999153515144905e-6,1.050445809166337
760296561,0.1,0.8,5.0,0.25,-0.8671373504214153,2.4306424191400264,1.9870912454815348,0.00014398645627395674,0.000143986456246044,1.0501142560137084
760297062,0.1,0.8,5.0,0.25,-0.28146744822568925,1.434757740747416,1.2476715613275586,0.00010574005382618697,0.00010574005380362493,1.0500936083778294
760297847,0.1,0.8,5.0,0.25,-0.009900337258969244,0.7209266388773296,0.7932020090311318,3.262193149956832e-5,3.262193149282269e-5,1.0500330135197458
760298022,0.1,0.8,5.0,0.25,0.007965993130605926,0.9883873428565827,0.8276988959207742,0.00012767549052417258,0.00012767549048951668,1.0501006141675755
760299359,0.1,0.8,5.0,0.25,0.9897191794800169,0.4127239116761961,0.3735436591942236,8.66168526023021e-5,8.661685258609123e-5,1.0500147567176377
760299797,0.1,0.8,5.0,0.25,-0.2505689022954298,0.8730129310462454,1.0197757975038728,2.418522507726617e-5,2.418522507262848e-5,1.0500345020748378
763600119,0.1,0.8,5.0,0.25,0.1972284100012875,0.26653304502469255,0.34133363160021574,1.5186071560143873e-5,1.5186071557035377e-5,1.0511882826163907
763600768,0.1,0.8,5.0,0.25,-0.27542905398878376,0.6354297839984616,0.9290330448716974,7.874259327482009e-6,7.87425932533681e-6,1.0500067307627934
763600784,0.1,0.8,5.0,0.25,1.3214217612122852,0.10552352605650388,0.19821034872723498,2.249788379280574e-6,2.249788378792647e-6,1.0500071474625112
763600848,0.1,0.8,5.0,0.25,0.34187653770705173,0.22751639409117583,0.42735520064098076,2.249788379280574e-6,2.249788378828105e-6,1.0500089208412546
763602317,0.1,0.8,5.0,0.25,0.20741745640377593,0.7720928911393559,0.6222487156226019,0.00015411050398071933,0.00015411050394695242,1.05084029322149
763602624,0.1,0.8,5.0,0.25,0.020692275446266423,0.39173793845497845,0.5648520841940323,8.436706422302152e-6,8.436706420534741e-6,1.0500837326681036
76360307x,0.1,0.8,5.0,0.25,-0.059871695079724535,0.8904591652255458,0.8731106736067638,5.793205076647478e-5,5.7932050762922966e-5,1.0504092813838934
763605753,0.1,0.8,5.0,0.25,0.05776119012152468,1.2340464192941212,0.9654954229672641,0.00017942062324762578,0.00017942062321242764,1.050036570457612
763605761,0.1,0.8,5.0,0.25,-0.14897762027388858,0.5893218409234682,0.7871443552113293,1.2373836086043157e-5,1.2373836083780339e-5,1.05001354114955
763606182,0.1,0.8,5.0,0.25,-0.19327210260571687,1.4193759812446847,1.2253707139377286,0.00010967718348992798,0.00010967718346952118,1.0500363108758983
763606668,0.1,0.8,5.0,0.25,-0.2237176577205458,1.668358265358407,1.1446171645739747,0.00034534251621956807,0.00034534251616139574,1.0504531151497285
763606887,0.1,0.8,5.0,0.25,0.6123493593624387,0.6790809905018605,0.5517893289904321,0.00014848603303251788,0.00014848603300341942,1.0500470887235036
763606895,0.1,0.8,5.0,0.25,-0.12833047183997773,0.7974496882311701,0.8334045616652567,4.2183532111510764e-5,4.218353210427844e-5,1.050065648165333
763607644,0.1,0.8,5.0,0.25,-0.6093304862437688,1.5502506428730138,1.178574445096841,0.00020135605994561136,0.00020135605986826318,1.0559651350023507
763607775,0.1,0.8,5.0,0.25,-0.41899290184312327,1.050136817265754,1.1096056918150567,3.9933743732230185e-5,3.993374372521175e-5,1.0500423708260898
763607783,0.1,0.8,5.0,0.25,-0.5861682537483726,0.9533443555511497,1.3254205246033524,1.0124047706762582e-5,1.0124047705246891e-5,1.0500812202985104
763607791,0.1,0.8,5.0,0.25,0.7920460465647453,0.4545002130855451,0.4398549237712215,6.186918043021579e-5,6.186918041786865e-5,1.0503338953228
763607804,0.1,0.8,5.0,0.25,0.07843026260304227,0.8853158175479383,0.8011401694208722,8.66168526023021e-5,8.661685258738989e-5,1.050187527421337
763607812,0.1,0.8,5.0,0.25,-0.4891924977070479,1.1647765942854034,1.2376335928968696,3.88088495425899e-5,3.880884953901848e-5,1.0501758153553093
763607820,0.1,0.8,5.0,0.25,1.307167505694093,0.11802259619096173,0.19821034872723498,3.9371296637410044e-6,3.937129663072229e-6,1.050027116507671
763607871,0.1,0.8,5.0,0.25,0.17233430737373068,1.5526871597350316,0.9169699046149832,0.0007311812232661865,0.0007311812231190233,1.0503196569363589
763607927,0.1,0.8,5.0,0.25,-1.0816111823596561,1.3995952747568705,1.3513207796534512,6.186918043021579e-5,6.186918041940503e-5,1.052802142298499
763607978,0.1,0.8,5.0,0.25,-0.5050794696593963,1.1883662274045526,1.381725574808812,2.4747672172086314e-5,2.474767216765303e-5,1.0500724250276765
763608233,0.1,0.8,5.0,0.25,1.3226096855057057,0.16192459216512675,0.19821034872723498,1.912320122388488e-5,1.9123201218636035e-5,1.05019993582449
763608532,0.1,0.8,5.0,0.25,0.6488926438220148,0.3726353871800193,0.42580680041959523,2.6997460551366886e-5,2.699746054706692e-5,1.0500368466161256
763609041,0.1,0.8,5.0,0.25,-0.05376534106682097,0.6583925137089915,0.7969039085876777,2.0248095413525164e-5,2.02480954080954e-5,1.0500251746836125
763609295,0.1,0.8,5.0,0.25,0.1883219789234437,0.5455570520116956,0.6498466787637321,2.1935436697985596e-5,2.193543669356494e-5,1.0500201502395015
763609324,0.1,0.8,5.0,0.25,0.14415751945465577,0.9290331839159051,0.7758637965775727,0.000129362831808633,0.0001293628317830953,1.0502228347644378
763609412,0.1,0.8,5.0,0.25,-0.6378919700270089,0.8633141474704473,1.040517010256301,2.0248095413525164e-5,2.024809541230809e-5,1.0544851252983076
763609519,0.1,0.8,5.0,0.25,-0.12192316102268046,1.210155542531353,1.0995813322668608,8.492951131784166e-5,8.492951130042221e-5,1.0500252220902855
763610050,0.1,0.8,5.0,0.25,0.035194548252144735,0.6059091825956421,0.6867412097580555,2.8122354741007175e-5,2.812235473594325e-5,1.050030003616843
763610106,0.1,0.8,5.0,0.25,-0.561186817247761,0.8151379498993703,1.023175041184137,1.6873412844604303e-5,1.687341284105344e-5,1.0501182563397964
763610165,0.1,0.8,5.0,0.25,0.049459439720644975,0.7005960260123688,0.7227877372620191,4.499576758561148e-5,4.499576757329035e-5,1.050074666197627
763610384,0.1,0.8,5.0,0.25,-0.6477403521408173,1.4696038540446814,1.5902686571719578,3.543416697366904e-5,3.5434166966770616e-5,1.050129738620633
76361107x,0.1,0.8,5.0,0.25,0.02256828176226938,1.2450573957325177,0.8886274930737149,0.00028347333578935234,0.00028347333573142987,1.0504244064665085
76361123x,0.1,0.8,5.0,0.25,0.0838959559668675,1.5680091501814362,0.8499519704626853,0.0011068958826060424,0.0011068958824074111,1.0532475882997192
763611862,0.1,0.8,5.0,0.25,0.148361218318695,0.7783796746383768,0.6972393285280474,8.999153517122296e-5,8.999153515409132e-5,1.0528509636850691
763611926,0.1,0.8,5.0,0.25,-0.20569071207860562,0.9880349454507915,1.0325892691672194,4.2183532111510764e-5,4.218353210323072e-5,1.0500590678439952
763612646,0.1,0.8,5.0,0.25,-0.6298342400586334,1.2118565852847174,1.3241818327780825,3.374682568920861e-5,3.374682567988795e-5,1.0501579788879676
763613016,0.1,0.8,5.0,0.25,-0.5231119398242481,2.096951231511958,1.4383688624479054,0.00034253028074546736,0.0003425302807816102,1.0523879901994002
763614713,0.1,0.8,5.0,0.25,0.34109060992004137,0.37940184547318534,0.5067453100899433,1.2373836086043157e-5,1.2373836083356494e-5,1.0500414654684438
763614879,0.1,0.8,5.0,0.25,-0.2332149267958222,1.2070115622274593,1.0623518951799304,9.955313578316539e-5,9.955313576273536e-5,1.0500975968701298
763615476,0.1,0.8,5.0,0.25,-0.13690286269752222,1.404854395154503,1.0486518615258265,0.00022610373211769767,0.00022610373207489787,1.0508386947666466
763616188,0.1,0.8,5.0,0.25,-0.36929166442313865,1.9207104546708262,1.2508025966153518,0.00044827033457165436,0.0004482703344496298,1.0504194299220262
763616727,0.1,0.8,5.0,0.25,-1.0896603383313503,1.9213777059088961,1.9870912454815348,4.4433320490791335e-5,4.4433320482769906e-5,1.0501487106716914
763617463,0.1,0.8,5.0,0.25,-0.08621085868207362,0.6271518656928086,0.7432264358973578,2.249788379280574e-5,2.2497883788321848e-5,1.0500762987398542
763617551,0.1,0.8,5.0,0.25,-0.350953949835933,0.7184156479959445,0.9017813994381814,1.6873412844604303e-5,1.687341284164867e-5,1.0501021405178368
763617922,0.1,0.8,5.0,0.25,-0.09449067685391896,1.2778053162088785,1.1160514114247055,0.0001034902654469064,0.00010349026542753637,1.0500215432308342
763618060,0.1,0.8,5.0,0.25,0.5433553061455079,0.3522080947693815,0.5149497296832559,7.874259327482009e-6,7.874259326040086e-6,1.0500021201894192
763619872,0.1,0.8,5.0,0.25,0.15453742244366955,1.1841465295844629,0.903812737789086,0.0002030434012300718,0.00020304340119196816,1.05004239280503
763620152,0.1,0.8,5.0,0.25,0.1937587297686244,0.6023024686029299,0.6381129868707085,3.937129663741004e-5,3.937129662933077e-5,1.0502162558316395
763620283,0.1,0.8,5.0,0.25,0.45194348999303574,1.0494150182176623,0.6834330463590613,0.0004488327816664745,0.00044883278157816154,1.0501032601084554
763620953,0.1,0.8,5.0,0.25,-0.7945896099738083,3.1916847078602584,1.9870912454815348,0.0005590724122512226,0.0005590724121127477,1.0512504155776654
763621155,0.1,0.8,5.0,0.25,0.20849005460904796,0.8327269298085446,0.7423310139570606,9.336621774014381e-5,9.336621772005359e-5,1.050182244152403
763621227,0.1,0.8,5.0,0.25,-0.590061209400025,2.5801356849139916,1.5741845174160698,0.0006203791455866183,0.000620379145431507,1.050637966708354
763621243,0.1,0.8,5.0,0.25,0.14915549769569517,1.22807491290002,0.9026109742334983,0.00024522693334158254,0.0002452269332939458,1.0500457872158688
763621278,0.1,0.8,5.0,0.25,-0.15397943677540996,0.7703348469810659,0.872547818732395,2.8122354741007175e-5,2.812235473609188e-5,1.0506972380226813
763621665,0.1,0.8,5.0,0.25,-1.1137871001561357,1.1472734494288643,1.9870912454815348,3.3746825689208607e-6,3.3746825694232546e-6,1.0500262772641966
763622158,0.1,0.8,5.0,0.25,-0.07286738806596683,0.906175293362245,1.0230293127341052,2.8684801835827318e-5,2.868480183044659e-5,1.0500050522088658
763622166,0.1,0.8,5.0,0.25,-0.20825621524288412,0.8127361741629365,0.8767749360976643,3.5996614068489185e-5,3.599661406167932e-5,1.0500422009754569
763622326,0.1,0.8,5.0,0.25,0.028235185636766535,0.7333992954661406,0.8014458731197959,3.374682568920861e-5,3.3746825682491846e-5,1.0500677632048223
76362249x,0.1,0.8,5.0,0.25,0.5979896003901121,0.42632848703493076,0.5104792117842273,2.1372989603165453e-5,2.137298959911321e-5,1.0500037669428537
763622772,0.1,0.8,5.0,0.25,-0.45748690689695104,1.0563036463380564,1.2715198520642241,2.081054250834531e-5,2.0810542504203313e-5,1.0500417656116574
763622887,0.1,0.8,5.0,0.25,-0.5248426635408846,1.2907373412302834,1.3967938681902567,3.543416697366904e-5,3.543416696661641e-5,1.0500711561868346
763623003,0.1,0.8,5.0,0.25,-0.28147688731841214,0.7253359940769623,0.8511712412785639,2.3622777982446025e-5,2.362277798851203e-5,1.0501557490999724
763624006,0.1,0.8,5.0,0.25,0.281759907120353,0.6855432076829842,0.7243840875303144,3.9933743732230185e-5,3.9933743724956165e-5,1.0500151019372321
763624305,0.1,0.8,5.0,0.25,-0.26461332438658886,1.883079558888656,1.1773590017791637,0.00054894836454446,0.0005489483644442854,1.0506331057473646
763624831,0.1,0.8,5.0,0.25,0.37085758300898164,0.5814801368787672,0.6354586168681602,3.374682568920861e-5,3.3746825682173903e-5,1.0500225968290933
763625535,0.1,0.8,5.0,0.25,-0.29930268869679855,0.7928063470179009,1.0688304320426747,1.1811388991223012e-5,1.1811388988895225e-5,1.0500155562175169
763626108,0.1,0.8,5.0,0.25,1.4930439141140694,0.1534421222421065,0.19821034872723498,1.462362446532373e-5,1.4623624462183791e-5,1.0500376851531337
763626570,0.1,0.8,5.0,0.25,0.8389538870313004,0.13636192151809381,0.22296793076920735,4.499576758561148e-6,4.499576757577453e-6,1.0500597120276836
763626845,0.1,0.8,5.0,0.25,-0.04780392051394951,0.7558298743832472,0.805526269720685,3.824640244776976e-5,3.8246402437464564e-5,1.0500835313165884
763627004,0.1,0.8,5.0,0.25,1.3371465167710272,0.17889339688870523,0.19821034872723498,3.1497037309928035e-5,3.1497037303162885e-5,1.0500540739056796
763627354,0.1,0.8,5.0,0.25,-0.01953357041368849,0.5243348122885619,0.7134974068133021,1.124894189640287e-5,1.1248941894213769e-5,1.050489169686838
763627397,0.1,0.8,5.0,0.25,0.4522891799465679,0.6838487119083886,0.5503095402182833,0.00015579784526517973,0.00015579784523503135,1.0501185304078198
763627442,0.1,0.8,5.0,0.25,0.06604886828139624,0.9784468216581849,0.7801314570719364,0.0001631096574978416,0.00016310965746351772,1.050197842121974
763627557,0.1,0.8,5.0,0.25,-0.5046631810020159,1.651638209839596,1.5713045376584382,6.749365137841721e-5,6.749365136435168e-5,1.0500248860805514
763628461,0.1,0.8,5.0,0.25,0.168509982057981,0.5869058895839954,0.5789733907288579,5.624470948201435e-5,5.62447094721839e-5,1.0502462703612678
763628592,0.1,0.8,5.0,0.25,-0.38456749163089987,0.5706446531864068,0.8918717230768294,5.624470948201435e-6,5.624470946940456e-6,1.0506175281651673
763628912,0.1,0.8,5.0,0.25,-0.3405435140335803,1.2784659798066516,1.1303056526424273,9.730334740388482e-5,9.730334738450196e-5,1.05018386203085
763629771,0.1,0.8,5.0,0.25,0.7019334453130108,0.32755847445923064,0.4459358615384147,1.124894189640287e-5,1.1248941894206838e-5,1.0500058679068862
763630350,0.1,0.8,5.0,0.25,-0.19201590401418922,1.081827459990795,1.006683556388204,7.536791070589923e-5,7.536791069086038e-5,1.050087167110694
763630414,0.1,0.8,5.0,0.25,-0.20850912829571314,1.4530437338226658,1.0956283063005567,0.00021541723731611495,0.0002154172372762118,1.0504054626892616
76363102x,0.1,0.8,5.0,0.25,-0.303108359871188,0.978996721840077,0.9164553896253039,7.311812232661866e-5,7.311812231301147e-5,1.0501770471448437
763631775,0.1,0.8,5.0,0.25,-0.01234848534410039,1.0217991265206205,0.9854386023447371,6.299407461985607e-5,6.299407460853444e-5,1.0502039231853264
763631863,0.1,0.8,5.0,0.25,-0.6661192477419178,1.2175078847798955,1.4502444552927598,2.1935436697985596e-5,2.193543669361114e-5,1.0500232896741433
763632313,0.1,0.8,5.0,0.25,0.42266384096252463,0.6949163739834654,0.6486339997503113,7.424301651625894e-5,7.424301650192395e-5,1.0500242609852988
763632866,0.1,0.8,5.0,0.25,0.18454914648463386,0.6850816511618267,0.673275716688171,5.7369603671654635e-5,5.736960366002279e-5,1.0500515856995951
763633893,0.1,0.8,5.0,0.25,-0.7987079702224877,1.6802451809011296,1.7559963523418733,4.2183532111510764e-5,4.218353210291745e-5,1.0500695885981053
763633930,0.1,0.8,5.0,0.25,-0.4866029975327083,0.7788520073631975,1.059097671153735,1.124894189640287e-5,1.124894189393591e-5,1.0512214545946386
763634343,0.1,0.8,5.0,0.25,-0.8206211179748581,2.373290815179646,1.9870912454815348,0.00012767549052417258,0.00012767549050013053,1.0502900752014706
763637595,0.1,0.8,5.0,0.25,0.3282304160841229,0.6630704940271375,0.6858380619417596,4.4433320490791335e-5,4.443332048202433e-5,1.050011330470401
763638221,0.1,0.8,5.0,0.25,-0.07039997160855535,1.2000031324237552,0.8968885100246882,0.0002249788379280574,0.0002249788378672573,1.050541481756153
763638328,0.1,0.8,5.0,0.25,0.3350341680258251,0.7244199061966093,0.6780512294901601,7.311812232661866e-5,7.311812243130708e-5,1.0503172103976401
763638459,0.1,0.8,5.0,0.25,-0.4314789951654975,2.0843738995997176,1.377446290060652,0.0004049619082705033,0.00040496190818897266,1.056369218706363
763638782,0.1,0.8,5.0,0.25,-0.05616572646729293,0.20667932897828772,0.4459358615384147,1.124894189640287e-6,1.124894189295039e-6,1.0500257008784866
763639005,0.1,0.8,5.0,0.25,-0.4107070518357469,1.6334179882878512,1.0612344783439622,0.0004499576758561148,0.0004499576757681633,1.0520812236577646
763639208,0.1,0.8,5.0,0.25,0.3599903051064232,1.0397812811994678,0.7435237049243195,0.00028122354741007174,0.0002812235473560407,1.0501091899899198
763639769,0.1,0.8,5.0,0.25,0.2823717037600963,0.448921513409208,0.5009896742300559,3.0372143120287746e-5,3.037214311497928e-5,1.0501326853715205
76364017x,0.1,0.8,5.0,0.25,0.12409703538566859,0.4866640221851943,0.6150839225082975,1.631096574978416e-5,1.6310965746879156e-5,1.0500175328731498
763640313,0.1,0.8,5.0,0.25,0.22811951920732096,1.6493388226646697,0.8606216178557691,0.0012092612538633085,0.0012092612536009973,1.0749573248064181
763640647,0.1,0.8,5.0,0.25,0.4191588536323807,0.20667440083651298,0.4459358615384147,1.124894189640287e-6,1.1248941894235855e-6,1.050000663635979
763640719,0.1,0.8,5.0,0.25,0.36301607606258623,0.5799384565321144,0.6627102623016762,2.6997460551366886e-5,2.6997460546474816e-5,1.0500047158490922
763640807,0.1,0.8,5.0,0.25,-0.1484096044218703,1.919757209652336,1.0964889972386578,0.0008633562905489202,0.0008633562903782926,1.050513499805085
763640962,0.1,0.8,5.0,0.25,0.12008651596479425,0.25834516710893074,0.5574198269230184,1.124894189640287e-6,1.1248941894007296e-6,1.0500094673155236
763641068,0.1,0.8,5.0,0.25,-0.13463888492225476,1.1880959027290483,0.9567351301398201,0.00015467295107553946,0.00015467295103330187,1.050931774484627
763641113,0.1,0.8,5.0,0.25,-0.9917696331230719,1.3924274921475999,1.240686518869519,9.167887645568339e-5,9.167887643161729e-5,1.0545187103255034
763641201,0.1,0.8,5.0,0.25,0.017096276243768017,0.7438591053398952,0.8024522925079286,3.5996614068489185e-5,3.5996614061570485e-5,1.0500663732037148
763641930,0.1,0.8,5.0,0.25,0.22951337503370545,0.9457550716286642,0.8044541449467646,0.00011811388991223013,0.00011811388988917186,1.0500616817914763
763641949,0.1,0.8,5.0,0.25,1.2760408634471232,0.18018659644806048,0.19821034872723498,3.262193149956832e-5,3.262193149351047e-5,1.0502479491982786
763641957,0.1,0.8,5.0,0.25,-1.0916253021503564,1.7863610172915048,1.3908951264254015,0.0001732337052046042,0.0001732337051692117,1.0625417134490056
763642407,0.1,0.8,5.0,0.25,1.409877958762817,0.1672495562171695,0.19821034872723498,2.249788379280574e-5,2.2497883790067407e-5,1.0500450566855242
763642546,0.1,0.8,5.0,0.25,1.2529755251532706,0.20855632954956785,0.19821034872723498,6.749365137841721e-5,6.749365136626015e-5,1.0510952770714472
763643450,0.1,0.8,5.0,0.25,0.2820654354683937,0.4655806973799434,0.5276907623991645,2.8122354741007175e-5,2.812235473569702e-5,1.0500325417259915
763643899,0.1,0.8,5.0,0.25,0.015804508816699647,1.3911443986070202,1.0565867614541362,0.0002081054250834531,0.0002081054250493191,1.0500451812981648
763644373,0.1,0.8,5.0,0.25,0.20752986187701428,0.4552696257046719,0.6080943437560935,1.2373836086043157e-5,1.2373836082801865e-5,1.0500124800724187
763645077,0.1,0.8,5.0,0.25,0.3581497722550597,1.1024217317566303,0.7313019361310436,0.00040664924955496375,0.00040664924947261957,1.05148883998997
763645106,0.1,0.8,5.0,0.25,-0.23861290448144762,1.2633150184774078,1.0986309786394164,0.00010574005382618697,0.00010574005380588863,1.050048920883402
76364519x,0.1,0.8,5.0,0.25,-0.4246937864475015,1.4441750770126942,1.1798355348745477,0.00014342400917913658,0.00014342400914856948,1.0516509584695712
763645894,0.1,0.8,5.0,0.25,0.1833023252069724,1.0107659545055463,0.8367490862971625,0.00013498730275683443,0.0001349873027302474,1.0504959795668183
763646838,0.1,0.8,5.0,0.25,1.3163329161159762,0.32814591354444816,0.24045561057150405,0.0002486016159105034,0.00024860161589408854,1.0503376081065063
763647531,0.1,0.8,5.0,0.25,0.08245699090145894,0.2943873164665754,0.37426758795122717,1.5748518654964018e-5,1.574851865170453e-5,1.0512029105811533
763647769,0.1,0.8,5.0,0.25,-0.5116798448737784,0.8285713821766472,1.1520009756409046,1.0124047706762582e-5,1.0124047704577603e-5,1.0500352189415023
763649609,0.1,0.8,5.0,0.25,0.1271109365789205,0.8355357747840297,0.8002498508115099,6.524386299913664e-5,6.524386298505101e-5,1.0500963150729892
763656948,0.1,0.8,5.0,0.25,-0.4070501146979716,1.5844498855753686,1.2197656972200188,0.00019123201223884877,0.00019123201219712436,1.053628702186171
764740391,0.1,0.8,5.0,0.25,-1.011235533379967,1.2707491605137802,1.9870912454815348,5.624470948201435e-6,5.624470947093793e-6,1.0500822223368056
766702217,0.1,0.8,5.0,0.25,-0.10090977541905363,0.742160591399813,0.9380029995450526,1.631096574978416e-5,1.6310965746288733e-5,1.0500146233951086
766702241,0.1,0.8,5.0,0.25,-0.19204978574540948,0.6102441219325863,0.868645896955037,8.999153517122296e-6,8.999153515355794e-6,1.050069683711078
766702305,0.1,0.8,5.0,0.25,-0.07410223682169659,2.0227547921664253,1.202257302855698,0.0007086833394733808,0.0007086833393421425,1.0501539989448778
766703068,0.1,0.8,5.0,0.25,-0.6843264145188785,1.8502599341292347,1.7661076102751565,6.636875718877693e-5,6.636875717440468e-5,1.0500753549168218
766703244,0.1,0.8,5.0,0.25,0.12712177332306882,0.4696591302947509,0.5357424010226115,2.6997460551366886e-5,2.6997460544365938e-5,1.0518644729157203
766704378,0.1,0.8,5.0,0.25,0.15903941702495428,0.9264857626079019,0.8463680854340104,8.267972293856109e-5,8.267972292285432e-5,1.0500193168059175
766704490,0.1,0.8,5.0,0.25,0.09655266408947545,0.44361877515468223,0.6689037923076221,6.749365137841721e-6,6.7493651364832694e-6,1.0500048269702034
766704618,0.1,0.8,5.0,0.25,-0.5913011522549867,0.4807222121079462,0.6020134414286984,1.6873412844604303e-5,1.687341284207193e-5,1.052555572890674
766705186,0.1,0.8,5.0,0.25,1.4352985578085844,0.2780884507743381,0.22024276976983556,0.00016873412844604306,0.00016873412841432822,1.0501185401928783
76670532x,0.1,0.8,5.0,0.25,-0.31477206479073816,0.9005855649111519,1.090065462942657,2.0248095413525164e-5,2.0248095409646824e-5,1.050009397669915
766705610,0.1,0.8,5.0,0.25,-0.8493561330003703,1.7563048657327833,1.7224092050709847,5.793205076647478e-5,5.793205075049425e-5,1.0502130397474805
766705936,0.1,0.8,5.0,0.25,1.252226399551011,0.11443989212970701,0.19821034872723498,3.3746825689208607e-6,3.3746825680365397e-6,1.0500310670277688
766705960,0.1,0.8,5.0,0.25,0.09770750266849337,0.4420362939752069,0.457370122576789,4.387087339597119e-5,4.38708733850042e-5,1.0523313338124736
766705979,0.1,0.8,5.0,0.25,0.09342606845757306,0.5374051579412845,0.6503231314101882,2.0248095413525164e-5,2.0248095407900547e-5,1.0502517480900968
766706146,0.1,0.8,5.0,0.25,0.0942250393078222,0.35453231452618506,0.438968113701877,1.7998307034244593e-5,1.7998307029745313e-5,1.0509308483740207
766706365,0.1,0.8,5.0,0.25,-0.4041529250957181,0.8731478957537439,1.068934483290071,1.912320122388488e-5,1.9123201219753773e-5,1.050079609565116
76670639x,0.1,0.8,5.0,0.25,1.3055808860833988,0.2113771193074228,0.20421986998516714,6.243162752503592e-5,6.243162751153283e-5,1.0502112552698388
766706808,0.1,0.8,5.0,0.25,-0.051298766738258346,0.8473677614765238,0.8538845831052495,5.0620238533812914e-5,5.062023852347434e-5,1.050039284212119
766706883,0.1,0.8,5.0,0.25,0.5172673000855328,0.4277191255964849,0.4583229569901046,3.712150825812947e-5,3.712150824820905e-5,1.0506536087065936
766707587,0.1,0.8,5.0,0.25,-0.20046759336468453,0.8886532923927605,0.7597897926039583,9.84282415935251e-5,9.84282415720512e-5,1.0834592316201828
766707763,0.1,0.8,5.0,0.25,0.14186442197574783,0.7963908096313955,0.7466833046894292,7.25556752317985e-5,7.255567521711115e-5,1.0501543633463801
766708731,0.1,0.8,5.0,0.25,-0.30305494003321476,1.0200570783907423,1.049692657518174,4.555821468043162e-5,4.5558214668172005e-5,1.0501385349691195
766709072,0.1,0.8,5.0,0.25,-0.2650729170167917,1.1974081971185493,1.0623766321590458,9.561600611942439e-5,9.56160060990897e-5,1.050159384476602
766709478,0.1,0.8,5.0,0.25,-0.087257567566097,1.003202455421235,1.0078476828781464,5.118268562863306e-5,5.118268561821672e-5,1.0509128221380768
766710292,0.1,0.8,5.0,0.25,0.27846077194679697,0.9365989065989749,0.6582079194639003,0.0003048463253925178,0.0003048463253096475,1.0514096781081925
766710575,0.1,0.8,5.0,0.25,1.046800824801863,0.33447625613152654,0.3299925417912027,5.624470948201435e-5,5.624470947009469e-5,1.0501285201577666
766710700,0.1,0.8,5.0,0.25,0.03986607146952496,0.21457704838431907,0.3716132179486789,3.3746825689208607e-6,3.3746825679803805e-6,1.0501302005500774
766711228,0.1,0.8,5.0,0.25,0.37060334163215153,0.8047514274020198,0.696774783653773,0.00010798984220546754,0.00010798984218430644,1.0502443875209522
766711244,0.1,0.8,5.0,0.25,0.22421007374746466,1.4233303069690812,0.8746506037163891,0.000599568603078273,0.0005995686029614321,1.050269951186263
766711332,0.1,0.8,5.0,0.25,-0.32747384558101034,1.016214668060015,0.9513298521245374,7.311812232661866e-5,7.311812231248695e-5,1.0501393890485746
766712247,0.1,0.8,5.0,0.25,0.8124303523515941,0.5564528648928914,0.4593383072073735,0.000137237091136115,0.00013723709111009791,1.050023542415454
766712618,0.1,0.8,5.0,0.25,-0.2648761876729901,0.9970295776215551,1.0208170187737982,4.668310887007191e-5,4.66831088576952e-5,1.0503300875505874
766712650,0.1,0.8,5.0,0.25,-0.4095243556075573,0.9025836035995599,0.9507105062119023,4.049619082705033e-5,4.0496190819232655e-5,1.0503981103888194
766713565,0.1,0.8,5.0,0.25,-0.060100613054012014,1.7830030774589596,1.056826050971309,0.0007176824929905031,0.0007176824928623269,1.050412139619834
766713573,0.1,0.8,5.0,0.25,0.24776477147767123,0.643825242177016,0.7035876595723538,3.374682568920861e-5,3.374682568205045e-5,1.0500278564210959
766713741,0.1,0.8,5.0,0.25,-0.1698645016209826,1.3202379759835374,0.8248393294868825,0.0004415209694338126,0.0004415209693289706,1.0982221874190718
766714058,0.1,0.8,5.0,0.25,-0.13955776102807455,0.9783973213662529,1.0763968998293187,3.262193149956832e-5,3.262193149314309e-5,1.0501189668178013
766714154,0.1,0.8,5.0,0.25,1.301242474052651,0.15934394207564484,0.2128330167706529,1.2373836086043157e-5,1.2373836083852482e-5,1.050009684308725
766714648,0.1,0.8,5.0,0.25,-0.27440058199729783,1.1636481950591648,1.0043085228747486,0.00010967718348992798,0.00010967718347008232,1.0503376038177117
766715229,0.1,0.8,5.0,0.25,-0.21726383354748088,0.5985703373584796,0.5317992981997922,9.05539822660431e-5,9.05539822441827e-5,1.0601896025043562
766715237,0.1,0.8,5.0,0.25,-0.47358824965890933,2.171734543143527,1.4333222351899966,0.0004162108501669062,0.0004162108500644769,1.0519566458197014
766715296,0.1,0.8,5.0,0.25,-0.9012255611834167,2.0300672164630478,1.9870912454815348,5.849449786129492e-5,5.8494497845431464e-5,1.0501884184545376
766715480,0.1,0.8,5.0,0.25,0.2512125971174526,0.42665104774208845,0.586757706954788,1.0686494801582727e-5,1.0686494799675515e-5,1.0501336575384086
766715499,0.1,0.8,5.0,0.25,0.4828476603820852,0.868127031789137,0.644069991663738,0.00023397799144517968,0.00023397799139913606,1.0500568994912438
766716141,0.1,0.8,5.0,0.25,-0.2235038832850546,1.3107367045021034,0.8907140466301521,0.0003610910348745321,0.0003610910348060617,1.0511179166340237
766716280,0.1,0.8,5.0,0.25,-0.014846268618302016,0.7295108018806679,0.7999131727289949,3.3184378594388464e-5,3.318437858762327e-5,1.0500252928786842
766716360,0.1,0.8,5.0,0.25,-0.46072823621373143,1.278946254366294,1.1527110474368278,8.830419388676252e-5,8.830419386910088e-5,1.0503479520790888
766716950,0.1,0.8,5.0,0.25,-0.6258201771096752,1.5939202918026276,1.41213022820498,9.561600611942439e-5,9.561600610098113e-5,1.0516793588097424
766717208,0.1,0.8,5.0,0.25,0.42540716671571566,1.411705335557023,0.7665227163378913,0.0011125203535542437,0.0011125203533571696,1.0504008228340362
766717216,0.1,0.8,5.0,0.25,-0.49761120278962395,0.47793664370450956,0.6441296014042422,1.1811388991223012e-5,1.181138899041342e-5,1.0503511060858046
766717291,0.1,0.8,5.0,0.25,-0.8987138330710497,2.151077392177,1.9870912454815348,7.818014617999995e-5,7.818014616498506e-5,1.0500658879252835
766717347,0.1,0.8,5.0,0.25,0.4464729892861892,1.2976738704287765,0.739685007746878,0.0008734803382556828,0.0008734803380976495,1.050184821289237
766717478,0.1,0.8,5.0,0.25,-0.30807291366555783,1.2957978104702792,1.28903334975948,5.399492110273377e-5,5.399492109155363e-5,1.0500261772097341
766717574,0.1,0.8,5.0,0.25,-0.22485872504904342,1.106001760317292,0.9773642113708717,9.730334740388482e-5,9.730334739318034e-5,1.0506823817567856
766718200,0.1,0.8,5.0,0.25,0.038485838840347224,0.7786825567586685,0.7845167776961897,5.0620238533812914e-5,5.062023853120298e-5,1.0502458956202094
766718227,0.1,0.8,5.0,0.25,0.34474780897156587,0.8018943238950142,0.718452244993978,9.111642936086324e-5,9.111642934379122e-5,1.0500198635810822
766719094,0.1,0.8,5.0,0.25,-0.1881152821836718,0.8658688047098029,0.8720523703541255,5.0620238533812914e-5,5.062023852432196e-5,1.0506118840601688
766719203,0.1,0.8,5.0,0.25,0.36722732991873897,0.532222382645516,0.5490585153432539,4.499576758561148e-5,4.4995767577502086e-5,1.0501172452827494
766719350,0.1,0.8,5.0,0.25,-0.7415356132228037,3.425552358166499,1.9870912454815348,0.0007969875333601434,0.0007969875332083301,1.051042105271942
766720175,0.1,0.8,5.0,0.25,-1.18986546144015,3.2939164101109277,1.9870912454815348,0.0006130673333539564,0.0006130673332313937,1.0651008930674726
766720212,0.1,0.8,5.0,0.25,-0.05677923137975737,0.9215990083817694,0.8918717230768294,6.186918043021579e-5,6.186918041868955e-5,1.0503701023466896
76672036x,0.1,0.8,5.0,0.25,-0.12210171950632939,1.5740705239738833,0.7769096250212587,0.0011417676024848913,0.0011417676017115967,1.1495708997125416
766721039,0.1,0.8,5.0,0.25,0.21352329407777182,0.4936813793799222,0.5714585587281323,2.5310119266906457e-5,2.531011926241161e-5,1.050027775205075
766721506,0.1,0.8,5.0,0.25,-0.45959669361919897,1.5335121949273114,1.214432007597018,0.00016873412844604306,0.00016873412841410964,1.0501976994536548
766721709,0.1,0.8,5.0,0.25,-0.7428447390361577,1.5322743468052753,1.6234189026111365,3.937129663741004e-5,3.937129662756189e-5,1.050189347673982
766722082,0.1,0.8,5.0,0.25,0.2019431576504477,0.8145869585368873,0.6448727739716464,0.00016873412844604306,0.00016873412841480125,1.050558992720945
766723827,0.1,0.8,5.0,0.25,0.12535480612558833,0.6180986285290702,0.761244029281634,1.8560754129064736e-5,1.8560754129289555e-5,1.0500557977846912
766724686,0.1,0.8,5.0,0.25,0.5279198931855184,0.42988055342107845,0.5433241433622621,1.631096574978416e-5,1.631096574667756e-5,1.0500028559708954
76672503x,0.1,0.8,5.0,0.25,-0.3745340429555508,1.210320131069567,1.131991027683699,7.311812232661866e-5,7.311812232306926e-5,1.0511141592706879
766725478,0.1,0.8,5.0,0.25,-0.356951251707927,1.0281375318575516,1.3086094437076172,1.5748518654964018e-5,1.5748518651939355e-5,1.050003728942534
766725929,0.1,0.8,5.0,0.25,0.14328218604415768,0.8964146748633153,0.6894656796813632,0.00019516914190258978,0.0001951691418606282,1.0502959589014382
766726059,0.1,0.8,5.0,0.25,-1.057096583432679,1.0578913155623801,1.9870912454815348,2.249788379280574e-6,2.24978837883767e-6,1.050007807222389
76672618x,0.1,0.8,5.0,0.25,0.29864392237618653,0.5939985728195527,0.6512678855495233,3.3184378594388464e-5,3.318437858724385e-5,1.0501144156590672
766726681,0.1,0.8,5.0,0.25,-0.07824847499795229,0.9250722340563724,0.9126820434356685,5.624470948201435e-5,5.624470947228274e-5,1.050116359530515
76672669x,0.1,0.8,5.0,0.25,1.1466220549014987,0.13148250234777753,0.19821034872723498,6.749365137841721e-6,6.749365136607737e-6,1.0502354429672243
766727131,0.1,0.8,5.0,0.25,-0.0197301701138262,0.9315702089139913,0.8408939833307019,8.774174679194238e-5,8.774174677593091e-5,1.050100127945404
766727772,0.1,0.8,5.0,0.25,0.5418357687404429,0.5862464970251149,0.4211102474879055,0.0002710994997033092,0.00027109949964715293,1.0530677862695472
766727983,0.1,0.8,5.0,0.25,0.16097495835023526,0.41480388063993034,0.718452244993978,3.3746825689208607e-6,3.374682568302757e-6,1.0500160535826935
766728919,0.1,0.8,5.0,0.25,-0.320867594346338,0.740353542525082,0.9423049657640348,1.5748518654964018e-5,1.5748518651822898e-5,1.0500194826702314
766729970,0.1,0.8,5.0,0.25,0.21377623874604085,0.6592450603184884,0.6571686119430756,5.343247400791363e-5,5.343247399743869e-5,1.0500419155826768
766730015,0.1,0.8,5.0,0.25,0.3526857815086462,0.6903172364395082,0.6824169873458292,5.5682262387194207e-5,5.568226237655901e-5,1.0501543455970122
766730197,0.1,0.8,5.0,0.25,-1.0217218188087096,3.2435234845753276,1.9870912454815348,0.0006035057327420139,0.0006035057326247645,1.0521086154275647
766730293,0.1,0.8,5.0,0.25,0.7868690321145381,0.13848854006412448,0.26012925256407526,2.249788379280574e-6,2.2497883788164127e-6,1.0500111968070365
766730322,0.1,0.8,5.0,0.25,0.11011860979414892,0.5901045285494284,0.6857953215451792,2.4747672172086314e-5,2.4747672167190694e-5,1.0505704444317352
766730357,0.1,0.8,5.0,0.25,0.15645548771101853,0.8289435407297429,0.8229125385405484,5.455736819755392e-5,5.455736818684939e-5,1.0500215439890106
766731341,0.1,0.8,5.0,0.25,0.2011766732231533,0.5545567162137226,0.696155437741138,1.6873412844604303e-5,1.6873412840974554e-5,1.0500180946054556
766732176,0.1,0.8,5.0,0.25,-0.5637970247583477,1.9038213324172126,1.5104763768934815,0.00016704678716158262,0.0001670467871284366,1.0503698470576632
766732256,0.1,0.8,5.0,0.25,-0.2617167296762137,0.8507319893248624,0.7534275691587733,8.605440550748195e-5,8.605440548892037e-5,1.0744699010604266
766732475,0.1,0.8,5.0,0.25,-0.8349748274878321,3.079430257967658,1.9870912454815348,0.00046851842998517953,0.0004685184298926523,1.0507631820845096
766732491,0.1,0.8,5.0,0.25,-0.005264358103098234,1.354850304345245,1.0560675684111,0.00018279530581654662,0.00018279530578075152,1.0500360747684396
766732555,0.1,0.8,5.0,0.25,0.38007679147721085,0.7817279995962937,0.6912435525958314,9.730334740388482e-5,9.730334738520796e-5,1.0500177435247866
766732870,0.1,0.8,5.0,0.25,0.010373399763952473,0.8767768546495829,0.8110862070151358,7.76176990851798e-5,7.761769906917355e-5,1.0500924305109685
766733021,0.1,0.8,5.0,0.25,0.29863847904178814,1.0177405290686685,0.6871761978406649,0.00037290242386575515,0.00037290242378941663,1.0511084811302205
766733419,0.1,0.8,5.0,0.25,1.4262728902084918,0.26865553949203086,0.1997647683983379,0.00023060330887625884,0.00023060330881423453,1.0507548831182842
766733988,0.1,0.8,5.0,0.25,-0.3178182613443555,1.376069855557731,1.153316430068988,0.00012711304342935241,0.00012711304339549465,1.0501506341023703
766734059,0.1,0.8,5.0,0.25,0.24867558975025023,0.9417340884724864,0.7878851887520549,0.0001282379376189927,0.00012823793760290334,1.0501701502986291
766734200,0.1,0.8,5.0,0.25,-0.6248880335861732,1.0273479382288357,1.1736784369811097,2.6997460551366886e-5,2.699746054624279e-5,1.0502712202877773
76673506x,0.1,0.8,5.0,0.25,0.7875164603431549,0.300997608734354,0.4020179422244432,1.2373836086043157e-5,1.2373836083576584e-5,1.0500605858683179
766735406,0.1,0.8,5.0,0.25,-0.3800761781068854,0.8357820580326151,1.011613728469361,2.0248095413525164e-5,2.0248095409694607e-5,1.050023729286453
766735764,0.1,0.8,5.0,0.25,-0.25900985822420514,1.3280576940269684,1.1316337236386553,0.00011698899572258984,0.00011698899570118188,1.0502185343274866
766735844,0.1,0.8,5.0,0.25,-0.11341524409967332,0.8835014703327546,0.7766298632545878,0.00010011558287798554,0.00010011558285960318,1.0502446418000164
766736257,0.1,0.8,5.0,0.25,0.3486298291834105,0.6388788868019144,0.6809266020740308,3.824640244776976e-5,3.8246402440463474e-5,1.0500204003167213
766736628,0.1,0.8,5.0,0.25,-0.0755852587661156,0.7297620224475287,0.8564799812836603,2.3622777982446025e-5,2.362277797777166e-5,1.0500149158182701
766736863,0.1,0.8,5.0,0.25,-0.5361700301001467,0.7742886012739947,0.7594155483353943,5.680715657683449e-5,5.680715656755752e-5,1.054242186516495
766738156,0.1,0.8,5.0,0.25,1.5140718010089036,0.22559027452810204,0.19821034872723498,0.00010011558287798554,0.00010011558285615186,1.0507304814461897
766738965,0.1,0.8,5.0,0.25,-0.25465231760275275,1.2002269463906374,1.2202740456848185,4.837045015453234e-5,4.837045014489026e-5,1.0502376734650687
766739650,0.1,0.8,5.0,0.25,-0.32671649803656105,0.31001618802280684,0.6689037923076221,1.124894189640287e-6,1.1248941893996096e-6,1.0500161988961154
766739706,0.1,0.8,5.0,0.25,-0.10530070133928011,1.4156780085079737,1.1368710170106624,0.00015748518654964017,0.0001574851865180316,1.0500330507099014
766740168,0.1,0.8,5.0,0.25,0.3745861019336843,0.6426466484189967,0.6698817180980345,4.274597920633091e-5,4.274597919787847e-5,1.0500081922676396
766740336,0.1,0.8,5.0,0.25,-0.30672631193407474,0.6123416664905831,0.8175490794870937,1.2373836086043157e-5,1.2373836083623114e-5,1.0504532432961946
766740651,0.1,0.8,5.0,0.25,1.1462317987546533,0.14358335230697838,0.2043872698717734,8.999153517122296e-6,8.999153514804076e-6,1.0500440884002415
766741849,0.1,0.8,5.0,0.25,0.6303973195454375,0.7431087656498299,0.5658701987155577,0.00020529318960935236,0.00020529318957673964,1.0501667731483468
766741873,0.1,0.8,5.0,0.25,-0.786954300542436,1.946735194968993,1.6924214654603649,0.00010574005382618697,0.0001057400538028949,1.0503839335872445
76674242x,0.1,0.8,5.0,0.25,0.577264501049643,0.7191233613251659,0.5852199032330522,0.00014736113884287758,0.00014736113881616265,1.0500387727018399
766742622,0.1,0.8,5.0,0.25,-0.5315978553615591,1.7617381504805778,1.3833984750411317,0.0001760459406787049,0.00017604594063064661,1.0501866265749344
766742956,0.1,0.8,5.0,0.25,0.010033380859872291,0.7888354809310556,0.8138329331316876,4.499576758561148e-5,4.4995767576822495e-5,1.0500608415934283
766743051,0.1,0.8,5.0,0.25,-0.10316076708212299,2.1377931940209587,1.0804154185426214,0.0015883505957720852,0.0015883505954581737,1.050952923961407
766743115,0.1,0.8,5.0,0.25,-0.03412401981723387,0.6142158310891416,0.7354030295740578,2.1372989603165453e-5,2.137298959906593e-5,1.0500746071680809
766743158,0.1,0.8,5.0,0.25,0.02114954190812598,0.9374530972308985,0.8132461918333593,0.00010686494801582726,0.00010686494799441715,1.0504081296611867
766743262,0.1,0.8,5.0,0.25,-0.34910213238645327,0.5077780397673052,0.8794845921853414,3.3746825689208607e-6,3.3746825679898732e-6,1.0500179268321113
766743377,0.1,0.8,5.0,0.25,1.3215411176070055,0.15101777953947781,0.19821034872723498,1.3498730275683443e-5,1.3498730272146162e-5,1.0501245001821125
766743385,0.1,0.8,5.0,0.25,-0.404125627867668,1.01728711336972,1.0974202842546925,3.5996614068489185e-5,3.599661406203069e-5,1.0500641934274768
766743692,0.1,0.8,5.0,0.25,0.05880483061368834,0.45192498040190004,0.5597424095351976,1.7998307034244593e-5,1.7998307030521053e-5,1.0505807134509326
766743836,0.1,0.8,5.0,0.25,-0.44551868448118126,1.2843370388983646,1.2940398591658724,5.0620238533812914e-5,5.0620238526180876e-5,1.0501809505137834
766743975,0.1,0.8,5.0,0.25,0.5628090568953219,0.5057744078705644,0.5374927372139098,3.88088495425899e-5,3.880884953473327e-5,1.0500155154393203
766743991,0.1,0.8,5.0,0.25,-0.3121384698716668,0.7615835286730356,1.036800863900895,1.124894189640287e-5,1.1248941894172603e-5,1.050019773757078
766744222,0.1,0.8,5.0,0.25,-0.6300171400668745,1.9358130115478491,1.5952177541053318,0.0001383619853257553,0.00013836198530085941,1.0501170098352903
766744580,0.1,0.8,5.0,0.25,-0.5389394360257883,1.1624462888764098,1.1709945101868964,5.0620238533812914e-5,5.0620238524095725e-5,1.0503905815988297
766744644,0.1,0.8,5.0,0.25,0.20524131931000061,0.4930797404528074,0.647226330967417,1.3498730275683443e-5,1.3498730273070068e-5,1.05002591476348
766745268,0.1,0.8,5.0,0.25,-0.8766082864106413,1.694698578188653,1.8458820288953603,3.430927278402875e-5,3.4309272774827824e-5,1.0500351588575478
766745276,0.1,0.8,5.0,0.25,-0.9312360756619462,0.7756415811797597,1.055381524798329,1.124894189640287e-5,1.1248941894099462e-5,1.0505745627708383
766745292,0.1,0.8,5.0,0.25,-1.03624441095022,1.5010063517264267,1.9870912454815348,1.29362831808633e-5,1.2936283178057925e-5,1.0500269296135316
766745364,0.1,0.8,5.0,0.25,-0.5454389242726929,1.0161814335106467,1.1341084847441314,3.0372143120287746e-5,3.0372143115013333e-5,1.050072267098092
76674576x,0.1,0.8,5.0,0.25,1.378248836982134,0.2712103596398223,0.19821034872723498,0.0002519762984794243,0.0002519762984325966,1.0502812944156301
766745831,0.1,0.8,5.0,0.25,-0.20167276627283015,1.6382366473055898,1.2753038301933075,0.00018392020000618692,0.000183920199970682,1.0501097887725677
766745903,0.1,0.8,5.0,0.25,0.46201424621751136,0.4709417143707675,0.4990234742281683,3.937129663741004e-5,3.9371296630225374e-5,1.050044879660258
766745938,0.1,0.8,5.0,0.25,0.21382733505605875,0.3133549828121412,0.42116163519523675,1.1811388991223012e-5,1.1811388989207708e-5,1.0532348659549386
766746084,0.1,0.8,5.0,0.25,0.41974399330000284,0.7570201269334093,0.6647516655552581,0.00010067802997280568,0.00010067802995546004,1.0501677336296877
766746148,0.1,0.8,5.0,0.25,-0.8060522550166066,1.2706523157064828,1.9870912454815348,5.624470948201435e-6,5.624470947194901e-6,1.0500021947291347
766746236,0.1,0.8,5.0,0.25,-0.22241085510151892,1.1131556337910513,0.8872585954300071,0.0001631096574978416,0.00016310965746788025,1.05052733731371
766746359,0.1,0.8,5.0,0.25,-0.9023249433279272,1.2347303719445661,1.5713929953946444,1.5748518654964018e-5,1.57485186517373e-5,1.0501153249438537
766746367,0.1,0.8,5.0,0.25,-0.027196552553190218,0.9034728545449028,0.8550125610010691,6.918099266287765e-5,6.918099265393057e-5,1.0503713700199826
766746500,0.1,0.8,5.0,0.25,-0.8379706934128194,0.8238316998794443,1.347097915063961,4.499576758561148e-6,4.499576757643537e-6,1.0500322119271914
766746519,0.1,0.8,5.0,0.25,-0.8159665355601495,2.9138841526535626,1.9870912454815348,0.0003554665639263307,0.0003554665638588973,1.0507329231171634
766746711,0.1,0.8,5.0,0.25,-0.26486788607745015,0.6584227103198724,0.7634962284546686,2.4747672172086314e-5,2.47476721653087e-5,1.0529037085209296
766746869,0.1,0.8,5.0,0.25,-0.328747461858632,0.9721592187626343,0.8213340499305254,0.00012148857248115099,0.00012148857245353687,1.0512550752033938
766747300,0.1,0.8,5.0,0.25,1.3611924753510356,0.2314346364210044,0.21667908542611158,7.311812232661866e-5,7.311812231263172e-5,1.0500354854599774
766747319,0.1,0.8,5.0,0.25,-0.26189804188266874,1.1568512966304034,0.9307771082187213,0.00015579784526517973,0.00015579784523507453,1.0503092125847586
766747327,0.1,0.8,5.0,0.25,-0.5248103146077829,0.8796014116250968,1.0833088654235534,1.8560754129064736e-5,1.8560754125451283e-5,1.050055168595452
766747458,0.1,0.8,5.0,0.25,0.6225397693187447,0.3551494250376477,0.4148240424097726,2.418522507726617e-5,2.4185225072677902e-5,1.050109989890155
76674752x,0.1,0.8,5.0,0.25,-0.228051229811631,1.185432812343536,1.054231290709265,9.44911119297841e-5,9.449111190427922e-5,1.050172085072395
766747597,0.1,0.8,5.0,0.25,-0.3608819261297137,0.44779504238699963,0.9661943666665652,1.124894189640287e-6,1.1248941894085378e-6,1.0500018530316402
766747730,0.1,0.8,5.0,0.25,-0.24765268910494243,1.2070079704737355,1.0220236021419355,0.00011980123119669056,0.00011980123119087497,1.051851853350435
766748071,0.1,0.8,5.0,0.25,0.06177207946269226,0.6450986225422616,0.6339283972632305,5.7369603671654635e-5,5.7369603661120933e-5,1.0501398957449126
76674824x,0.1,0.8,5.0,0.25,0.16040743472115904,1.8874868808287044,0.9625648351778608,0.0015202944972988479,0.0015202944969928615,1.0506692581997545
766748848,0.1,0.8,5.0,0.25,0.29777196030408615,1.155632715642216,0.7910223196851315,0.00034984209297812927,0.0003498420929099538,1.0501571603174504
766748864,0.1,0.8,5.0,0.25,-0.19940881776514793,1.1878184346397445,1.1891622974357725,5.230757981827334e-5,5.230757980814202e-5,1.0500104579242484
766749971,0.1,0.8,5.0,0.25,0.1881693744482866,0.45379386304825897,0.5491617514752923,2.0248095413525164e-5,2.0248095411686862e-5,1.0502171868357857
770250241,0.1,0.8,5.0,0.25,1.405459416721228,0.20089221629815082,0.19821034872723498,5.624470948201435e-5,5.6244709471848856e-5,1.0500695597224012
770250946,0.1,0.8,5.0,0.25,0.1797767891009988,0.9241937142977791,0.8419907742041413,8.380461712820138e-5,8.380461711183853e-5,1.0500251670692076
770250954,0.1,0.8,5.0,0.25,0.6498312765676016,0.11445090068490031,0.19821034872723498,3.3746825689208607e-6,3.374682568167003e-6,1.0501320748477847
770251092,0.1,0.8,5.0,0.25,-0.6914372611649398,2.606122502324999,1.7337427107631918,0.00040046233151194217,0.00040046233159926945,1.0517086932619366
770251439,0.1,0.8,5.0,0.25,0.08422661432649392,1.1031828026066821,0.9410610997282336,0.0001164265486277697,0.00011642654860568832,1.0500666776285492
770251519,0.1,0.8,5.0,0.25,-0.4010250699549364,1.422158637434156,1.4428844597701929,4.8932897249352485e-5,4.893289723987075e-5,1.0500111754405366
770251586,0.1,0.8,5.0,0.25,1.4937657187902595,0.13556904122329047,0.19821034872723498,7.874259327482009e-6,7.874259325987899e-6,1.0500013958750554
770251594,0.1,0.8,5.0,0.25,-0.5668465194829446,1.141440682867889,1.4144528108171592,1.7998307034244593e-5,1.7998307030776467e-5,1.050064976275284
770252044,0.1,0.8,5.0,0.25,-0.07572168655794378,1.1412915073491732,1.065291201159681,7.424301651625894e-5,7.424301650217133e-5,1.050013164205264
770252060,0.1,0.8,5.0,0.25,-0.25893403832841466,0.9075438242229404,1.0166776503487718,2.9809696025467603e-5,2.9809696019294058e-5,1.0500511136324528
77025308x,0.1,0.8,5.0,0.25,-0.024475339649499373,0.7034526407964011,0.7790605372511534,3.1497037309928035e-5,3.14970373106329e-5,1.050527286836041
77025316x,0.1,0.8,5.0,0.25,0.20834284862311353,0.7884786874878009,0.7842587050859924,5.399492110273377e-5,5.399492109184346e-5,1.0501652632718788
770253258,0.1,0.8,5.0,0.25,0.40120331839706724,0.6537736527594286,0.6489822312070262,5.455736819755392e-5,5.455736818614043e-5,1.0500779665436941
770253338,0.1,0.8,5.0,0.25,-0.4693168573428812,0.9850283611750854,0.9216007521608852,7.311812232661866e-5,7.311812230999915e-5,1.0507478947871003
770254031,0.1,0.8,5.0,0.25,0.37944749924222976,0.5883784355454915,0.5760004878204523,5.849449786129492e-5,5.849449785018327e-5,1.0500464539217476
770254162,0.1,0.8,5.0,0.25,0.3059702164252117,0.8037141179097147,0.6386708801733348,0.00016592189297194232,0.00016592189293845094,1.05012588395422
770254170,0.1,0.8,5.0,0.25,0.7063111757343492,0.26734122914996805,0.3677015147870289,1.0686494801582727e-5,1.0686494799367778e-5,1.0500284974087206
770254285,0.1,0.8,5.0,0.25,-0.5727679552285025,2.343237509725986,1.4640028937342304,0.0005455736819755391,0.0005455736818681725,1.052691977735689
770254963,0.1,0.8,5.0,0.25,-0.8682530248320728,2.487718617668749,1.8393085133735485,0.00023622777982446026,0.0002362277797803627,1.0516666496085267
770255042,0.1,0.8,5.0,0.25,0.5127505640238812,0.3583100996797468,0.5316927661665248,7.311812232661865e-6,7.311812231317684e-6,1.0500039001500785
770255368,0.1,0.8,5.0,0.25,-0.8986326292753525,1.766996867003795,1.9870912454815348,2.924724893064746e-5,2.9247248925056447e-5,1.0500224517153087
770255413,0.1,0.8,5.0,0.25,0.0658567500910349,0.9110677797741871,0.8333299254503329,8.211727584374094e-5,8.211727582591472e-5,1.0501332833681827
770255683,0.1,0.8,5.0,0.25,-0.038433527450097656,1.4032159874202752,0.9430231887135346,0.00038246402447769754,0.0003824640244036315,1.0507070688872566
770255704,0.1,0.8,5.0,0.25,-0.1286735625520486,0.6457906295170659,0.8706366921768472,1.1811388991223012e-5,1.1811388988921497e-5,1.0500070100886567
770255763,0.1,0.8,5.0,0.25,-0.05124033847065133,0.6467127201696052,0.7824522676942077,2.0248095413525164e-5,2.0248095409594365e-5,1.0504474569069993
770256301,0.1,0.8,5.0,0.25,0.2723951223919791,0.5572284410410567,0.5554639753421934,5.343247400791363e-5,5.3432473998109256e-5,1.050059577117569
770256459,0.1,0.8,5.0,0.25,0.007894992315706657,1.0911317016737845,0.8731592970098385,0.00015861008073928047,0.0001586100807242267,1.0522408411105284
770256491,0.1,0.8,5.0,0.25,1.3477029243135388,0.1579040429403144,0.19821034872723498,1.6873412844604303e-5,1.687341284125449e-5,1.0500837980564517
770256694,0.1,0.8,5.0,0.25,1.1986939932131508,0.13848721802252795,0.26012925256407526,2.249788379280574e-6,2.2497883788391086e-6,1.0500011731706276
77025674x,0.1,0.8,5.0,0.25,0.19001005502683382,0.9881783396038676,0.8327514061851776,0.00012373836086043157,0.00012373836083675457,1.0500662589016512
770257590,0.1,0.8,5.0,0.25,0.48886198019861854,0.5745113533294849,0.5774297748802238,5.118268562863306e-5,5.118268562182385e-5,1.0504428934611498
770257726,0.1,0.8,5.0,0.25,0.34976071261564395,0.22751661510116392,0.42735520064098076,2.249788379280574e-6,2.249788378828941e-6,1.05000994082244
770258120,0.1,0.8,5.0,0.25,-0.12460806957597308,0.7978623101018755,0.8777760395160731,3.262193149956832e-5,3.2621931490677985e-5,1.0501223798642376
770258155,0.1,0.8,5.0,0.25,0.35347212757086577,0.7903227494894047,0.6155556262218,0.00018335775291136678,0.00018335775287502343,1.0502070822562002
77025877x,0.1,0.8,5.0,0.25,-0.15451473010894715,0.8457814235000958,0.9182442488772015,3.487171987884889e-5,3.487171986955054e-5,1.0500328157096823
770258905,0.1,0.8,5.0,0.25,-0.30450081944453555,1.12994273541301,1.1193900530501169,5.5119815292374064e-5,5.51198152812272e-5,1.0500526138297137
770259131,0.1,0.8,5.0,0.25,0.2102274495635085,1.2008445710999671,0.88232572992419,0.00024522693334158254,0.0002452269332957618,1.050368869093501
770259553,0.1,0.8,5.0,0.25,1.407609184474144,0.15460181143167856,0.19821034872723498,1.5186071560143873e-5,1.5186071557530719e-5,1.0500180971405781
770261418,0.1,0.8,5.0,0.25,0.5088312971281621,0.64141625925191,0.5951276304055053,7.649280489553951e-5,7.649280487876798e-5,1.0500339801671807
770261477,0.1,0.8,5.0,0.25,-0.779631331591526,3.085932574270393,1.9870912454815348,0.0004724555596489205,0.00047245555955551807,1.0512210532730681
770261637,0.1,0.8,5.0,0.25,0.6061603728689138,0.3553117983503573,0.43500605058704234,1.912320122388488e-5,1.9123201220290172e-5,1.0500254664138657
770261792,0.1,0.8,5.0,0.25,0.5402365181735533,0.3501031710266185,0.40708537264387185,2.4747672172086314e-5,2.4747672167404475e-5,1.050029005520244
770264598,0.1,0.8,5.0,0.25,-0.2310873094084276,1.2313159372510762,1.1898318261026013,6.243162752503592e-5,6.24316275119633e-5,1.0500273422682878
770264707,0.1,0.8,5.0,0.25,0.034100001276352564,0.49018837365167,0.7166826649922792,7.874259327482009e-6,7.874259325947519e-6,1.050006007509689
770265136,0.1,0.8,5.0,0.25,-0.34466322834774693,1.185575197734057,1.071205040278552,8.717929969712224e-5,8.71792996784659e-5,1.0504404636876779
770265291,0.1,0.8,5.0,0.25,0.44412997883565514,0.7812251719160824,0.6458699081326613,0.00013611219694647473,0.00013611219691778443,1.0501452901604398
770265400,0.1,0.8,5.0,0.25,0.5978434928420648,0.297313071109874,0.39019387884611284,1.3498730275683443e-5,1.3498730273124192e-5,1.0502013859217973
770265515,0.1,0.8,5.0,0.25,-0.15810737867107794,0.8835664110843231,0.853706037402122,6.243162752503592e-5,6.243162751314077e-5,1.050140804315244
77026597x,0.1,0.8,5.0,0.25,-0.013212505201524798,0.4154620373488732,0.7803877576922257,2.249788379280574e-6,2.249788378797286e-6,1.0500021418458867
770266200,0.1,0.8,5.0,0.25,0.41693557728401637,0.8538985222191924,0.6887050707332646,0.00015411050398071933,0.00015411050395524483,1.0500359140385063
770266796,0.1,0.8,5.0,0.25,-0.029938517930975708,1.3517218335873187,1.0713397823911543,0.0001681716813512229,0.0001681716813204083,1.0500431439596296
77026714x,0.1,0.8,5.0,0.25,-0.20463705358545128,0.5540020276097868,0.7398481016980079,1.2373836086043157e-5,1.2373836083540139e-5,1.0501843420060282
770267553,0.1,0.8,5.0,0.25,-0.26027181583767206,0.6426987884172568,0.9396505957614866,7.874259327482009e-6,7.874259325852502e-6,1.050018051045903
770268150,0.1,0.8,5.0,0.25,1.0299437478485471,0.2559340200266706,0.2434066648443443,6.749365137841721e-5,6.749365137188297e-5,1.0503658370001383
770268337,0.1,0.8,5.0,0.25,-0.34458738663928645,0.47481889757363716,0.8918717230768294,2.249788379280574e-6,2.2497883787950167e-6,1.0500135097658403
770271499,0.1,0.8,5.0,0.25,0.11802186618289054,0.576619647950245,0.6904182305762935,2.1372989603165453e-5,2.1372989597392283e-5,1.0500301065850046
77027194x,0.1,0.8,5.0,0.25,-0.11311961869118199,1.641900310428257,1.0174915607533022,0.0005736960367165463,0.0005736960366199969,1.0506963398298528
770271958,0.1,0.8,5.0,0.25,-0.15374471135261852,1.186503675802945,1.0189634464504616,0.0001124894189640287,0.00011248941894456551,1.0502332619059473
770272651,0.1,0.8,5.0,0.25,0.04907058732388462,0.6624375640902675,0.7702528259737722,2.4747672172086314e-5,2.4747672167777522e-5,1.0500316757398238
770274788,0.1,0.8,5.0,0.25,-0.06800883682364187,0.9674792981953804,0.8077697507033722,0.0001282379376189927,0.0001282379376065606,1.0523214194544932
770275350,0.1,0.8,5.0,0.25,-0.0517500524063477,0.41076451512598094,0.6193553396212661,6.749365137841721e-6,6.749365136553241e-6,1.0500212014845534
770275668,0.1,0.8,5.0,0.25,-0.06269355601484475,0.6278774698320386,0.6954475632127007,3.1497037309928035e-5,3.149703730561743e-5,1.0503987322714168
770276409,0.1,0.8,5.0,0.25,0.12259669004675236,0.7834710576433284,0.6913734040162877,9.674090030906468e-5,9.674090029000434e-5,1.053381978243159
770277524,0.1,0.8,5.0,0.25,-0.16545039178811166,0.9459971956794049,0.8627453123206773,8.324217003338124e-5,8.324217001511268e-5,1.050355181500353
770277583,0.1,0.8,5.0,0.25,0.5675814572132425,0.9037456876042226,0.6147246338345567,0.0003610910348745321,0.0003610910348077087,1.0501223456940108
770277989,0.1,0.8,5.0,0.25,0.3070242221012701,0.4125153421883223,0.5461098532567893,1.29362831808633e-5,1.2936283178158766e-5,1.0500157424292325
770278703,0.1,0.8,5.0,0.25,-0.08058199288435174,0.5703108943202586,0.8918717230768294,5.624470948201435e-6,5.624470947010665e-6,1.0500030425750655
77027944x,0.1,0.8,5.0,0.25,-0.2195570273070638,0.6777921424071462,0.8626735112896062,1.5748518654964018e-5,1.5748518651560412e-5,1.0500252555805736
770279546,0.1,0.8,5.0,0.25,-0.2861442935895292,0.6818837588916855,0.7852348588864969,2.58725663617266e-5,2.5872566356314913e-5,1.0508494319140174
770279669,0.1,0.8,5.0,0.25,0.4211155096602299,0.20667444417230285,0.4459358615384147,1.124894189640287e-6,1.124894189422995e-6,1.0500008838017603
770279685,0.1,0.8,5.0,0.25,-0.8236433819890919,2.1955975754471817,1.9870912454815348,8.66168526023021e-5,8.661685258621208e-5,1.0500550621085039
770279853,0.1,0.8,5.0,0.25,-0.28294285812155856,1.0123495876605413,1.2394393214926909,1.912320122388488e-5,1.91232012204341e-5,1.0500034869579915
770280053,0.1,0.8,5.0,0.25,0.13027310628747946,0.667440877110302,0.8220534778331627,1.8560754129064736e-5,1.8560754125469396e-5,1.0500046608042743
77028111x,0.1,0.8,5.0,0.25,-0.1100604957321469,0.8511170551095462,1.0301943893667949,2.0248095413525164e-5,2.0248095409644134e-5,1.0500038640879106
770281531,0.1,0.8,5.0,0.25,0.4256664288480348,1.481769075724542,0.7588201597263151,0.0014904848012733801,0.0014904848009935192,1.0504461079632352
770281718,0.1,0.8,5.0,0.25,0.030029316806146036,1.2302985405406281,0.9996958913851006,0.00014848603303251788,0.00014848603300427653,1.05003336910755
770282016,0.1,0.8,5.0,0.25,0.22584694507531494,0.43123866692441193,0.5109681746794336,2.249788379280574e-5,2.249788378865905e-5,1.0502510633056883
770282024,0.1,0.8,5.0,0.25,-0.3073989909296859,0.8181113925838555,1.0487750502642288,1.5186071560143873e-5,1.5186071557215308e-5,1.0501192627266238
770282753,0.1,0.8,5.0,0.25,-0.763086558934838,4.303843855871985,1.9870912454815348,0.0024235845315799982,0.00242358453113502,1.0571696398247368
770282788,0.1,0.8,5.0,0.25,0.1904006352385162,0.6379434132595869,0.6860551661452845,3.655906116330933e-5,3.655906115605036e-5,1.0500784163089556
77028322x,0.1,0.8,5.0,0.25,-0.12067229349284606,0.8268990055443367,0.8350858965695385,5.005779143899277e-5,5.005779142994414e-5,1.0500853600546547
770283641,0.1,0.8,5.0,0.25,0.17692213437242804,0.8720843096993722,0.7221683204697877,0.00013498730275683443,0.00013498730273016061,1.050168713879792
770283828,0.1,0.8,5.0,0.25,-0.05565467791202627,0.617147618522116,0.8243056770061972,1.2373836086043157e-5,1.2373836083824413e-5,1.0500198639404492
770284484,0.1,0.8,5.0,0.25,-0.250152419500292,0.9176068738136278,1.1679272665357903,1.5748518654964018e-5,1.5748518651910457e-5,1.0500029974652954
770284564,0.1,0.8,5.0,0.25,-0.3532285567064051,1.5065269371548597,0.9927058164757224,0.0003689652942020141,0.00036896529412263956,1.0793364693880623
770284759,0.1,0.8,5.0,0.25,-0.03817604921030385,0.8031249735758884,0.9566658098946202,2.1935436697985596e-5,2.1935436693585263e-5,1.0500046945548591
770284847,0.1,0.8,5.0,0.25,-0.3760282090070379,0.8357871682621818,1.011613728469361,2.0248095413525164e-5,2.024809540965747e-5,1.0500301494561344
770285196,0.1,0.8,5.0,0.25,-0.6774678236450346,3.905134076195862,1.9870912454815348,0.0015259189682470492,0.0015259189679737149,1.0522270569483514
770285348,0.1,0.8,5.0,0.25,-0.8989899905716074,2.3812410277158103,1.9870912454815348,0.000129362831808633,0.0001293628317816763,1.0510448873692808
770285639,0.1,0.8,5.0,0.25,-0.6938219295433095,1.4533487467857713,1.0959608733664854,0.00021035521346273367,0.0002103552133981726,1.0553141341220034
770285647,0.1,0.8,5.0,0.25,-0.11251269576617098,1.1511674939335284,0.8735923713433473,0.0002081054250834531,0.00020810542504516656,1.0509223409742825
770285815,0.1,0.8,5.0,0.25,0.48083044450022855,0.623646377154564,0.6070840259901632,6.018183914575535e-5,6.0181839134383214e-5,1.0500116732340252
770285874,0.1,0.8,5.0,0.25,-0.18141888907989318,0.8709865692733681,0.8163786447130789,7.143078104215822e-5,7.143078102813627e-5,1.0537567337007243
770285962,0.1,0.8,5.0,0.25,-0.22404205040968525,0.6218115372770135,0.8743840255546336,9.56160061194244e-6,9.561600609350535e-6,1.0501420800534498
770286148,0.1,0.8,5.0,0.25,0.299211273536947,0.2769750730409407,0.5202585051281505,2.249788379280574e-6,2.249788378859453e-6,1.0500035879996272
770286818,0.1,0.8,5.0,0.25,-0.11422152557413849,0.7278517017935321,0.9331620648756612,1.5186071560143873e-5,1.5186071557428435e-5,1.0500122312256064
770287757,0.1,0.8,5.0,0.25,-0.8520610759377023,2.8971983849607956,1.9870912454815348,0.0003442176220299278,0.0003442176219458066,1.051456777093248
77028779x,0.1,0.8,5.0,0.25,-0.13511246653495562,1.0022833463386858,0.9531878898624422,6.749365137841721e-5,6.749365137413806e-5,1.0504056124532821
770288362,0.1,0.8,5.0,0.25,0.2641519552760859,0.97868493733457,0.7730532788243337,0.00017098391682532363,0.0001709839167909422,1.0501226977154303
770288629,0.1,0.8,5.0,0.25,-0.690238636566614,2.3737699286650487,1.8188053143055596,0.00019910627156633078,0.00019910627153020837,1.05010576197521
770290323,0.1,0.8,5.0,0.25,1.587233739829831,0.2747375239573771,0.20584549352674217,0.00022216660245395666,0.0002221666024069981,1.0506026252315315
770291377,0.1,0.8,5.0,0.25,-0.8610557907292176,1.473927482828195,1.9870912454815348,1.1811388991223012e-5,1.1811388988689791e-5,1.0500155540545684
770293460,0.1,0.8,5.0,0.25,0.5386004406972196,0.4071695779192761,0.5259756179274385,1.462362446532373e-5,1.4623624462415991e-5,1.0500169849965326
770294914,0.1,0.8,5.0,0.25,-0.61750324369338,0.914440013597751,1.2449042801280743,1.124894189640287e-5,1.1248941894288894e-5,1.0500126874826667
770295394,0.1,0.8,5.0,0.25,-0.0005682907927651111,0.6305402302705775,0.7330915041789043,2.4747672172086314e-5,2.4747672166771938e-5,1.0501355572388607
770295917,0.1,0.8,5.0,0.25,0.7559460562980832,0.24235063600366022,0.3654196525029349,6.749365137841721e-6,6.749365136371903e-6,1.0500193413516221
770296311,0.1,0.8,5.0,0.25,0.11756243457178499,0.7205274910036543,0.8378188720444044,2.4747672172086314e-5,2.4747672167517866e-5,1.0500045139030358
770296338,0.1,0.8,5.0,0.25,-0.08426215610911043,1.0533255891934172,0.9120007487558508,0.00010798984220546754,0.00010798984218376535,1.0502398157917727
770298915,0.1,0.8,5.0,0.25,0.18964210393618633,0.6558366102173931,0.7432264358973578,2.8122354741007175e-5,2.812235473527525e-5,1.0501752799499935
773500111,0.1,0.8,5.0,0.25,-0.23823721721551366,0.9635703537031333,1.0043336142518455,4.274597920633091e-5,4.2745979198006226e-5,1.0500838935187502
77350063x,0.1,0.8,5.0,0.25,-0.20258819024864808,1.428465038836825,1.1209937747964294,0.00017660838777352504,0.00017660838774097268,1.0501752280086254
773500656,0.1,0.8,5.0,0.25,-0.5588867366822335,1.3126302839202015,1.126731265479659,0.0001124894189640287,0.0001124894189405062,1.0507450663099955
773500971,0.1,0.8,5.0,0.25,0.2546597864507695,1.435765633776532,0.8617091235020906,0.0006749365137841722,0.0006749365136598622,1.0501900472604766
77350098x,0.1,0.8,5.0,0.25,1.473713339867332,0.13145633238968107,0.19821034872723498,6.749365137841721e-6,6.749365136499917e-6,1.050026406657434
773501608,0.1,0.8,5.0,0.25,0.2734303282056577,0.9095809833972007,0.6372627861128627,0.0003104707963407192,0.00031047079627346185,1.0507908514834896
773502037,0.1,0.8,5.0,0.25,-0.18201786833013184,0.5190320531179173,0.5398170918159969,4.274597920633091e-5,4.2745979197910715e-5,1.052364316655124
773503021,0.1,0.8,5.0,0.25,0.19486758232121454,0.5234180434066563,0.5710456496397763,3.374682568920861e-5,3.374682568145214e-5,1.0517896595612701
773503240,0.1,0.8,5.0,0.25,0.1936131509704923,1.0414640452555852,0.8281666303768829,0.00016535944587712218,0.00016535944584387176,1.0501186520285195
773503443,0.1,0.8,5.0,0.25,-0.7206139717802051,1.122216066674952,0.9212337376111457,0.00013667464404129486,0.0001366746440279727,1.0567364251544489
773503793,0.1,0.8,5.0,0.25,-0.30929285309032506,1.0086673808881232,1.0782329648923645,3.7683955352949614e-5,3.76839553461657e-5,1.0500299704414449
773504198,0.1,0.8,5.0,0.25,-1.0254916099817324,1.7675111218139656,1.9870912454815348,2.924724893064746e-5,2.9247248924414135e-5,1.0503280431483308
773504200,0.1,0.8,5.0,0.25,0.5262931181391919,0.2714499484638969,0.3914326061111809,8.436706422302152e-6,8.43670642070647e-6,1.0500157101755987
773504243,0.1,0.8,5.0,0.25,-0.07351268030726585,1.1624587888620075,0.9242298890271439,0.00016535944587712218,0.0001653594458325898,1.0502903484792823
773504251,0.1,0.8,5.0,0.25,-1.164784919252968,3.4261742419933032,1.812700312915416,0.0008228600997218699,0.0008228600994872926,1.1450273369067714
773504331,0.1,0.8,5.0,0.25,-0.7759104899124376,2.430590551930086,1.9870912454815348,0.00014398645627395674,0.00014398645624803103,1.0500918477387626
773505537,0.1,0.8,5.0,0.25,-0.9972958359655492,1.7708350576279615,1.826479022921434,4.499576758561148e-5,4.499576757638062e-5,1.0503322721146684
773506345,0.1,0.8,5.0,0.25,-0.31432007764450354,1.6414740036438755,1.1599941385973886,0.00029809696025467604,0.0002980969601735303,1.0502781366380554
773506572,0.1,0.8,5.0,0.25,1.3216264545902114,0.19493567737226775,0.19821034872723498,4.837045015453234e-5,4.8370450146579475e-5,1.050138546888402
77350688x,0.1,0.8,5.0,0.25,-0.5298357861605284,0.7272397551236962,1.1891622974357725,4.499576758561148e-6,4.49957675736001e-6,1.0500253104194917
773507321,0.1,0.8,5.0,0.25,-0.16359463430353266,1.0809494066338103,0.9453676731209765,0.00010236537125726611,0.0001023653712261394,1.050924766524349
773509001,0.1,0.8,5.0,0.25,-1.2172973626024948,0.861146979752139,1.8580660897433947,1.124894189640287e-6,1.124894189398151e-6,1.050005105505694
773509212,0.1,0.8,5.0,0.25,-0.13080095696275224,0.6437405591027144,0.7835730158712029,1.968564831870502e-5,1.968564831485998e-5,1.0500236402462504
773509730,0.1,0.8,5.0,0.25,-0.8493971330135579,1.3178406466226955,1.9870912454815348,6.749365137841721e-6,6.749365136448493e-6,1.050001994128034
773510598,0.1,0.8,5.0,0.25,0.8451007615234234,0.5219194474000862,0.43046461765189664,0.00013779953823093516,0.00013779953820320057,1.050059932093645
773510694,0.1,0.8,5.0,0.25,-0.1751577357218865,0.8314965291284775,0.9210699348640526,3.1497037309928035e-5,3.1497037302099737e-5,1.0502955208279323
773510854,0.1,0.8,5.0,0.25,0.1916860704634311,0.9174470439781404,0.7107380641286055,0.00018785732966992793,0.0001878573296666386,1.0507597338384742
773511558,0.1,0.8,5.0,0.25,0.48677851221946106,0.6270983513283277,0.6016903013490803,6.46814159043165e-5,6.468141589215986e-5,1.0500364241074485
773511697,0.1,0.8,5.0,0.25,-0.05306571168029015,0.40665870291961737,0.6131618096153202,6.749365137841721e-6,6.749365136616391e-6,1.0500258942404783
773512008,0.1,0.8,5.0,0.25,-0.24283919208155788,1.5497702382930196,1.2945065304280365,0.000129362831808633,0.00012936283178408627,1.050022942114845
773512462,0.1,0.8,5.0,0.25,-0.038403931194702395,0.636757787693161,0.758472140908389,2.1935436697985596e-5,2.1935436694219877e-5,1.0500331128511753
773512884,0.1,0.8,5.0,0.25,0.05871360906270167,1.3463113638157473,0.8639790425742049,0.0004825796073556831,0.00048257960726194436,1.0503308715666118
773513609,0.1,0.8,5.0,0.25,-0.18571183908380345,0.6471427303103411,0.7516721650763383,2.4747672172086314e-5,2.4747672168190698e-5,1.0511443440139139
773514054,0.1,0.8,5.0,0.25,0.0967314455342984,1.3495677326691737,0.8736536113145669,0.0004612066177525177,0.00046120661766758356,1.0506883664090048
773514142,0.1,0.8,5.0,0.25,0.3145574033162669,0.6691355631852934,0.6713273783445558,5.17451327234532e-5,5.1745132712473444e-5,1.0500342674236314
77351445x,0.1,0.8,5.0,0.25,1.2553829705608213,0.11443691176548632,0.19821034872723498,3.3746825689208607e-6,3.3746825680358955e-6,1.0500037210126691
773514839,0.1,0.8,5.0,0.25,0.5772425469865183,0.10555838291535033,0.19821034872723498,2.249788379280574e-6,2.249788378812161e-6,1.0503539890825973
773516316,0.1,0.8,5.0,0.25,0.18478130416628696,0.5796375148646054,0.6739712581668488,2.4747672172086314e-5,2.4747672167255458e-5,1.0500400374901264
77351699x,0.1,0.8,5.0,0.25,-0.09302156397699815,1.5953190152354106,0.8681574656568031,0.0010911473639510783,0.001091147363742198,1.0521313856471681
773517298,0.1,0.8,5.0,0.25,-0.8732571398113567,2.0033613155278482,1.9870912454815348,5.455736819755392e-5,5.455736818638986e-5,1.0509169847602429
773518688,0.1,0.8,5.0,0.25,0.07390207054400852,0.6884090489898389,0.6899080392419897,5.17451327234532e-5,5.174513272032715e-5,1.0511848276020497
773518741,0.1,0.8,5.0,0.25,-0.5015431090080684,0.9554120267865098,1.2157061392204476,1.5748518654964018e-5,1.5748518651748633e-5,1.0502961471218724
773519605,0.1,0.8,5.0,0.25,-0.16868083351474186,1.1039894335927196,1.018220203003461,7.874259327482009e-5,7.874259325961704e-5,1.050216613859787
773520411,0.1,0.8,5.0,0.25,0.4097703593655574,0.9834978427785418,0.6384030261788456,0.0004550196997094961,0.0004550196996257014,1.0506790068239966
773521158,0.1,0.8,5.0,0.25,-0.1343199659583973,0.8434527906122329,0.8838368120381136,4.162108501669062e-5,4.162108500552364e-5,1.0500830152899168
773521529,0.1,0.8,5.0,0.25,0.2236703220186024,0.8003835864691925,0.769304527854621,6.411896880949636e-5,6.411896879636852e-5,1.0500263548849318
773522652,0.1,0.8,5.0,0.25,0.3034859403371859,0.5674970613817636,0.6310667753210456,3.093459021510789e-5,3.09345902096449e-5,1.0500187343851863
773522951,0.1,0.8,5.0,0.25,-0.34307675687152783,1.8279201899101476,1.1003175586338256,0.0006591879951292082,0.0006591879950023443,1.0520465308330944
77352296x,0.1,0.8,5.0,0.25,-0.6247599234252765,0.8222018751504735,1.285781677398752,5.624470948201435e-6,5.624470947070735e-6,1.050007774661123
77352392x,0.1,0.8,5.0,0.25,-0.03886200731207324,0.3996792146505885,0.5337717001663577,1.2373836086043157e-5,1.2373836083511511e-5,1.0501534593642714
773523954,0.1,0.8,5.0,0.25,-0.6925625980667075,0.9140005102976682,1.3179882318925402,8.436706422302152e-6,8.436706420717067e-6,1.0500208876745625
77352405x,0.1,0.8,5.0,0.25,1.6329925441273176,0.21639187552471734,0.19821034872723498,8.15548287489208e-5,8.155482873341253e-5,1.0500798129531919
773524359,0.1,0.8,5.0,0.25,-0.3910480761743692,1.1793816953873253,0.8885467612135076,0.0002137298960316545,0.00021372989598396604,1.0529279641979692
773524391,0.1,0.8,5.0,0.25,-0.47796949711462844,0.657958152889017,1.1396138447494166,3.3746825689208607e-6,3.374682568244297e-6,1.0500055400641695
773524826,0.1,0.8,5.0,0.25,-0.7770335742070381,2.580364934626005,1.9870912454815348,0.0001940442477129495,0.0001940442476751886,1.0502212150941175
773524869,0.1,0.8,5.0,0.25,0.22938112653197487,0.9091638526524948,0.7906664332320141,0.00010574005382618697,0.00010574005380485898,1.0500224226139383
773525036,0.1,0.8,5.0,0.25,0.8042582056390417,0.3430278520966257,0.41073039132437184,2.1372989603165453e-5,2.1372989599085875e-5,1.050018885308679
773525474,0.1,0.8,5.0,0.25,-0.5234125540725141,0.8823866961050886,0.9727138719359819,3.205948440474818e-5,3.205948439800299e-5,1.0516716228283887
773525511,0.1,0.8,5.0,0.25,-0.07709265677062119,0.570311399599265,0.8918717230768294,5.624470948201435e-6,5.624470947003755e-6,1.0500039728477406
773525837,0.1,0.8,5.0,0.25,-0.7631117045720563,2.5263597995250966,1.8861681485735453,0.00022610373211769767,0.00022610373207364868,1.0506325924901747
773526012,0.1,0.8,5.0,0.25,-0.2267705748740217,0.7232879085759609,0.6240005048456246,0.00010798984220546754,0.00010798984218145813,1.0540162406486993
77352616x,0.1,0.8,5.0,0.25,-0.8144589397421612,2.1313937871263327,1.5352757300535547,0.0002688497113240286,0.00026884971126944914,1.0518965147652706
773526215,0.1,0.8,5.0,0.25,-0.6450903070538347,0.7587597776784941,0.8026845649450657,3.937129663741004e-5,3.937129663357236e-5,1.0517706929790283
773526389,0.1,0.8,5.0,0.25,-0.44930568737502796,4.103109138181963,1.5945611255250332,0.005715024930467478,0.005715024929061653,1.057951822672339
773526485,0.1,0.8,5.0,0.25,0.5384346750128859,0.34651223553864813,0.4628273553361737,1.2373836086043157e-5,1.237383608365253e-5,1.0500169332465843
773527066,0.1,0.8,5.0,0.25,-0.6391338653013897,0.7584637857874911,0.8724831765405521,2.58725663617266e-5,2.5872566356234713e-5,1.0519800555835137
773527103,0.1,0.8,5.0,0.25,-0.12935612116877784,0.41334864875184724,0.8918717230768294,1.124894189640287e-6,1.1248941894119526e-6,1.0500002751833193
773527226,0.1,0.8,5.0,0.25,0.02119076754875857,1.6018543216172363,0.969425767462746,0.000646814159043165,0.0006468141589273429,1.0503890230721546
773527410,0.1,0.8,5.0,0.25,1.0065586053298863,0.48856172623264427,0.3745608522809968,0.00019854382447151065,0.000198543824432134,1.0500824505105988
773527621,0.1,0.8,5.0,0.25,0.09006236031897505,0.9338274788516983,0.7963653654148464,0.0001164265486277697,0.00011642654861150594,1.0503680449498876
773527699,0.1,0.8,5.0,0.25,0.39743274627002945,0.7535788887168359,0.6734356919370629,9.224132355050353e-5,9.224132353284444e-5,1.0501349389552532
77352798x,0.1,0.8,5.0,0.25,0.1584039479008767,0.37124536252354917,0.5053939905861226,1.124894189640287e-5,1.1248941894250723e-5,1.0500409811219344
773528157,0.1,0.8,5.0,0.25,0.25405006165800326,1.846130847638187,0.8508247818117569,0.002442145285709063,0.002442145285797073,1.0574641887292064
773528587,0.1,0.8,5.0,0.25,0.13203380551040814,1.0876542248782324,0.8927600570574947,0.000141174220799856,0.00014117422077250045,1.050032255378275
773528667,0.1,0.8,5.0,0.25,-0.924677181180898,1.6661656987323434,1.9553934151144077,2.3622777982446025e-5,2.362277797759155e-5,1.0500632698289956
773529213,0.1,0.8,5.0,0.25,-0.3544680011314743,0.9318293694635124,1.1946676574410577,1.5186071560143873e-5,1.5186071556853406e-5,1.0500206007165558
773529459,0.1,0.8,5.0,0.25,-0.3470840145093204,1.3820237899331436,1.2411882046522646,8.999153517122296e-5,8.999153515367391e-5,1.05011090208966
773529539,0.1,0.8,5.0,0.25,0.4606059992607957,0.731676011876266,0.56577560989427,0.0001901071180492085,0.0001901071180133905,1.050201271794172
773529731,0.1,0.8,5.0,0.25,-0.8329094177271662,1.6323919423711266,1.2357646397011315,0.0002081054250834531,0.00020810542503607552,1.0534880605978227
773529782,0.1,0.8,5.0,0.25,-0.32369848621789715,0.681773334887706,1.1148396538460368,4.499576758561148e-6,4.499576757594851e-6,1.0500038481854213
773531057,0.1,0.8,5.0,0.25,-0.30310200563979156,0.7500627369669307,0.6971907760045689,7.536791070589923e-5,7.53679106914048e-5,1.0512506625349476
773531209,0.1,0.8,5.0,0.25,0.9648211525066973,0.2002772883053257,0.2548204948390797,1.5748518654964018e-5,1.5748518651774126e-5,1.0503814081434237
77353133x,0.1,0.8,5.0,0.25,0.10884119896995077,0.8859985800638371,0.782523430808912,9.786579449870497e-5,9.786579448030236e-5,1.0500430636647793
77353184x,0.1,0.8,5.0,0.25,0.04718162185920004,1.1012617529930735,0.9340925722161364,0.00011980123119669056,0.00011980123117177691,1.0500403826934404
773532260,0.1,0.8,5.0,0.25,0.2086670785112646,1.0734917869465532,0.850251011479555,0.00016873412844604306,0.00016873412841468758,1.0500466710810283
773532850,0.1,0.8,5.0,0.25,0.1807003518002598,0.9300807366173443,0.6684449886806495,0.0002733492880825897,0.00027334928802313745,1.0507732507308272
773533482,0.1,0.8,5.0,0.25,-0.7476320313784555,1.3090383641925198,1.41213022820498,3.5996614068489185e-5,3.599661406248871e-5,1.050081276246518
773536368,0.1,0.8,5.0,0.25,0.20158395585981745,0.5052463913472067,0.5351230196701784,3.937129663741004e-5,3.9371296623604707e-5,1.0505367830662415
773536974,0.1,0.8,5.0,0.25,0.46273089575504034,0.5468430227620448,0.41862070798659695,0.00019741893028187035,0.00019741893024376978,1.0528386718972285
773538806,0.1,0.8,5.0,0.25,0.7578530347166511,0.28542947110206573,0.3716132179486789,1.4061177370503587e-5,1.4061177368792115e-5,1.0500281509155505
773538873,0.1,0.8,5.0,0.25,1.3552391530152026,0.15344090811156272,0.19821034872723498,1.462362446532373e-5,1.4623624462182298e-5,1.0500293765948072
773539905,0.1,0.8,5.0,0.25,-0.10768335695520878,0.413739349803139,0.7432264358973578,2.8122354741007174e-6,2.8122354734947225e-6,1.0500088573411825
773541386,0.1,0.8,5.0,0.25,0.8388837857917493,0.49649200548808653,0.4459358615384147,8.999153517122296e-5,8.999153515494144e-5,1.0500189785469678
773542573,0.1,0.8,5.0,0.25,0.307438378067434,0.48543315370993545,0.601548896554424,1.7998307034244593e-5,1.7998307033042236e-5,1.0500495387084001
773542987,0.1,0.8,5.0,0.25,0.19371361114442426,0.5819791701027046,0.7518021582559872,1.462362446532373e-5,1.4623624462529889e-5,1.0500028737654177
773545037,0.1,0.8,5.0,0.25,-0.10391821480815136,0.6829052032025296,0.9121415156341401,1.2373836086043157e-5,1.2373836083366177e-5,1.0500136557578514
773545256,0.1,0.8,5.0,0.25,-0.5324790874918114,0.889421264413885,1.1674848360955674,1.3498730275683443e-5,1.349873027319429e-5,1.0500144994194396
77354822x,0.1,0.8,5.0,0.25,-0.23725505786550957,1.4272141997246495,1.2604949561343899,9.786579449870497e-5,9.786579448008095e-5,1.0500729730135128
773548262,0.1,0.8,5.0,0.25,0.1155012871161245,0.43129892858938557,0.6503231314101882,6.749365137841721e-6,6.749365136012858e-6,1.0500118802897933
773548457,0.1,0.8,5.0,0.25,-0.4273143601714999,1.311470725098862,1.2695658433529033,6.186918043021579e-5,6.186918041776474e-5,1.0500406655759762
773548764,0.1,0.8,5.0,0.25,-0.09271254394282413,0.650374053814205,0.8059361664261974,1.7998307034244593e-5,1.7998307029398473e-5,1.0500593606846174
773549054,0.1,0.8,5.0,0.25,-0.49900515540029505,1.7644538452942427,1.3574684505605787,0.00019348180061812937,0.00019348180057773018,1.0518411417050764
773549150,0.1,0.8,5.0,0.25,-0.43561738864941457,2.198156664569805,1.4048253770083492,0.0004921412079676255,0.0004921412078730584,1.050548173155748
773549310,0.1,0.8,5.0,0.25,-0.45608905982709985,1.6416041883418466,1.3358143086075627,0.00014679869174805745,0.00014679869171900584,1.0509342439619347
776340002,0.1,0.8,5.0,0.25,-0.8857036092574008,2.144893053650375,1.8751236898751271,0.00010292781835208626,0.00010292781832596419,1.0501873645446653
776800072,0.1,0.8,5.0,0.25,0.12387938664068732,1.627662204224387,0.8786889687166611,0.0011383929199159704,0.0011383929197120546,1.051642884276798
776800101,0.1,0.8,5.0,0.25,0.33431337199849126,0.7619460356960079,0.7028798559235128,7.874259327482009e-5,7.874259325925899e-5,1.0500229570895308
776800654,0.1,0.8,5.0,0.25,0.007565757723876009,1.5329464131325883,0.8651532339668245,0.0008886664098158267,0.0008886664097181528,1.0570214615137359
776800830,0.1,0.8,5.0,0.25,0.2943115280040442,0.7134444593406115,0.7306901034556184,4.668310887007191e-5,4.66831088612218e-5,1.0500080057934054
776801382,0.1,0.8,5.0,0.25,0.9828655858403108,0.16039390054197705,0.22296793076920735,1.0124047706762582e-5,1.0124047704735856e-5,1.0502005200233828
776801892,0.1,0.8,5.0,0.25,0.12857412210500616,0.9419104658990631,0.8805247502613219,7.368056942143879e-5,7.368056940814074e-5,1.0500139769316257
776802043,0.1,0.8,5.0,0.25,0.396657171374111,0.4139325283300296,0.49052944060429654,2.249788379280574e-5,2.2497883786726187e-5,1.0501075101799426
776802086,0.1,0.8,5.0,0.25,0.36006953523613994,0.6605969450512134,0.5945811487178863,8.886664098158267e-5,8.886664096883436e-5,1.0504497750225366
776802158,0.1,0.8,5.0,0.25,0.22351528561499392,0.6104620779896852,0.6606457522996942,3.543416697366904e-5,3.5434166967826196e-5,1.0500336533564545
776802190,0.1,0.8,5.0,0.25,-0.6859445274826582,1.2775436914911469,1.304185422823774,4.724555596489205e-5,4.724555596358994e-5,1.050901101862969
776802262,0.1,0.8,5.0,0.25,-0.17727446055225615,0.6936466084585771,0.7336706613604265,3.937129663741004e-5,3.937129663120296e-5,1.0519589458720269
776802449,0.1,0.8,5.0,0.25,-0.930857986504652,1.6766884746769213,1.9870912454815348,2.249788379280574e-5,2.2497883788298585e-5,1.0500351935456276
776804225,0.1,0.8,5.0,0.25,-0.763481160982602,1.950549167727019,1.7817211095114867,8.267972293856109e-5,8.267972292271218e-5,1.0501104836515227
776805113,0.1,0.8,5.0,0.25,-0.8287788220689348,0.9144224226439043,0.8800634658484782,6.018183914575535e-5,6.018183913407235e-5,1.062031512903247
776805164,0.1,0.8,5.0,0.25,0.414745536588466,0.7825528620783835,0.5966342471048609,0.00020360584832489193,0.00020360584831689081,1.0506185779791055
776805172,0.1,0.8,5.0,0.25,-0.05137347263540172,0.8579846230879327,0.8447762005802832,5.680715657683449e-5,5.680715656204728e-5,1.05015848091124
776806001,0.1,0.8,5.0,0.25,-0.12226835055789173,1.0872060685795883,0.9764137159842347,8.999153517122296e-5,8.9991535155719e-5,1.050111185377346
776806511,0.1,0.8,5.0,0.25,-0.1491999841045227,1.375955851721409,0.9609044806340896,0.0003160952672889206,0.0003160952672340678,1.0504086815580742
776806538,0.1,0.8,5.0,0.25,-0.9279354576639672,1.935621898530816,1.9870912454815348,4.6120661775251764e-5,4.6120661765444166e-5,1.0500772049112561
776806810,0.1,0.8,5.0,0.25,0.18473951885886988,0.584759545489742,0.5383082778491555,7.874259327482009e-5,7.874259326317472e-5,1.0522088227748831
776807004,0.1,0.8,5.0,0.25,-0.0957717036951842,0.7120847036356164,0.6891735848649329,6.186918043021579e-5,6.186918041739283e-5,1.0502816580863912
776807469,0.1,0.8,5.0,0.25,-0.6050947491189241,1.3203761735933532,1.2009514171731177,8.15548287489208e-5,8.15548287325438e-5,1.0574988991260252
776808162,0.1,0.8,5.0,0.25,0.22005003352377908,0.9303725733220235,0.8134877494976143,0.00010292781835208626,0.0001029278183322665,1.0500184946865796
776809157,0.1,0.8,5.0,0.25,-0.04423341914515316,1.1715087821025527,0.9277943530464274,0.00016873412844604306,0.00016873412841361373,1.0501488407840474
776809296,0.1,0.8,5.0,0.25,0.13225085625536134,1.2013016103845973,0.9184451925327657,0.00020135605994561136,0.00020135605990792666,1.050034317994232
776809544,0.1,0.8,5.0,0.25,-0.03651554527924095,0.7169605468448963,0.7860564242874298,3.3184378594388464e-5,3.318437858800539e-5,1.0501526160398218
77680986x,0.1,0.8,5.0,0.25,-0.4379572394427405,0.9189164555958359,1.1460071843373856,1.7435859939424446e-5,1.7435859934726097e-5,1.0500201524496124
776809923,0.1,0.8,5.0,0.25,0.020616933665647288,1.483565412639776,0.9006077750823323,0.0006316280874830211,0.0006316280873616358,1.0521468059078618
77681006x,0.1,0.8,5.0,0.25,-0.30967442209745005,1.4554875621673722,1.2425591578042656,0.00011586410153294956,0.00011586410152434025,1.0502658986546465
776810932,0.1,0.8,5.0,0.25,-0.1362383719307309,1.33911286536713,0.9806226881728463,0.0002491640630053236,0.000249164062939067,1.0505477204260347
776811011,0.1,0.8,5.0,0.25,-0.5040990893147997,0.889926458243573,0.8331049536116165,7.25556752317985e-5,7.25556752098748e-5,1.0517626510879525
776811046,0.1,0.8,5.0,0.25,-0.6797957276292397,1.9774677451119038,1.662885512396682,0.00012486325505007184,0.00012486325502575438,1.0504073413689126
776811097,0.1,0.8,5.0,0.25,1.520391584887927,0.20324539439090322,0.19821034872723498,5.961939205093521e-5,5.961939203809603e-5,1.0500609279972584
77681137x,0.1,0.8,5.0,0.25,0.8284367967873717,0.47188696428913696,0.3759700449752119,0.0001631096574978416,0.00016310965748935353,1.050960566233606
776811484,0.1,0.8,5.0,0.25,-0.2621828382085979,1.1483404619394906,0.985251480210455,0.00010967718348992798,0.00010967718346265124,1.0565691692444854
776811871,0.1,0.8,5.0,0.25,0.2450049947833306,0.4525462948013293,0.5417729433968219,2.1372989603165453e-5,2.1372989599782333e-5,1.0501957743741537
776812292,0.1,0.8,5.0,0.25,-0.7203627699252044,1.7305330625383293,1.7809907661510163,4.555821468043162e-5,4.555821467186857e-5,1.0500319505556717
776812479,0.1,0.8,5.0,0.25,-0.058947737674724825,0.573266296634829,0.73496839588943,1.5186071560143873e-5,1.518607155732964e-5,1.0500168701388926
776812620,0.1,0.8,5.0,0.25,0.31138212409155835,0.915881827906761,0.7111479608341179,0.0001850450941958272,0.0001850450941576383,1.0515297834490651
776812989,0.1,0.8,5.0,0.25,-0.15991574720059637,0.41334935836968295,0.8918717230768294,1.124894189640287e-6,1.1248941894019786e-6,1.050002077777073
776814335,0.1,0.8,5.0,0.25,-0.03892297301297626,0.6578500397090385,0.8152264968749143,1.7998307034244593e-5,1.7998307033081806e-5,1.0500256478472156
776814693,0.1,0.8,5.0,0.25,0.09040566958954499,0.5466674252240993,0.6862457613797861,1.6873412844604303e-5,1.6873412841077e-5,1.0500272128433172
776814845,0.1,0.8,5.0,0.25,1.4220386687105688,0.20585992565390526,0.19821034872723498,6.355652171467621e-5,6.355652170165516e-5,1.0500526658138962
776814888,0.1,0.8,5.0,0.25,-0.5675352667387916,1.1054070307851744,1.099355793391374,5.399492110273377e-5,5.39949210915773e-5,1.0502942577023446
776815119,0.1,0.8,5.0,0.25,0.08373193145428766,0.7779237262356811,0.7048506630991611,8.605440550748195e-5,8.605440549238063e-5,1.0502263323512848
776815151,0.1,0.8,5.0,0.25,0.21705162345277892,0.5286084005084226,0.73496839588943,1.0124047706762582e-5,1.0124047704734543e-5,1.050006964152413
776815290,0.1,0.8,5.0,0.25,-0.23283038277101134,1.2617854448226984,1.0859363720590967,0.00011136452477438841,0.00011136452475203313,1.0500969095095967
776815944,0.1,0.8,5.0,0.25,0.11976370235890103,0.7457791702823053,0.7357941431865458,5.624470948201435e-5,5.624470947985694e-5,1.0501109986969186
776816023,0.1,0.8,5.0,0.25,-0.776188535420322,2.1995022601000658,1.8872774142559368,0.00011305186605884883,0.00011305186603168388,1.050100204529714
776817405,0.1,0.8,5.0,0.25,-0.3160676166984894,1.2280287206625187,1.0462617306583553,0.0001164265486277697,0.0001164265486058469,1.0513695607384193
776817464,0.1,0.8,5.0,0.25,-0.3071931965527758,0.7081097994423567,0.6665254983327361,7.030588685251794e-5,7.030588683980809e-5,1.052647875429198
776817894,0.1,0.8,5.0,0.25,-0.12140874068569743,1.011500651975824,0.8940198001228714,9.730334740388482e-5,9.730334739099835e-5,1.0504879949028876
776818213,0.1,0.8,5.0,0.25,-0.7124613437253038,1.162997103331899,0.921549151814765,0.0001619847633082013,0.00016198476329241191,1.058188204732418
776818483,0.1,0.8,5.0,0.25,0.1310200731708023,0.6694582967742111,0.7933942344963487,2.249788379280574e-5,2.2497883788399013e-5,1.0500349976943004
776818539,0.1,0.8,5.0,0.25,-0.6533624083543355,1.4461716568046512,1.4882879445434132,4.555821468043162e-5,4.555821467156647e-5,1.0500673680334438
77681903x,0.1,0.8,5.0,0.25,1.3198972954137427,0.20906612431086263,0.19821034872723498,6.86185455680575e-5,6.861854555617401e-5,1.0501870559827586
776819195,0.1,0.8,5.0,0.25,-0.5195184382401619,0.6368039715176844,0.9600008366606193,6.749365137841721e-6,6.749365136447216e-6,1.0502173460258584
776819275,0.1,0.8,5.0,0.25,0.8398174112250457,0.24392086204063962,0.2952260643569612,2.0248095413525164e-5,2.024809540962305e-5,1.0500622205547776
776819662,0.1,0.8,5.0,0.25,0.1863025609267863,0.6909369835205831,0.6675646640943682,6.243162752503592e-5,6.243162750799644e-5,1.0501752724490931
776820460,0.1,0.8,5.0,0.25,0.02603398887559089,1.369711119320257,0.6973306923277025,0.0011749519810792797,0.0011749519802844283,1.108112355491889
776820807,0.1,0.8,5.0,0.25,-0.0796724001290271,0.9438038762476916,0.8993664607119985,6.693120428359708e-5,6.693120427012864e-5,1.0500668812125489
776820962,0.1,0.8,5.0,0.25,-0.4923536373876888,1.4940383936392114,1.2856315544137484,0.00011136452477438841,0.00011136452475114748,1.0502519133457475
776821551,0.1,0.8,5.0,0.25,-0.22031968623949938,1.0392499673143385,0.9380851489971863,8.774174679194238e-5,8.774174677571855e-5,1.0501083789310799
776822204,0.1,0.8,5.0,0.25,-0.8535402843058785,1.4111053557677538,1.4544659022903235,4.4433320490791335e-5,4.4433320481687676e-5,1.053687340246349
776822300,0.1,0.8,5.0,0.25,0.46237352444568647,0.5346501629798192,0.47513403788583974,9.44911119297841e-5,9.4491111912656e-5,1.0509280601667013
776822896,0.1,0.8,5.0,0.25,0.38849312452122114,0.6155619832142233,0.4782402298751231,0.0001850450941958272,0.00018504509415968098,1.050915478672959
776823792,0.1,0.8,5.0,0.25,-0.5886325573808546,0.9956025312185205,1.3068398637059184,1.3498730275683443e-5,1.3498730272782431e-5,1.0500322903954107
776823813,0.1,0.8,5.0,0.25,-0.2089956982186699,0.5750643005743818,0.8993040157876415,5.624470948201435e-6,5.624470947071902e-6,1.0500044984255128
776823856,0.1,0.8,5.0,0.25,-0.20236732656800074,0.8807753857122482,1.0064524889042041,2.6997460551366886e-5,2.6997460546067688e-5,1.0500377873496327
776824509,0.1,0.8,5.0,0.25,0.24235588866812105,0.859826293403826,0.6807954039412444,0.00016873412844604306,0.00016873412840048206,1.050391358344205
776824795,0.1,0.8,5.0,0.25,-0.23538053261813366,0.8607656132351782,0.7672453338223629,9.224132355050353e-5,9.224132348803016e-5,1.0528419191445033
776824920,0.1,0.8,5.0,0.25,-0.3652886896078379,1.2367524654692459,0.8288268738165938,0.00022610373211769767,0.00022610373206383602,1.1704558445498292
776825026,0.1,0.8,5.0,0.25,-0.432708854764552,1.605118755700605,1.1054254258629543,0.0003374682568920861,0.0003374682568262968,1.051305059232833
776825034,0.1,0.8,5.0,0.25,0.30617862988307143,0.7308293786012671,0.7196786746490847,5.680715657683449e-5,5.680715656581655e-5,1.0500122675237082
77682527x,0.1,0.8,5.0,0.25,-0.527073503519761,1.5040458790528226,0.870305967980423,0.000686185455680575,0.000686185455579551,1.0856715088696505
776825886,0.1,0.8,5.0,0.25,-0.48595204641527195,1.6235388507596822,1.3744503512834425,0.00012092612538633085,0.00012092612535420126,1.0500916897680586
776826133,0.1,0.8,5.0,0.25,0.48202397895217786,0.892579077459558,0.6518921930339007,0.00025310119266906456,0.0002531011926220516,1.0500493351613729
776826563,0.1,0.8,5.0,0.25,-0.14531601218735585,0.7498994289882768,0.764211687099912,4.780800305971219e-5,4.780800305090039e-5,1.0502358700913637
77682658x,0.1,0.8,5.0,0.25,0.583702703401118,0.7092414244121257,0.578511397520051,0.00014567379755841715,0.00014567379753186919,1.0500343475959475
776826651,0.1,0.8,5.0,0.25,1.2852413338941486,0.12674855087682085,0.19821034872723498,5.624470948201435e-6,5.624470947031052e-6,1.050020943862036
776826707,0.1,0.8,5.0,0.25,-0.03856772536124229,0.8114923510500267,0.7694221171049141,6.86185455680575e-5,6.861854555549389e-5,1.050096190698228
776826766,0.1,0.8,5.0,0.25,-0.24226017185390464,0.6285263902688696,0.8644897300656829,1.0686494801582727e-5,1.0686494799639128e-5,1.0500119540194397
776826782,0.1,0.8,5.0,0.25,0.02931224888604916,1.610264834377469,1.0274012371146541,0.0004972032318210068,0.0004972032317185414,1.0501420669616106
776827734,0.1,0.8,5.0,0.25,0.130240223708564,0.3583334542225591,0.5316927661665248,7.311812232661865e-6,7.31181223129409e-6,1.0500723390841302
776827961,0.1,0.8,5.0,0.25,-0.1141349220432416,0.6999902304797259,0.7573831467905447,3.543416697366904e-5,3.54341669670989e-5,1.0502423248337125
776829940,0.1,0.8,5.0,0.25,1.047211213081891,0.27019176984729043,0.29148411782849504,3.5996614068489185e-5,3.599661406265637e-5,1.0500319398355753
776830351,0.1,0.8,5.0,0.25,-0.38065536944556955,1.7981601995606982,1.4831160021592122,0.00013779953823093516,0.00013779953820317357,1.0500290821393892
776830394,0.1,0.8,5.0,0.25,0.43667778745632635,0.20667460469723134,0.4459358615384147,1.124894189640287e-6,1.1248941894306235e-6,1.0500016993405323
776830757,0.1,0.8,5.0,0.25,1.220539046578033,0.16195159428502132,0.19821034872723498,1.912320122388488e-5,1.9123201218971067e-5,1.050375064405055
776830861,0.1,0.8,5.0,0.25,0.350486742388121,0.539597783439808,0.49964345805717014,7.705525199035966e-5,7.705525197659595e-5,1.0506235288443146
77683087x,0.1,0.8,5.0,0.25,-0.660121152224158,1.8970455599147977,1.5198061163977519,0.0001591725278341006,0.00015917252780521754,1.0503004960578648
776831020,0.1,0.8,5.0,0.25,-0.2008754039811249,0.8429621383178708,0.831670350582121,5.624470948201435e-5,5.6244709471006153e-5,1.0501180762458622
776831303,0.1,0.8,5.0,0.25,-0.20108641406250388,1.0263215050057255,0.9216007521608852,8.999153517122296e-5,8.999153514822884e-5,1.0502625903372467
776832699,0.1,0.8,5.0,0.25,-0.454081908580999,0.8092634978891174,1.1520009756409046,8.999153517122296e-6,8.99915351524555e-6,1.050012315630102
776833077,0.1,0.8,5.0,0.25,-0.20348679186919214,0.7539009290369425,0.8847934030700342,2.3622777982446025e-5,2.3622777978276732e-5,1.05003512992248
776833819,0.1,0.8,5.0,0.25,0.02931224888604916,1.610264834377469,1.0274012371146541,0.0004972032318210068,0.0004972032317185414,1.0501420669616106
776834029,0.1,0.8,5.0,0.25,-0.32827406078994825,0.7526354137721318,0.8918717230768294,2.249788379280574e-5,2.2497883788684405e-5,1.0501504936112611
776834336,0.1,0.8,5.0,0.25,0.1497222421912195,0.930987151774239,0.8320510448939501,9.224132355050353e-5,9.224132353123918e-5,1.0500409400138815
776834627,0.1,0.8,5.0,0.25,1.1146501490922698,0.22281541281021924,0.24685734939163684,3.1497037309928035e-5,3.149703730313937e-5,1.0501294707546287
776835064,0.1,0.8,5.0,0.25,-0.7995442216836788,2.3315548871348564,1.859091292224552,0.0001631096574978416,0.0001631096574659914,1.0501385752421162
776835726,0.1,0.8,5.0,0.25,1.200311762508168,0.2040787214925309,0.19821034872723498,6.018183914575535e-5,6.0181839136039726e-5,1.0523880991225396
776835953,0.1,0.8,5.0,0.25,-0.5291801006301399,1.1396303009551176,1.0795363697890736,6.749365137841721e-5,6.749365136487354e-5,1.0545610941099095
77683597x,0.1,0.8,5.0,0.25,-0.25882738242722547,0.7437118660246737,0.8088780949510116,3.374682568920861e-5,3.3746825686390095e-5,1.055049098393546
776836016,0.1,0.8,5.0,0.25,-0.16552852996751563,0.966833542028212,0.6020134414286984,0.0004724555596489205,0.00047245555950739093,1.0871036355021715
776836235,0.1,0.8,5.0,0.25,-0.7815097237712181,1.524751543278084,1.6660658798835128,3.374682568920861e-5,3.374682569658245e-5,1.050165981000041
776836489,0.1,0.8,5.0,0.25,0.5495368680754846,0.47672295580727553,0.5282216505755933,3.1497037309928035e-5,3.1497037303391604e-5,1.0500102687802335
776837131,0.1,0.8,5.0,0.25,-0.9218872318859672,2.218597671329829,1.9870912454815348,9.111642936086324e-5,9.111642934147757e-5,1.050362055644479
776837764,0.1,0.8,5.0,0.25,-0.9353085267448839,1.853301709601827,1.9870912454815348,3.712150825812947e-5,3.7121508249064463e-5,1.0500278397402942
776837916,0.1,0.8,5.0,0.25,-0.14466327440949772,0.5061790448641726,0.6186266973711073,1.912320122388488e-5,1.9123201222455998e-5,1.0518674223801228
776837932,0.1,0.8,5.0,0.25,-0.2878746950417849,0.6562944534333066,0.8129039142627351,1.7998307034244593e-5,1.7998307035884594e-5,1.0505356819348288
776838126,0.1,0.8,5.0,0.25,-0.10987848565749705,0.679454031298848,0.8918717230768294,1.3498730275683443e-5,1.3498730273012889e-5,1.0500179446247209
776839030,0.1,0.8,5.0,0.25,-0.8462403019929801,1.2863772243452138,1.734195064346899,1.1811388991223012e-5,1.1811388988856626e-5,1.0500447839181248
776839073,0.1,0.8,5.0,0.25,0.020827840243784295,0.7492637710878434,0.800909668973643,3.7683955352949614e-5,3.768395534612813e-5,1.0500682350255706
776840349,0.1,0.8,5.0,0.25,-0.3217506550307729,1.7674503211480719,1.2582385750651726,0.00028684801835827316,0.0002868480183012854,1.0506340441563187
776840373,0.1,0.8,5.0,0.25,-0.218844078273345,1.0019228217818266,0.8602845853752724,0.0001124894189640287,0.00011248941894321779,1.0504307174717789
776840883,0.1,0.8,5.0,0.25,-0.7985540149113206,2.511313865175428,1.9548900282213506,0.00018392020000618692,0.00018392019996919486,1.050147728076052
776841800,0.1,0.8,5.0,0.25,0.036738673775408036,0.5311581249360574,0.7094434483018399,1.2373836086043157e-5,1.2373836082932112e-5,1.050032630154164
776842133,0.1,0.8,5.0,0.25,-0.5567630794629803,2.178582017412498,1.5018129055946092,0.0003374682568920861,0.00033746825682502604,1.0502897253812964
776842168,0.1,0.8,5.0,0.25,-0.12694411075709827,0.9219258659531437,0.7737267767485564,0.00011923878410187041,0.00011923878407835466,1.062239593978879
77684223x,0.1,0.8,5.0,0.25,0.1906546593709373,0.5748149374083664,0.6957424932129839,2.0248095413525164e-5,2.0248095409145838e-5,1.050026598941229
776842264,0.1,0.8,5.0,0.25,-0.347508885918962,1.2358158349618007,1.1334203147434707,8.099238165410066e-5,8.099238163835094e-5,1.0501988766608212
776842520,0.1,0.8,5.0,0.25,-0.0018322978060334857,1.0302880878451826,0.9691204890414002,7.143078104215822e-5,7.143078102753339e-5,1.050029362031429
776842600,0.1,0.8,5.0,0.25,0.40339808826456547,0.9182871563876981,0.6974275847358705,0.0002081054250834531,0.00020810542504340047,1.050075024660131
776843312,0.1,0.8,5.0,0.25,1.3253069756792593,0.17047171562418506,0.19821034872723498,2.4747672172086314e-5,2.4747672167169505e-5,1.0500663840046656
776843427,0.1,0.8,5.0,0.25,-0.40170989660725265,0.6321968492646721,1.061752041156283,3.9371296637410044e-6,3.937129663119407e-6,1.0500038683040605
776844155,0.1,0.8,5.0,0.25,0.07479173185602789,0.5389984011778379,0.6523876414121701,2.0248095413525164e-5,2.0248095409849577e-5,1.050032003624759
776844825,0.1,0.8,5.0,0.25,-0.38242366756730395,1.4908451605784367,1.1395440992266388,0.00019966871866115095,0.0001996687186217263,1.0520515419545433
776845940,0.1,0.8,5.0,0.25,0.34892846279374734,0.7064799695912333,0.6306163354864387,9.280377064532368e-5,9.280377062853341e-5,1.0500721305780678
776846599,0.1,0.8,5.0,0.25,-0.2213068400756549,1.5070352087947625,1.0094776300750967,0.0003892133896155393,0.000389213389542999,1.0504775248351923
776846855,0.1,0.8,5.0,0.25,0.5078840934729251,0.5288760589570595,0.5742023433414369,3.487171987884889e-5,3.487171987213505e-5,1.0500062738948355
776847305,0.1,0.8,5.0,0.25,0.22218307113056462,0.7132379956251789,0.6503231314101882,8.324217003338124e-5,8.324217001236256e-5,1.0505922930842013
776847700,0.1,0.8,5.0,0.25,0.011406001409498517,0.5226919772227917,0.8547104012819615,4.499576758561148e-6,4.4995767576804245e-6,1.05000201440063
77684792x,0.1,0.8,5.0,0.25,0.37349859433157795,0.9116832397294365,0.7187750306756145,0.00017267125810978403,0.00017267125807732693,1.0500369901725797
776847946,0.1,0.8,5.0,0.25,-0.912141372230244,2.251528939189066,1.9870912454815348,9.786579449870497e-5,9.786579447834405e-5,1.0508268433101868
776848009,0.1,0.8,5.0,0.25,0.023070104927214317,1.4815108702153101,1.046384564998776,0.0002992218544443163,0.00029922185438541735,1.0500560357373054
776848033,0.1,0.8,5.0,0.25,-0.5055655864330046,0.8592039717769815,1.1374596011784948,1.29362831808633e-5,1.2936283178552779e-5,1.0500162310206451
776848869,0.1,0.8,5.0,0.25,-0.179678083155301,0.6022323235045877,0.9847750275639992,4.499576758561148e-6,4.499576757609617e-6,1.0500024725852357
776849028,0.1,0.8,5.0,0.25,-0.829635942738013,1.4979302170722588,1.647912339433497,3.262193149956832e-5,3.262193149256163e-5,1.050154413224594
776849124,0.1,0.8,5.0,0.25,0.9721044357663031,0.22576390137494173,0.2675615098350892,2.249788379280574e-5,2.2497883788908232e-5,1.0500262340850726
776849319,0.1,0.8,5.0,0.25,-0.06237835158096953,0.5732663615290698,0.73496839588943,1.5186071560143873e-5,1.5186071557381927e-5,1.0500169890009878
780350705,0.1,0.8,5.0,0.25,-0.7821441093231445,1.394856614558809,1.049882047799538,0.0002097927663679135,0.00020979276632016944,1.0578609230344824
780350967,0.1,0.8,5.0,0.25,-0.16225000821647048,1.0513427171480338,0.8939952049029487,0.00011811388991223013,0.0001181138898899104,1.0503802489806475
780351062,0.1,0.8,5.0,0.25,0.10749172965836676,0.4929126746050747,0.7432264358973578,6.749365137841721e-6,6.749365136407155e-6,1.050011056650481
780351580,0.1,0.8,5.0,0.25,-0.4895947423569457,0.7988310311626108,1.1679272665357903,7.874259327482009e-6,7.87425932582306e-6,1.050013316169476
780352153,0.1,0.8,5.0,0.25,0.16147899814321615,1.3419191811254907,0.9226764917942178,0.00034196783365064725,0.0003419678335940063,1.0502132026376647
780352209,0.1,0.8,5.0,0.25,1.5445900415286853,0.17487684734105727,0.19821034872723498,2.8122354741007175e-5,2.8122354735325762e-5,1.0500096086746926
780352233,0.1,0.8,5.0,0.25,1.4254692820930164,0.21300216728621457,0.19821034872723498,7.536791070589923e-5,7.536791068755312e-5,1.0500694452863437
780352989,0.1,0.8,5.0,0.25,-0.00758308225337772,0.9546150898568465,0.6762423821921005,0.0002677248171343883,0.00026772481708379727,1.0704978594997623
780353199,0.1,0.8,5.0,0.25,0.10785340303781363,0.8161271750800861,0.7664522620191503,7.199322813697837e-5,7.199322812485882e-5,1.0500549326967425
780353981,0.1,0.8,5.0,0.25,-0.40247421384489124,0.6323533829465319,0.5939669061361863,6.805609847323736e-5,6.805609845929031e-5,1.0617488726984177
78035399x,0.1,0.8,5.0,0.25,-0.7969151430184797,1.98967273748053,1.8100040530714432,8.436706422302153e-5,8.436706420741102e-5,1.0501833647668477
78035401x,0.1,0.8,5.0,0.25,-0.5953993681374313,0.8189613301467752,1.1148396538460368,1.124894189640287e-5,1.1248941898597872e-5,1.0500893968265657
780354028,0.1,0.8,5.0,0.25,0.016090702013645243,0.5245594328132677,0.6097834754159702,2.4747672172086314e-5,2.4747672186597527e-5,1.050291374969342
780354394,0.1,0.8,5.0,0.25,-0.006193779378443746,1.0191674603958032,0.9333898718982303,8.15548287489208e-5,8.155482874927605e-5,1.0502438551322097
780354837,0.1,0.8,5.0,0.25,-0.09568730398689702,1.300661121485198,0.9828630504532956,0.00021316744893683438,0.00021316744889643825,1.0503271524184656
78035532x,0.1,0.8,5.0,0.25,0.1668820350339967,0.5760076904047674,0.6427532614029209,3.0372143120287746e-5,3.0372143134612334e-5,1.0502350917331984
780355995,0.1,0.8,5.0,0.25,-0.4140816035891901,1.0894759254560824,0.981342895751043,8.830419388676252e-5,8.830419386962104e-5,1.0509890933765929
780356314,0.1,0.8,5.0,0.25,-0.45679101069051525,1.9298369774420165,1.6050528651313563,0.00013217506728273372,0.00013217506725765368,1.0500234410902929
780356824,0.1,0.8,5.0,0.25,-0.6749886678797912,1.1703236130566814,1.3013218871324885,3.093459021510789e-5,3.093459020914017e-5,1.0500983594936246
780356904,0.1,0.8,5.0,0.25,1.3140427050008274,0.12674648950210218,0.19821034872723498,5.624470948201435e-6,5.624470947086153e-6,1.0500038668471625
780357480,0.1,0.8,5.0,0.25,0.35032002523132194,1.3872592532375554,0.8071438838678759,0.0007874259327482009,0.0007874259326348363,1.05041846496195
780358096,0.1,0.8,5.0,0.25,-0.4367619705019873,0.8174550284741389,1.2783495264471325,5.624470948201435e-6,5.624470948042628e-6,1.0500150872541372
780359558,0.1,0.8,5.0,0.25,0.09346754566726663,0.907452267509389,0.7641719236463771,0.00012373836086043157,0.0001237383608381403,1.0508227372221919
780359697,0.1,0.8,5.0,0.25,-0.2608185886819382,1.208180756931847,1.0252985938898527,0.00011811388991223013,0.00011811388988882193,1.052492423348272
780360321,0.1,0.8,5.0,0.25,-0.09174819238020807,0.9422303700065031,0.8515936127930285,8.717929969712224e-5,8.717929968225618e-5,1.0501217358980193
780360399,0.1,0.8,5.0,0.25,-0.33770437481490606,0.7535481788880571,0.8704007340007015,2.5310119266906457e-5,2.5310119262240996e-5,1.0522781626346838
780361367,0.1,0.8,5.0,0.25,-0.5684444437167834,2.2878416191907633,1.4900597926921944,0.00044039607524417235,0.00044039607516062514,1.0540256806615604
78036180x,0.1,0.8,5.0,0.25,-0.5262774878143169,1.4274822506732956,1.4084141527291703,5.624470948201435e-5,5.624470947136296e-5,1.0500781480158734
780361850,0.1,0.8,5.0,0.25,-0.02361637604169205,1.318955291122436,1.0517935287530675,0.0001631096574978416,0.0001631096574668917,1.0500289304772896
780362124,0.1,0.8,5.0,0.25,0.08274579179667292,1.054384301069578,0.8990526767390945,0.0001164265486277697,0.00011642654860398085,1.0505119766652977
780362394,0.1,0.8,5.0,0.25,0.15968032584675246,0.8482311056711452,0.8420678912049363,5.455736819755392e-5,5.455736818756509e-5,1.0500114250043564
78036252x,0.1,0.8,5.0,0.25,-0.11642822409176165,0.8455936666265217,0.9240782066910214,3.374682568920861e-5,3.374682568285032e-5,1.0500356108183726
780363637,0.1,0.8,5.0,0.25,-0.804225785044912,2.9986373244636164,1.9870912454815348,0.0004105863792187047,0.0004105863791104639,1.0505647990944744
780364066,0.1,0.8,5.0,0.25,1.0501332153797458,0.2521604068638174,0.2702641665626297,3.712150825812947e-5,3.712150825118153e-5,1.0504150272583235
780364074,0.1,0.8,5.0,0.25,-0.513615031413451,0.8321205645988564,1.184517132211414,8.999153517122296e-6,8.999153515408307e-6,1.0500311829748286
780365501,0.1,0.8,5.0,0.25,-0.30407471201198305,1.7287579453888486,1.123632480408191,0.00045164501714057523,0.0004516450170631551,1.0508677880627233
780367478,0.1,0.8,5.0,0.25,-0.22596500328881225,0.6826482110648653,0.9290330448716974,1.124894189640287e-5,1.1248941893402947e-5,1.0503670274242252
780368323,0.1,0.8,5.0,0.25,-0.3987906713267021,1.2746824032447521,1.0217321452418722,0.00015354805688589916,0.00015354805685329411,1.0573376293237073
780368702,0.1,0.8,5.0,0.25,-0.17567912430707444,0.4154734394171292,0.7803877576922257,2.249788379280574e-6,2.249788378800114e-6,1.05003095842816
780368825,0.1,0.8,5.0,0.25,-0.8232600546085154,0.8192201481411062,1.1148396538460368,1.124894189640287e-5,1.1248942179741821e-5,1.05042125343749
780368833,0.1,0.8,5.0,0.25,-0.6334828102673529,1.4249748932525501,1.4523518474505146,4.780800305971219e-5,4.7808003050332495e-5,1.050105348435765
780369019,0.1,0.8,5.0,0.25,-0.05581101699335817,0.9184083686092175,0.8592841198732305,7.311812232661866e-5,7.311812231501219e-5,1.0507312784841818
780369174,0.1,0.8,5.0,0.25,0.3802144351820082,0.3204046990288579,0.4830971833332826,6.749365137841721e-6,6.749365142526279e-6,1.05004861558308
780369879,0.1,0.8,5.0,0.25,-0.16895702332149726,1.3080692430341383,0.9819310546412977,0.00022047926116949625,0.0002204792611146209,1.0502043431019246
780370044,0.1,0.8,5.0,0.25,-0.44263491237111674,1.0500845346449497,1.1400134639134627,3.487171987884889e-5,3.487171987258551e-5,1.0500675275215259
780370132,0.1,0.8,5.0,0.25,0.1886672216504827,1.604235863217422,0.889702665670277,0.0009443486722030209,0.0009443486720032056,1.062660345049313
780370255,0.1,0.8,5.0,0.25,0.7067825348941923,0.3999967979469657,0.3889783292090411,6.018183914575535e-5,6.0181839141704086e-5,1.0510796727606366
780370415,0.1,0.8,5.0,0.25,0.16383577420972684,1.1544079562782779,0.886562983071733,0.0001968564831870502,0.00019685648315043,1.0500679249410256
78037044x,0.1,0.8,5.0,0.25,-0.33269862059622557,0.5901000580440191,0.9053849181150366,6.1869180430215785e-6,6.1869180418422655e-6,1.0500141438559785
780370597,0.1,0.8,5.0,0.25,-0.015381850014987264,1.1632870975917713,0.7686793698150879,0.0004105863792187047,0.0004105863791401568,1.0535578765938611
780371047,0.1,0.8,5.0,0.25,0.12765227833653991,1.1657492879259632,0.8134640048328474,0.00031722016147856094,0.00031722016141607067,1.0504908696970483
780371143,0.1,0.8,5.0,0.25,-0.5573367783080362,1.6272206156541853,1.4905533982009593,8.15548287489208e-5,8.155482873322355e-5,1.0500417882090396
780371194,0.1,0.8,5.0,0.25,0.003590840213170342,0.46990381518978,0.6689037923076221,8.999153517122296e-6,8.999153515158835e-6,1.0500321606801486
780372373,0.1,0.8,5.0,0.25,0.21355346358569777,0.4639674057222433,0.4134197049679053,8.999153517122296e-5,8.999153514634777e-5,1.0584091537177105
780372381,0.1,0.8,5.0,0.25,-0.25170358775353197,0.41334954108171307,0.8918717230768294,1.124894189640287e-6,1.1248941894433178e-6,1.0500025418997754
780373093,0.1,0.8,5.0,0.25,-0.4987376355601797,0.6904030504392424,0.7003816336716552,4.780800305971219e-5,4.780800304767475e-5,1.055031562043061
780373202,0.1,0.8,5.0,0.25,-0.10832944911516953,0.5793414931929453,0.7176780271633861,1.7998307034244593e-5,1.799830703527311e-5,1.0504037738071779
780374176,0.1,0.8,5.0,0.25,-0.05093709158591298,0.5298990795407673,0.7989684185896597,6.749365137841721e-6,6.749365136551535e-6,1.0500466349199558
780374635,0.1,0.8,5.0,0.25,-0.02843013274081888,0.6286963867060438,0.6862457613797861,3.374682568920861e-5,3.374682568274569e-5,1.0512652861043765
780374731,0.1,0.8,5.0,0.25,-0.8109085376388749,2.6738927268819705,1.9870912454815348,0.0002317282030658991,0.00023172820302106917,1.0503354201040562
780375013,0.1,0.8,5.0,0.25,-0.8046051892347579,2.5906636463179273,1.9870912454815348,0.0001979813773766905,0.00019798137732894274,1.0501853914248516
78037546x,0.1,0.8,5.0,0.25,0.031043452645769624,0.7103638746287947,0.825994808666074,2.4747672172086314e-5,2.4747672167786555e-5,1.0500120880794979
780375734,0.1,0.8,5.0,0.25,-0.20134014378877416,0.4133490290081967,0.8918717230768294,1.124894189640287e-6,1.1248941893969243e-6,1.0500012411243775
780376542,0.1,0.8,5.0,0.25,0.20232794056101788,1.1946811395314414,0.8624230936758114,0.0002682872642292084,0.0002682872641777034,1.0500482098649366
780376729,0.1,0.8,5.0,0.25,0.09764160782054392,1.0539184891758364,0.8990526767390945,0.0001164265486277697,0.00011642654860393245,1.0500478755091442
780377211,0.1,0.8,5.0,0.25,0.7491951660315401,0.2593197925316342,0.353032557051245,1.124894189640287e-5,1.1248941893424046e-5,1.0500166665898216
780377668,0.1,0.8,5.0,0.25,-0.25837087866402075,0.9916424043976385,0.8725562534043569,9.955313578316539e-5,9.955313576702479e-5,1.05038445443484
780377852,0.1,0.8,5.0,0.25,0.14046617102522604,1.032939393720198,0.872097804175366,0.00012261346667079127,0.00012261346664673722,1.0500249859372732
780377959,0.1,0.8,5.0,0.25,0.04786148628361186,0.6992171043423564,0.7803877576922257,3.0372143120287746e-5,3.0372143115395636e-5,1.0500358534842549
780378361,0.1,0.8,5.0,0.25,-0.37779705902508,1.4621138477196702,1.257854407653124,0.00011136452477438841,0.00011136452475415533,1.0505072667376274
78037837x,0.1,0.8,5.0,0.25,-0.836660907677634,1.7363061023601807,1.7417349522849235,5.17451327234532e-5,5.17451327103638e-5,1.0501901571125916
780379452,0.1,0.8,5.0,0.25,0.16827768996783907,0.9745322492084171,0.7285109102667924,0.00022441639083323726,0.0002244163907882756,1.0508648375372152
78037976x,0.1,0.8,5.0,0.25,0.2652467529349035,0.6461719881268251,0.7212049249966206,3.0372143120287746e-5,3.0372143114343747e-5,1.0500064720840778
780381456,0.1,0.8,5.0,0.25,0.07634188881539122,0.5318300427674505,0.7314912555328115,1.0686494801582727e-5,1.0686494799509512e-5,1.0500120722314565
780381616,0.1,0.8,5.0,0.25,-0.7909833662457715,1.4652440145326378,1.754405530682091,2.1372989603165453e-5,2.1372989599059122e-5,1.050036833003814
780381990,0.1,0.8,5.0,0.25,0.3673819711711229,0.8049850719080165,0.7212049249966206,9.111642936086324e-5,9.111642934730288e-5,1.050043823002485
780382213,0.1,0.8,5.0,0.25,0.4845387456950383,0.4420885684151213,0.4830971833332826,3.374682568920861e-5,3.374682568234562e-5,1.0500882866517713
780382555,0.1,0.8,5.0,0.25,0.2409975563927687,0.9043264159535012,0.7159747904638418,0.00016873412844604306,0.00016873412840930267,1.0504720936319667
780382707,0.1,0.8,5.0,0.25,0.2260471802891904,0.7098157304238556,0.7587565098488206,3.7683955352949614e-5,3.7683955346243634e-5,1.0500488737631266
78038274x,0.1,0.8,5.0,0.25,-0.24485777156790106,1.1309794809253342,0.7398481016980079,0.0004330842630115105,0.00043308426292701596,1.0529198212847712
780382803,0.1,0.8,5.0,0.25,0.034024436975651655,1.0698948800783676,0.8890373897792274,0.00013273751437755386,0.00013273751435421966,1.050074148758261
780383523,0.1,0.8,5.0,0.25,0.2871759659476686,0.39171572015191813,0.4854197659454618,1.7998307034244593e-5,1.799830703098601e-5,1.0500375576832772
780383582,0.1,0.8,5.0,0.25,-1.1537303076369376,1.0578859359125403,1.9870912454815348,2.249788379280574e-6,2.2497883788810363e-6,1.0500024676581718
780384665,0.1,0.8,5.0,0.25,0.4027293282555968,0.5051391203005337,0.5292977446069076,4.162108501669062e-5,4.162108500540509e-5,1.0501368556573192
780384702,0.1,0.8,5.0,0.25,0.22085238630605666,0.802989864668763,0.6943197979556699,0.00010855228930028769,0.00010855228928184297,1.050558733329443
780386126,0.1,0.8,5.0,0.25,-0.05094372106144105,0.7125271268663728,0.85772349292148,2.081054250834531e-5,2.0810542504705657e-5,1.0500138737379108
780386281,0.1,0.8,5.0,0.25,0.66437963418935,0.35662627225246213,0.476340585814179,1.2373836086043157e-5,1.2373836083764549e-5,1.050007729170185
780387196,0.1,0.8,5.0,0.25,-0.2790226368834772,1.1980075751056187,1.1131880174926128,7.593035780071936e-5,7.593035778589291e-5,1.0500393443031701
780387209,0.1,0.8,5.0,0.25,-0.30546550620743007,0.7815417115033403,1.043895344455651,1.2373836086043157e-5,1.2373836083627004e-5,1.0500064074439395
780387356,0.1,0.8,5.0,0.25,0.502292497715825,0.5971917445848218,0.5640129760930105,6.974343975769779e-5,6.974343974366546e-5,1.0508038304949114
780387882,0.1,0.8,5.0,0.25,0.9819361381045286,0.5300604238305144,0.39632549552467417,0.0002249788379280574,0.00022497883788538835,1.0501290060600856
780387962,0.1,0.8,5.0,0.25,-0.4842051753159383,1.249936084686835,1.466987350016836,2.3622777982446025e-5,2.3622777977543923e-5,1.0500086179622143
780388084,0.1,0.8,5.0,0.25,-0.1400494072280851,1.040402491541816,0.9754126834454221,7.25556752317985e-5,7.255567521779212e-5,1.0502104311237488
780388578,0.1,0.8,5.0,0.25,1.0805857052777117,0.17141354079490817,0.19821034872723498,2.4747672172086314e-5,2.474767229494289e-5,1.0558678083752686
780388666,0.1,0.8,5.0,0.25,-0.9742808699062667,1.6834029124460281,1.9003280490485666,2.8684801835827318e-5,2.868480182960554e-5,1.0500905372446958
780389060,0.1,0.8,5.0,0.25,-0.7328908088342084,1.1521376455279306,1.3519642246288346,2.3622777982446025e-5,2.362277797756337e-5,1.050196566628258
780389175,0.1,0.8,5.0,0.25,0.20620931821105454,1.1379813417645874,0.7646488724500073,0.00038246402447769754,0.0003824640244055195,1.050878703626835
780389247,0.1,0.8,5.0,0.25,-0.1665239488988248,0.6779517741928945,0.8116815247446186,2.1372989603165453e-5,2.137298959896107e-5,1.0501170407590104
780389757,0.1,0.8,5.0,0.25,-0.13476407397520188,1.2031336148106273,0.9716592544223523,0.00015298560979107903,0.00015298560975054282,1.0501887779921173
780391005,0.1,0.8,5.0,0.25,-0.19448799944209866,0.5056514948793068,0.8268394099358106,4.499576758561148e-6,4.499576757594351e-6,1.0500099494404305
780391486,0.1,0.8,5.0,0.25,-0.1735617333518183,0.792564580325931,0.8713689492864183,3.262193149956832e-5,3.262193149288626e-5,1.0508198441910632
780391697,0.1,0.8,5.0,0.25,0.31296662977945566,0.6022192395798539,0.5786548578230005,6.299407461985607e-5,6.299407460661218e-5,1.054077887510314
780391953,0.1,0.8,5.0,0.25,-0.8736275624904207,2.9907958908806154,1.4409963690834489,0.001375745593930071,0.0013757455935078362,1.1345245102017536
780392577,0.1,0.8,5.0,0.25,0.5808506748843687,0.7264228499740395,0.49393105875103727,0.00035884124649525155,0.00035884124684547303,1.0518172997541255
780392809,0.1,0.8,5.0,0.25,0.02128496778549163,0.8360200116674849,0.7324909413592938,0.00010124047706762583,0.00010124047704856985,1.0513351834599385
780393123,0.1,0.8,5.0,0.25,-0.16762626895642835,1.5472094778299652,1.035562172075625,0.00037965178900359683,0.0003796517889315205,1.056558308017071
780393609,0.1,0.8,5.0,0.25,-0.15316964877588846,0.803950633460145,0.8905445026357571,3.1497037309928035e-5,3.149703730347321e-5,1.050309838918282
780393641,0.1,0.8,5.0,0.25,-0.058207655594893874,0.5677974507346946,0.7729554649814137,1.124894189640287e-5,1.124894189404524e-5,1.0500603299353013
780394476,0.1,0.8,5.0,0.25,-0.5261200177351975,0.8980337150037202,0.7552595940848291,0.00011811388991223013,0.00011811388988986442,1.0620227413967174
780395161,0.1,0.8,5.0,0.25,0.23656888580055785,0.5244410762537134,0.5655488660656457,3.5996614068489185e-5,3.5996614058591084e-5,1.050441457911431
780395727,0.1,0.8,5.0,0.25,-0.5817711897075111,1.3509042292743734,1.393549567307546,4.499576758561148e-5,4.4995767595408065e-5,1.0501840733072154
780395735,0.1,0.8,5.0,0.25,1.0121933008074477,0.34757492349394203,0.3586067411445559,4.499576758561148e-5,4.499576757729131e-5,1.0500096096921487
780395997,0.1,0.8,5.0,0.25,-0.0008516477023782225,0.661008570114768,0.7685636943138954,2.4747672172086314e-5,2.4747672165331948e-5,1.0500693306703293
780396754,0.1,0.8,5.0,0.25,0.3850132131293168,0.5883669873477005,0.5760004878204523,5.849449786129492e-5,5.849449785023953e-5,1.0500260229560854
780396973,0.1,0.8,5.0,0.25,0.07682303023082673,0.49023501941755954,0.7166826649922792,7.874259327482009e-6,7.87425932596112e-6,1.0501059248819968
780397212,0.1,0.8,5.0,0.25,0.10396003764582165,0.5866136026144122,0.5858838324117718,5.2870026913093485e-5,5.2870026903011354e-5,1.0502588007678757
780397220,0.1,0.8,5.0,0.25,-0.15719854786193008,0.9693602894604004,0.9268096936943646,6.580631009395679e-5,6.580631008186779e-5,1.0501196115704488
780397247,0.1,0.8,5.0,0.25,0.35632509976729504,0.6191298715626798,0.5424321236425882,0.00010180292416244596,0.00010180292414468538,1.0502239707700354
78039728x,0.1,0.8,5.0,0.25,0.5098564973705708,0.5125605321582974,0.5328064972634844,4.330842630115105e-5,4.3308426301809885e-5,1.0501680207711244
780397300,0.1,0.8,5.0,0.25,-0.261169761173368,0.8687176223089481,0.934178478286875,3.655906116330933e-5,3.65590611539644e-5,1.0501404492639985
780399509,0.1,0.8,5.0,0.25,0.14413680167373324,1.2448147567497554,0.9222038666459631,0.00023566533272964012,0.00023566533268584705,1.050065208086936
783700299,0.1,0.8,5.0,0.25,-0.8151681878136765,1.9850569109314742,1.7823499532900284,8.999153517122296e-5,8.99915351469865e-5,1.0503578155331328
783700547,0.1,0.8,5.0,0.25,0.1527530741791324,0.618278860232915,0.6665812096954428,3.5996614068489185e-5,3.5996614062317744e-5,1.0506948904120288
783700563,0.1,0.8,5.0,0.25,-0.7213038138891061,1.6344596408136132,1.6861949764421307,4.499576758561148e-5,4.499576757701495e-5,1.050097675680725
783700678,0.1,0.8,5.0,0.25,-0.06484061408684574,0.9809584887320796,0.6917832298422038,0.00029415983059093506,0.0002941598305278058,1.055265030838187
78370074x,0.1,0.8,5.0,0.25,0.2438783633790791,0.5085403995410198,0.5912028499583345,2.4747672172086314e-5,2.474767216543709e-5,1.0502185627183642
783701304,0.1,0.8,5.0,0.25,-0.7138728940421777,1.6516443253151722,1.6165174980767534,5.849449786129492e-5,5.84944978543318e-5,1.0502936413986887
783701857,0.1,0.8,5.0,0.25,0.41289643730595704,0.9090554671776935,0.6029641494541245,0.0004088990379342443,0.00040889903782435953,1.0504449425441815
783702331,0.1,0.8,5.0,0.25,-0.3095534582143899,1.3121611374353759,1.1409316382041785,0.00010574005382618697,0.00010574005380008116,1.050212691668409
783702729,0.1,0.8,5.0,0.25,0.23696218252817863,0.5883929969288713,0.5760004878204523,5.849449786129492e-5,5.8494497849627835e-5,1.050072440819349
783702753,0.1,0.8,5.0,0.25,-0.8428395976342461,1.9675503651084776,1.9870912454815348,5.005779143899277e-5,5.005779142935867e-5,1.0500532692825744
783703019,0.1,0.8,5.0,0.25,-0.6682803663004604,1.8649298067321727,1.6488456819578248,9.730334740388482e-5,9.730334738450853e-5,1.0501577528186197
783703078,0.1,0.8,5.0,0.25,1.224053430672193,0.1144548952887851,0.19821034872723498,3.3746825689208607e-6,3.3746825682539302e-6,1.0501687269057538
783703115,0.1,0.8,5.0,0.25,-0.8477258104022658,2.867049621813937,1.9870912454815348,0.00032846910337496377,0.00032846910328555027,1.050306648887053
783703721,0.1,0.8,5.0,0.25,0.3984481472970156,0.5509226835002881,0.6061139678349421,3.262193149956832e-5,3.262193149251027e-5,1.0501033589983035
783703836,0.1,0.8,5.0,0.25,0.29908550027873876,0.6481964310004654,0.6907634142103668,3.824640244776976e-5,3.824640244050757e-5,1.0501632349677394
783704361,0.1,0.8,5.0,0.25,-0.9615388538562927,1.054644304128258,1.255862123959791,2.1935436697985596e-5,2.193543669299174e-5,1.0503460633205977
783704425,0.1,0.8,5.0,0.25,1.0300595198774778,0.20904751959770365,0.22084443122318895,3.937129663741004e-5,3.937129662953188e-5,1.0532227775443443
78370445x,0.1,0.8,5.0,0.25,-0.39664266855380603,1.2022097121050894,1.2114590338090163,5.0620238533812914e-5,5.062023852362457e-5,1.0500362250079387
783704951,0.1,0.8,5.0,0.25,0.1953977683022577,0.2932214684167088,0.5078714096764606,3.3746825689208607e-6,3.3746825682480815e-6,1.0500090291132167
783705049,0.1,0.8,5.0,0.25,1.274841738754775,0.13745460986069313,0.19821034872723498,8.436706422302152e-6,8.436706420214949e-6,1.0500162412582437
783705380,0.1,0.8,5.0,0.25,-0.7889709473285327,1.8566357684551138,1.817331585738896,5.849449786129492e-5,5.8494497849984504e-5,1.0501882498906898
783705452,0.1,0.8,5.0,0.25,0.5172698130134977,0.3636960460438519,0.4814814829351922,1.29362831808633e-5,1.2936283178361346e-5,1.0500130761034412
78370584x,0.1,0.8,5.0,0.25,-0.250760718305304,1.104076711083935,1.0303820785378475,7.424301651625894e-5,7.424301649744015e-5,1.0501889662465793
783706164,0.1,0.8,5.0,0.25,-0.5760669863105636,1.0286162764211781,1.3501946446271358,1.3498730275683443e-5,1.3498730272904011e-5,1.0500163153464521
783706404,0.1,0.8,5.0,0.25,0.4823916143311006,1.3229947706724339,0.7090915311061163,0.001187888264260143,0.0011878882640328587,1.0502636408163963
783706826,0.1,0.8,5.0,0.25,0.31581157867375664,0.6405488275048126,0.7047836818806397,3.262193149956832e-5,3.262193149366657e-5,1.0500067386726815
783707191,0.1,0.8,5.0,0.25,0.9453361079995075,0.24869139141468385,0.34975363148573235,9.56160061194244e-6,9.561600610107154e-6,1.0500017430255943
783707845,0.1,0.8,5.0,0.25,-0.9413922118379938,1.5138086747947788,1.9870912454815348,1.3498730275683443e-5,1.3498730273112328e-5,1.050007051907851
783708688,0.1,0.8,5.0,0.25,-0.2158087744051122,1.1278786028092962,1.0220577661073613,8.605440550748195e-5,8.605440549177835e-5,1.05009819862629
783709162,0.1,0.8,5.0,0.25,-0.3759956581577962,0.8551005839926925,0.9405658639887531,3.262193149956832e-5,3.2621931492806254e-5,1.0503249354268598
783709410,0.1,0.8,5.0,0.25,0.2509877132402317,0.6251192659709361,0.6447489473168772,4.499576758561148e-5,4.499576757737989e-5,1.0503536025379612
783709541,0.1,0.8,5.0,0.25,0.9677744400861373,0.26422819837779654,0.3468389916055009,1.3498730275683443e-5,1.3498730273144336e-5,1.050002383414506
783710796,0.1,0.8,5.0,0.25,-0.10298114691336165,0.9368179965053853,0.8547104012819615,8.211727584374094e-5,8.211727582630956e-5,1.0528026013559255
783711895,0.1,0.8,5.0,0.25,-0.0955626154962583,0.8427077976970986,0.8929334994296872,3.937129663741004e-5,3.93712966299631e-5,1.050073195653917
783711975,0.1,0.8,5.0,0.25,-0.014799363956825006,0.5459338444954887,0.7432264358973578,1.124894189640287e-5,1.1248941894042399e-5,1.0500117412451526
783712089,0.1,0.8,5.0,0.25,0.014726571861143232,0.9986393776240801,0.8236162311728028,0.00013779953823093516,0.00013779953819376508,1.0501028998082516
783712361,0.1,0.8,5.0,0.25,-1.0559463815469023,1.2751122376421693,1.6004142208298593,1.6873412844604303e-5,1.6873412841003075e-5,1.0502024949229545
783712513,0.1,0.8,5.0,0.25,-0.49827955671767976,1.045736852251929,1.239330025155167,2.249788379280574e-5,2.2497883788024492e-5,1.0500373030921477
783712724,0.1,0.8,5.0,0.25,1.4401347748846018,0.20081161211751644,0.2258264871688514,2.924724893064746e-5,2.9247248925126296e-5,1.0500127184475536
783713727,0.1,0.8,5.0,0.25,-0.09300039138033706,0.8329205212411652,0.9132867172718654,3.3184378594388464e-5,3.318437858780769e-5,1.0500435294635144
783714877,0.1,0.8,5.0,0.25,-0.5730106690631119,0.6492122527438973,0.7609223067939423,2.3622777982446025e-5,2.3622777977724745e-5,1.0514238361795147
783714906,0.1,0.8,5.0,0.25,-0.2655438429036397,1.7333530103762238,1.199400571605659,0.00033071889175424437,0.00033071889169233756,1.0505786890672337
783715343,0.1,0.8,5.0,0.25,1.2366323142756765,0.19404221513727485,0.19821034872723498,4.724555596489205e-5,4.724555595631803e-5,1.050256372908231
783715933,0.1,0.8,5.0,0.25,-0.43753879033739784,0.646354431900746,1.010787981172245,5.624470948201435e-6,5.624470947145561e-6,1.0500064002196667
783716303,0.1,0.8,5.0,0.25,-0.20792500492722432,0.5560562295247574,0.8695749158239894,5.624470948201435e-6,5.624470947008919e-6,1.050008927747117
783716661,0.1,0.8,5.0,0.25,-0.5973971080141033,1.9955831574975837,1.60191842762294,0.00015748518654964017,0.00015748518651923873,1.0504590109848504
783716688,0.1,0.8,5.0,0.25,0.26958201823883765,1.2720663848560214,0.8284460377455721,0.0004488327816664745,0.0004488327815810431,1.0500893584555546
783717832,0.1,0.8,5.0,0.25,0.2463953167337433,0.45580874670816635,0.4015131377394597,9.786579449870497e-5,9.786579447751147e-5,1.0528204921214537
783717859,0.1,0.8,5.0,0.25,-0.6638098023036113,2.390580881866745,1.7366080893239815,0.0002598505578069063,0.0002598505577549033,1.0501576774994272
783717867,0.1,0.8,5.0,0.25,-0.47863620326959994,0.8051561667386073,0.8918717230768294,3.1497037309928035e-5,3.1497037302768906e-5,1.0503194501059656
783717955,0.1,0.8,5.0,0.25,0.25544705620540503,0.4921630903794561,0.547284930644363,3.093459021510789e-5,3.0934590209255606e-5,1.050036262159319
783719563,0.1,0.8,5.0,0.25,0.1586938632958139,0.4095431984073567,0.6283641363134043,6.1869180430215785e-6,6.1869180417968705e-6,1.0500042945148627
783720089,0.1,0.8,5.0,0.25,-0.37436467038871696,0.888075836485304,1.1148396538460368,1.6873412844604303e-5,1.687341284172361e-5,1.050013008168224
783720812,0.1,0.8,5.0,0.25,0.05964968427170592,0.6036519735912128,0.7153554445512069,2.249788379280574e-5,2.2497883786662616e-5,1.0501081382672792
783721516,0.1,0.8,5.0,0.25,0.6166788876514311,0.4315910846489065,0.4498475647000647,4.274597920633091e-5,4.274597920694167e-5,1.0500879074054594
783722068,0.1,0.8,5.0,0.25,0.02214364744225008,0.6238776055990308,0.6370512105178506,4.724555596489205e-5,4.724555595712418e-5,1.0506316477401243
783722594,0.1,0.8,5.0,0.25,0.07224009176204722,0.6046984902605578,0.7096042741058876,2.3622777982446025e-5,2.362277798304131e-5,1.0501566529990947
783722607,0.1,0.8,5.0,0.25,0.02232747354859078,0.630310466618578,0.7716439089311279,1.912320122388488e-5,1.9123201219901692e-5,1.050081694253181
78372280x,0.1,0.8,5.0,0.25,1.5683607916746056,0.16724377813235053,0.19821034872723498,2.249788379280574e-5,2.2497883788779504e-5,1.0500087800727314
783722850,0.1,0.8,5.0,0.25,-0.13564882154534472,0.7249480331771929,0.7003479658634038,5.849449786129492e-5,5.8494497849502406e-5,1.0640636836366562
78372299x,0.1,0.8,5.0,0.25,0.12555689817833343,0.5839843073817135,0.6955837229172294,2.1935436697985596e-5,2.1935436693765953e-5,1.0500745418478914
783723079,0.1,0.8,5.0,0.25,-0.29794634313367996,1.0560754994514954,0.9253168985162913,0.00010124047706762583,0.00010124047708571276,1.0513111180092831
783723212,0.1,0.8,5.0,0.25,0.25978308728087024,0.553178935865889,0.5574198269230184,5.0620238533812914e-5,5.0620238524101234e-5,1.0500645694994133
783723837,0.1,0.8,5.0,0.25,-0.3840367291973758,1.3070451108513037,1.1637947025520106,9.392866483496396e-5,9.392866481168033e-5,1.050152066283599
78372432x,0.1,0.8,5.0,0.25,-0.37813494494983724,0.85216948878306,1.0042620967391598,2.3060330887625882e-5,2.3060330882644034e-5,1.050759734509541
783725525,0.1,0.8,5.0,0.25,0.03789315040326762,0.841035998831824,0.9191233685103454,3.374682568920861e-5,3.374682568290305e-5,1.0500060747702178
783725541,0.1,0.8,5.0,0.25,-0.555353026371385,0.7670667790173439,1.0442331566117071,1.124894189640287e-5,1.1248941894365928e-5,1.0500524215311102
783725576,0.1,0.8,5.0,0.25,-0.23883832319174644,0.95402407770442,0.7186488649941668,0.00021260500184201424,0.00021260500179729445,1.054206078880163
783725912,0.1,0.8,5.0,0.25,0.3013095322103747,0.20667456084635386,0.4459358615384147,1.124894189640287e-6,1.124894189433548e-6,1.0500014765574346
783725998,0.1,0.8,5.0,0.25,1.0182601697830447,0.46570340265787763,0.3550510661952159,0.00020191850704043152,0.00020191850699980584,1.0524003523120309
783726229,0.1,0.8,5.0,0.25,0.04348132197604966,0.6365534457529718,0.6139987558886544,6.243162752503592e-5,6.243162751272391e-5,1.0519232908424578
783726405,0.1,0.8,5.0,0.25,-0.017484673791978118,1.4185006602512626,0.9478260610397028,0.0003937129663741004,0.00039371296630084414,1.0506609064813557
783726958,0.1,0.8,5.0,0.25,-0.14452657658953397,1.1236043041531474,0.7930564223402926,0.00029697206606503577,0.00029697206600522337,1.0523587289388041
783727002,0.1,0.8,5.0,0.25,0.18297386022035964,0.266831993690902,0.349935792048272,1.3498730275683443e-5,1.3498730272924257e-5,1.0509657722411951
783727037,0.1,0.8,5.0,0.25,0.29821568529957443,0.9552722520417658,0.7693470556124123,0.0001552353981703596,0.00015523539814153023,1.0500363532424857
783727811,0.1,0.8,5.0,0.25,0.4365088058133967,0.657270324852293,0.6386241705193607,6.074428624057549e-5,6.074428622910521e-5,1.0500142827566221
783728187,0.1,0.8,5.0,0.25,-0.6289547493562556,1.3844381567187445,1.4982500718060412,3.543416697366904e-5,3.543416696645448e-5,1.0500317422943537
783728590,0.1,0.8,5.0,0.25,-0.09868038906468081,0.7915547747998094,0.7873555055287634,5.399492110273377e-5,5.3994921092088505e-5,1.0501156776728708
783728742,0.1,0.8,5.0,0.25,-0.07324345772026336,0.538697752455657,0.6291498366385997,2.418522507726617e-5,2.4185225072134273e-5,1.0502160928476225
783729147,0.1,0.8,5.0,0.25,-0.7066125861332256,1.0117912181674116,1.3513207796534512,1.2373836086043157e-5,1.2373836083543393e-5,1.0500964708954115
783729243,0.1,0.8,5.0,0.25,-0.17493966239534892,1.3378347810537181,1.0341401856142742,0.0001901071180492085,0.00019010711799849104,1.0505603660478864
783730180,0.1,0.8,5.0,0.25,-0.31563740375789984,1.6149558264144979,1.0922491924256474,0.0003700901883916544,0.00037009018832212173,1.050932980186436
783731255,0.1,0.8,5.0,0.25,1.3721951142266122,0.14839885910447367,0.19821034872723498,1.2373836086043157e-5,1.2373836083522961e-5,1.0500282532652356
783732362,0.1,0.8,5.0,0.25,0.142495340443536,0.6193871401021571,0.7883508676998704,1.5748518654964018e-5,1.5748518651842413e-5,1.0500072855893439
783732573,0.1,0.8,5.0,0.25,0.010293272777201027,0.9053438905471564,0.7945842320389476,0.00010011558287798554,0.0001001155828571357,1.0518914298729347
783732581,0.1,0.8,5.0,0.25,-0.14261581312493216,1.016723914250662,1.1111235074906307,3.374682568920861e-5,3.3746825683093585e-5,1.0500058949503637
783732805,0.1,0.8,5.0,0.25,-0.12492378111714175,0.9190751207171958,0.8498633000876904,7.76176990851798e-5,7.761769907138413e-5,1.0505274426406837
783732944,0.1,0.8,5.0,0.25,-0.8487826024262738,2.925602183071529,1.9870912454815348,0.0003633408232538127,0.0003633408231630371,1.050345652937283
783734130,0.1,0.8,5.0,0.25,-0.2659639884234782,0.7244667634169376,0.8175490794870937,2.8684801835827318e-5,2.8684801830337904e-5,1.0504415248426653
783734843,0.1,0.8,5.0,0.25,-0.867315135226131,1.4291683732617568,1.9870912454815348,1.0124047706762582e-5,1.0124047704597676e-5,1.0500074257992895
783735037,0.1,0.8,5.0,0.25,-0.8944571354422571,2.250011262283894,1.9870912454815348,9.786579449870497e-5,9.786579447811078e-5,1.0501185176908527
783735408,0.1,0.8,5.0,0.25,0.08729118784765151,0.9706579179276894,0.911613675280353,7.199322813697837e-5,7.199322812354839e-5,1.0500129629357218
783735571,0.1,0.8,5.0,0.25,-0.4095060747561404,0.9202589348606623,1.1403880625800085,1.7998307034244593e-5,1.7998307031000853e-5,1.0500468322228134
78373558x,0.1,0.8,5.0,0.25,-0.4839668084953317,0.8844886439829841,1.2165443613265154,1.0686494801582727e-5,1.0686494799671124e-5,1.0500134824996186
783735635,0.1,0.8,5.0,0.25,-0.46001444199855895,1.720126397344672,1.5844955140517796,7.930504036964023e-5,7.930504035506087e-5,1.0500423341416465
783736531,0.1,0.8,5.0,0.25,0.7121862684876138,0.45470405347289794,0.45384251594759134,5.2870026913093485e-5,5.287002690233388e-5,1.050943483020995
783737462,0.1,0.8,5.0,0.25,-0.36158488538581424,0.9293703555510985,0.9711492048472412,4.2183532111510764e-5,4.218353210731757e-5,1.050199696568396
783738297,0.1,0.8,5.0,0.25,0.096077993973169,0.3636133387900686,0.5945811487178863,4.499576758561148e-6,4.499576757781555e-6,1.0500064283851336
783738422,0.1,0.8,5.0,0.25,-0.07261584347524938,0.5785582146122508,0.6777516923161162,2.3622777982446025e-5,2.3622777976078035e-5,1.0519809613488342
783738975,0.1,0.8,5.0,0.25,0.12420333447103309,0.8413934393827855,0.7627850225852043,8.549195841266181e-5,8.54919583965016e-5,1.0510164932219384
783740717,0.1,0.8,5.0,0.25,0.1957702948029485,0.33869119598032316,0.4707100878815927,1.0124047706762582e-5,1.0124047706435158e-5,1.050454353493656
783741525,0.1,0.8,5.0,0.25,-0.32778852294239486,1.0448267760157641,0.9042588539683175,0.00010798984220546754,0.00010798984218372277,1.0506850742670648
78374155x,0.1,0.8,5.0,0.25,-0.17693359583205343,0.5266980478350561,0.6589941159462701,1.6873412844604303e-5,1.6873412841147792e-5,1.0535064658681097
78374163x,0.1,0.8,5.0,0.25,-0.7282510068106278,2.166738796907881,1.7429598934685075,0.00015579784526517973,0.0001557978452332375,1.0505204151091732
783743221,0.1,0.8,5.0,0.25,0.255757232002994,0.43801586011549726,0.500129444009331,2.6997460551366886e-5,2.699746054988516e-5,1.050849325465624
783743352,0.1,0.8,5.0,0.25,-0.5208234263090792,1.6910604253110795,1.3973885480033728,0.00013611219694647473,0.00013611219690923938,1.0506550632089617
783744056,0.1,0.8,5.0,0.25,0.05796681716569623,0.7942403887432924,0.7884330171520041,5.455736819755392e-5,5.4557368187294536e-5,1.0500599701385687
783744216,0.1,0.8,5.0,0.25,0.2561958429083946,0.8564219307111024,0.7781728411868549,8.492951131784166e-5,8.492951130155014e-5,1.0500200826773738
783744267,0.1,0.8,5.0,0.25,-0.3662285764765346,1.2624754851258189,1.1989900369837798,6.805609847323736e-5,6.805609845957651e-5,1.0501022519916776
783744961,0.1,0.8,5.0,0.25,-0.7770069554037826,0.4353005635537314,0.8175490794870937,2.249788379280574e-6,2.249788378837313e-6,1.0501339081812728
783745323,0.1,0.8,5.0,0.25,1.1482007816344324,0.1484121574121697,0.19821034872723498,1.2373836086043157e-5,1.2373836083444162e-5,1.0501223483215194
783745753,0.1,0.8,5.0,0.25,0.37796540430086134,1.121375759758292,0.7410227892478017,0.00041733574435654647,0.0004173357442764706,1.0500744778471522
78374585x,0.1,0.8,5.0,0.25,0.08515624580207483,1.0920117672973557,0.8827878648921895,0.00015186071560143873,0.00015186071556830556,1.0507018463267335
783746326,0.1,0.8,5.0,0.25,0.4109539480488906,0.7725062054232079,0.6381919467410078,0.00013611219694647473,0.00013611219691749286,1.0509180915958085
783746369,0.1,0.8,5.0,0.25,-0.425372250791699,1.0688406062080944,1.2066499949579683,2.8684801835827318e-5,2.8684801828213684e-5,1.0500231608239905
783748313,0.1,0.8,5.0,0.25,-1.0659845973701867,1.0578909895701676,1.9870912454815348,2.249788379280574e-6,2.2497883788295163e-6,1.0500074836602629
787550486,0.1,0.8,5.0,0.25,1.1333270957410646,0.19263983006287239,0.2858563133205688,7.311812232661865e-6,7.3118122313176696e-6,1.0500039001500785
787550515,0.1,0.8,5.0,0.25,0.9917967312595739,0.2055065110555926,0.2675615098350892,1.4061177370503587e-5,1.4061177366678876e-5,1.0500143418118464
787550881,0.1,0.8,5.0,0.25,-0.5475885907284065,2.4260583499465054,1.590369589717116,0.0004336467101063306,0.0004336467100013565,1.0504456530211008
787551948,0.1,0.8,5.0,0.25,-0.3524208588167957,1.2833235270806074,1.1902552608110106,7.649280489553951e-5,7.649280487939757e-5,1.0504358842977086
787552633,0.1,0.8,5.0,0.25,0.5376925621472689,0.8566976092250502,0.6302834849021249,0.00024353959205712213,0.00024353959201113274,1.0504498722624178
787552828,0.1,0.8,5.0,0.25,-0.04386165055205755,0.8694868835411299,0.8761813903580895,5.0620238533812914e-5,5.06202385245815e-5,1.050030206808358
787553660,0.1,0.8,5.0,0.25,-0.2105036477207311,1.1965776173870037,1.1781242887806194,5.680715657683449e-5,5.680715656718556e-5,1.0501873312759025
787553708,0.1,0.8,5.0,0.25,-0.1582594183975125,1.1113133895736096,1.1553793098402545,4.330842630115105e-5,4.330842629344148e-5,1.0500140260195971
787554129,0.1,0.8,5.0,0.25,-0.21631494669706175,1.1555430667548408,1.0272450893639635,9.44911119297841e-5,9.44911119448571e-5,1.050585712945639
78755425x,0.1,0.8,5.0,0.25,0.20690128894680443,0.7055332631319543,0.7519702846584557,3.824640244776976e-5,3.824640243978207e-5,1.0500169669954647
787554671,0.1,0.8,5.0,0.25,-0.8845171144631134,2.372119196997576,1.981183097994249,0.000129362831808633,0.0001293628317764313,1.050140991733566
787554823,0.1,0.8,5.0,0.25,0.3856738563108061,0.39872047462031524,0.5233552701311234,1.3498730275683443e-5,1.3498730273137365e-5,1.050052400240516
787554831,0.1,0.8,5.0,0.25,0.1644811235014793,0.7711475418678726,0.6997085610250104,8.549195841266181e-5,8.549195839000927e-5,1.0501053181566231
78755484x,0.1,0.8,5.0,0.25,-1.0137804642909947,1.3959000376643105,1.9870912454815348,8.999153517122296e-6,8.999153515228551e-6,1.0500108747717167
787556458,0.1,0.8,5.0,0.25,0.027494672577544645,0.5516564716833281,0.7303007618330384,1.29362831808633e-5,1.293628317735031e-5,1.0500323543666719
787558015,0.1,0.8,5.0,0.25,0.5558848287522498,0.8295628187425054,0.5944307067746993,0.00027784886484115087,0.00027784886478325626,1.0504706855778345
787558410,0.1,0.8,5.0,0.25,0.13494284200596343,0.5387675212045543,0.6763360850184341,1.6873412844604303e-5,1.6873412840206295e-5,1.0500159143258958
787558736,0.1,0.8,5.0,0.25,0.3085629468211096,0.9760456438534644,0.7402214954114161,0.00020866787217827323,0.00020866787213844312,1.0510295769458737
787558912,0.1,0.8,5.0,0.25,-0.7391662619592765,1.2112587649401452,1.301217977644285,3.655906116330933e-5,3.655906115575564e-5,1.0512003361049858
787559210,0.1,0.8,5.0,0.25,1.3891679813043352,0.19447183316451255,0.19821034872723498,4.780800305971219e-5,4.780800304728829e-5,1.0500932862515142
787559958,0.1,0.8,5.0,0.25,1.5760119078047543,0.1911424952920383,0.19821034872723498,4.387087339597119e-5,4.387087338717353e-5,1.0500096481314105
787560481,0.1,0.8,5.0,0.25,-0.25602720849954475,0.44883956400950337,0.7339361054486409,4.499576758561148e-6,4.499576757746126e-6,1.0500166023110722
787561273,0.1,0.8,5.0,0.25,0.1445994363279824,0.7858988769153463,0.8235752627661305,4.162108501669062e-5,4.162108500868836e-5,1.0500217987741611
787561388,0.1,0.8,5.0,0.25,-0.08548941177200357,0.7535137032996589,0.922475193740672,1.912320122388488e-5,1.9123201224446255e-5,1.050078966511251
787561580,0.1,0.8,5.0,0.25,-0.6659799702158552,1.4209767593012625,1.563338379828152,3.262193149956832e-5,3.2621931492732616e-5,1.0500976119336551
787561716,0.1,0.8,5.0,0.25,-0.3031123336597039,1.4706523983824231,1.2031525121572062,0.00014342400917913658,0.0001434240091520885,1.0501772400360927
787561732,0.1,0.8,5.0,0.25,-0.7343922690912866,1.790510281191574,1.7596978266208414,5.7369603671654635e-5,5.736960366074493e-5,1.0500258035555787
787562671,0.1,0.8,5.0,0.25,-0.12463058277243252,0.8940741188770026,0.929515664043033,4.330842630115105e-5,4.330842629283691e-5,1.0500257513474973
787562778,0.1,0.8,5.0,0.25,-0.06020201945296856,1.0946293276832646,0.8918717230768294,0.0001462362446532373,0.0001462362446142349,1.0503917448319355
787563455,0.1,0.8,5.0,0.25,-0.2191519835446804,0.9994101996067386,0.8486092982696155,0.00011305186605884883,0.0001130518660283737,1.0611531421836247
787563623,0.1,0.8,5.0,0.25,1.0609980364859917,0.2849317781058186,0.27427028134657655,6.355652171467621e-5,6.355652169725427e-5,1.0503347449453413
787564597,0.1,0.8,5.0,0.25,-0.20487417956757356,1.073529065958875,0.8596035033342437,0.0001580476336444603,0.00015804763361839316,1.0523389648731603
78756460x,0.1,0.8,5.0,0.25,-0.9983399815977032,1.3413283303877597,1.3501946446271358,5.0620238533812914e-5,5.0620238522641525e-5,1.0511664692857703
787564773,0.1,0.8,5.0,0.25,-0.724748035078716,1.7494141380112505,1.4732774889125646,0.00012373836086043157,0.00012373836083502077,1.0507631343470585
78756479x,0.1,0.8,5.0,0.25,-0.2866630504598213,0.7739796753986871,1.0337604127371973,1.2373836086043157e-5,1.2373836083522135e-5,1.050041364382751
787565290,0.1,0.8,5.0,0.25,-0.008868542140225515,0.8930373665089995,0.8553510819530885,6.524386299913664e-5,6.524386298710165e-5,1.0500619185331985
787565602,0.1,0.8,5.0,0.25,0.5077963119206765,0.3708364502043838,0.4439800099575897,2.1372989603165453e-5,2.1372989597896722e-5,1.050131204845226
787565610,0.1,0.8,5.0,0.25,-0.3158314875413093,1.422489197395617,1.1680546371703755,0.00014061177370503587,0.0001406117736772158,1.0504589892983969
787565725,0.1,0.8,5.0,0.25,-0.8421236914275584,1.852561479393266,1.8463309802584444,5.343247400791363e-5,5.343247399818675e-5,1.0502667970892396
78756639x,0.1,0.8,5.0,0.25,1.1748768186110814,0.16725997935475476,0.19821034872723498,2.249788379280574e-5,2.2497883788706777e-5,1.0501104964180317
787566840,0.1,0.8,5.0,0.25,-0.5235459796269305,1.6088582555555277,0.8791896621850582,0.000850420007368057,0.0008504200072157114,1.1013012617872584
787567595,0.1,0.8,5.0,0.25,-0.1926042641055305,0.6986580189367008,0.8892173530742812,1.5748518654964018e-5,1.5748518652030678e-5,1.0500413387337462
787567624,0.1,0.8,5.0,0.25,-0.5087636718843547,0.8276107750654647,1.1383099436955333,1.0686494801582727e-5,1.0686494799750538e-5,1.0500166145805145
787567907,0.1,0.8,5.0,0.25,0.2861540930297065,1.3359141061199808,0.8564758702670738,0.00048539184282978383,0.0004853918427443529,1.0501287028614377
787568539,0.1,0.8,5.0,0.25,0.539752739400589,0.5761328734244863,0.5498615811695475,6.636875718877693e-5,6.636875717439004e-5,1.0502051961620293
787568926,0.1,0.8,5.0,0.25,-0.6704411999604588,1.8025814931716175,1.6068913401006772,9.336621774014381e-5,9.336621772243212e-5,1.0501904498486512
787569013,0.1,0.8,5.0,0.25,-0.24252993315479157,0.9026911047551874,1.007484708465397,3.0372143120287746e-5,3.037214311422982e-5,1.0500336871009668
787569101,0.1,0.8,5.0,0.25,0.3601025676233806,0.3631090710887756,0.5308760205781415,7.874259327482009e-6,7.874259325875236e-6,1.0500250669442808
787569638,0.1,0.8,5.0,0.25,0.45777257668560106,0.5752468159041801,0.5269219314178928,8.15548287489208e-5,8.155482873280836e-5,1.0500636686449338
787570399,0.1,0.8,5.0,0.25,-0.3302346086695676,0.8911331006645798,1.0458257502613975,2.3622777982446025e-5,2.3622777976092715e-5,1.0500613445525309
787570663,0.1,0.8,5.0,0.25,-0.43680017938079807,0.6606119212514273,1.033084717545489,5.624470948201435e-6,5.624470947211304e-6,1.0500059355580063
787570989,0.1,0.8,5.0,0.25,0.35486414441735403,0.2868667866911726,0.5388391660255845,2.249788379280574e-6,2.2497883787989126e-6,1.0500026610699271
787571199,0.1,0.8,5.0,0.25,-0.2789018218198762,0.7379943958166825,0.8580887354813115,2.4747672172086314e-5,2.474767216756715e-5,1.0500539484287088
787571244,0.1,0.8,5.0,0.25,-0.904705376871729,2.2228782176112145,1.9454565209880692,0.00010236537125726611,0.00010236537123557229,1.050173724291459
787572159,0.1,0.8,5.0,0.25,0.4280391907965087,0.671425772409066,0.6511754585559234,6.130673333539564e-5,6.130673332434717e-5,1.050016123387841
787572183,0.1,0.8,5.0,0.25,-0.9550901640266973,1.4233231724482203,1.1396138447494166,0.0001552353981703596,0.00015523539814380228,1.0561978312822786
787572538,0.1,0.8,5.0,0.25,-0.6194013553993185,1.5340853641826453,1.625542455316852,3.937129663741004e-5,3.937129662891671e-5,1.0500570290417364
787573581,0.1,0.8,5.0,0.25,-0.14185836456625195,0.6860357894521063,0.7547592550144137,3.262193149956832e-5,3.2621931493993875e-5,1.0501081074083856
787574250,0.1,0.8,5.0,0.25,0.023056580998057002,0.9539146986225848,0.8236787469767561,0.00010911473639510784,0.0001091147363752301,1.0509271674815135
787575165,0.1,0.8,5.0,0.25,-0.2056015410895609,0.4857987428363375,0.5845375453592897,2.081054250834531e-5,2.0810542503752606e-5,1.0504730495328636
787575173,0.1,0.8,5.0,0.25,-0.4270854081590999,0.9535153707383636,1.1891622974357725,1.7435859939424446e-5,1.7435859936527597e-5,1.0500150228807872
787575376,0.1,0.8,5.0,0.25,-0.7750399790628328,0.6004932622571734,0.7865812876981716,1.3498730275683443e-5,1.3498730273175729e-5,1.0522127608296743
787575675,0.1,0.8,5.0,0.25,0.27309065105177843,0.5539601490119974,0.5957245783657035,3.655906116330933e-5,3.655906116300241e-5,1.050102320212695
787575886,0.1,0.8,5.0,0.25,-0.4023953169750095,1.8186274764584427,1.4914667526791254,0.00014173666789467617,0.000141736667866176,1.0501016672729362
787575915,0.1,0.8,5.0,0.25,-0.22614084189200753,0.7443033565332431,0.9220652970351596,1.7998307034244593e-5,1.799830702944637e-5,1.0503634215471214
787576803,0.1,0.8,5.0,0.25,-0.7630135130329474,1.0679705410312528,1.610323897191211,6.749365137841721e-6,6.7493651365883e-6,1.0500042832672196
787577726,0.1,0.8,5.0,0.25,0.7545557957098161,0.3029951681279826,0.41249068609895284,1.124894189640287e-5,1.1248941894036451e-5,1.0500182355907577
787578833,0.1,0.8,5.0,0.25,-0.35124752473379567,2.5084984465939524,1.5629438639950406,0.0005590724122512226,0.0005590724121441259,1.0504477720324679
787578913,0.1,0.8,5.0,0.25,0.9252870956596931,0.2877949437000001,0.3663044425037843,1.5748518654964018e-5,1.5748518652004762e-5,1.0500032710156106
787579449,0.1,0.8,5.0,0.25,-0.06694654841306981,0.9973457821551058,0.9528544013617615,6.580631009395679e-5,6.580631008007028e-5,1.050904672945359
787579553,0.1,0.8,5.0,0.25,-0.20557648499404846,0.5802235452096322,0.7329750490021523,1.631096574978416e-5,1.6310965746414094e-5,1.050528507517735
787580271,0.1,0.8,5.0,0.25,-1.0607425141704458,1.4011962524207775,1.6092468108455484,2.58725663617266e-5,2.5872566356432132e-5,1.0536734285456055
787580335,0.1,0.8,5.0,0.25,0.11577118189518117,0.6347687016305978,0.7194432126301132,2.8122354741007175e-5,2.8122354736300304e-5,1.0500410290605873
787580343,0.1,0.8,5.0,0.25,0.5122375340934887,0.2984771307883354,0.3716132179486789,1.7435859939424446e-5,1.7435859936033858e-5,1.0517895557721477
787580431,0.1,0.8,5.0,0.25,0.10531693043381443,0.9279385494474672,0.7098230085401278,0.00020023116575597108,0.00020023116571995085,1.050655720167824
787580503,0.1,0.8,5.0,0.25,0.48393911687497637,0.4849266850987517,0.41294385479801804,0.00011530165443812942,0.00011530165444344408,1.053939274023606
787580749,0.1,0.8,5.0,0.25,-0.20526212615590333,0.8664106905892532,0.9859126450849183,2.7559907646187032e-5,2.7559907640953283e-5,1.0500922036999778
787581418,0.1,0.8,5.0,0.25,0.7344456989288591,0.3086043105464996,0.4121528385030986,1.2373836086043157e-5,1.237383608352264e-5,1.0501236542045898
787581434,0.1,0.8,5.0,0.25,0.4300574976545476,0.7928572478150908,0.6594157786647715,0.00013217506728273372,0.00013217506725720068,1.0500340390367686
787581688,0.1,0.8,5.0,0.25,0.5303332074027216,0.44291317395995733,0.46929440970431435,3.937129663741004e-5,3.937129662677244e-5,1.0501102407350074
78758204x,0.1,0.8,5.0,0.25,-0.44871628714734824,0.6551693866030895,0.8918717230768294,1.124894189640287e-5,1.1248941894031501e-5,1.0500899137841828
787582234,0.1,0.8,5.0,0.25,0.6229750247238606,0.631518819239681,0.524352546051331,0.00013273751437755386,0.0001327375143513274,1.0509009869181751
787582437,0.1,0.8,5.0,0.25,-0.29093983850761274,0.9736513458753936,1.071271241821514,3.262193149956832e-5,3.262193149433165e-5,1.0500251658103439
787582453,0.1,0.8,5.0,0.25,-0.8491622093123878,2.010359209532146,1.5925925156168708,0.0001681716813512229,0.00016817168131848213,1.0505483384922245
787583018,0.1,0.8,5.0,0.25,-0.8945461620005826,0.9292508698988774,1.4256434232431872,6.1869180430215785e-6,6.186918041854167e-6,1.0500858561396522
787583886,0.1,0.8,5.0,0.25,-0.7334788473608371,2.654892914147881,1.9870912454815348,0.0002238539437384171,0.0002238539436998192,1.0501077617403693
787584985,0.1,0.8,5.0,0.25,0.1997282224206754,0.5565247123772727,0.7367635634254,1.29362831808633e-5,1.2936283178268394e-5,1.0500066062208484
787586075,0.1,0.8,5.0,0.25,0.3784461999616607,0.5808942958970508,0.5621494451863909,6.186918043021579e-5,6.186918041852127e-5,1.0503839403750073
787586315,0.1,0.8,5.0,0.25,-0.21128544339169603,0.9408594577983632,1.0181022593551863,3.543416697366904e-5,3.54341669664934e-5,1.0501383731866418
787587430,0.1,0.8,5.0,0.25,0.5676751464573193,0.6038093667280869,0.5568889387465895,7.874259327482009e-5,7.874259325889183e-5,1.050236073811103
787587502,0.1,0.8,5.0,0.25,0.4824318919287154,0.7467983561269758,0.5847028365779054,0.00017773328196316534,0.00017773328192606684,1.0512645521608701
787592205,0.1,0.8,5.0,0.25,0.5195115163334987,0.596574347433463,0.4956942241492692,0.00013273751437755386,0.00013273751434980175,1.0501458012702716
787592264,0.1,0.8,5.0,0.25,-0.21462204768847468,0.6983663523047303,0.9166459139802092,1.3498730275683443e-5,1.3498730272080005e-5,1.050076008210463
787592774,0.1,0.8,5.0,0.25,-0.18551456058463003,0.4931163907027678,0.8281666303768829,3.9371296637410044e-6,3.937129662958613e-6,1.0500098847189674
787593101,0.1,0.8,5.0,0.25,-0.8138950555893125,1.7382806956321306,1.6478913590729867,6.86185455680575e-5,6.861854555050351e-5,1.050269247118146
787594040,0.1,0.8,5.0,0.25,-0.17958765930932424,1.7909793430411582,1.0473862354539554,0.0007424301651625894,0.0007424301649736176,1.0574265557701816
787594403,0.1,0.8,5.0,0.25,0.09836515682934921,0.9980754411925827,0.9045016874653062,8.605440550748195e-5,8.605440549079147e-5,1.0500185858242526
787596206,0.1,0.8,5.0,0.25,0.8876423986501658,0.32416803093367524,0.3804611533969712,2.3622777982446025e-5,2.3622777977811728e-5,1.050004811863118
787596644,0.1,0.8,5.0,0.25,0.10577374984007293,0.6570476370684755,0.8044333063454467,1.912320122388488e-5,1.9123201219903942e-5,1.050007292471284
787597313,0.1,0.8,5.0,0.25,0.12302629048737897,0.6959038722463632,0.8423232703904735,2.0248095413525164e-5,2.024809540970563e-5,1.0500046892235013
787597479,0.1,0.8,5.0,0.25,-0.7555451177682115,1.5108646283593619,1.143765191826221,0.0002081054250834531,0.0002081054250360764,1.0534880605978227
787597970,0.1,0.8,5.0,0.25,0.5585276206167797,0.5651048215265991,0.5645358194352572,5.2870026913093485e-5,5.2870026903237586e-5,1.0500094887778348
78759805x,0.1,0.8,5.0,0.25,-0.06391586961777626,1.0601268291014962,0.8427657008306964,0.00015748518654964017,0.00015748518651731224,1.0607197410641156
787598156,0.1,0.8,5.0,0.25,-0.046614022544245154,0.7332357653807344,0.6860551661452845,7.311812232661866e-5,7.311812231165149e-5,1.0506963308720592
78759864x,0.1,0.8,5.0,0.25,-0.555923606519824,0.7692730936859697,1.0369778502529032,1.1811388991223012e-5,1.1811388989081381e-5,1.0501431123972886
787598770,0.1,0.8,5.0,0.25,1.6448984839192247,0.22068383583903578,0.19821034872723498,8.999153517122296e-5,8.999153515489635e-5,1.0500294661023524
78759952x,0.1,0.8,5.0,0.25,0.11756080312124315,0.9178717544405098,0.8689102778493066,6.918099266287765e-5,6.918099264975345e-5,1.050043603133904
787599554,0.1,0.8,5.0,0.25,0.27222059418837713,0.49420961436330896,0.5772968047575295,2.418522507726617e-5,2.418522507270352e-5,1.0500249765605978
787599650,0.1,0.8,5.0,0.25,0.27110749825415736,0.7599890653651346,0.671051869353664,9.730334740388482e-5,9.730334738250813e-5,1.051533994073809
787599685,0.1,0.8,5.0,0.25,-1.44314336008703,1.5617270499368965,1.9870912454815348,1.5748518654964018e-5,1.5748518651488506e-5,1.0503571614866698
787599749,0.1,0.8,5.0,0.25,0.3429541383144055,0.8306175834081049,0.636838855247279,0.0001968564831870502,0.00019685648318053348,1.0518147169233218
790800642,0.1,0.8,5.0,0.25,-0.5845121509667732,1.3294382404824319,1.4341947630206826,3.5996614068489185e-5,3.599661406111407e-5,1.0500387450238635
790800650,0.1,0.8,5.0,0.25,0.14213349477577447,1.707214201705275,0.9765196809807314,0.0008582942666955389,0.0008582942665302666,1.0502130053558514
790800757,0.1,0.8,5.0,0.25,-0.3823447086020908,1.5424525101927788,1.3065503914345518,0.0001203636782915107,0.0001203636782826352,1.050471240979502
790801514,0.1,0.8,5.0,0.25,0.03833028814671441,1.135886243378712,0.9786443677599882,0.00011080207767956826,0.00011080207765829052,1.0500209837978483
79080183x,0.1,0.8,5.0,0.25,1.4157612451548325,0.1599463671565377,0.19821034872723498,1.7998307034244593e-5,1.7998307031135287e-5,1.0500242853686317
790802402,0.1,0.8,5.0,0.25,0.7343403100328914,0.35522716642535945,0.4459358615384147,1.6873412844604303e-5,1.687341284143201e-5,1.050003643491846
790803106,0.1,0.8,5.0,0.25,-0.9674280908168855,1.155865502320664,1.7151379508030093,7.311812232661865e-6,7.311812231061459e-6,1.0500279502100842
790803501,0.1,0.8,5.0,0.25,-0.02930392808309993,0.6199823794642058,0.7242136929807635,2.418522507726617e-5,2.4185225072879896e-5,1.0500263752081664
790804280,0.1,0.8,5.0,0.25,0.44306970114195077,1.1800386098511093,0.7066179040741815,0.0006805609847323736,0.0006805609846195763,1.0508380515723896
790804299,0.1,0.8,5.0,0.25,-0.20278887242606367,1.9317080710579715,1.2969518765010402,0.00038471381285697814,0.0003847138127906943,1.0504797784583844
790804408,0.1,0.8,5.0,0.25,1.6381340197478835,0.20834209509933735,0.19821034872723498,6.749365137841721e-5,6.749365136703666e-5,1.0500155648430363
790804424,0.1,0.8,5.0,0.25,-0.09202629993652138,0.7675666635936307,0.8808023856401032,2.6435013456546743e-5,2.6435013451382325e-5,1.0500242648299212
790805099,0.1,0.8,5.0,0.25,0.15642498732750537,0.6914761021608286,0.8040358844488864,2.4747672172086314e-5,2.4747672167340022e-5,1.0500077209545269
790805128,0.1,0.8,5.0,0.25,-0.3841586528409902,0.9134027950497446,0.6928087158417463,0.00019235690642848907,0.00019235690639118707,1.0681323214187937
790805224,0.1,0.8,5.0,0.25,-0.8622801010080492,1.7399712748201792,1.8229134957082056,4.162108501669062e-5,4.16210850061547e-5,1.0502941801409313
790805275,0.1,0.8,5.0,0.25,0.07925940961808171,0.45787908054503595,0.6114726779554434,1.2373836086043157e-5,1.2373836082642059e-5,1.0501963243599346
790806235,0.1,0.8,5.0,0.25,0.23781821046480042,1.9620641154714826,0.8790780268208559,0.0028786042312894944,0.0028786042306727126,1.0525603316166856
790806737,0.1,0.8,5.0,0.25,-0.4852690129187186,1.4373321254067413,1.275289087237273,9.561600611942439e-5,9.56160060932235e-5,1.0501225617811358
790806761,0.1,0.8,5.0,0.25,1.5255420194303597,0.15459965743275983,0.19821034872723498,1.5186071560143873e-5,1.5186071557201254e-5,1.0500034677056405
790806833,0.1,0.8,5.0,0.25,-0.37388796990654444,1.4469758316008676,1.2705435565045269,0.00010067802997280568,0.00010067802995239316,1.0502251098066084
790807094,0.1,0.8,5.0,0.25,-0.4801750631711113,1.6507112773472516,1.342913750734061,0.00014736113884287758,0.00014736113880711973,1.0503741468585082
790807828,0.1,0.8,5.0,0.25,-0.6763939926479627,1.103584257688271,0.9236277668564145,0.00012373836086043157,0.00012373836083470893,1.0573171206450145
79080888x,0.1,0.8,5.0,0.25,-1.0586976759994733,1.8665751125501726,1.9870912454815348,3.824640244776976e-5,3.8246402440293566e-5,1.0512527938575693
790809356,0.1,0.8,5.0,0.25,-1.2779364571410565,1.2153763942867848,1.9870912454815348,4.499576758561148e-6,4.4995767576795995e-6,1.0501619390935932
790809364,0.1,0.8,5.0,0.25,-0.2993042879501226,1.2605893712048502,1.1118667509376312,9.84282415935251e-5,9.842824156904371e-5,1.0502545518353137
790810373,0.1,0.8,5.0,0.25,-1.0993548853793738,2.1764197571887594,1.604586760905963,0.0002137298960316545,0.00021372989597257628,1.07597955766168
790810744,0.1,0.8,5.0,0.25,-0.09707198244397139,0.835769992367321,1.011613728469361,2.0248095413525164e-5,2.024809540944575e-5,1.0500085707500983
790810998,0.1,0.8,5.0,0.25,-0.24962725146016193,1.1726098327825871,1.0976882800083745,7.311812232661866e-5,7.311812231309078e-5,1.050188161761793
790811093,0.1,0.8,5.0,0.25,-1.064405923546089,1.4046799525078195,1.9530339751121426,1.0124047706762582e-5,1.0124047704850265e-5,1.0500122586907934
790811106,0.1,0.8,5.0,0.25,-0.13469723111308599,0.9230756475030649,0.9238384210166743,5.230757981827334e-5,5.230757980576739e-5,1.0503304796843618
790812408,0.1,0.8,5.0,0.25,-0.16965262998947636,1.4269479439969484,0.9949943768816686,0.00031497037309928034,0.0003149703730320429,1.0527643813202676
790812619,0.1,0.8,5.0,0.25,-0.7222643338384235,2.0139361168483476,1.9870912454815348,5.624470948201435e-5,5.624470947080959e-5,1.0500480310967804
790812897,0.1,0.8,5.0,0.25,-0.8592671543960382,2.2172101557231914,1.9041461911430755,0.0001124894189640287,0.00011248941893986033,1.0502238006165359
790813400,0.1,0.8,5.0,0.25,0.3675193562916612,0.4456183659530385,0.4868133296886886,3.374682568920861e-5,3.3746825683954516e-5,1.0503926033622486
790813996,0.1,0.8,5.0,0.25,-0.7821105373382072,0.7122353127478875,1.3378075846152442,2.249788379280574e-6,2.249788378792544e-6,1.0500237800690646
790814008,0.1,0.8,5.0,0.25,-0.5192620877848139,1.6891690594467008,1.3555562608110863,0.00015073582141179846,0.00015073582138066418,1.060009839001631
790814649,0.1,0.8,5.0,0.25,-1.0103881211472256,1.2061928685209302,1.4434239952573729,2.1372989603165453e-5,2.137299011364627e-5,1.0506241971076324
790814884,0.1,0.8,5.0,0.25,-0.02041408846819291,0.8277271976504554,0.8322502874392027,5.118268562863306e-5,5.118268562025709e-5,1.0500410506178701
79081522x,0.1,0.8,5.0,0.25,-0.19633744833532923,0.6579250290743339,0.6887929614327001,3.9933743732230185e-5,3.993374372371324e-5,1.0597839123789439
790815326,0.1,0.8,5.0,0.25,0.8169741287216008,0.30031771236499566,0.38223073339867003,1.5748518654964018e-5,1.5748518651516106e-5,1.0500380134181462
79081573x,0.1,0.8,5.0,0.25,-0.42826962324943396,0.7789444746762154,0.8509942549265554,3.374682568920861e-5,3.374682568153806e-5,1.0503424242384762
790816521,0.1,0.8,5.0,0.25,-0.7862250396159337,1.0922418991993283,1.1891622974357725,3.374682568920861e-5,3.3746825681145036e-5,1.053971179673122
790817620,0.1,0.8,5.0,0.25,1.3838850459814742,0.1483966509895659,0.19821034872723498,1.2373836086043157e-5,1.2373836083661788e-5,1.0500126292678325
790818068,0.1,0.8,5.0,0.25,1.1366508255990653,0.19700381458330016,0.21251630901440074,3.5996614068489185e-5,3.599661406198513e-5,1.0500927517117735
790818658,0.1,0.8,5.0,0.25,1.314882024281405,0.19021239083943056,0.23422894435427907,1.8560754129064736e-5,1.8560754125330286e-5,1.0502114281689232
790818869,0.1,0.8,5.0,0.25,0.2913109739964045,0.848186896478707,0.7618070967947917,8.999153517122296e-5,8.999153515511823e-5,1.0500351388021993
790819204,0.1,0.8,5.0,0.25,1.1023989981861504,0.2518397576763302,0.31407309077736173,1.7435859939424446e-5,1.7435859936131846e-5,1.050031941131467
790819685,0.1,0.8,5.0,0.25,0.077740132695112,0.5919160156209915,0.5115146563670526,0.00010517760673136683,0.00010517760670992167,1.0578277901752784
790820483,0.1,0.8,5.0,0.25,-0.6038045187515575,2.336223591072899,1.643036815521102,0.0003054087724873379,0.00030540877240575385,1.0502396951138
790820774,0.1,0.8,5.0,0.25,-0.3636784476948322,1.2611233739641532,1.1499922478812257,8.324217003338124e-5,8.324217001050586e-5,1.050489228947076
790821582,0.1,0.8,5.0,0.25,0.15179146591092257,0.3561102165417737,0.6689037923076221,2.249788379280574e-6,2.249788378800705e-6,1.0500018434960536
790822809,0.1,0.8,5.0,0.25,0.1264268123100018,0.5680379100059187,0.6573424795928461,2.5310119266906457e-5,2.531011926154815e-5,1.0503266958046442
790822825,0.1,0.8,5.0,0.25,0.13235364738974392,1.0389563084522966,0.8787964221846807,0.00012148857248115099,0.00012148857245731765,1.0500247565949923
790824943,0.1,0.8,5.0,0.25,-0.463707042049046,1.9689889797508846,1.338757371205918,0.0003520918813574098,0.00035209188134031764,1.0558636244452524
790825073,0.1,0.8,5.0,0.25,0.02610015255916997,1.3849093918493687,0.9215799135595675,0.0004010247786067623,0.0004010247785311089,1.0511186421521015
790825225,0.1,0.8,5.0,0.25,-0.46093954433596485,0.5592169532201993,0.8175490794870937,7.874259327482009e-6,7.874259325692205e-6,1.0500794816700725
790825305,0.1,0.8,5.0,0.25,-0.5760538524653344,1.4141939216436739,1.0724556398760037,0.0002081054250834531,0.0002081054250362521,1.0516484075908876
790825399,0.1,0.8,5.0,0.25,0.14424287059327937,0.5974022851766624,0.6193553396212661,4.387087339597119e-5,4.38708733838537e-5,1.0502419404197134
790825778,0.1,0.8,5.0,0.25,0.39169990213094547,0.4025473925443566,0.6069682796093744,6.749365137841721e-6,6.749365136568082e-6,1.0500163411862091
79082592x,0.1,0.8,5.0,0.25,0.42884099425197375,0.8924564014385192,0.6910236132084536,0.0001889822238595682,0.00018898222382961665,1.050044126520166
790826404,0.1,0.8,5.0,0.25,0.3157302044721486,0.35831199110076334,0.5316927661665248,7.311812232661865e-6,7.311812231407023e-6,1.05000944283092
79082656x,0.1,0.8,5.0,0.25,-0.086197172102759,1.2763786874447234,1.100809392152683,0.00011023963058474813,0.00011023963056358483,1.050019798258697
790826703,0.1,0.8,5.0,0.25,1.624673313879517,0.21928419833651608,0.19821034872723498,8.717929969712224e-5,8.717929968090337e-5,1.0500160965017429
79082672x,0.1,0.8,5.0,0.25,0.45517774456595933,0.47604234199189704,0.5899359834935278,1.7998307034244593e-5,1.7998307030863217e-5,1.0500064938090123
790826834,0.1,0.8,5.0,0.25,-0.05178155324336854,1.3198407467673574,0.891407178202555,0.0003599661406848918,0.00035996614058645364,1.05825589102146
790827351,0.1,0.8,5.0,0.25,0.2327733789444298,1.4285048758640244,0.8822955352161581,0.0005849449786129493,0.000584944978506557,1.0501280576493728
790828602,0.1,0.8,5.0,0.25,0.025644263332040316,1.188696456635638,0.8484055903097949,0.0002817859945048919,0.0002817859944439793,1.051674118145968
79082883x,0.1,0.8,5.0,0.25,-0.23468971931380925,0.8388061145303459,0.9166459139802092,3.374682568920861e-5,3.374682568342272e-5,1.0500525047449056
790829648,0.1,0.8,5.0,0.25,-0.1278655333369857,0.846910537720439,0.8289833050856698,5.849449786129492e-5,5.84944978451487e-5,1.0501863494955348
790829664,0.1,0.8,5.0,0.25,-0.25020800078276717,0.8140293099597798,0.8983912283462461,3.205948440474818e-5,3.205948439826088e-5,1.0504632245107373
790830497,0.1,0.8,5.0,0.25,0.08508225203787026,0.7144089065089515,0.5492097724017985,0.00019348180061812937,0.00019348180057495888,1.0526359545738295
790830745,0.1,0.8,5.0,0.25,-0.28795525171016667,1.1870866789372736,1.0946663992989123,7.874259327482009e-5,7.874259326089977e-5,1.0504038896392687
79083093x,0.1,0.8,5.0,0.25,0.1916733237947567,0.7408942388383695,0.7179976232631883,6.130673333539564e-5,6.130673332330342e-5,1.050822095517965
790831430,0.1,0.8,5.0,0.25,0.25949735845140237,0.811889833889485,0.7686048753593567,6.918099266287765e-5,6.918099265017171e-5,1.0500119234409635
79083229x,0.1,0.8,5.0,0.25,0.03033223721131696,0.6023925202112859,0.6228049078149166,4.4433320490791335e-5,4.4433320483605155e-5,1.0504694114591038
790833962,0.1,0.8,5.0,0.25,0.010370977640567594,0.725793864877426,0.7875802647286908,3.487171987884889e-5,3.487171986952824e-5,1.050561338674292
790835300,0.1,0.8,5.0,0.25,0.27482934410995796,0.4608526265155321,0.35575167556503057,0.00018448264710100706,0.00018448264707060708,1.0583312708033414
790835351,0.1,0.8,5.0,0.25,0.10160956287597896,1.3615745758286761,0.9579667340054582,0.0003048463253925178,0.0003048463253326871,1.050201011997371
790835669,0.1,0.8,5.0,0.25,0.07033477600146953,0.8345800489993743,0.7697702068024365,7.874259327482009e-5,7.874259325555929e-5,1.0501771819230252
790835933,0.1,0.8,5.0,0.25,0.027523046511848556,1.3889049412767553,1.0334472666806602,0.00023060330887625884,0.00023060330883361533,1.0500469438212967
790835941,0.1,0.8,5.0,0.25,-0.26772919366560005,1.0988209644205704,0.8927292953126923,0.0001462362446532373,0.00014623624462986481,1.0534010941445808
790836135,0.1,0.8,5.0,0.25,-0.48176720901321524,1.1647935347534717,1.4020865894065853,2.081054250834531e-5,2.0810542508422072e-5,1.0500622740357541
79083616x,0.1,0.8,5.0,0.25,0.4692210274875145,0.5978272750244024,0.6065410882823601,4.8932897249352485e-5,4.893289723995845e-5,1.0500087860678478
790836565,0.1,0.8,5.0,0.25,0.40004410893786996,0.7504254594491387,0.6740135024062549,8.999153517122296e-5,8.99915351544469e-5,1.050016808001215
790836821,0.1,0.8,5.0,0.25,-0.237181372370656,1.6404110141112134,1.291626550670405,0.00017379615229942433,0.00017379615226414383,1.0500386899071872
790837082,0.1,0.8,5.0,0.25,-0.7067207450407139,1.6340964152406194,1.5094447952486556,7.818014617999995e-5,7.818014616552917e-5,1.0501196073957242
790837402,0.1,0.8,5.0,0.25,-0.5416722693170082,1.7341517095170107,1.263812404760502,0.00025535098104834515,0.00025535098100049167,1.0504480725956478
790838317,0.1,0.8,5.0,0.25,-0.07088397567655086,1.003265777918628,0.8329153506914634,0.000133299961472374,0.000133299961448514,1.050138903141391
79083915x,0.1,0.8,5.0,0.25,-0.49034594389434805,0.8217675035749809,0.6715230769099925,0.00012767549052417258,0.00012767549049526748,1.076128503142662
790839168,0.1,0.8,5.0,0.25,0.1333688012008294,0.5312089484560641,0.6205076292186232,2.418522507726617e-5,2.4185225072998226e-5,1.0500400165914052
790839715,0.1,0.8,5.0,0.25,-0.28644016295052727,0.9074398594053285,0.9122900083884283,5.118268562863306e-5,5.118268561975831e-5,1.050165966003646
790840038,0.1,0.8,5.0,0.25,-0.20917338428233564,0.8593961428097726,0.8302709747119961,6.243162752503592e-5,6.243162751342517e-5,1.0502440581316115
790840564,0.1,0.8,5.0,0.25,0.3836937279883884,0.3844505095157421,0.5135019076090469,1.2373836086043157e-5,1.237383608381481e-5,1.0500140925419768
790841495,0.1,0.8,5.0,0.25,0.5170692405312629,0.5883599695544705,0.5760004878204523,5.849449786129492e-5,5.8494497849501613e-5,1.0500134986912726
790842084,0.1,0.8,5.0,0.25,-0.534488003950788,1.4476312932316542,1.272670936708444,0.00010011558287798554,0.00010011558285843083,1.050120460236634
790842228,0.1,0.8,5.0,0.25,-0.12778639589669955,0.9323035387632321,0.9571306382872798,4.6120661775251764e-5,4.6120661766885816e-5,1.0500370623388984
790842535,0.1,0.8,5.0,0.25,-0.10137769006821813,1.0296357346336629,1.0704391153607296,4.330842630115105e-5,4.3308426293992164e-5,1.0500374191863653
790842877,0.1,0.8,5.0,0.25,0.02078219295767522,1.3309592151453882,1.0163621652655561,0.00020248095413525166,0.0002024809540972613,1.0501154353804265
790843060,0.1,0.8,5.0,0.25,0.388809430412219,1.3570433606126675,0.7686819214805554,0.0008999153517122296,0.0008999153515415514,1.0505200496134437
790843087,0.1,0.8,5.0,0.25,-0.5234797354763165,0.8592243096042687,0.8175490794870937,6.693120428359708e-5,6.693120426691039e-5,1.0516339891475108
790844514,0.1,0.8,5.0,0.25,0.1419813851102232,0.7464237877476407,0.7171483439400946,6.411896880949636e-5,6.411896880556523e-5,1.0504533873944495
790844960,0.1,0.8,5.0,0.25,-0.027796240354967378,0.7398948174885231,0.6958237921099617,7.143078104215822e-5,7.143078103001429e-5,1.0502465204108302
790845920,0.1,0.8,5.0,0.25,-0.8430899799812301,1.1794709378001458,1.1527155837309924,5.849449786129492e-5,5.84944978489963e-5,1.0518158149721624
79084635x,0.1,0.8,5.0,0.25,-0.7357979515592227,1.23395667668386,1.469301427077457,2.1935436697985596e-5,2.1935436693290777e-5,1.050406438080244
790846712,0.1,0.8,5.0,0.25,0.34781891698417067,0.2275161219223394,0.42735520064098076,2.249788379280574e-6,2.2497883788298945e-6,1.0500076647570702
790846739,0.1,0.8,5.0,0.25,0.7120310359059345,0.4568899048741185,0.4762516673605969,4.274597920633091e-5,4.2745979198438565e-5,1.0500104449560743
790847352,0.1,0.8,5.0,0.25,-0.8540462071015611,2.022019058789532,1.9870912454815348,5.7369603671654635e-5,5.736960366098012e-5,1.0500952281934464
790847678,0.1,0.8,5.0,0.25,-0.061647359103499284,0.8473779119321736,0.800766563068675,6.974343975769779e-5,6.97434397423126e-5,1.050190671970459
790848101,0.1,0.8,5.0,0.25,0.17850899079042565,0.5669179016057038,0.6193553396212661,3.374682568920861e-5,3.374682568897975e-5,1.050343420495701
790848224,0.1,0.8,5.0,0.25,1.2505041967638157,0.13924319804939334,0.19821034872723498,8.999153517122296e-6,8.999153515145325e-6,1.0500378443413467
790849032,0.1,0.8,5.0,0.25,0.4064856992487903,0.9997533036124769,0.6944923897727066,0.00032509442080604295,0.00032509442074025427,1.0500768246800882
790849411,0.1,0.8,5.0,0.25,0.46851910391962337,0.2262464321133769,0.34064546159955505,6.749365137841721e-6,6.749365137559596e-6,1.0515360523359054
790849892,0.1,0.8,5.0,0.25,0.1753579755692634,0.7910336236395826,0.7122586441084359,8.774174679194238e-5,8.774174677573836e-5,1.0527217121252799
794000853,0.1,0.8,5.0,0.25,0.5399248918191757,0.3275591806937299,0.4459358615384147,1.124894189640287e-5,1.1248941894210047e-5,1.0500081317785503
794001653,0.1,0.8,5.0,0.25,0.7648454633546673,0.24341707462060816,0.31444194819660554,1.462362446532373e-5,1.462362446251937e-5,1.0500190427756924
794002357,0.1,0.8,5.0,0.25,-0.7271809200987013,2.2264037439722304,1.7861323720679927,0.00015748518654964017,0.00015748518651628087,1.0510901353474948
79400300x,0.1,0.8,5.0,0.25,-0.7529233724812979,1.134507231257258,1.313033322832268,2.5310119266906457e-5,2.5310119261932307e-5,1.0501958607061095
794003229,0.1,0.8,5.0,0.25,-0.9279459481968102,2.6167770010750786,1.9870912454815348,0.0002081054250834531,0.00020810542504436647,1.050243116709468
794003245,0.1,0.8,5.0,0.25,-0.639183587137617,1.1434071942664719,1.3606760358123964,2.1935436697985596e-5,2.1935436692010094e-5,1.0510286328150085
794003472,0.1,0.8,5.0,0.25,0.26806214977514764,0.5168568560992305,0.5508619403521949,3.824640244776976e-5,3.824640244062168e-5,1.0500428354257685
794004053,0.1,0.8,5.0,0.25,-0.15049927427009954,1.6717313161635803,1.1018579849006254,0.0004218353211151076,0.0004218353210500418,1.0505334533578232
794006868,0.1,0.8,5.0,0.25,1.47397785359136,0.14840005874629508,0.19821034872723498,1.2373836086043157e-5,1.2373836083404914e-5,1.050036741592647
794008783,0.1,0.8,5.0,0.25,0.76473259168849,0.2831036527386092,0.3716132179486789,1.3498730275683443e-5,1.3498730273168644e-5,1.0500098085943783
794008847,0.1,0.8,5.0,0.25,-0.17672019770356504,1.5653782405424606,1.072972848290343,0.0003464674104092084,0.0003464674103548811,1.0507410574055007
794009751,0.1,0.8,5.0,0.25,-0.15886071031237306,0.5134912942830203,0.7741942276862799,6.749365137841721e-6,6.749365138531901e-6,1.0500940346429086
794010242,0.1,0.8,5.0,0.25,-0.2239063260270843,1.1411230892830766,1.0467105402622467,8.099238165410066e-5,8.099238163775224e-5,1.0500613693513543
794010779,0.1,0.8,5.0,0.25,-0.0307621568392567,1.2322728283477156,1.0472096034999285,0.00011867633700705028,0.00011867633698427946,1.0500211564581514
794010795,0.1,0.8,5.0,0.25,-0.8884325699409523,2.1693976366604066,1.9870912454815348,8.15548287489208e-5,8.155482873533297e-5,1.0500960789060096
794011210,0.1,0.8,5.0,0.25,-0.4989469036029236,1.6787984739088049,1.4418592572890356,0.0001124894189640287,0.00011248941894315544,1.0501491399970928
794011237,0.1,0.8,5.0,0.25,-0.19048926918490502,1.2408344901333257,1.0028051666368238,0.00015186071560143873,0.00015186071556189207,1.0510075248873294
794011579,0.1,0.8,5.0,0.25,0.06716980379508788,0.5420267259170031,0.6193553396212661,2.6997460551366886e-5,2.6997460546753717e-5,1.0500593635285467
794014307,0.1,0.8,5.0,0.25,-1.099134666803295,1.4681236451537172,1.3904528377443712,6.749365137841721e-5,6.749365135951775e-5,1.0547545460901953
794014462,0.1,0.8,5.0,0.25,-0.5010265227274222,0.9637484396402664,1.1539568272217298,2.1372989603165453e-5,2.137298959923207e-5,1.0500227101411608
794014518,0.1,0.8,5.0,0.25,-0.14262028908394114,0.7561121387251587,1.029368642069679,1.124894189640287e-5,1.1248941894157104e-5,1.0500030526081912
794014542,0.1,0.8,5.0,0.25,1.1307638761506817,0.17992383835779102,0.22296793076920735,1.7998307034244593e-5,1.799830703094209e-5,1.0500200522368166
794015131,0.1,0.8,5.0,0.25,-0.2259720117254659,0.673608735792385,0.8770072085348015,1.4061177370503587e-5,1.4061177367486522e-5,1.0500206267731849
794015203,0.1,0.8,5.0,0.25,0.04688818124288383,0.7502068858887455,0.77990513852089,4.330842630115105e-5,4.330842629196453e-5,1.0500800408871604
794015705,0.1,0.8,5.0,0.25,0.21511339601674018,0.46793048659265757,0.6249858729936506,1.2373836086043157e-5,1.2373836083882964e-5,1.050044945749335
794016003,0.1,0.8,5.0,0.25,-0.8456997014886184,1.7760394512504416,1.054977511099311,0.0003931505192792803,0.00039315051916847214,1.1822117080133787
794016118,0.1,0.8,5.0,0.25,-0.5878969789200306,1.7971969369242653,1.287756666470583,0.00027728641774633076,0.0002772864176901024,1.0509299369747946
794016169,0.1,0.8,5.0,0.25,-0.9804525098786951,1.263646635561242,1.8474486097332017,7.874259327482009e-6,7.874259335501392e-6,1.0500475263872435
794016185,0.1,0.8,5.0,0.25,-0.8406816831922146,1.6288751281753342,1.780027370677849,3.374682568920861e-5,3.3746825682697106e-5,1.0500552391165061
794016230,0.1,0.8,5.0,0.25,0.3748066297059814,1.2314702458972786,0.7616452077967993,0.0005810078489492082,0.0005810078488381076,1.0501042821804665
794016871,0.1,0.8,5.0,0.25,-0.7390075987022964,1.0048655601158423,1.205232119513204,2.081054250834531e-5,2.081054250690085e-5,1.0538485551698276
794017014,0.1,0.8,5.0,0.25,0.12939770099982442,0.4095157123482386,0.5574198269230184,1.124894189640287e-5,1.1248941894376689e-5,1.0501792736073798
794017022,0.1,0.8,5.0,0.25,1.5696292622177628,0.28946958571615955,0.19821034872723498,0.00034871719878848894,0.00034871719872500294,1.050460098803208
794017030,0.1,0.8,5.0,0.25,-0.1300721669853604,0.8677313183125465,0.9390607357609203,3.543416697366904e-5,3.543416696699289e-5,1.0500373926908755
794017161,0.1,0.8,5.0,0.25,1.3065235374872306,0.13924055394274426,0.19821034872723498,8.999153517122296e-6,8.99915351524846e-6,1.0500179050378833
794017807,0.1,0.8,5.0,0.25,-0.31847513074911526,0.6663587237974741,0.6461941114062242,6.074428624057549e-5,6.074428623618047e-5,1.0520627043316078
794018383,0.1,0.8,5.0,0.25,0.5172500349128426,0.6525229392385754,0.5960979720791117,8.267972293856109e-5,8.26797229230825e-5,1.0500160970914791
794018666,0.1,0.8,5.0,0.25,-0.518671423722364,0.7746731785923257,1.2114590338090163,5.624470948201435e-6,5.62447094705479e-6,1.0500042851283267
794018965,0.1,0.8,5.0,0.25,0.8572477813964428,0.19649431824096877,0.291573443839756,7.311812232661865e-6,7.3118122311200864e-6,1.0500129241736453
794019415,0.1,0.8,5.0,0.25,0.15433485421195256,0.8983286388855843,0.8237426094930395,8.099238165410066e-5,8.099238163864088e-5,1.0503946479393493
794019888,0.1,0.8,5.0,0.25,-0.50070433611349,1.0383528766765853,1.236805010415901,2.1935436697985596e-5,2.193543669362655e-5,1.050055121821787
794021347,0.1,0.8,5.0,0.25,-0.568607877037276,1.625260808197201,1.46691930560437,8.774174679194238e-5,8.774174676824602e-5,1.0502028765723472
794022577,0.1,0.8,5.0,0.25,-0.13130458061389663,0.7037224706452395,0.7544874317625305,3.712150825812947e-5,3.7121508251268274e-5,1.0500788383977413
79402365x,0.1,0.8,5.0,0.25,-0.15069995930612373,0.7275231320217683,0.7708319831552943,3.937129663741004e-5,3.937129663021908e-5,1.050143762326037
794023940,0.1,0.8,5.0,0.25,-0.20340678483491764,2.2339556339611146,1.167464068373846,0.001340873874051222,0.001340873873691331,1.0513590447088126
794023983,0.1,0.8,5.0,0.25,-0.3545258803430126,0.7747969279481054,0.7345554513612759,6.749365137841721e-5,6.749365136154491e-5,1.0536790357469425
794024097,0.1,0.8,5.0,0.25,0.1112956913550512,0.9713386006975792,0.8036714215646145,0.0001355497498516546,0.0001355497498279154,1.0501951267449654
794024126,0.1,0.8,5.0,0.25,0.325657375161306,0.7973359550346213,0.5953207064258782,0.00022610373211769767,0.0002261037320687169,1.050573481305686
794024353,0.1,0.8,5.0,0.25,-0.006426354908296196,0.8500744676910574,0.90851113359028,3.7683955352949614e-5,3.768395534492575e-5,1.0502508515311173
794025014,0.1,0.8,5.0,0.25,-0.19897137513191993,1.0456936487573196,0.9513298521245374,8.436706422302153e-5,8.436706420962133e-5,1.0501138299060868
794025786,0.1,0.8,5.0,0.25,-0.1158672814933347,0.9041531815103352,0.8918717230768294,5.624470948201435e-5,5.624470946700012e-5,1.0503182328029672
794025938,0.1,0.8,5.0,0.25,1.5467825947718499,0.2155478255634642,0.19821034872723498,7.986748746446037e-5,7.986748744703478e-5,1.0503666790974422
79402664x,0.1,0.8,5.0,0.25,0.18891736068701012,0.5090502501350881,0.7246457749999239,8.999153517122296e-6,8.999153515412984e-6,1.050006962333616
794026746,0.1,0.8,5.0,0.25,-0.2567081250100357,1.1736892577682194,1.0706477848922926,8.324217003338124e-5,8.324217001183713e-5,1.0501115817659
794027378,0.1,0.8,5.0,0.25,-0.7599110330508203,0.6772947836996142,0.7957961313768089,2.3060330887625882e-5,2.3060330883341776e-5,1.0539024654039824
794028709,0.1,0.8,5.0,0.25,1.4749906406214712,0.1748790078259868,0.19821034872723498,2.8122354741007175e-5,2.81223547349382e-5,1.0500225808346786
794028960,0.1,0.8,5.0,0.25,-1.260602172632517,1.8709176137646932,1.8153994079432414,6.074428624057549e-5,6.074428622193217e-5,1.0514267153462853
794029074,0.1,0.8,5.0,0.25,-0.9128866958651919,1.9097032220746182,1.980031446313259,4.387087339597119e-5,4.387087338407366e-5,1.0501616563052463
79402955x,0.1,0.8,5.0,0.25,0.41790108064467146,0.48149625533291857,0.5435754115312128,2.8684801835827318e-5,2.8684801830741678e-5,1.0500267422778917
794029592,0.1,0.8,5.0,0.25,0.19487275533259749,0.8542521561540174,0.7085633363543475,0.00013386240856719416,0.00013386240854057775,1.0502031103288356
794029605,0.1,0.8,5.0,0.25,-0.17149563270053841,1.4134969891653903,0.8915492917931745,0.0005185762214241723,0.000518576221377103,1.0533789336454908
794029808,0.1,0.8,5.0,0.25,-0.3552471040172585,1.9940176212352334,1.3159890019987681,0.000419585532735827,0.0004195855326572006,1.0502924682499286
794029816,0.1,0.8,5.0,0.25,-0.8715188499660306,1.7812838507904232,1.909866741602785,3.712150825812947e-5,3.712150825056762e-5,1.0500320665604845
794030243,0.1,0.8,5.0,0.25,-0.2393313171655517,1.6605784541081154,1.1024525229545488,0.00040158722570158244,0.0004015872256174447,1.0532734698691837
794030403,0.1,0.8,5.0,0.25,-0.5934502755354445,1.411752113784778,1.2452228130339318,9.84282415935251e-5,9.842824157526072e-5,1.050231531002209
794030606,0.1,0.8,5.0,0.25,-0.14853506906371555,0.7167635356245252,0.6901388232076042,6.299407461985607e-5,6.299407457719147e-5,1.0519064646647447
794031246,0.1,0.8,5.0,0.25,-0.007228188007823767,0.6208160243705566,0.7432264358973578,2.1372989603165453e-5,2.1372989603245308e-5,1.0501862668958644
794031844,0.1,0.8,5.0,0.25,-0.2573792097906671,1.0275291259021708,1.0177651559950933,5.5119815292374064e-5,5.511981530437503e-5,1.0502256767361233
794032097,0.1,0.8,5.0,0.25,-0.7797522917381812,3.0666978361200576,1.9870912454815348,0.0004589568293732371,0.00045895682926111816,1.0507428164343358
794034586,0.1,0.8,5.0,0.25,0.18479481669264505,0.8897499229850461,0.7089849281932527,0.00015748518654964017,0.00015748518651685807,1.0582313771068275
794034850,0.1,0.8,5.0,0.25,-0.5841423467162143,1.8230912660335636,1.55327177604055,0.00011698899572258984,0.00011698899570160618,1.0503392070537947
794037445,0.1,0.8,5.0,0.25,0.20289654921501152,0.6639757947524549,0.6376100252552293,6.411896880949636e-5,6.411896879240868e-5,1.0509871952210843
794038026,0.1,0.8,5.0,0.25,-1.0415301730173074,2.32246031191738,1.6832088190492134,0.0002519762984794243,0.0002519762984237621,1.0590976026309291
79403907x,0.1,0.8,5.0,0.25,1.3096786321242182,0.37932310261600355,0.2778653299116717,0.00024747672172086314,0.00024747672167086895,1.0516365735108477
794039475,0.1,0.8,5.0,0.25,-0.7622330341636305,0.961181192777138,1.4492915499998478,6.749365137841721e-6,6.749365136400508e-6,1.050012670478376
794039504,0.1,0.8,5.0,0.25,-0.6142521630229999,1.386873420955104,1.4533090055192057,4.162108501669062e-5,4.162108500786021e-5,1.0500592403762554
794040150,0.1,0.8,5.0,0.25,0.21867733677457926,0.43952153847316844,0.6110972996133383,1.0124047706762582e-5,1.0124047704836058e-5,1.05001760618538
794040177,0.1,0.8,5.0,0.25,-0.06953002066889487,0.5419796552474865,0.6243101778019421,2.5310119266906457e-5,2.531011926207609e-5,1.0551673662815382
794040580,0.1,0.8,5.0,0.25,0.9726557012417463,0.24392023538763108,0.2787099134615092,2.6997460551366886e-5,2.6997460545445336e-5,1.0500946626505956
794041460,0.1,0.8,5.0,0.25,0.14379438222859794,1.151484821777407,0.8894671327717092,0.00019123201223884877,0.00019123201220085431,1.0500592717982982
794042156,0.1,0.8,5.0,0.25,0.7988186885609714,0.38969564970265524,0.4349251060880461,3.0372143120287746e-5,3.03721431170264e-5,1.0500587837379038
794042869,0.1,0.8,5.0,0.25,-0.2267515695737648,0.7598035206356597,0.9538072357750771,1.6873412844604303e-5,1.687341284120451e-5,1.0500203654649582
794043220,0.1,0.8,5.0,0.25,-0.35117140231337163,1.2119258917265237,1.0021169966361632,0.00013498730275683443,0.00013498730273457478,1.0517116191137215
794043247,0.1,0.8,5.0,0.25,-0.4729391430041126,0.779924345847342,0.9309888964525224,2.1372989603165453e-5,2.1372989598661945e-5,1.0532526032546838
794043482,0.1,0.8,5.0,0.25,0.3697180666433929,0.8848825896805922,0.6352310933639764,0.0002755990764618703,0.0002755990764185105,1.0502579339861375
794043538,0.1,0.8,5.0,0.25,-0.27336166784230426,0.75966528652912,0.9971621584554872,1.3498730275683443e-5,1.3498730273645051e-5,1.0500150614564168
794043597,0.1,0.8,5.0,0.25,0.2389295998815486,0.7079281999815914,0.7198925892707754,4.837045015453234e-5,4.8370450144173665e-5,1.050033376962288
794043642,0.1,0.8,5.0,0.25,1.1046140010748373,0.2111546236892606,0.19821034872723498,7.143078104215822e-5,7.143078099484422e-5,1.052191551815005
794044258,0.1,0.8,5.0,0.25,-0.7047720953374053,1.9536574375740838,1.3461766220710074,0.00033465602141798535,0.00033465602134743946,1.052505229131217
79404475x,0.1,0.8,5.0,0.25,-0.5283234766066769,1.6253075002413113,1.4133161856105885,0.00010574005382618697,0.00010574005380804007,1.0501369059185377
794044856,0.1,0.8,5.0,0.25,0.29498715916661233,0.52947142841137,0.5035359174084195,6.749365137841721e-5,6.74936513721643e-5,1.050405798295247
794045007,0.1,0.8,5.0,0.25,0.01060758786592619,0.8904164497245074,0.7701828678122054,0.00010855228930028769,0.00010855228928096798,1.050193058949817
794045568,0.1,0.8,5.0,0.25,0.25779784640307624,0.8163282002097407,0.767805566151668,7.143078104215822e-5,7.14307810286043e-5,1.0501082820743433
794045576,0.1,0.8,5.0,0.25,0.09953161399946682,0.7077801751139648,0.6851196263534707,6.186918043021579e-5,6.186918041920457e-5,1.0501098511896687
79404627x,0.1,0.8,5.0,0.25,-0.7319079234724682,0.8996074183503847,0.8836962577986132,5.624470948201435e-5,5.624470947021071e-5,1.0547057088173188
79404651x,0.1,0.8,5.0,0.25,-0.847926776669896,2.5876720341616126,1.9870912454815348,0.0001968564831870502,0.0001968564831497871,1.0501687673713391
794047141,0.1,0.8,5.0,0.25,0.1269317731704445,0.5134459054605167,0.7741942276862799,6.749365137841721e-6,6.749365136542288e-6,1.050001214179361
794047897,0.1,0.8,5.0,0.25,0.6937516306747412,0.7769320633246127,0.5367746560236025,0.00033409357432316524,0.000334093574261015,1.0500622313037071
794048742,0.1,0.8,5.0,0.25,1.3651559463663205,0.16725007141040688,0.19821034872723498,2.249788379280574e-5,2.2497883788883617e-5,1.0500482912409541
794048750,0.1,0.8,5.0,0.25,-0.22697429851633516,0.5818096410601925,0.7770094234928758,1.2373836086043157e-5,1.2373836083725407e-5,1.0501500951451048
794049577,0.1,0.8,5.0,0.25,0.07194914236773702,0.4361446994518304,0.5678249871024379,1.4061177370503587e-5,1.4061177367751e-5,1.050048555633203
79750052x,0.1,0.8,5.0,0.25,-0.06021826874599691,0.94725995690278,0.8127421670239353,0.00011305186605884883,0.00011305186603880092,1.0501672233272732
79750079x,0.1,0.8,5.0,0.25,-0.9683595888979509,1.3868406294705071,1.9741952203523567,8.999153517122296e-6,8.999153515342616e-6,1.050010757129604
797501207,0.1,0.8,5.0,0.25,-0.11612912794977523,0.41479900103953854,0.718452244993978,3.3746825689208607e-6,3.3746825683215506e-6,1.0500037015786001
797502197,0.1,0.8,5.0,0.25,-0.07077075617568757,0.9845274417044901,0.8933386472022463,8.549195841266181e-5,8.549195838971682e-5,1.0500845532325052
797502277,0.1,0.8,5.0,0.25,-0.3546278447627467,0.7995604637594556,0.9842119600508414,1.8560754129064736e-5,1.8560754125580665e-5,1.0506091274931053
797502699,0.1,0.8,5.0,0.25,-1.2166383350709435,1.2734431288823387,1.5770335936697062,1.7998307034244593e-5,1.7998307029113694e-5,1.0507270154659376
797503851,0.1,0.8,5.0,0.25,-0.19998817158698978,0.8035041612439554,0.9258016440755166,2.58725663617266e-5,2.5872566354554023e-5,1.050267437430339
797504168,0.1,0.8,5.0,0.25,0.687900868389827,0.4810566181212242,0.48474878424690854,5.0620238533812914e-5,5.0620238523570666e-5,1.0500554852807693
797504854,0.1,0.8,5.0,0.25,-0.6228947447201787,1.1233430345868205,1.3183420628373645,2.3622777982446025e-5,2.3622777978132296e-5,1.0500638666400264
797505603,0.1,0.8,5.0,0.25,-0.22489770602975687,1.642751963176899,1.3011417111986456,0.00016873412844604306,0.00016873412841479586,1.0500365805736225
797505654,0.1,0.8,5.0,0.25,0.49373396959655036,0.6587146535995433,0.48807573073892724,0.00023510288563481998,0.00023510288559232186,1.0504034506588555
797505689,0.1,0.8,5.0,0.25,-0.7135602506723735,2.1221507592773694,1.221265792996513,0.0007851761443689203,0.0007851761442126709,1.062601051340246
797505697,0.1,0.8,5.0,0.25,-1.07706947816026,1.5919409423502895,1.545635775369917,6.074428624057549e-5,6.074428622848724e-5,1.0507909514742642
797506534,0.1,0.8,5.0,0.25,-0.15465015830155832,1.157068732808091,0.9721934739398082,0.000125425702144892,0.0001254257021142456,1.0503324141789843
797506817,0.1,0.8,5.0,0.25,-0.24630277392619906,1.0736997472578904,1.0179765189513164,6.86185455680575e-5,6.861854555477632e-5,1.0501574284939275
79750730x,0.1,0.8,5.0,0.25,1.149161042806968,0.2135635316475085,0.24011930460686973,2.924724893064746e-5,2.924724892262438e-5,1.050220842429551
797507393,0.1,0.8,5.0,0.25,-0.07630909991531179,0.8781733314753376,0.8221227980783626,7.311812232661866e-5,7.311812231351885e-5,1.0501133185122287
797507940,0.1,0.8,5.0,0.25,0.34314246560779277,0.5883842499678441,0.5760004878204523,5.849449786129492e-5,5.849449784941768e-5,1.0500568306025049
797507991,0.1,0.8,5.0,0.25,0.5752561582492073,0.20667451005976836,0.4459358615384147,1.124894189640287e-6,1.1248941894160692e-6,1.0500012185415706
797509022,0.1,0.8,5.0,0.25,0.8400820580487602,0.24021168770423854,0.32701963888279706,1.124894189640287e-5,1.1248941893379238e-5,1.0500151985322854
797509065,0.1,0.8,5.0,0.25,0.12178702766980931,0.4515309263869593,0.6087378596110732,1.1811388991223012e-5,1.1811388989179247e-5,1.0500128504316304
797509380,0.1,0.8,5.0,0.25,-0.2532949163329893,0.694872858410484,0.8193618251629506,2.3060330887625882e-5,2.3060330883576983e-5,1.0501567685426865
797509436,0.1,0.8,5.0,0.25,-0.014391279522988356,0.42910273662666387,0.7432264358973578,3.3746825689208607e-6,3.3746825682673943e-6,1.0500045234465323
797509890,0.1,0.8,5.0,0.25,0.5780242603214557,0.20667431687585372,0.4459358615384147,1.124894189640287e-6,1.1248941894201667e-6,1.050000237077994
797510269,0.1,0.8,5.0,0.25,-0.4291017630580842,1.1464553346537099,1.236775240985447,3.5996614068489185e-5,3.599661406126358e-5,1.0500540316458338
797511114,0.1,0.8,5.0,0.25,1.2192121712781732,0.27162843605327025,0.2279672104567753,0.000125425702144892,0.00012542570212112708,1.051533613750718
797513523,0.1,0.8,5.0,0.25,0.10260682852536156,0.8996515554906163,0.8949685235196005,5.399492110273377e-5,5.399492109252561e-5,1.050010427218636
797515086,0.1,0.8,5.0,0.25,0.069351815985602,0.41764656684464807,0.5685682305494384,1.124894189640287e-5,1.1248941894265904e-5,1.050029769265602
797515262,0.1,0.8,5.0,0.25,0.35720587364712586,0.8266749541173849,0.7174091099749521,0.00010686494801582726,0.00010686494799648796,1.0500221416603728
797515385,0.1,0.8,5.0,0.25,0.36760577239264697,0.8842659354474832,0.7201607976632463,0.00014679869174805745,0.00014679869172107464,1.0500418331092314
797515537,0.1,0.8,5.0,0.25,-0.6443970589135952,1.2398525198789925,1.4844970202138907,2.1372989603165453e-5,2.1372989598979976e-5,1.0500627778121099
797515991,0.1,0.8,5.0,0.25,1.2563365486646207,0.14840105780358315,0.19821034872723498,1.2373836086043157e-5,1.2373836083832528e-5,1.0500438106315093
797516951,0.1,0.8,5.0,0.25,1.250868988311304,0.10552298659477823,0.19821034872723498,2.249788379280574e-6,2.2497883788182262e-6,1.050001779570243
797517196,0.1,0.8,5.0,0.25,1.2897041033044068,0.13145469636515028,0.19821034872723498,6.749365137841721e-6,6.749365136577659e-6,1.0500133386732142
797517225,0.1,0.8,5.0,0.25,-0.08626112823971946,0.5709424471033184,0.7494199659033037,1.3498730275683443e-5,1.3498730272238677e-5,1.0500406424786421
797518068,0.1,0.8,5.0,0.25,-1.193874975478439,1.9849951999156075,1.9515212627675036,5.680715657683449e-5,5.6807156539206965e-5,1.051727387328514
79751813x,0.1,0.8,5.0,0.25,0.3316759932874352,0.9419183075630808,0.7242687664271035,0.0001940442477129495,0.00019404424767574017,1.051794624021229
797518340,0.1,0.8,5.0,0.25,1.0240729085696518,0.23522534229640352,0.31418206815670213,1.2373836086043157e-5,1.2373836083425456e-5,1.050024574686841
797518447,0.1,0.8,5.0,0.25,-0.728168616512572,1.2892069081856996,1.5878019054608659,1.8560754129064736e-5,1.856075412580273e-5,1.0500374818090439
797518527,0.1,0.8,5.0,0.25,-0.07678292206319612,1.0214197832443725,0.8947461033463516,0.00010180292416244596,0.00010180292414204997,1.050388646933544
797518586,0.1,0.8,5.0,0.25,-0.07295472516735806,1.1872530576125824,1.095197216595745,7.874259327482009e-5,7.874259326053789e-5,1.0500419329062314
797519220,0.1,0.8,5.0,0.25,0.16164844530479508,1.0584604179398,0.8708935598339071,0.00013948687951539557,0.00013948687948781265,1.05002705976323
797519298,0.1,0.8,5.0,0.25,-0.7469674787710078,1.513807911741154,1.9870912454815348,1.3498730275683443e-5,1.3498730273455318e-5,1.0500065226337243
797519781,0.1,0.8,5.0,0.25,-0.2646421428370466,1.1447935170741124,1.0471347546462157,8.211727584374094e-5,8.211727582364168e-5,1.0501112244382584
797519845,0.1,0.8,5.0,0.25,0.017690175404435245,0.8027785197388353,0.7814296877581143,6.018183914575535e-5,6.018183912965799e-5,1.0500509342314743
797520117,0.1,0.8,5.0,0.25,0.8029688097316404,0.47679891856385537,0.45202789196243187,6.86185455680575e-5,6.861854555497473e-5,1.0502177321133588
797520643,0.1,0.8,5.0,0.25,0.16709076062883302,0.8773034679362138,0.8251569409579878,7.143078104215822e-5,7.14307810296768e-5,1.0501076668819038
797521654,0.1,0.8,5.0,0.25,0.4566997110805449,0.3947000325972469,0.49548427878497253,1.6873412844604303e-5,1.6873412841313608e-5,1.0500121309101869
797521670,0.1,0.8,5.0,0.25,0.8484557079031964,0.21382342462035642,0.2972905743589431,1.0124047706762582e-5,1.0124047704980243e-5,1.0500281072235598
797522139,0.1,0.8,5.0,0.25,-0.4862017275771963,1.3441330073759596,1.222855197064369,8.436706422302153e-5,8.436706420779162e-5,1.0500990005929374
797522614,0.1,0.8,5.0,0.25,-0.15743669281206218,0.7065640657478758,0.7747190910970216,3.3184378594388464e-5,3.318437858852878e-5,1.0500698049422315
797522905,0.1,0.8,5.0,0.25,0.09565047782484586,0.8582840089496323,0.7447911029860986,0.00010686494801582726,0.00010686494798713025,1.0500914088072137
797523289,0.1,0.8,5.0,0.25,-0.4877868728295841,0.7485348426095793,0.9159172717300504,1.912320122388488e-5,1.912320121995604e-5,1.0506093777512444
797523772,0.1,0.8,5.0,0.25,-0.8752108617934002,2.240134299363253,1.9870912454815348,9.561600611942439e-5,9.561600609453212e-5,1.050383149310176
797524169,0.1,0.8,5.0,0.25,1.489845463863346,0.2522653610518435,0.19821034872723498,0.00017548349358388477,0.00017548349354882793,1.0502233287294351
797524476,0.1,0.8,5.0,0.25,-0.9095987905511477,1.5262347745041314,1.9870912454815348,1.4061177370503587e-5,1.4061177367761508e-5,1.0500181771929826
797524783,0.1,0.8,5.0,0.25,0.11748006327160895,0.5019165865435756,0.6978070740945621,1.0124047706762582e-5,1.0124047704555628e-5,1.0500813940903204
797524871,0.1,0.8,5.0,0.25,-0.6263907548305463,1.2485632953602246,1.2779869064323648,4.6120661775251764e-5,4.612066176566633e-5,1.0531801701724832
797524900,0.1,0.8,5.0,0.25,0.04912283376882941,0.8844175944269128,0.799328061661382,8.717929969712224e-5,8.717929968007978e-5,1.0501401395454701
797525604,0.1,0.8,5.0,0.25,0.1028465395143395,0.7652262935477795,0.7366492346365375,6.355652171467621e-5,6.355652170172251e-5,1.050254952331198
797525620,0.1,0.8,5.0,0.25,-0.6064791806797196,1.3756959282481174,1.231170791304508,9.05539822660431e-5,9.055398224057386e-5,1.0524955241177734
797525962,0.1,0.8,5.0,0.25,-0.15366426694494514,0.5561105762678857,0.673032812311586,2.0248095413525164e-5,2.024809540923922e-5,1.05013637315584
797526279,0.1,0.8,5.0,0.25,-0.13784166631505054,1.171815791016651,0.958879167048872,0.00014286156208431644,0.00014286156205478662,1.0507756598927491
797527394,0.1,0.8,5.0,0.25,-0.16236607286282526,0.73296791816269,0.6861881362679788,7.25556752317985e-5,7.255567521574246e-5,1.0517320375096053
797527941,0.1,0.8,5.0,0.25,-0.7329046231015617,1.7347678702833267,1.8178916763090083,4.162108501669062e-5,4.162108500768615e-5,1.0500459626746532
79752808x,0.1,0.8,5.0,0.25,-0.08024228902229417,1.348792726338479,1.0867322081665658,0.00015467295107553946,0.00015467295121686196,1.0503581805793984
797528127,0.1,0.8,5.0,0.25,-0.29296456850420083,2.012786606589986,1.2691347536480915,0.000525325586562014,0.0005253255864673309,1.0509980405264567
79752859x,0.1,0.8,5.0,0.25,-0.14420572833219,0.7124364475162904,0.8943491776069655,1.6873412844604303e-5,1.6873412842093667e-5,1.0500163244774363
797528610,0.1,0.8,5.0,0.25,-0.4050146762187353,1.551569418238093,1.3464133599227126,0.00010686494801582726,0.00010686494799636599,1.0500823601150533
797528856,0.1,0.8,5.0,0.25,-0.6737138104804463,1.296753587389107,1.5218446135878847,2.3622777982446025e-5,2.3622777976028944e-5,1.050070778616088
797529058,0.1,0.8,5.0,0.25,-0.571394707402121,0.9326020229742238,1.3115760383319504,9.56160061194244e-6,9.56160060941699e-6,1.050012283524146
797529146,0.1,0.8,5.0,0.25,0.9639526829516877,0.1855501943040993,0.19821034872723498,3.7683955352949614e-5,3.768395534494492e-5,1.0507548707923073
797529381,0.1,0.8,5.0,0.25,0.03624661455073298,0.6265853357402941,0.6254171044576551,5.2870026913093485e-5,5.2870026904278996e-5,1.0509116003441927
797529488,0.1,0.8,5.0,0.25,-0.20802059487372757,0.5318514940473609,0.593204808716565,3.0372143120287746e-5,3.0372143111110493e-5,1.0507230346665657
797529998,0.1,0.8,5.0,0.25,0.8881086446813662,0.24670277388061107,0.27526904573830685,3.0372143120287746e-5,3.0372143114730743e-5,1.0503140810768383
797530331,0.1,0.8,5.0,0.25,-0.016716874407028303,0.9485313519982055,0.8507865068297447,9.05539822660431e-5,9.055398224887425e-5,1.050140011985438
797530411,0.1,0.8,5.0,0.25,-0.05700359393589746,1.0929965963690425,0.9248653954877396,0.0001203636782915107,0.00012036367826600156,1.0515715046026957
797530956,0.1,0.8,5.0,0.25,-0.528177332894517,0.6024571804339519,0.653064541557016,3.430927278402875e-5,3.430927277626124e-5,1.0550800185152571
797531174,0.1,0.8,5.0,0.25,-0.03284912982850258,0.7968808985323695,0.9104523839742633,2.6997460551366886e-5,2.6997460545464475e-5,1.0501932351382866
797531211,0.1,0.8,5.0,0.25,0.20781093952640767,1.1293123607881943,0.7441195188109766,0.00042127287402028745,0.0004212728740435486,1.051129696955653
797531385,0.1,0.8,5.0,0.25,0.24062613739360866,0.6005528416518426,0.6702801323089433,3.0372143120287746e-5,3.0372143114885817e-5,1.050019615273156
797531844,0.1,0.8,5.0,0.25,-0.6305147935720967,1.6401289854385632,1.5023425179383045,8.15548287489208e-5,8.155482872674418e-5,1.0500663210317582
797531959,0.1,0.8,5.0,0.25,-0.21624180350173602,1.325227495790775,1.091878208618514,0.0001383619853257553,0.00013836198530556168,1.050293076415593
797532329,0.1,0.8,5.0,0.25,1.7167934879129987,0.3251386890022737,0.19821034872723498,0.0006243162752503593,0.0006243162751344007,1.050168562976619
797532409,0.1,0.8,5.0,0.25,-1.1084255279274213,1.3391408274672745,1.9870912454815348,7.311812232661865e-6,7.311812231231987e-6,1.0500284229366377
797532417,0.1,0.8,5.0,0.25,-0.9503834550133361,2.01819761482506,1.9870912454815348,5.680715657683449e-5,5.68071565645875e-5,1.0501779330056702
797532628,0.1,0.8,5.0,0.25,0.2925468851330101,0.6011655976808727,0.5019371217940513,0.00012092612538633085,0.000120926125362287,1.0647273160599589
797532951,0.1,0.8,5.0,0.25,1.5344608918792708,0.14559331347353882,0.19821034872723498,1.124894189640287e-5,1.1248941894311105e-5,1.050002637079419
797534770,0.1,0.8,5.0,0.25,-1.0221488839015023,1.5079306394251166,1.7695868061400684,2.3622777982446025e-5,2.362277797807847e-5,1.0501248134208825
797534826,0.1,0.8,5.0,0.25,-0.5826766877730242,1.5931620155643298,1.439941255412645,8.717929969712224e-5,8.717929967386012e-5,1.0500986822837162
797535212,0.1,0.8,5.0,0.25,1.4539404055548029,0.279684435317654,0.19821034872723498,0.0002924724893064746,0.00029247248922812963,1.051290133181612
797535490,0.1,0.8,5.0,0.25,-0.3065792997318182,0.7354180503937165,1.128352848884244,6.1869180430215785e-6,6.186918041704938e-6,1.0500067789426173
797535706,0.1,0.8,5.0,0.25,0.10797061073899691,1.4984654290097374,0.9942059122522166,0.0004088990379342443,0.00040889903786006063,1.050134166797847
797536354,0.1,0.8,5.0,0.25,-1.0428636896284464,1.7092983389099308,1.9870912454815348,2.4747672172086314e-5,2.474767216719981e-5,1.0502454527434952
797536645,0.1,0.8,5.0,0.25,-0.9728236636401378,1.64188764334933,1.9870912454815348,2.0248095413525164e-5,2.0248095409231307e-5,1.0501380841770964
797536813,0.1,0.8,5.0,0.25,0.04733768721303242,0.41831298792027277,0.540268453085356,1.462362446532373e-5,1.4623624462325449e-5,1.0502153327992323
797537509,0.1,0.8,5.0,0.25,0.13589304445885914,0.7455818117878793,0.8175490794870937,3.3184378594388464e-5,3.318437858779051e-5,1.0500073843978022
797537592,0.1,0.8,5.0,0.25,-0.5072535619373624,2.0569730704814537,1.4490152613333966,0.0003025965370132372,0.000302596536951475,1.0504623126350887
797537939,0.1,0.8,5.0,0.25,0.42981971353528703,0.7675697599320292,0.6606457522996942,0.00011136452477438841,0.00011136452475369021,1.05001972116935
797538165,0.1,0.8,5.0,0.25,0.5239198615729304,0.44189192695097484,0.46300997661608945,4.162108501669062e-5,4.162108500792374e-5,1.0501725420933046
797539192,0.1,0.8,5.0,0.25,-0.8707874128812787,2.3999393945516876,1.9870912454815348,0.00013498730275683443,0.00013498730273256147,1.0503196748390575
797540054,0.1,0.8,5.0,0.25,0.33479156401416904,0.9660255909637736,0.7516103580683481,0.00018448264710100706,0.000184482647066033,1.0500316523121216
797540329,0.1,0.8,5.0,0.25,1.3628841718410218,0.16189924246737777,0.19821034872723498,1.912320122388488e-5,1.912320122003645e-5,1.0500355243964083
797540951,0.1,0.8,5.0,0.25,0.6164978030981769,0.5689762338835614,0.536906775591141,7.030588685251794e-5,7.030588683897987e-5,1.050012631501794
797541700,0.1,0.8,5.0,0.25,-0.5345059364737547,1.4543909659744458,1.4265617392930954,5.793205076647478e-5,5.79320507557345e-5,1.0500365971339791
797541727,0.1,0.8,5.0,0.25,-0.009973897643523438,1.3992269837660583,1.0441963701012176,0.00022722862630733797,0.00022722862626152533,1.0500524780921874
797541874,0.1,0.8,5.0,0.25,0.1364517368177353,0.9073445765782252,0.8561968881759625,7.030588685251794e-5,7.030588683842661e-5,1.0500207574773268
797542324,0.1,0.8,5.0,0.25,-0.009729122299279885,1.0313679157154563,0.8366928078976853,0.00014848603303251788,0.00014848603299592254,1.051739246709981
797542367,0.1,0.8,5.0,0.25,-0.24159454833574,0.5179031230900543,0.6689037923076221,1.462362446532373e-5,1.462362446215917e-5,1.0501987250790583
797542658,0.1,0.8,5.0,0.25,-0.004189627839341356,0.5971673329764458,0.850065236057603,8.999153517122296e-6,8.999153515175247e-6,1.050028470209395
79754344x,0.1,0.8,5.0,0.25,1.5114964499965389,0.23534010934499364,0.19821034872723498,0.00012373836086043157,0.00012373836083349413,1.050670100974184
797543976,0.1,0.8,5.0,0.25,-0.7539937807048449,1.7330421430246659,1.980388821237899,2.6997460551366886e-5,2.6997460545909998e-5,1.0500057917840833
797544864,0.1,0.8,5.0,0.25,0.20313977764429172,0.6516617785209702,0.6596134618589051,4.949534434417263e-5,4.9495344335045685e-5,1.0500681574751964
79754512x,0.1,0.8,5.0,0.25,0.23550673409042747,0.4233694318741476,0.5016778442307166,2.249788379280574e-5,2.2497883788857546e-5,1.050180288803397
797545269,0.1,0.8,5.0,0.25,1.4032013891315909,0.1628411847517746,0.19821034872723498,1.968564831870502e-5,1.9685648316309e-5,1.0500394201594794
797545744,0.1,0.8,5.0,0.25,0.4336298936406259,0.9382035819788399,0.6821526064515596,0.000258725663617266,0.00025872566356675733,1.0501353112155714
797546421,0.1,0.8,5.0,0.25,-0.5985101379144357,1.5224785991231182,1.5240138127536298,5.230757981827334e-5,5.230757980753454e-5,1.0501394852805161
797546624,0.1,0.8,5.0,0.25,0.043858306235043214,1.045691012513227,0.9321671279821322,9.336621774014381e-5,9.33662177213931e-5,1.0501933367123815
797547109,0.1,0.8,5.0,0.25,0.4393102452636629,0.10559409320413697,0.19821034872723498,2.249788379280574e-6,2.2497883788184782e-6,1.0507093227205342
797547619,0.1,0.8,5.0,0.25,-0.33131653528504457,1.007535298419513,1.0645933915339207,3.9933743732230185e-5,3.99337437213355e-5,1.0500406670283053
797547686,0.1,0.8,5.0,0.25,-0.5712259663704589,0.6024037629486421,0.9847750275639992,4.499576758561148e-6,4.4995767573943255e-6,1.05030138023131
797547803,0.1,0.8,5.0,0.25,0.15763716251434381,0.45700201212835934,0.6426722460243284,9.56160061194244e-6,9.561600610414908e-6,1.0500743914362012
797548806,0.1,0.8,5.0,0.25,-0.2103285209974081,0.9795099953078217,1.0264559868181447,4.162108501669062e-5,4.162108500982992e-5,1.050034287397312
798884908,0.1,0.8,5.0,0.25,-0.7452512525193277,1.2838284980954813,1.5909690893427817,1.7998307034244593e-5,1.799830703073774e-5,1.0500175521002288
863576806,0.1,0.8,5.0,0.25,-0.6774581111959225,0.9678881517495375,1.1464267915475936,2.249788379280574e-5,2.2497883788210982e-5,1.0506259730889773
863577083,0.1,0.8,5.0,0.25,0.36492996497598507,0.8124182387013363,0.5512649971766627,0.0003599661406848918,0.0003599661405923976,1.053330202008232
86359318x,0.1,0.8,5.0,0.25,0.010783755266297624,1.2546628671398172,0.8615830995798356,0.0003436551749351077,0.0003436551748619933,1.0505165915209531
86383588x,0.1,0.8,5.0,0.25,0.3482304273530602,0.44932694474387164,0.5273368605747439,2.3622777982446025e-5,2.3622777977387026e-5,1.0500397980633545
863862845,0.1,0.8,5.0,0.25,0.36099815417587794,0.5386195451231859,0.5757231713998544,3.7683955352949614e-5,3.768395534523516e-5,1.050109829632502
863948737,0.1,0.8,5.0,0.25,-0.13035830605634946,1.5909741723908732,0.9795176752662339,0.000580445401854388,0.0005804454017548668,1.0551062541814245
86394981x,0.1,0.8,5.0,0.25,1.4287098434957182,0.17348128457372244,0.19821034872723498,2.6997460551366886e-5,2.699746054633456e-5,1.0501693544475683
863980227,0.1,0.8,5.0,0.25,-0.6729706904736347,1.4087131024814008,1.5607755153844514,3.1497037309928035e-5,3.149703730398307e-5,1.0500882276130277
964950828,0.1,0.8,5.0,0.25,0.3676449388621257,0.4636105508545403,0.49853341269921914,3.655906116330933e-5,3.6559061153948076e-5,1.050165274268253
965401564,0.1,0.8,5.0,0.25,0.16902995912798555,0.5328422696079402,0.5429924977310857,4.780800305971219e-5,4.7808003050956826e-5,1.0502733355198062
965450542,0.1,0.8,5.0,0.25,-0.006934921369352061,0.43096986826966355,0.4645165224358487,3.5996614068489185e-5,3.59966140605766e-5,1.0509717217679229
f6792352x,0.1,0.8,5.0,0.25,0.5634889478648073,0.6017547551417436,0.5678249871024379,7.030588685251794e-5,7.030588683976258e-5,1.0500363001308033
f67923992,0.1,0.8,5.0,0.25,0.48388414427103504,0.2275153069279531,0.42735520064098076,2.249788379280574e-6,2.2497883788192177e-6,1.0500039034846016
l01609355,0.1,0.8,5.0,0.25,1.501279767627793,0.13145323100678635,0.19821034872723498,6.749365137841721e-6,6.749365136612753e-6,1.0500016339109337
l10139199,0.1,0.8,5.0,0.25,1.2773291096976458,0.15790635567890018,0.19821034872723498,1.6873412844604303e-5,1.687341284087177e-5,1.0500991780937516
l20234480,0.1,0.8,5.0,0.25,0.047900751781585066,0.20667650210977423,0.4459358615384147,1.124894189640287e-6,1.1248941893846017e-6,1.0500113390743206
x14212127,0.1,0.8,5.0,0.25,0.6039562209508312,0.7503717276861939,0.5133057483262342,0.00034871719878848894,0.0003487171987869402,1.0514854834003293
x14214202,0.1,0.8,5.0,0.25,1.3815956071409734,0.1441155003283054,0.19821034872723498,1.0686494801582727e-5,1.0686494800749051e-5,1.050061976278119
x14217286,0.1,0.8,5.0,0.25,-0.30535253983201427,0.3834188063221628,0.45767100646316294,2.1372989603165453e-5,2.13729895999578e-5,1.0532817888650208
x14222691,0.1,0.8,5.0,0.25,0.7446943613398855,0.353329985981911,0.36254948956939365,4.6120661775251764e-5,4.612066177328904e-5,1.0505862493340756
x14256154,0.1,0.8,5.0,0.25,1.4074490758062543,0.14840833583831128,0.19821034872723498,1.2373836086043157e-5,1.2373836083342242e-5,1.0500953079501123
x1426543x,0.1,0.8,5.0,0.25,-0.33372985968363905,0.9210872603499108,1.1148396538460368,2.0248095413525164e-5,2.024809540955537e-5,1.0500480002698522
x14279313,0.1,0.8,5.0,0.25,0.3874810590972989,0.27937203490298845,0.42116163519523675,6.749365137841721e-6,6.749365136596221e-6,1.0502172884711016
x14291670,0.1,0.8,5.0,0.25,1.4104610380351397,0.1355909599292748,0.19821034872723498,7.874259327482009e-6,7.874259325850054e-6,1.0501711593562315
x14297642,0.1,0.8,5.0,0.25,-0.20786436768156474,0.9786243797851256,0.8165796592482394,0.000129362831808633,0.0001293628317839211,1.0511221564191875
x14301592,0.1,0.8,5.0,0.25,1.4296623368669308,0.2502996236442059,0.19821034872723498,0.00016873412844604306,0.00016873412840460387,1.0502456818532881
x14303168,0.1,0.8,5.0,0.25,0.30969604865705497,0.7832075291890103,0.7450844736352628,6.749365137841721e-5,6.749365136562992e-5,1.0500654654878077
x18918303,0.1,0.8,5.0,0.25,1.465312242888381,0.22069179842859668,0.19821034872723498,8.999153517122296e-5,8.999153515463933e-5,1.0500673526732742
